1.000000000 0.000000000 0.000000000 0.000000000 0.000000000 1.000000000 0.000000000 0.000000000 0.000000000 0.000000000 1.000000000 0.000000000
0.999991536 -0.002356234 -0.003378423 -0.003953446 0.002348625 0.999994695 -0.002254468 -0.003411196 0.003383717 0.002246514 0.999991775 0.666560113
0.999972045 -0.001046219 -0.007400061 -0.015639264 0.001020053 0.999993205 -0.003538847 -0.010875732 0.007403713 0.003531199 0.999966383 1.356111646
0.999938250 -0.001392408 -0.011024452 -0.033208027 0.001338704 0.999987185 -0.004877272 -0.014386198 0.011031102 0.004862213 0.999927342 2.065080643
0.999873459 0.000023022 -0.015908370 -0.050794926 -0.000110789 0.999984801 -0.005516214 -0.017705439 0.015908001 0.005517278 0.999858260 2.795364141
0.999797106 -0.000643129 -0.020132253 -0.072010055 0.000525916 0.999982893 -0.005826908 -0.025519919 0.020135656 0.005815138 0.999780357 3.535309553
0.999693751 0.000732200 -0.024736317 -0.094882272 -0.000904124 0.999975502 -0.006939809 -0.035376813 0.024730630 0.006960048 0.999669909 4.294261932
0.999559939 0.003240850 -0.029486971 -0.129743904 -0.003467781 0.999964714 -0.007648122 -0.040459193 0.029461145 0.007747011 0.999535918 5.055339336
0.999416530 0.003863233 -0.033936575 -0.159943536 -0.004063102 0.999974787 -0.005822483 -0.053608108 0.033913225 0.005956973 0.999407053 5.853322983
0.999255776 0.003135964 -0.038444977 -0.193619847 -0.003261064 0.999989569 -0.003191739 -0.058774348 0.038434565 0.003314735 0.999255598 6.652152538
0.999132156 0.002638784 -0.041569345 -0.237645090 -0.002651683 0.999996424 -0.000255145 -0.070538446 0.041568525 0.000365152 0.999135613 7.459666252
0.999007702 0.004078840 -0.044351205 -0.273655981 -0.004140595 0.999990582 -0.001300644 -0.076484621 0.044345483 0.001482994 0.999015152 8.274178505
0.998920918 0.003687950 -0.046297405 -0.321696073 -0.003761224 0.999991834 -0.001495676 -0.082273699 0.046291512 0.001668197 0.998926580 9.089956284
0.998836160 0.001268237 -0.048215851 -0.362492323 -0.001382112 0.999996305 -0.002328499 -0.087092072 0.048212718 0.002392429 0.998834252 9.920394897
0.998732030 0.000593224 -0.050339099 -0.398810774 -0.000660972 0.999998927 -0.001329199 -0.095255263 0.050338253 0.001360786 0.998731315 10.761175156
0.998654842 -0.000779821 -0.051844541 -0.445149153 0.000687725 0.999998152 -0.001794201 -0.101135984 0.051845845 0.001756132 0.998653531 11.608874321
0.998560011 0.001655862 -0.053620886 -0.498434126 -0.001875064 0.999990106 -0.004037952 -0.111721486 0.053613670 0.004132679 0.998553216 12.465273857
0.998486400 0.002021825 -0.054962467 -0.547889352 -0.002381514 0.999976158 -0.006479572 -0.123799779 0.054948058 0.006600658 0.998467386 13.328418732
0.998378813 0.005842861 -0.056618258 -0.608927131 -0.006305286 0.999948204 -0.007992222 -0.136629358 0.056568626 0.008336259 0.998363912 14.199502945
0.998304725 0.007091358 -0.057770405 -0.663581014 -0.007547124 0.999942064 -0.007674892 -0.148464441 0.057712629 0.008097881 0.998300374 15.094235420
0.998232365 0.006310317 -0.059095632 -0.718928516 -0.006682510 0.999959052 -0.006102633 -0.163937196 0.059054703 0.006486753 0.998233676 15.980615616
0.998171747 0.006962374 -0.060038585 -0.783926308 -0.007267015 0.999961793 -0.004857231 -0.173464119 0.060002472 0.005284653 0.998184264 16.873266220
0.998093665 0.006685081 -0.061354004 -0.838773251 -0.006985484 0.999964654 -0.004683028 -0.189091772 0.061320528 0.005102688 0.998105109 17.781892776
0.997989416 0.006643599 -0.063031189 -0.896168947 -0.007008529 0.999959946 -0.005570340 -0.199809223 0.062991656 0.006000896 0.997996032 18.684541702
0.997951865 0.005272634 -0.063751385 -0.960861683 -0.005681076 0.999964476 -0.006227225 -0.213892773 0.063716292 0.006576647 0.997946382 19.595682144
0.997894228 0.004946738 -0.064672999 -1.012692213 -0.005253026 0.999975801 -0.004566747 -0.225614130 0.064648837 0.004896859 0.997896075 20.511398315
0.997894943 0.006378107 -0.064536840 -1.080327988 -0.006456385 0.999978662 -0.001004451 -0.239227712 0.064529054 0.001419011 0.997914791 21.440303802
0.997960806 0.007490905 -0.063388310 -1.145000577 -0.007336039 0.999969482 0.002675539 -0.247540534 0.063406423 -0.002205064 0.997985363 22.370521545
0.998046398 0.006614365 -0.062126279 -1.201537251 -0.006268951 0.999963820 0.005753148 -0.257388562 0.062162086 -0.005352442 0.998051703 23.307582855
0.998143494 0.005998194 -0.060609847 -1.260180593 -0.005600805 0.999961734 0.006724273 -0.266481340 0.060647860 -0.006372326 0.998138905 24.253610611
0.998238206 0.006253025 -0.059002891 -1.323445320 -0.006044453 0.999974847 0.003712776 -0.269512683 0.059024621 -0.003349595 0.998250902 25.192501068
0.998273253 0.006927728 -0.058331504 -1.380281687 -0.007005658 0.999974847 -0.001131577 -0.275791943 0.058322199 0.001538273 0.998296618 26.132699966
0.998338223 0.006164823 -0.057295520 -1.429880142 -0.006392668 0.999972343 -0.003794239 -0.285797268 0.057270546 0.004154205 0.998350024 27.102262497
0.998391628 0.003328247 -0.056596238 -1.486194134 -0.003497367 0.999989688 -0.002889381 -0.293617725 0.056586038 0.003082671 0.998392940 28.062204361
0.998396337 0.001719370 -0.056584138 -1.545897126 -0.001597942 0.999996305 0.002191148 -0.306361318 0.056587700 -0.002097217 0.998395443 29.038345337
0.998355746 -0.001398012 -0.057305127 -1.599355221 0.001711558 0.999983847 0.005422804 -0.313786805 0.057296623 -0.005511968 0.998341978 30.005104065
0.998260677 -0.008280776 -0.058370113 -1.650692105 0.008560015 0.999953091 0.004535504 -0.318351179 0.058329817 -0.005027264 0.998284698 30.975326538
0.998157859 -0.010528995 -0.059749696 -1.705120683 0.010589968 0.999943674 0.000703910 -0.325215906 0.059738919 -0.001335361 0.998213172 31.944253922
0.998087227 -0.010054287 -0.060998518 -1.769575000 0.009871132 0.999945819 -0.003303214 -0.332542568 0.061028425 0.002694771 0.998132408 32.922561646
0.997942686 -0.008804449 -0.063504562 -1.830410600 0.008552833 0.999954462 -0.004232931 -0.338878721 0.063538939 0.003681079 0.997972548 33.916992188
0.997928023 -0.008752512 -0.063741997 -1.899416804 0.008608454 0.999959707 -0.002534298 -0.361036777 0.063761607 0.001980327 0.997963190 34.883403778
0.997872055 -0.005783378 -0.064945526 -1.974278808 0.005811076 0.999983072 0.000237594 -0.371964782 0.064943060 -0.000614491 0.997888803 35.875579834
0.997779131 -0.005596233 -0.066373415 -2.037669897 0.005717545 0.999982297 0.001637902 -0.383859009 0.066363074 -0.002013758 0.997793496 36.869846344
0.997710168 -0.004661359 -0.067473665 -2.107181549 0.004973702 0.999977648 0.004461865 -0.395053893 0.067451365 -0.004787242 0.997711062 37.848434448
0.997731090 -0.004372123 -0.067182668 -2.174602032 0.004885195 0.999960124 0.007474585 -0.406087518 0.067147307 -0.007785826 0.997712672 38.846916199
0.997700095 0.001417610 -0.067767717 -2.251134157 -0.000751523 0.999951184 0.009853452 -0.412140876 0.067778379 -0.009779861 0.997652471 39.829719543
0.997698903 0.002076533 -0.067768708 -2.322616339 -0.001462106 0.999957383 0.009114866 -0.419530183 0.067784742 -0.008994807 0.997659445 40.803924561
0.997692883 0.001505448 -0.067872256 -2.393464565 -0.001022548 0.999973893 0.007149020 -0.411185831 0.067881249 -0.007063124 0.997668386 41.816493988
0.997683764 0.003894576 -0.067911662 -2.469995499 -0.003576895 0.999982059 0.004798824 -0.417043597 0.067929134 -0.004544795 0.997679770 42.805164337
0.997627318 0.003342964 -0.068764403 -2.544919491 -0.002987637 0.999981642 0.005269498 -0.429519147 0.068780757 -0.005051551 0.997619033 43.790912628
0.997542977 0.001392123 -0.070043400 -2.609597921 -0.000978194 0.999981880 0.005943560 -0.429594785 0.070050403 -0.005860440 0.997526228 44.789630890
0.997488618 0.001818850 -0.070803523 -2.685459852 -0.001328539 0.999974787 0.006971429 -0.438777208 0.070814423 -0.006859855 0.997465909 45.777732849
0.997458816 0.004553969 -0.071099788 -2.766704559 -0.004324033 0.999984920 0.003387567 -0.450206250 0.071114145 -0.003071520 0.997463465 46.754119873
0.997394562 0.004637310 -0.071989909 -2.833672285 -0.004689525 0.999988854 -0.000556302 -0.456208974 0.071986526 0.000892451 0.997405231 47.717262268
0.997351706 0.005658172 -0.072509378 -2.913523674 -0.005805579 0.999981463 -0.001822340 -0.465060771 0.072497725 0.002238473 0.997366071 48.682525635
0.997372627 0.004560462 -0.072298363 -2.994998693 -0.004436390 0.999988377 0.001876602 -0.481584311 0.072306082 -0.001550928 0.997381270 49.650840759
0.997331619 0.002492501 -0.072961539 -3.053259611 -0.002143924 0.999985933 0.004855468 -0.489986390 0.072972618 -0.004686088 0.997322917 50.621639252
0.997319996 0.000662499 -0.073159754 -3.126790285 -0.000250039 0.999984026 0.005646812 -0.500665605 0.073162332 -0.005613386 0.997304261 51.583202362
0.997312367 -0.002395815 -0.073227979 -3.201235533 0.002722246 0.999986768 0.004358257 -0.509586751 0.073216572 -0.004545888 0.997305691 52.532314301
0.997251451 -0.005912192 -0.073855542 -3.255189419 0.006162721 0.999975979 0.003164720 -0.517621219 0.073835060 -0.003611173 0.997263908 53.468318939
0.997186542 -0.007455257 -0.074588135 -3.329851151 0.007815512 0.999959171 0.004539204 -0.529788733 0.074551255 -0.005109378 0.997204065 54.411842346
0.997066379 -0.010591266 -0.075805105 -3.404623508 0.011261578 0.999901116 0.008420562 -0.533017814 0.075708427 -0.009249545 0.997087121 55.362148285
0.997009158 -0.011057136 -0.076488569 -3.465600252 0.012118787 0.999836385 0.013429649 -0.540143132 0.076327555 -0.014316431 0.996980011 56.300155640
0.996999085 -0.008982955 -0.076890610 -3.546670675 0.010203858 0.999827802 0.015500304 -0.540525496 0.076738134 -0.016238371 0.996919036 57.242458344
0.996858835 -0.007778300 -0.078815892 -3.616157055 0.008688794 0.999899328 0.011215805 -0.540295184 0.078720719 -0.011865390 0.996826112 58.179965973
0.996797502 -0.006505808 -0.079701722 -3.705723047 0.006835607 0.999969184 0.003865780 -0.546831667 0.079674110 -0.004398209 0.996811271 59.102317810
0.996729195 -0.004703008 -0.080677427 -3.780094862 0.004663264 0.999988914 -0.000681036 -0.566942573 0.080679737 0.000302589 0.996740043 60.000995636
0.996673465 0.000298470 -0.081498064 -3.865844011 -0.000303946 0.999999940 -0.000054784 -0.576437831 0.081498042 0.000079372 0.996673524 60.901916504
0.996561408 0.003363542 -0.082789324 -3.949710131 -0.003161096 0.999991655 0.002576280 -0.593841314 0.082797304 -0.002305716 0.996563733 61.795978546
0.996476233 0.005627130 -0.083686873 -4.024920940 -0.005306702 0.999977708 0.004050842 -0.609523356 0.083707802 -0.003592467 0.996483862 62.673778534
0.996373713 0.006583586 -0.084829979 -4.104213715 -0.006288629 0.999973238 0.003743782 -0.619223654 0.084852360 -0.003196742 0.996388435 63.540603638
0.996239483 0.008490746 -0.086225428 -4.187517643 -0.008112619 0.999955893 0.004734801 -0.630707383 0.086261824 -0.004017481 0.996264398 64.392524719
0.996109366 0.009002456 -0.087664351 -4.263221264 -0.008558875 0.999948621 0.005434575 -0.644014180 0.087708771 -0.004663123 0.996135235 65.236549377
0.995980144 0.008971300 -0.089123689 -4.337950706 -0.008461044 0.999945581 0.006101404 -0.654413462 0.089173570 -0.005322798 0.996001899 66.061401367
0.995886326 0.008404289 -0.090220518 -4.414450645 -0.007808417 0.999945343 0.006955567 -0.658663809 0.090274043 -0.006222475 0.995897532 66.872573853
0.995719731 0.011478631 -0.091708817 -4.492023945 -0.010651716 0.999898136 0.009501133 -0.664191306 0.091808528 -0.008483610 0.995740533 67.668991089
0.995582640 0.012783485 -0.093014918 -4.572520733 -0.011550491 0.999838293 0.013782203 -0.670904338 0.093176067 -0.012646955 0.995569348 68.467575073
0.995395482 0.016081329 -0.094494812 -4.656561375 -0.014677729 0.999771655 0.015530084 -0.675616562 0.094722979 -0.014071606 0.995404184 69.246459961
0.995222449 0.018809523 -0.095804401 -4.737143040 -0.017795945 0.999776363 0.011423201 -0.682367384 0.095997848 -0.009663696 0.995334625 69.990165710
0.995089352 0.018927377 -0.097154304 -4.813238144 -0.018615546 0.999818265 0.004115146 -0.689344883 0.097214535 -0.002286358 0.995260835 70.715270996
0.994949460 0.017876578 -0.098772429 -4.883305550 -0.018116290 0.999834716 -0.001530475 -0.699076951 0.098728746 0.003312135 0.995108843 71.426887512
0.994907439 0.018625604 -0.099057086 -4.957280159 -0.018987723 0.999816060 -0.002714081 -0.705145180 0.098988310 0.004581128 0.995078027 72.114349365
0.994780600 0.021324631 -0.099783562 -5.038743496 -0.021351689 0.999771714 0.000796888 -0.715235829 0.099777773 0.001337818 0.995008826 72.799003601
0.994659483 0.021733647 -0.100896545 -5.113735199 -0.021534827 0.999763429 0.003059417 -0.730053663 0.100939170 -0.000870289 0.994892240 73.451553345
0.994604111 0.018303065 -0.102116197 -5.171833038 -0.018417301 0.999830365 -0.000175912 -0.743411779 0.102095656 0.002055667 0.994772434 74.080024719
0.994695723 0.009960479 -0.102377854 -5.221716881 -0.010538176 0.999931455 -0.005103460 -0.759944797 0.102320008 0.006155265 0.994732499 74.699508667
0.994825602 0.005989683 -0.101420619 -5.277431011 -0.007003280 0.999929011 -0.009640886 -0.773760617 0.101355672 0.010301277 0.994796932 75.293579102
0.995119214 0.008234959 -0.098335944 -5.338325024 -0.009267313 0.999906600 -0.010046091 -0.783498406 0.098244026 0.010908368 0.995102584 75.877685547
0.995458603 0.013521313 -0.094229989 -5.397533417 -0.014227641 0.999875486 -0.006827969 -0.800399184 0.094125934 0.008137631 0.995527029 76.447570801
0.995900691 0.011866969 -0.089671247 -5.446154594 -0.012258358 0.999917567 -0.003815229 -0.808240056 0.089618586 0.004898811 0.995964110 77.004829407
0.996441007 0.008540675 -0.083859183 -5.482476234 -0.008545827 0.999963462 0.000297521 -0.818043768 0.083858654 0.000420184 0.996477544 77.546249390
0.997128546 0.003663567 -0.075639166 -5.516556740 -0.003396139 0.999987543 0.003663903 -0.830841839 0.075651638 -0.003396501 0.997128546 78.086204529
0.997864187 0.007619335 -0.064876452 -5.547096252 -0.007390827 0.999965608 0.003761463 -0.843330741 0.064902879 -0.003273939 0.997886240 78.596473694
0.998673797 0.012629990 -0.049911611 -5.571860790 -0.012493493 0.999917328 0.003045837 -0.847711086 0.049945954 -0.002418228 0.998749018 79.098754883
0.999339700 0.017642830 -0.031762797 -5.587557793 -0.017541325 0.999840140 0.003471564 -0.852899134 0.031818967 -0.002912110 0.999489427 79.590484619
0.999821544 0.016270913 -0.009600949 -5.580003738 -0.016230930 0.999859333 0.004227940 -0.860113502 0.009668390 -0.004071354 0.999944985 80.075988770
0.999781132 0.012583500 0.016714979 -5.551370144 -0.012670076 0.999906778 0.005083746 -0.868215680 -0.016649451 -0.005294413 0.999847353 80.533958435
0.998881996 0.011776048 0.045783121 -5.502444267 -0.012091454 0.999904990 0.006618299 -0.876673281 -0.045700837 -0.007164484 0.998929501 80.976737976
0.996810377 0.011211921 0.079014942 -5.448259830 -0.011890015 0.999896348 0.008116569 -0.884219766 -0.078915752 -0.009030170 0.996840417 81.423469543
0.993124843 0.011323055 0.116511315 -5.370931625 -0.012374971 0.999888897 0.008309010 -0.885768533 -0.116404288 -0.009693708 0.993154585 81.865646362
0.987298727 0.011131598 0.158484280 -5.283668518 -0.012585118 0.999887407 0.008170701 -0.891018331 -0.158375487 -0.010061466 0.987327695 82.287910461
0.978986621 0.010928503 0.203631550 -5.166745186 -0.012773722 0.999888361 0.007749391 -0.893785477 -0.203524128 -0.010187683 0.979016900 82.705841064
0.967563868 0.013006032 0.252291590 -5.048907757 -0.015007569 0.999869287 0.006010702 -0.906607628 -0.252180457 -0.009602021 0.967632592 83.070945740
0.952032208 0.013917817 0.305681139 -4.894583702 -0.015611700 0.999873340 0.003097304 -0.915527344 -0.305599332 -0.007720935 0.952128887 83.459632874
0.932262361 0.014154632 0.361505926 -4.714073181 -0.015462836 0.999880195 0.000726087 -0.919081271 -0.361452311 -0.006266810 0.932369530 83.830207825
0.907965362 0.014575691 0.418791622 -4.516610146 -0.015363257 0.999880850 -0.001491550 -0.922935069 -0.418763459 -0.005079727 0.908081174 84.175369263
0.879071116 0.014479091 0.476470709 -4.305572033 -0.014688393 0.999886751 -0.003285216 -0.932810247 -0.476464301 -0.004110649 0.879184246 84.488174438
0.845351577 0.013831678 0.534031272 -4.064146519 -0.012773774 0.999902308 -0.005677564 -0.937693119 -0.534057617 -0.002022055 0.845445693 84.801895142
0.808559895 0.013866229 0.588250458 -3.802534103 -0.011667758 0.999903560 -0.007532184 -0.943319798 -0.588298142 -0.000773341 0.808643699 85.088264465
0.768116474 0.012446839 0.640189171 -3.529407501 -0.010668641 0.999921024 -0.006640377 -0.954131842 -0.640221238 -0.001729365 0.768188596 85.364242554
0.725672185 0.011782469 0.687939763 -3.237052917 -0.012326741 0.999915540 -0.004122891 -0.968487382 -0.687930226 -0.005488186 0.725756168 85.607315063
0.680399597 0.011034031 0.732758284 -2.929916382 -0.011230334 0.999926209 -0.004629225 -0.968209386 -0.732755303 -0.005079396 0.680473328 85.835281372
0.633882284 0.009819302 0.773367226 -2.605108261 -0.008105568 0.999948859 -0.006052523 -0.976591945 -0.773387074 -0.002431993 0.633929431 86.041694641
0.587637544 0.007188067 0.809092402 -2.266054153 -0.002189134 0.999971032 -0.007293903 -0.982751846 -0.809121370 0.002514960 0.587636232 86.218635559
0.541701198 0.009203163 0.840520740 -1.925407410 -0.004113104 0.999957085 -0.008298064 -0.994405627 -0.840561032 0.001037922 0.541715860 86.381095886
0.494524598 0.012183866 0.869078159 -1.584045410 -0.006774495 0.999925375 -0.010163414 -0.997457504 -0.869137168 -0.000861508 0.494570255 86.538955688
0.447086751 0.015452556 0.894357204 -1.266021729 -0.008855057 0.999878228 -0.012849113 -1.004676342 -0.894446850 -0.002174914 0.447169185 86.683807373
0.404258430 0.012990195 0.914552629 -0.913265228 -0.001504356 0.999907255 -0.013537595 -1.011214852 -0.914643645 0.004096876 0.404240489 86.797851562
0.365322173 0.005044533 0.930867553 -0.542404175 0.013773884 0.999846578 -0.010823951 -1.018846989 -0.930779278 0.016775889 0.365196645 86.879425049
0.329302967 0.001708691 0.944222867 -0.179012299 0.018071570 0.999803782 -0.008111835 -1.021215320 -0.944051445 0.019734839 0.329207480 86.975639343
0.296258569 0.006025558 0.955088913 0.191234589 0.015368627 0.999820530 -0.011074957 -1.029126883 -0.954984248 0.017959455 0.296112776 87.071067810
0.265750766 0.012996303 0.963954270 0.560836792 0.005437688 0.999873042 -0.014979678 -1.045184731 -0.964026570 0.009222544 0.265646338 87.162612915
0.236848772 0.018107867 0.971377790 0.932025909 -0.000371934 0.999827921 -0.018547531 -1.060537219 -0.971546471 0.004031672 0.236814737 87.252090454
0.211251080 0.019676555 0.977233768 1.321640015 0.001173143 0.999791503 -0.020384358 -1.075578570 -0.977431178 0.005452654 0.211183965 87.312942505
0.187259138 0.021098530 0.982084036 1.729202271 0.008027585 0.999703050 -0.023007713 -1.088466406 -0.982277870 0.012192171 0.187034190 87.370521545
0.167702258 0.027319608 0.985459149 2.147285461 0.014920049 0.999431133 -0.030246001 -1.092835188 -0.985724866 0.019775422 0.167199254 87.409721375
0.147904813 0.034297921 0.988406837 2.568717957 0.017184084 0.999158502 -0.037242431 -1.090724945 -0.988852382 0.022493202 0.147190988 87.458831787
0.130396962 0.035149023 0.990838706 3.024391174 0.014885524 0.999189317 -0.037404232 -1.104640603 -0.991350234 0.019626556 0.129768074 87.517662048
0.115008473 0.030797774 0.992887080 3.480857849 0.012985687 0.999387264 -0.032503564 -1.129190922 -0.993279696 0.016631506 0.114538074 87.563705444
0.100391567 0.027555294 0.994566441 3.951477051 0.013343573 0.999489248 -0.029038589 -1.151437044 -0.994858623 0.016186301 0.099972606 87.608367920
0.087378144 0.025205076 0.995856404 4.429244995 0.015449639 0.999525309 -0.026653519 -1.169739604 -0.996055543 0.017714560 0.086947262 87.633605957
0.075433135 0.024177998 0.996857703 4.924613953 0.019478112 0.999479532 -0.025715515 -1.186994672 -0.996960640 0.021356709 0.074922919 87.660102844
0.065336466 0.024999617 0.997550189 5.437339783 0.022888927 0.999385536 -0.026544774 -1.200743437 -0.997600853 0.024567196 0.064724147 87.683937073
0.057443082 0.025512582 0.998022914 5.963584900 0.025144624 0.999319315 -0.026992980 -1.217654467 -0.998032272 0.026645470 0.056762516 87.710205078
0.051716805 0.025794728 0.998328626 6.518821716 0.026313277 0.999284089 -0.027182534 -1.238410115 -0.998315096 0.027675090 0.051001012 87.736839294
0.046318114 0.026885722 0.998564959 7.084991455 0.027333360 0.999229312 -0.028171465 -1.252296686 -0.998552859 0.028598987 0.045547545 87.755355835
0.040602684 0.027521858 0.998796403 7.664360046 0.027839860 0.999201298 -0.028664758 -1.269698858 -0.998787582 0.028970217 0.039804041 87.774673462
0.036151588 0.027538698 0.998966932 8.262680054 0.030185066 0.999134064 -0.028635677 -1.289563894 -0.998890519 0.031189108 0.035288990 87.789527893
0.033015907 0.027469989 0.999077260 8.887413025 0.031861894 0.999085188 -0.028523130 -1.310020208 -0.998946846 0.032774210 0.032110453 87.811531067
0.029896915 0.027087942 0.999185860 9.525550842 0.032872770 0.999065340 -0.028068269 -1.329748869 -0.999012291 0.033685163 0.028978467 87.830596924
0.027484775 0.026322266 0.999275625 10.176330566 0.035125434 0.999010503 -0.027281398 -1.354059815 -0.999004960 0.035849813 0.026533008 87.847251892
0.026894033 0.025985532 0.999300599 10.851425171 0.039588004 0.998850167 -0.027039254 -1.375399947 -0.998854220 0.040287513 0.025834441 87.858383179
0.027866244 0.025440985 0.999287903 11.536445618 0.043040127 0.998718441 -0.026626712 -1.399079800 -0.998684704 0.043751463 0.026735544 87.874031067
0.030453682 0.025686581 0.999206066 12.255050659 0.044481572 0.998644531 -0.027027853 -1.417216778 -0.998545945 0.045269359 0.029269874 87.888809204
0.034115493 0.025796495 0.999085009 12.978797913 0.046940632 0.998522222 -0.027384844 -1.438088775 -0.998315036 0.047831930 0.032854199 87.915580750
0.038727701 0.025104355 0.998934448 13.717193604 0.047570277 0.998504579 -0.026937813 -1.463103175 -0.998116910 0.048562828 0.037475586 87.942626953
0.042482734 0.023384381 0.998823524 14.476333618 0.048892524 0.998479605 -0.025455862 -1.487974167 -0.997900188 0.049916439 0.041274786 87.980995178
0.046683788 0.021797765 0.998671949 15.240661621 0.048448291 0.998535872 -0.024059560 -1.512231708 -0.997734189 0.049507141 0.045559406 88.008407593
0.050856292 0.019614195 0.998513401 16.021064758 0.045421187 0.998727143 -0.021931788 -1.537267566 -0.997672617 0.046469029 0.049900651 88.056564331
0.054839551 0.018618220 0.998321772 16.818916321 0.044736534 0.998776317 -0.021084165 -1.557575464 -0.997492671 0.045817696 0.053939521 88.109001160
0.058876276 0.019706834 0.998070776 17.610961914 0.041806333 0.998879313 -0.022188960 -1.581258535 -0.997389555 0.043032084 0.057986379 88.156661987
0.061568439 0.023759797 0.997820079 18.412296295 0.039722241 0.998866260 -0.026235696 -1.611432791 -0.997312188 0.041250944 0.060554862 88.219604492
0.062971473 0.029071823 0.997591972 19.221317291 0.034054443 0.998930991 -0.031260487 -1.638412714 -0.997434318 0.035940956 0.061914146 88.285606384
0.063043714 0.031970367 0.997498751 20.024703979 0.030732745 0.998950601 -0.033959273 -1.674490929 -0.997537613 0.032796793 0.061995029 88.331420898
0.063088357 0.031786200 0.997501612 20.834411621 0.028496575 0.999027789 -0.033637136 -1.703783631 -0.997601032 0.030547492 0.062121212 88.389701843
0.063053727 0.030223891 0.997552454 21.646686554 0.025618900 0.999162912 -0.031892024 -1.737300873 -0.997681379 0.027567109 0.062226653 88.448532104
0.063083529 0.028594594 0.997598588 22.480152130 0.026338425 0.999193609 -0.030305836 -1.777975678 -0.997660697 0.028186973 0.062279522 88.504669189
0.063336849 0.027528247 0.997612536 23.295692444 0.024221027 0.999282658 -0.029112089 -1.818644524 -0.997698307 0.026007069 0.062624633 88.565628052
0.063059449 0.028073447 0.997614920 24.112895966 0.022555294 0.999308884 -0.029546844 -1.847580433 -0.997754931 0.024364704 0.062382638 88.634521484
0.063083827 0.028374501 0.997604847 24.921607971 0.019351598 0.999373019 -0.029648500 -1.890050054 -0.997820616 0.021175588 0.062495172 88.695167542
0.062251985 0.029860187 0.997613668 25.724208832 0.016212862 0.999390185 -0.030925060 -1.925946116 -0.997928798 0.018099319 0.061729908 88.739242554
0.059354782 0.029566489 0.997799098 26.538593292 0.012957357 0.999454260 -0.030386318 -1.959323525 -0.998152971 0.014732415 0.058939278 88.796943665
0.055647254 0.028391136 0.998046756 27.355785370 0.010685237 0.999521434 -0.029028853 -1.993775368 -0.998393297 0.012279741 0.055317283 88.848091125
0.050144076 0.025932651 0.998405337 28.168403625 0.008170144 0.999618769 -0.026374510 -2.029057503 -0.998708665 0.009479642 0.049913108 88.904113770
0.044857144 0.023923010 0.998706937 28.972591400 0.007266934 0.999678969 -0.024272691 -2.057272911 -0.998966992 0.008346341 0.044668913 88.922348022
0.037227452 0.024179848 0.999014199 29.776622772 0.007120206 0.999675453 -0.024461178 -2.087732315 -0.999281406 0.008023812 0.037043214 88.956375122
0.028382361 0.025148869 0.999280870 30.579025269 0.006640379 0.999656677 -0.025346935 -2.120103359 -0.999575257 0.007355013 0.028205633 88.981903076
0.018427432 0.025431950 0.999506712 31.383354187 0.007303965 0.999646366 -0.025570162 -2.150050163 -0.999803543 0.007771554 0.018235147 88.994430542
0.008402705 0.024284778 0.999669731 32.174636841 0.008389554 0.999668181 -0.024355257 -2.185223579 -0.999929428 0.008591432 0.008196175 88.997589111
-0.002421975 0.023416542 0.999722898 32.971172333 0.007228577 0.999700069 -0.023398496 -2.214632034 -0.999970973 0.007169902 -0.002590537 88.997909546
-0.013554573 0.022557553 0.999653637 33.761249542 0.008823223 0.999709249 -0.022439171 -2.244351149 -0.999869227 0.008516013 -0.013749719 88.985275269
-0.024496555 0.023096643 0.999433100 34.540241241 0.008873002 0.999698699 -0.022885300 -2.270086765 -0.999660611 0.008307361 -0.024694085 88.965667725
-0.035754442 0.023728438 0.999078929 35.313854218 0.009065882 0.999684632 -0.023418380 -2.298491478 -0.999319553 0.008220222 -0.035958290 88.940261841
-0.045774579 0.024613511 0.998648643 36.086547852 0.008263424 0.999671519 -0.024259960 -2.330257654 -0.998917758 0.007141771 -0.045962930 88.890991211
-0.056357861 0.025746323 0.998078763 36.849956512 0.008730636 0.999641955 -0.025293665 -2.356474400 -0.998372614 0.007288369 -0.056562424 88.848892212
-0.065843344 0.026308889 0.997483075 37.607807159 0.010290345 0.999617100 -0.025685914 -2.391194820 -0.997776926 0.008573199 -0.066088915 88.795570374
-0.075488806 0.026974166 0.996781945 38.377937317 0.010487581 0.999600232 -0.026256189 -2.418213606 -0.997091651 0.008471787 -0.075741529 88.739379883
-0.084849000 0.027447494 0.996015728 39.121746063 0.011267452 0.999583006 -0.026585942 -2.447749853 -0.996330142 0.008966768 -0.085122943 88.676422119
-0.093390942 0.026729228 0.995270729 39.854263306 0.012404164 0.999593198 -0.025681375 -2.478023529 -0.995552301 0.009947093 -0.093684435 88.603752136
-0.101053715 0.025658382 0.994549990 40.583889008 0.014107750 0.999603808 -0.024355311 -2.508982420 -0.994780898 0.011569665 -0.101375699 88.532821655
-0.105761051 0.024088118 0.994099736 41.314170837 0.016904026 0.999605656 -0.022423131 -2.538881302 -0.994247854 0.014432793 -0.106126547 88.440444946
-0.109249949 0.022449840 0.993760943 42.019355774 0.020199731 0.999588609 -0.020360824 -2.565482616 -0.993809223 0.017849283 -0.109658480 88.352035522
-0.112051249 0.021289375 0.993474483 42.723037720 0.021509435 0.999588192 -0.018994402 -2.590921402 -0.993469715 0.019240728 -0.112462997 88.271553040
-0.113959432 0.020403231 0.993275940 43.405677795 0.021832773 0.999599099 -0.018028226 -2.615108252 -0.993245542 0.019631485 -0.114359140 88.197708130
-0.114848733 0.020714480 0.993167222 44.077602386 0.022151016 0.999587357 -0.018286875 -2.643349171 -0.993136168 0.019899437 -0.115260124 88.125289917
-0.113741517 0.021726744 0.993272781 44.728759766 0.022990545 0.999550700 -0.019231377 -2.665282726 -0.993244350 0.020648478 -0.114189863 88.048416138
-0.110582948 0.023770936 0.993582726 45.358444214 0.024762277 0.999469519 -0.021155808 -2.680147171 -0.993558526 0.022263896 -0.111112952 87.978698730
-0.105595708 0.023897300 0.994122148 45.973194122 0.023807650 0.999485373 -0.021497382 -2.711451530 -0.994124293 0.021397682 -0.106110334 87.913475037
-0.097576261 0.024596307 0.994924188 46.564975739 0.023498829 0.999472797 -0.022404138 -2.734213829 -0.994950712 0.021193443 -0.098102808 87.861259460
-0.086681843 0.024502493 0.995934725 47.144718170 0.021611232 0.999508500 -0.022709470 -2.759665966 -0.996001661 0.019554878 -0.087168813 87.822395325
-0.072939992 0.024406927 0.997037768 47.705562592 0.020704037 0.999522150 -0.022953106 -2.789694786 -0.997121513 0.018968506 -0.073410511 87.792144775
-0.055893898 0.025938313 0.998099744 48.248054504 0.020466376 0.999482214 -0.024828119 -2.812687159 -0.998226941 0.019039746 -0.056395769 87.772811890
-0.034462690 0.028578173 0.998997331 48.785991669 0.018324073 0.999441087 -0.027958740 -2.834554195 -0.999237955 0.017342167 -0.034967065 87.770858765
-0.010061383 0.031389445 0.999456704 49.298343658 0.016007544 0.999384165 -0.031226030 -2.861288071 -0.999821365 0.015684675 -0.010557652 87.788406372
0.017938673 0.032976389 0.999295175 49.820991516 0.014341746 0.999344647 -0.033235475 -2.888596535 -0.999736249 0.014927841 0.017454028 87.821098328
0.050960839 0.032039747 0.998186648 50.330677032 0.011018532 0.999406397 -0.032641437 -2.921292305 -0.998639941 0.012661989 0.050577521 87.871307373
0.090090454 0.029716676 0.995490193 50.807582855 0.010725511 0.999467850 -0.030806059 -2.939071894 -0.995875895 0.013452472 0.089723766 87.908004761
0.132293999 0.026185643 0.990864754 51.308692932 0.008473344 0.999584615 -0.027547397 -2.959569454 -0.991174459 0.012040294 0.132017136 87.999832153
0.177325070 0.021701943 0.983913004 51.780998230 0.005770631 0.999716699 -0.023090530 -2.981759787 -0.984135389 0.009772329 0.177149594 88.115646362
0.226052105 0.018967671 0.973930538 52.282417297 0.001313282 0.999803543 -0.019776376 -2.994368076 -0.974114358 0.005749537 0.225982785 88.254531860
0.277859747 0.017443333 0.960463405 52.744476318 -0.002445126 0.999844730 -0.017451186 -3.013639927 -0.960618675 0.002500531 0.277859211 88.419097900
0.332937598 0.016846210 0.942798376 53.195461273 -0.003381335 0.999855280 -0.016671643 -3.033838749 -0.942942798 0.002362700 0.332946420 88.602401733
0.391570270 0.017681349 0.919978440 53.634895325 -0.001334017 0.999825239 -0.018648155 -3.043662071 -0.920147359 0.006074798 0.391525447 88.813629150
0.451313913 0.021670796 0.892102182 54.051475525 -0.001127579 0.999718130 -0.023714548 -3.054870605 -0.892364621 0.009696792 0.451211095 89.062271118
0.510719419 0.023537586 0.859425187 54.437965393 0.000977606 0.999608636 -0.027957823 -3.084693909 -0.859746873 0.015118784 0.510496557 89.328483582
0.569401801 0.027787175 0.821589649 54.808631897 -0.002853064 0.999489307 -0.031826653 -3.096382141 -0.822054446 0.015778106 0.569190264 89.623039246
0.625485778 0.031299718 0.779607534 55.140537262 -0.006996523 0.999379873 -0.034509778 -3.103070736 -0.780204177 0.016130833 0.625316858 89.940902710
0.678875446 0.033061638 0.733508825 55.462779999 -0.009273316 0.999292135 -0.036458746 -3.112150192 -0.734194934 0.017948886 0.678701401 90.274551392
0.725016296 0.031116582 0.688028455 55.700683594 -0.009252898 0.999328792 -0.035445038 -3.123650074 -0.688669562 0.019331973 0.724817574 90.632881165
0.770765543 0.028822944 0.636466563 55.970092773 -0.012198168 0.999460638 -0.030489383 -3.133932829 -0.637002110 0.015736442 0.770701468 91.015281677
0.812273026 0.024098499 0.582779408 56.214233398 -0.013095768 0.999647737 -0.023083642 -3.144303560 -0.583130419 0.011118276 0.812302470 91.418495178
0.848599374 0.022863062 0.528541803 56.441741943 -0.016254090 0.999720812 -0.017148068 -3.145397663 -0.528786302 0.005960876 0.848734081 91.854080200
0.879243612 0.019375116 0.475978225 56.625076294 -0.016994245 0.999812305 -0.009305884 -3.153997898 -0.476069182 0.000093249 0.879407823 92.294487000
0.905264378 0.017525814 0.424487084 56.781276703 -0.018144488 0.999832034 -0.002585031 -3.182303190 -0.424461097 -0.005361964 0.905430317 92.702812195
0.925396323 0.019583765 0.378494501 56.920413971 -0.021620573 0.999765635 0.001131915 -3.191561222 -0.378383636 -0.009230738 0.925602853 93.150550842
0.940541744 0.025422523 0.338725448 57.034591675 -0.028484112 0.999585986 0.004069664 -3.197245121 -0.338481754 -0.013475981 0.940876484 93.604461670
0.952224672 0.029998982 0.303921461 57.140613556 -0.032566577 0.999463856 0.003381799 -3.201315641 -0.303657055 -0.013117912 0.952691078 94.056701660
0.961416781 0.032561153 0.273162097 57.246784210 -0.034941446 0.999381959 0.003852162 -3.203200579 -0.272867829 -0.013248211 0.961960316 94.513465881
0.967414975 0.026600661 0.251795024 57.351863861 -0.028493138 0.999586463 0.003872303 -3.202647448 -0.251587898 -0.010920553 0.967772841 94.986831665
0.971296847 0.023605026 0.236696467 57.455299377 -0.025455397 0.999664605 0.004764065 -3.214041471 -0.236504614 -0.010652523 0.971571982 95.467918396
0.974063575 0.028009648 0.224534318 57.544036865 -0.029836927 0.999543488 0.004748501 -3.217185020 -0.224298820 -0.011324755 0.974454641 95.963310242
0.976374924 0.032457937 0.213631660 57.653259277 -0.034387019 0.999394417 0.005319156 -3.213321209 -0.213329643 -0.012539647 0.976899803 96.457870483
0.977454484 0.040117059 0.207300201 57.747062683 -0.041826319 0.999117434 0.003867211 -3.211957932 -0.206962109 -0.012450626 0.978269756 96.970565796
0.977839172 0.046190705 0.204198256 57.844295502 -0.047210541 0.998884976 0.000123003 -3.211432695 -0.203964889 -0.009760587 0.978929520 97.489616394
0.977754295 0.047311686 0.204348162 57.932498932 -0.047886863 0.998850465 -0.002132226 -3.220900774 -0.204214141 -0.007700798 0.978895962 98.025207520
0.977229357 0.045971036 0.207145974 58.042182922 -0.045742214 0.998935878 -0.005896715 -3.228766918 -0.207196623 -0.003712873 0.978292286 98.568763733
0.976659358 0.044138249 0.210210204 58.177597046 -0.042539127 0.999021232 -0.012125064 -3.237302542 -0.210539639 0.002899899 0.977581024 99.099960327
0.975721419 0.044593964 0.214427337 58.299365997 -0.041924644 0.998976409 -0.016982649 -3.239995003 -0.214965180 0.007580545 0.976592302 99.660041809
0.974440694 0.049573515 0.219106957 58.417991638 -0.047133252 0.998754740 -0.016353773 -3.253516436 -0.219644830 0.005608559 0.975563765 100.245262146
0.973048627 0.052952152 0.224438027 58.545890808 -0.051503100 0.998596966 -0.012310027 -3.268398046 -0.224774972 0.000419003 0.974410594 100.820121765
0.972089529 0.049583808 0.229310647 58.690387726 -0.049051989 0.998764038 -0.008022290 -3.275924921 -0.229424998 -0.003449760 0.973320246 101.433769226
0.971406579 0.045396682 0.233041540 58.843059540 -0.046091169 0.998934209 -0.002467510 -3.285699129 -0.232905179 -0.008344201 0.972463667 102.047996521
0.970608413 0.042972881 0.236796588 58.998031616 -0.044762302 0.998995304 0.002183150 -3.292294741 -0.236464858 -0.012718543 0.971556783 102.675155640
0.970083356 0.037986480 0.239781767 59.159255981 -0.039808720 0.999203503 0.002758983 -3.297889948 -0.239485979 -0.012221848 0.970822871 103.304885864
0.970148861 0.034315482 0.240070015 59.321765900 -0.035213996 0.999379635 -0.000547239 -3.302600145 -0.239939868 -0.007922920 0.970755458 103.952934265
0.970232725 0.034395639 0.239719495 59.482849121 -0.033656493 0.999407709 -0.007177695 -3.314026117 -0.239824384 -0.001104084 0.970815659 104.598701477
0.970325112 0.036663234 0.239008427 59.638145447 -0.034359086 0.999314249 -0.013801217 -3.322059155 -0.239350528 0.005179556 0.970919430 105.259757996
0.970898092 0.039365098 0.236235648 59.794605255 -0.036237232 0.999188781 -0.017569335 -3.330121756 -0.236735627 0.008497509 0.971536934 105.936691284
0.971505284 0.037947521 0.233960316 59.950344086 -0.035864905 0.999270082 -0.013151277 -3.340520859 -0.234288618 0.004385572 0.972157180 106.627525330
0.971998334 0.033874735 0.232533380 60.129989624 -0.033535387 0.999422848 -0.005413609 -3.354263306 -0.232582569 -0.002536079 0.972573340 107.320449829
0.972601652 0.034671884 0.229878008 60.297924042 -0.035669938 0.999363601 0.000186277 -3.361938477 -0.229725257 -0.008380908 0.973219454 108.041923523
0.972862184 0.037617955 0.228306890 60.455451965 -0.038596626 0.999254882 -0.000178386 -3.377686977 -0.228143483 -0.008638329 0.973589182 108.766593933
0.973123550 0.043488570 0.226139888 60.611942291 -0.043480996 0.999041677 -0.005016838 -3.380372763 -0.226141334 -0.004950785 0.974081933 109.493507385
0.974001348 0.043997128 0.222228676 60.774181366 -0.042797785 0.999031544 -0.010212081 -3.391834021 -0.222462773 0.000435687 0.974941075 110.242164612
0.974951029 0.042546064 0.218312487 60.941291809 -0.040668767 0.999086976 -0.013087487 -3.400846958 -0.218669981 0.003881158 0.975791156 111.000724792
0.975851476 0.040564872 0.214635551 61.106487274 -0.038974512 0.999172449 -0.011638178 -3.410792351 -0.214930013 0.002991818 0.976624846 111.776588440
0.976750553 0.036845606 0.211188868 61.271343231 -0.035683259 0.999319732 -0.009313460 -3.431000471 -0.211388364 0.001561022 0.977400899 112.555091858
0.977208197 0.035418447 0.209307611 61.446197510 -0.034821786 0.999372184 -0.006536193 -3.443774939 -0.209407702 -0.000901243 0.977828026 113.347457886
0.977569818 0.032303613 0.208119348 61.613971710 -0.032123722 0.999474883 -0.004245005 -3.451205015 -0.208147198 -0.002535780 0.978094220 114.145095825
0.977777362 0.027851647 0.207787573 61.784877777 -0.027838349 0.999607980 -0.002988725 -3.464170694 -0.207789347 -0.002862155 0.978169441 114.942207336
0.977940559 0.028121132 0.206981674 61.957149506 -0.028431371 0.999594629 -0.001476180 -3.472833633 -0.206939280 -0.004441156 0.978343725 115.752891541
0.977710545 0.032935798 0.207358032 62.124694824 -0.032951012 0.999451220 -0.003381459 -3.480671883 -0.207355618 -0.003526569 0.978259265 116.577041626
0.977399886 0.038918059 0.207785681 62.289581299 -0.038340211 0.999241531 -0.006809055 -3.490316868 -0.207893074 -0.001311377 0.978150666 117.392555237
0.976770818 0.047595974 0.208934009 62.449134827 -0.046852387 0.998865604 -0.008509543 -3.495882273 -0.209102020 -0.001477184 0.977892697 118.220268250
0.975914061 0.052988425 0.211622357 62.618278503 -0.052501243 0.998589396 -0.007924403 -3.513003111 -0.211743742 -0.003376900 0.977319360 119.066467285
0.975103915 0.055484671 0.214694604 62.786693573 -0.055499941 0.998440921 -0.005961731 -3.528017998 -0.214690655 -0.006102231 0.976663053 119.892189026
0.974571764 0.055603035 0.217067093 62.971389771 -0.055451967 0.998438239 -0.006791793 -3.546189785 -0.217105746 -0.005417706 0.976133049 120.736183167
0.974219024 0.054010235 0.219043821 63.151344299 -0.053139742 0.998538315 -0.009868089 -3.553714275 -0.219256625 -0.002026251 0.975665092 121.571266174
0.974282384 0.048089933 0.220138967 63.347854614 -0.047432482 0.998840153 -0.008274432 -3.572901249 -0.220281571 -0.002380103 0.975433409 122.409767151
0.974482656 0.041667137 0.220561564 63.544540405 -0.040520038 0.999131382 -0.009724584 -3.594202042 -0.220775187 0.000539276 0.975324571 123.243331909
0.974286497 0.040739998 0.221598998 63.734313965 -0.039588850 0.999169588 -0.009635807 -3.617011309 -0.221807539 0.000615188 0.975090265 124.081100464
0.973705351 0.043155335 0.223686203 63.918151855 -0.042713359 0.999064088 -0.006816340 -3.631330252 -0.223771021 -0.002917283 0.974637389 124.926689148
0.973308146 0.045037940 0.225039542 64.104545593 -0.046000727 0.998940945 -0.000965865 -3.645659924 -0.224844724 -0.009411898 0.974349141 125.769935608
0.972911477 0.048613153 0.226009011 64.288505554 -0.050662395 0.998710454 0.003272265 -3.664684296 -0.225558490 -0.014633781 0.974119723 126.618713379
0.972613752 0.048232861 0.227367729 64.473762512 -0.048789091 0.998804033 -0.003176515 -3.681423664 -0.227249026 -0.008003542 0.973803818 127.454101562
0.972991586 0.043688286 0.226668701 64.669387817 -0.040748738 0.999013782 -0.017633768 -3.695919991 -0.227215558 0.007921044 0.973812282 128.246429443
0.973180473 0.041405451 0.226286069 64.859626770 -0.036360472 0.998989463 -0.026419252 -3.716574192 -0.227151290 0.017482832 0.973702550 129.057464600
0.973448098 0.038553514 0.225637779 65.046005249 -0.035526358 0.999216139 -0.017462634 -3.734532356 -0.226134151 0.008982879 0.974054754 129.887664795
0.973923206 0.032310158 0.224565417 65.242439270 -0.033927150 0.999418736 0.003344516 -3.751776218 -0.224326804 -0.010876166 0.974453270 130.725097656
0.974163532 0.028873568 0.223990604 65.432060242 -0.033835277 0.999259055 0.018344149 -3.769560575 -0.223294973 -0.025448984 0.974418640 131.567108154
0.974207759 0.033534676 0.223147199 65.609542847 -0.037289985 0.999224603 0.012635262 -3.776962996 -0.222550452 -0.020630524 0.974702895 132.375473022
0.974388242 0.042001572 0.220914930 65.782829285 -0.042335343 0.999098241 -0.003225847 -3.781063080 -0.220851198 -0.006209280 0.975287735 133.173995972
0.974577427 0.042248074 0.220031604 65.954765320 -0.040737491 0.999104857 -0.011400255 -3.782798052 -0.220316276 0.002146898 0.975426137 133.992111206
0.975220025 0.038098179 0.217932105 66.138206482 -0.036412124 0.999267817 -0.011748837 -3.808420420 -0.218220145 0.003522331 0.975893199 134.793823242
0.975883067 0.037533186 0.215043098 66.312759399 -0.036234029 0.999293506 -0.009981690 -3.831756592 -0.215265810 0.001949083 0.976553559 135.600097656
0.976678491 0.036880977 0.211515784 66.480537415 -0.035291422 0.999313354 -0.011286537 -3.845256329 -0.211786807 0.003558627 0.977309406 136.413833618
0.977717340 0.037817914 0.206491247 66.646697998 -0.035915781 0.999270856 -0.012953864 -3.861394882 -0.206830576 0.005248924 0.978362679 137.221038818
0.978027046 0.043421667 0.203906089 66.797462463 -0.041689143 0.999048829 -0.012786570 -3.888416529 -0.204267353 0.004004941 0.978906929 138.038787842
0.978204966 0.049301602 0.201703623 66.956344604 -0.047653738 0.998779058 -0.013020499 -3.902957916 -0.202099293 0.003124786 0.979360044 138.827987671
0.978545308 0.050549541 0.199734375 67.110450745 -0.049339373 0.998721123 -0.011035067 -3.923798561 -0.200036749 0.000943546 0.979787946 139.626464844
0.978816092 0.049133219 0.198758617 67.266693115 -0.048925806 0.998784661 -0.005957677 -3.944530964 -0.198809773 -0.003892954 0.980030358 140.424423218
0.979189694 0.047601398 0.197285652 67.421470642 -0.047308315 0.998861074 -0.006200996 -3.960072279 -0.197356135 -0.003261301 0.980326414 141.220901489
0.979834199 0.045844097 0.194482118 67.579116821 -0.044908632 0.998948574 -0.009218749 -3.976346970 -0.194700256 0.000298919 0.980862737 142.014129639
0.980945051 0.041323647 0.189839736 67.732429504 -0.039616369 0.999133229 -0.012781014 -3.996268511 -0.190203339 0.005016712 0.981731892 142.800445557
0.982335269 0.038106658 0.183208451 67.880737305 -0.036183547 0.999249458 -0.013829508 -4.009357452 -0.183597937 0.006956083 0.982976794 143.586120605
0.983505964 0.036742784 0.177104607 68.021934509 -0.035750955 0.999322057 -0.008789157 -4.017380714 -0.177307487 0.002312530 0.984152794 144.388381958
0.984715343 0.034198560 0.170781091 68.160110474 -0.034631379 0.999400079 -0.000444978 -4.029433727 -0.170693859 -0.005476207 0.985308886 145.185104370
0.985279679 0.031262122 0.168067381 68.280738831 -0.033254728 0.999405921 0.009053839 -4.039224625 -0.167684481 -0.014509598 0.985733926 145.982559204
0.985743046 0.038030684 0.163903564 68.403831482 -0.040507846 0.999109566 0.011796603 -4.047763348 -0.163308978 -0.018267797 0.986405849 146.790466309
0.986416996 0.041020378 0.159055948 68.521751404 -0.042733092 0.999059379 0.007361263 -4.057017803 -0.158604383 -0.014058228 0.987242103 147.577316284
0.987612426 0.041454136 0.151338056 68.638458252 -0.041493487 0.999134541 -0.002899321 -4.060949326 -0.151327267 -0.003416137 0.988477826 148.356338501
0.988707781 0.038270224 0.144887283 68.755416870 -0.037424970 0.999262810 -0.008555984 -4.061655521 -0.145107910 0.003036966 0.989411175 149.153945923
0.989593089 0.037515245 0.138917521 68.849433899 -0.036890041 0.999294281 -0.007073550 -4.076071739 -0.139084846 0.001875263 0.990278721 149.953704834
0.990378201 0.044665288 0.130980939 68.951805115 -0.044574093 0.998999476 -0.003629450 -4.088253498 -0.131012008 -0.002243828 0.991378248 150.769851685
0.991116464 0.050247975 0.123139404 69.030349731 -0.050011739 0.998736084 -0.005010637 -4.099599838 -0.123235531 -0.001192291 0.992376745 151.583648682
0.992240191 0.052840739 0.112548679 69.113838196 -0.052002486 0.998593092 -0.010372741 -4.117373943 -0.112938434 0.004439440 0.993592083 152.390274048
0.993229985 0.051411092 0.104168467 69.192520142 -0.050385967 0.998652220 -0.012450496 -4.131081581 -0.104668163 0.007117578 0.994481742 153.206283569
0.993975282 0.051589161 0.096704453 69.264595032 -0.050854411 0.998655498 -0.010048924 -4.139715195 -0.097092852 0.005070535 0.995262384 154.034576416
0.994539320 0.054287747 0.089131020 69.322174072 -0.054239232 0.998523533 -0.002968039 -4.152836323 -0.089160547 -0.001882565 0.996015489 154.858764648
0.995101452 0.057125598 0.080683254 69.377548218 -0.057538547 0.998339355 0.002800582 -4.162240505 -0.080389284 -0.007429260 0.996735871 155.683258057
0.995721400 0.056006275 0.073499419 69.424598694 -0.056631390 0.998374343 0.006447115 -4.170790672 -0.073018856 -0.010581905 0.997274399 156.500137329
0.996095717 0.057040371 0.067377485 69.480895996 -0.057737175 0.998296142 0.008438578 -4.171808720 -0.066781342 -0.012295816 0.997691870 157.320098877
0.996433794 0.056285001 0.062862836 69.529487610 -0.056814615 0.998362482 0.006668015 -4.177013397 -0.062384587 -0.010215764 0.997999907 158.141220093
0.996406198 0.061240770 0.058517236 69.560707092 -0.061427701 0.998110533 0.001399338 -4.187121868 -0.058320977 -0.004988888 0.998285413 158.959381104
0.996239543 0.067131989 0.054773334 69.587875366 -0.066944264 0.997742891 -0.005256917 -4.198709965 -0.055002611 0.001570388 0.998484969 159.784286499
0.996257067 0.069098562 0.051935248 69.618087769 -0.068797916 0.997601986 -0.007556509 -4.205899239 -0.052332852 0.003955188 0.998621881 160.604446411
0.996318758 0.070475392 0.048806924 69.651245117 -0.070501275 0.997510970 -0.001193110 -4.216323376 -0.048769526 -0.002252233 0.998807490 161.430404663
0.996207535 0.073059194 0.047254190 69.674430847 -0.073569492 0.997248113 0.009149143 -4.221976280 -0.046455726 -0.012590912 0.998840988 162.265640259
0.996251106 0.074471928 0.044019356 69.701255798 -0.075242288 0.997035146 0.016108524 -4.223382473 -0.042689212 -0.019360252 0.998900831 163.090774536
0.996753693 0.070504814 0.038872994 69.740036011 -0.071067177 0.997383177 0.013277964 -4.226435184 -0.037835110 -0.015997455 0.999155939 163.897445679
0.997756779 0.058315687 0.032873992 69.777542114 -0.058457352 0.998284221 0.003363984 -4.227181435 -0.032621413 -0.005278165 0.999453843 164.709091187
0.998107493 0.056034125 0.025329353 69.802154541 -0.056032889 0.998428643 -0.000759116 -4.231101990 -0.025332088 -0.000661597 0.999678850 165.526626587
0.997966468 0.060845669 0.018992946 69.798522949 -0.060867585 0.998145700 0.000577482 -4.239843369 -0.018922590 -0.001732363 0.999819458 166.350311279
0.998229504 0.058268387 0.011942095 69.802894592 -0.058354665 0.998271346 0.007007953 -4.245067596 -0.011513109 -0.007692423 0.999904156 167.167739868
0.998602152 0.052659828 0.004548646 69.806358337 -0.052706365 0.998551667 0.010801256 -4.247561932 -0.003973265 -0.011025900 0.999931335 167.995681763
0.999039948 0.043782812 -0.001509601 69.814491272 -0.043754917 0.998926938 0.015182259 -4.246176720 0.002172703 -0.015101631 0.999883592 168.828918457
0.999181092 0.039762184 -0.007494041 69.808158875 -0.039646596 0.999101341 0.014988430 -4.246102810 0.008083279 -0.014679042 0.999859571 169.644439697
0.999230921 0.036562584 -0.014168190 69.795791626 -0.036443342 0.999298871 0.008584889 -4.254079342 0.014472142 -0.008061950 0.999862790 170.469696045
0.999374866 0.028228506 -0.021283699 69.776382446 -0.028274342 0.999598503 -0.001855634 -4.255577564 0.021222770 0.002456257 0.999771774 171.305419922
0.999457121 0.017533522 -0.027894208 69.765960693 -0.017706634 0.999825418 -0.005971151 -4.256417274 0.027784644 0.006461822 0.999593019 172.140457153
0.999177277 0.021401532 -0.034449153 69.735809326 -0.021358402 0.999770582 0.001619551 -4.263131618 0.034475908 -0.000882440 0.999405146 172.978073120
0.998714089 0.031954147 -0.039358146 69.688804626 -0.031384062 0.999394536 0.015018364 -4.267547607 0.039814215 -0.013763835 0.999112308 173.820098877
0.998361111 0.036717009 -0.043896899 69.637237549 -0.035737921 0.999099135 0.022885052 -4.271245956 0.044697624 -0.021278763 0.998773932 174.668258667
0.998204887 0.036104817 -0.047785688 69.593353271 -0.035187595 0.999182582 0.019898813 -4.267241478 0.048465069 -0.018181629 0.998659372 175.504180908
0.998033285 0.037458543 -0.050263017 69.543731689 -0.037054714 0.999273241 0.008942551 -4.261643410 0.050561462 -0.007062482 0.998695970 176.333618164
0.997420967 0.048200272 -0.053179879 69.476287842 -0.048275929 0.998834014 -0.000138247 -4.262596130 0.053111210 0.002705199 0.998584926 177.167587280
0.997383118 0.046818312 -0.055090103 69.419105530 -0.047085349 0.998884559 -0.003558666 -4.267861366 0.054862041 0.006143290 0.998475075 178.013153076
0.997473717 0.041481432 -0.057667151 69.377937317 -0.041479379 0.999138594 0.001233119 -4.273526669 0.057668626 0.001161994 0.998335123 178.874435425
0.997501612 0.041864071 -0.056902722 69.318527222 -0.041366145 0.999095023 0.009900913 -4.277050495 0.057265714 -0.007522330 0.998330653 179.738937378
0.997408032 0.043784596 -0.057097457 69.269996643 -0.042970959 0.998957634 0.015401299 -4.279804707 0.057712279 -0.012907847 0.998249829 180.581619263
0.997322440 0.043487363 -0.058794592 69.219009399 -0.042697020 0.998980880 0.014633170 -4.281570911 0.059371032 -0.012083636 0.998162866 181.434555054
0.997340500 0.039827172 -0.061039083 69.164848328 -0.039559878 0.999201596 0.005581816 -4.283143997 0.061212659 -0.003152273 0.998119771 182.288909912
0.997542679 0.029031223 -0.063763194 69.123916626 -0.029476101 0.999547184 -0.006047224 -4.289362431 0.063558757 0.007911853 0.997946739 183.131027222
0.997658968 0.018537318 -0.065825596 69.078315735 -0.019239457 0.999764383 -0.010048775 -4.298361301 0.065623812 0.011291699 0.997780561 183.987472534
0.997544944 0.021484721 -0.066651963 69.013481140 -0.021914478 0.999743462 -0.005723249 -4.307958126 0.066511907 0.007169841 0.997759879 184.836914062
0.997311592 0.027492447 -0.067924559 68.948112488 -0.027182838 0.999615490 0.005478373 -4.323391438 0.068049058 -0.003617263 0.997675419 185.698135376
0.997210801 0.028640606 -0.068922959 68.887886047 -0.028071703 0.999563515 0.009208806 -4.338212013 0.069156624 -0.007248336 0.997579455 186.541198730
0.997157693 0.027413201 -0.070178464 68.829269409 -0.027094640 0.999617815 0.005487363 -4.344070435 0.070302069 -0.003570306 0.997519374 187.387191772
0.997178853 0.027539918 -0.069827572 68.763198853 -0.027674232 0.999616563 -0.000956661 -4.346898079 0.069774449 0.002886387 0.997558594 188.227035522
0.996948063 0.034003820 -0.070272975 68.689239502 -0.034157004 0.999415994 -0.000978990 -4.357096672 0.070198640 0.003376317 0.997527301 189.065551758
0.996841073 0.036697775 -0.070435263 68.625648499 -0.036653448 0.999326169 0.001922091 -4.365453243 0.070458345 0.000665676 0.997514486 189.900985718
0.996638536 0.040611438 -0.071149968 68.556488037 -0.040343765 0.999172330 0.005195698 -4.375540733 0.071302086 -0.002307775 0.997452080 190.738830566
0.996496022 0.044382263 -0.070893437 68.487091064 -0.043928675 0.999003053 0.007945273 -4.379811764 0.071175396 -0.004803179 0.997452259 191.568008423
0.996318996 0.047619849 -0.071279548 68.406494141 -0.047195211 0.998856544 0.007630682 -4.385884762 0.071561418 -0.004238541 0.997427166 192.379028320
0.996387005 0.044978578 -0.072040536 68.356819153 -0.044807717 0.998987675 0.003986879 -4.399864674 0.072146930 -0.000744503 0.997393727 193.203552246
0.996208251 0.047164470 -0.073107146 68.290351868 -0.047384519 0.998875916 -0.001277539 -4.407568455 0.072964713 0.004736841 0.997323275 194.005432129
0.996048033 0.048359718 -0.074496202 68.224502563 -0.048581172 0.998818576 -0.001162406 -4.409826756 0.074351974 0.004776924 0.997220635 194.816146851
0.995926857 0.048405465 -0.076069586 68.155105591 -0.047875583 0.998814762 0.008775031 -4.419137955 0.076404184 -0.005097414 0.997063875 195.621170044
0.995919764 0.046888810 -0.077105917 68.091400146 -0.045656983 0.998800993 0.017662710 -4.423667908 0.077841647 -0.014070218 0.996866465 196.417678833
0.996123791 0.041161764 -0.077737488 68.032531738 -0.039747175 0.999016404 0.019658104 -4.432629585 0.078470185 -0.016492059 0.996780038 197.192398071
0.996121645 0.039143533 -0.078800358 67.971328735 -0.038242914 0.999185145 0.012906569 -4.432873249 0.079241358 -0.009842957 0.996806860 197.957107544
0.996083856 0.040450718 -0.078617088 67.914459229 -0.039986908 0.999172330 0.007465596 -4.426297665 0.078854002 -0.004292706 0.996876955 198.689559937
0.996169806 0.039805830 -0.077853777 67.854270935 -0.039807811 0.999206185 0.001527098 -4.435516357 0.077852763 0.001577940 0.996963620 199.401184082
0.996324718 0.036443178 -0.077517614 67.796653748 -0.036678739 0.999325812 -0.001616738 -4.450388908 0.077406429 0.004454044 0.996989667 200.096511841
0.996605277 0.033407737 -0.075245000 67.757614136 -0.033982053 0.999402165 -0.006364935 -4.468528271 0.074987374 0.008900308 0.997144759 200.770126343
0.996981502 0.031522792 -0.070951819 67.715194702 -0.032160606 0.999451756 -0.007864791 -4.475443363 0.070665002 0.010122905 0.997448742 201.444595337
0.997318864 0.032435969 -0.065596856 67.663719177 -0.032711867 0.999459922 -0.003136001 -4.480787277 0.065459706 0.005273388 0.997841299 202.120910645
0.997578561 0.037101377 -0.058826234 67.616462708 -0.036798961 0.999303341 0.006216211 -4.496078968 0.059015881 -0.004036414 0.998248875 202.802993774
0.997615218 0.044551920 -0.052716326 67.569374084 -0.044064377 0.998974800 0.010375394 -4.511056900 0.053124525 -0.008027740 0.998555601 203.467163086
0.997893512 0.044491202 -0.047213286 67.541893005 -0.044134676 0.998988867 0.008567651 -4.514091492 0.047546729 -0.006465861 0.998848081 204.127410889
0.998276114 0.042289108 -0.040699150 67.520149231 -0.042309821 0.999104500 0.000352693 -4.520240307 0.040677618 0.001369888 0.999171376 204.779678345
0.998515546 0.042978838 -0.033458740 67.498779297 -0.043297961 0.999022782 -0.008872123 -4.527327061 0.033044733 0.010307647 0.999400735 205.427719116
0.998601198 0.045924399 -0.026203763 67.475097656 -0.046307933 0.998825967 -0.014222043 -4.539665222 0.025519859 0.015415590 0.999555469 206.065490723
0.998795748 0.045131397 -0.019239629 67.466323853 -0.045389447 0.998882234 -0.013193483 -4.550335407 0.018622683 0.014050871 0.999727845 206.718048096
0.999046326 0.041710552 -0.012910031 67.466468811 -0.041811541 0.999096215 -0.007653686 -4.569005013 0.012579123 0.008186175 0.999887347 207.362609863
0.999389827 0.034283470 -0.006681369 67.476333618 -0.034296922 0.999409854 -0.001908801 -4.585978985 0.006611986 0.002136786 0.999975860 208.010604858
0.999586940 0.028714251 -0.001187349 67.485092163 -0.028714854 0.999587536 -0.000494454 -4.602297783 0.001172662 0.000528345 0.999999166 208.647109985
0.999544680 0.030019315 0.003035976 67.475013733 -0.030019714 0.999549329 0.000086241 -4.607089043 -0.003032019 -0.000177341 0.999995410 209.291198730
0.999421954 0.033812337 0.003528973 67.478919983 -0.033819258 0.999426126 0.001921221 -4.615106106 -0.003461987 -0.002039458 0.999991953 209.954589844
0.999423206 0.033769965 0.003577396 67.483329773 -0.033783149 0.999422371 0.003691509 -4.617794514 -0.003450667 -0.003810236 0.999986768 210.580123901
0.999436200 0.033460557 0.002762257 67.483436584 -0.033478126 0.999417782 0.006579651 -4.624399185 -0.002540490 -0.006668417 0.999974549 211.229965210
0.999384522 0.034966193 0.002810565 67.482315063 -0.034988463 0.999353170 0.008308541 -4.628174782 -0.002518229 -0.008401765 0.999961555 211.883819580
0.999041855 0.043693181 0.002512909 67.465644836 -0.043701917 0.999038339 0.003533526 -4.635565281 -0.002356102 -0.003639959 0.999990582 212.536193848
0.998827040 0.048393391 0.001610369 67.449913025 -0.048384413 0.998815179 -0.005211881 -4.643161774 -0.001860681 0.005127851 0.999985099 213.183578491
0.998932123 0.046198048 -0.000621188 67.447174072 -0.046202220 0.998836875 -0.013795011 -4.651259422 -0.000016837 0.013808979 0.999904633 213.825988770
0.999174118 0.040385082 -0.004485678 67.447654724 -0.040459555 0.999019384 -0.017981885 -4.660037041 0.003755079 0.018148523 0.999828279 214.482589722
0.999070108 0.042307988 -0.008305445 67.437957764 -0.042409681 0.999022424 -0.012475624 -4.663477898 0.007769507 0.012816254 0.999887705 215.145416260
0.998708069 0.049560521 -0.011224921 67.404609680 -0.049563933 0.998770952 -0.000025772 -4.671555042 0.011209847 0.000582090 0.999936998 215.825973511
0.998884857 0.044623468 -0.015420925 67.398712158 -0.044402853 0.998910427 0.014364416 -4.680230141 0.016045112 -0.013663664 0.999777913 216.508728027
0.999091268 0.037961017 -0.019381862 67.396179199 -0.037486386 0.999001861 0.024291294 -4.687862873 0.020284638 -0.023542663 0.999517024 217.203598022
0.999095142 0.036343683 -0.022091988 67.379653931 -0.035845075 0.999102652 0.022561595 -4.684819698 0.022892134 -0.021749290 0.999501348 217.884963989
0.998855054 0.041002452 -0.024644300 67.342964172 -0.040612452 0.999044895 0.016122850 -4.677858353 0.025281839 -0.015103524 0.999566257 218.570358276
0.998803556 0.039587628 -0.028710688 67.319198608 -0.039390814 0.999196589 0.007388831 -4.673016548 0.028980127 -0.006249052 0.999560475 219.251937866
0.999023795 0.031018650 -0.031452525 67.310150146 -0.030955132 0.999517620 0.002504525 -4.663481236 0.031515040 -0.001528463 0.999502122 219.946090698
0.999214232 0.023232430 -0.032111108 67.294311523 -0.022988565 0.999704182 0.007942924 -4.668791294 0.032286141 -0.007198495 0.999452770 220.654510498
0.999297500 0.016155921 -0.033816274 67.279647827 -0.015769184 0.999807537 0.011672032 -4.667883873 0.033998337 -0.011130578 0.999359906 221.362365723
0.999283850 0.013264212 -0.035437383 67.256935120 -0.012754087 0.999812305 0.014582586 -4.674492359 0.035624158 -0.014120173 0.999265492 222.065185547
0.999290466 0.010702223 -0.036110744 67.243469238 -0.010275184 0.999875307 0.011990734 -4.685488701 0.036234569 -0.011611182 0.999275863 222.733764648
0.999292314 0.004573612 -0.037336282 67.225929260 -0.004314006 0.999965966 0.007030779 -4.683032513 0.037367165 -0.006864734 0.999278009 223.428619385
0.999261558 -0.003488771 -0.038265083 67.207527161 0.003710209 0.999976754 0.005717461 -4.681231022 0.038244247 -0.005855210 0.999251246 224.130432129
0.999229848 -0.004904072 -0.038931608 67.178100586 0.005259224 0.999945462 0.009025279 -4.686247826 0.038885225 -0.009223077 0.999201119 224.825988770
0.999198198 -0.005855373 -0.039606132 67.145851135 0.006378402 0.999893963 0.013092314 -4.684707642 0.039525270 -0.013334441 0.999129593 225.530639648
0.999139071 -0.007839352 -0.040738411 67.130760193 0.008516692 0.999827921 0.016479699 -4.691286564 0.040602211 -0.016812468 0.999033928 226.216262817
0.999109864 -0.009429112 -0.041116100 67.098701477 0.010018122 0.999849796 0.014143108 -4.693572044 0.040976565 -0.014542426 0.999054253 226.910171509
0.999092221 -0.012213412 -0.040810626 67.074180603 0.012505813 0.999897897 0.006917217 -4.699627399 0.040721975 -0.007421308 0.999142945 227.583496094
0.999062240 -0.013923581 -0.040997460 67.047065735 0.013825475 0.999900818 -0.002675530 -4.703110218 0.041030645 0.002106211 0.999155641 228.249023438
0.999073923 -0.012519797 -0.041165572 67.022460938 0.012200537 0.999893606 -0.007997633 -4.706801414 0.041261323 0.007487984 0.999120355 228.936584473
0.999125242 -0.008985039 -0.040842000 66.985176086 0.008707904 0.999937892 -0.006958365 -4.713062763 0.040901985 0.006596630 0.999141395 229.599395752
0.999102712 -0.011028077 -0.040892228 66.960281372 0.011020889 0.999939203 -0.000401218 -4.726985931 0.040894166 -0.000049811 0.999163508 230.267715454
0.999054432 -0.012941533 -0.041506283 66.936393738 0.013258939 0.999884844 0.007381030 -4.735227108 0.041405983 -0.007924380 0.999110997 230.921936035
0.999031186 -0.012914824 -0.042069558 66.913383484 0.013437591 0.999835670 0.012167262 -4.744599342 0.041905507 -0.012720788 0.999040604 231.553192139
0.999025106 -0.011846023 -0.042526808 66.882133484 0.012511608 0.999802828 0.015419050 -4.750344276 0.042335767 -0.015936097 0.998976350 232.161071777
0.998870194 -0.014039297 -0.045400463 66.857841492 0.014877694 0.999723971 0.018181814 -4.748868942 0.045132671 -0.018836727 0.998803377 232.762145996
0.998533309 -0.020308955 -0.050187986 66.829925537 0.021228565 0.999615133 0.017858652 -4.755818844 0.049805980 -0.018897878 0.998580098 233.338043213
0.997999907 -0.024694093 -0.058192518 66.793479919 0.025636071 0.999551237 0.015496622 -4.753976822 0.057783727 -0.016957454 0.998185098 233.892593384
0.997258067 -0.027198736 -0.068822421 66.757690430 0.028070716 0.999537051 0.011734639 -4.765215874 0.068471394 -0.013634358 0.997559905 234.415023804
0.996134043 -0.028675366 -0.083034627 66.694427490 0.029461907 0.999531746 0.008262430 -4.766334057 0.082758822 -0.010676846 0.996512413 234.952392578
0.994317710 -0.029916815 -0.102162935 66.645637512 0.030637396 0.999515474 0.005491086 -4.766811371 0.101949163 -0.008589890 0.994752526 235.446228027
0.991703451 -0.033463873 -0.124114573 66.569923401 0.034479462 0.999387145 0.006043095 -4.766441345 0.123836279 -0.010272361 0.992249489 235.954040527
0.988373995 -0.031025715 -0.148843050 66.476585388 0.032602727 0.999435008 0.008166336 -4.770884991 0.148505598 -0.012924084 0.988827109 236.454360962
0.983744621 -0.031105153 -0.176858529 66.368522644 0.033607181 0.999372721 0.011168502 -4.781977654 0.176400185 -0.016930670 0.984172940 236.930969238
0.977486253 -0.032527894 -0.208476812 66.243301392 0.035469815 0.999316752 0.010387656 -4.789113998 0.207996488 -0.017548425 0.977972150 237.400161743
0.969200432 -0.030714752 -0.244350478 66.118652344 0.033408765 0.999418020 0.006887286 -4.796153545 0.243996739 -0.014838608 0.969662547 237.833129883
0.958540320 -0.026616469 -0.283711106 65.950859070 0.028495301 0.999590814 0.002496615 -4.801929951 0.283528537 -0.010477538 0.958906531 238.269744873
0.945128858 -0.022601947 -0.325915009 65.757469177 0.023554599 0.999722004 -0.001023377 -4.807146549 0.325847536 -0.006709573 0.945398510 238.690017700
0.928605318 -0.016656743 -0.370694965 65.585029602 0.017056804 0.999852121 -0.002199226 -4.812480450 0.370676786 -0.004280658 0.928752065 239.066955566
0.908616781 -0.007812818 -0.417557836 65.373641968 0.006857939 0.999969304 -0.003787115 -4.809468746 0.417574614 0.000577450 0.908642471 239.455657959
0.885628760 0.004831210 -0.464368731 65.120285034 -0.007546894 0.999963582 -0.003989744 -4.816974640 0.464332551 0.007037973 0.885632992 239.806945801
0.858400643 0.016574381 -0.512712002 64.858581543 -0.020549018 0.999786675 -0.002083910 -4.821298599 0.512568057 0.012324558 0.858558118 240.155014038
0.827130973 0.025538258 -0.561428726 64.581497192 -0.030312955 0.999540150 0.000808171 -4.822885513 0.561191201 0.016350098 0.827524722 240.480484009
0.792331219 0.032205254 -0.609240651 64.285163879 -0.036872674 0.999308109 0.004870982 -4.818449020 0.608975947 0.018604901 0.792970479 240.791168213
0.754983187 0.040096253 -0.654517114 63.973594666 -0.041048706 0.999061108 0.013853760 -4.814099312 0.654458046 0.016407723 0.755920291 241.084533691
0.715701759 0.051922314 -0.696473300 63.641071320 -0.045483496 0.998580813 0.027705312 -4.806031227 0.696923435 0.011849298 0.717047691 241.364593506
0.674078047 0.063837796 -0.735896409 63.301063538 -0.050197877 0.997914314 0.040586367 -4.796477318 0.736952484 0.009582056 0.675876617 241.631652832
0.631636143 0.071791418 -0.771933854 62.941368103 -0.053566448 0.997364938 0.048926137 -4.773623943 0.773412228 0.010446237 0.633817315 241.869369507
0.587000906 0.075548075 -0.806053638 62.577522278 -0.053043079 0.997086108 0.054824639 -4.756661415 0.807846785 0.010573450 0.589297771 242.084793091
0.540731072 0.078271963 -0.837546110 62.214553833 -0.052178927 0.996865213 0.059473544 -4.739453793 0.839575648 0.011543058 0.543120146 242.260070801
0.493156254 0.075675830 -0.866643012 61.836921692 -0.045128461 0.997093320 0.061386846 -4.720024109 0.868769467 0.008836947 0.495137990 242.412933350
0.443467021 0.069320127 -0.893606067 61.462783813 -0.037303403 0.997568309 0.058872402 -4.688248158 0.895514131 0.007226579 0.444974482 242.548919678
0.390079975 0.062626146 -0.918648779 61.085327148 -0.028331472 0.998028278 0.056007396 -4.670472622 0.920345008 0.004179305 0.391085148 242.682815552
0.337468982 0.057285205 -0.939592063 60.667953491 -0.023619236 0.998347640 0.052384213 -4.644598484 0.941040337 0.004514395 0.338264346 242.783981323
0.283433497 0.055017382 -0.957412422 60.272521973 -0.021224996 0.998468339 0.051093172 -4.626857758 0.958756983 0.005839557 0.284167111 242.894485474
0.234075308 0.055622943 -0.970626116 59.826980591 -0.021437274 0.998414576 0.052045610 -4.603975296 0.971982181 0.008624977 0.234896600 242.961013794
0.187005758 0.056579489 -0.980728209 59.367431641 -0.019358721 0.998358369 0.053905271 -4.579802036 0.982168138 0.008905037 0.187794089 243.022888184
0.143782258 0.055851821 -0.988032103 58.885559082 -0.017529417 0.998393178 0.053886570 -4.554361343 0.989454210 0.009571685 0.144530296 243.061706543
0.103801668 0.054576453 -0.993099511 58.403167725 -0.015454723 0.998461306 0.053255741 -4.532365799 0.994477987 0.009820042 0.104485393 243.082214355
0.068278849 0.053029895 -0.996256053 57.907135010 -0.014140815 0.998537481 0.052182194 -4.507261753 0.997566223 0.010524925 0.068928838 243.093139648
0.039063036 0.050388999 -0.997965634 57.406188965 -0.014966094 0.998645186 0.049837504 -4.482005119 0.999124825 0.012988830 0.039764225 243.085266113
0.013581812 0.048465353 -0.998732567 56.887832642 -0.014382164 0.998730779 0.048269682 -4.461312294 0.999804378 0.013708345 0.014261603 243.076339722
-0.007743001 0.047418199 -0.998845279 56.399856567 -0.015962144 0.998741925 0.047537036 -4.444107533 0.999842763 0.016311778 -0.006976366 243.032958984
-0.026475787 0.045440778 -0.998616159 55.864288330 -0.018350707 0.998775899 0.045934569 -4.420533657 0.999481022 0.019541463 -0.025609493 243.002182007
-0.040898204 0.044618487 -0.998166680 55.315338135 -0.020751270 0.998749018 0.045494769 -4.401080132 0.998947918 0.022573872 -0.039921165 242.955337524
-0.051080704 0.042883102 -0.997773588 54.749664307 -0.022547802 0.998773515 0.044080406 -4.380704880 0.998440146 0.024749249 -0.050051093 242.914749146
-0.057486296 0.040792838 -0.997512579 54.168792725 -0.023177853 0.998841047 0.042182896 -4.353847980 0.998077273 0.025545139 -0.056474209 242.874023438
-0.061156988 0.040523298 -0.997305274 53.559188843 -0.022934685 0.998854637 0.041992661 -4.327812195 0.997864664 0.025441024 -0.060157537 242.837585449
-0.063217998 0.040800113 -0.997165382 52.944473267 -0.022170985 0.998860002 0.042275041 -4.301749229 0.997753441 0.024780685 -0.062241316 242.797286987
-0.064298749 0.041062713 -0.997085512 52.310119629 -0.021894654 0.998854518 0.042547479 -4.275318623 0.997690499 0.024566593 -0.063326120 242.751770020
-0.064028144 0.041827034 -0.997071326 51.648910522 -0.021974185 0.998819947 0.043311492 -4.253624439 0.997706294 0.024682971 -0.063033462 242.701278687
-0.063516259 0.042468749 -0.997076869 50.981948853 -0.021164402 0.998812139 0.043890882 -4.233392715 0.997756481 0.023890313 -0.062541962 242.665283203
-0.062382340 0.039808583 -0.997258127 50.271194458 -0.019721305 0.998959959 0.041110162 -4.196085930 0.997857451 0.022231784 -0.061532378 242.611022949
-0.061661839 0.037380140 -0.997396946 49.557632446 -0.017390192 0.999106526 0.038519323 -4.170783997 0.997945666 0.019720094 -0.060956717 242.572418213
-0.059910059 0.035981316 -0.997555196 48.813873291 -0.016387375 0.999180019 0.037024099 -4.135871410 0.998069346 0.018565420 -0.059271216 242.520538330
-0.058903337 0.034959398 -0.997651517 48.050109863 -0.017404178 0.999198735 0.036041196 -4.106869698 0.998112142 0.019486243 -0.058247685 242.470153809
-0.057611704 0.034941938 -0.997727513 47.264984131 -0.017519683 0.999198020 0.036005076 -4.083610058 0.998185456 0.019554175 -0.056953311 242.428375244
-0.056316614 0.035697438 -0.997774720 46.459060669 -0.015641255 0.999206424 0.036631491 -4.054491520 0.998290598 0.017669402 -0.055713534 242.381713867
-0.054706812 0.036302224 -0.997842371 45.629043579 -0.013143271 0.999226093 0.037073147 -4.029119015 0.998416007 0.015143062 -0.054187298 242.334320068
-0.052953362 0.036185399 -0.997941256 44.787994385 -0.010123317 0.999272466 0.036770839 -3.999096394 0.998545766 0.012049607 -0.052548528 242.294616699
-0.051641703 0.036414556 -0.998001516 43.945190430 -0.008965290 0.999277830 0.036925033 -3.972554207 0.998625398 0.010854245 -0.051277876 242.246673584
-0.050470948 0.039050184 -0.997961938 43.047348022 -0.008128738 0.999186158 0.039509196 -3.941986084 0.998692572 0.010106233 -0.050112486 242.207260132
-0.049812198 0.043490514 -0.997811317 42.162109375 -0.006586600 0.999015450 0.043871813 -3.908038855 0.998736978 0.008757533 -0.049476624 242.166259766
-0.048577428 0.048049159 -0.997663081 41.273086548 -0.005345082 0.998815417 0.048364919 -3.877081394 0.998805165 0.007682030 -0.048263073 242.111328125
-0.048472881 0.048820607 -0.997630715 40.376312256 -0.004584095 0.998783350 0.049099747 -3.841843605 0.998814046 0.006953236 -0.048190117 242.080078125
-0.049149632 0.046070218 -0.997728467 39.482269287 -0.005073114 0.998911202 0.046374746 -3.819659233 0.998778701 0.007340889 -0.048862457 242.028320312
-0.050460339 0.041578729 -0.997860312 38.610168457 -0.003693495 0.999118447 0.041817930 -3.789008617 0.998719335 0.005795736 -0.050262332 241.980895996
-0.052375555 0.040678661 -0.997798622 37.719726562 -0.001345931 0.999166191 0.040805064 -3.759496450 0.998626590 0.003480154 -0.052277088 241.933380127
-0.055047035 0.045822687 -0.997431815 36.819107056 0.000840355 0.998948157 0.045845974 -3.729121685 0.998483479 0.001685482 -0.055027604 241.886352539
-0.057857633 0.052089710 -0.996964991 35.924682617 0.002917490 0.998642385 0.052008040 -3.700884342 0.998320580 0.000100427 -0.057931066 241.831207275
-0.060988307 0.056321524 -0.996548176 35.042831421 0.004885955 0.998411655 0.056127820 -3.666242123 0.998126507 -0.001445945 -0.061166644 241.776931763
-0.063643694 0.055956233 -0.996402860 34.159088135 0.007122231 0.998426914 0.055614982 -3.626574516 0.997947395 -0.003557073 -0.063942194 241.715545654
-0.066621780 0.054348849 -0.996297061 33.281326294 0.006890154 0.998516679 0.054009195 -3.590284824 0.997754514 -0.003266449 -0.066897511 241.653305054
-0.069160938 0.051431481 -0.996278882 32.396240234 0.005874465 0.998673856 0.051147319 -3.557165623 0.997588217 -0.002315214 -0.069371343 241.591873169
-0.071554899 0.049678676 -0.996198893 31.518402100 0.004489909 0.998764813 0.049484141 -3.520270824 0.997426748 -0.000932019 -0.071689606 241.526306152
-0.073183298 0.048998483 -0.996114314 30.657897949 0.004358018 0.998798549 0.048810348 -3.490395546 0.997309148 -0.000768986 -0.073308945 241.452301025
-0.074977756 0.047936518 -0.996032476 29.775695801 0.000888692 0.998846710 0.048005067 -3.465636730 0.997184932 0.002714143 -0.074933887 241.379180908
-0.075908065 0.044170760 -0.996136069 28.902465820 -0.003598674 0.998999715 0.044571966 -3.435935974 0.997108400 0.006968135 -0.075673103 241.307968140
-0.076397896 0.040961932 -0.996235788 28.045288086 -0.005993545 0.999118865 0.041540105 -3.407974958 0.997059524 0.009144556 -0.076085091 241.231109619
-0.075557709 0.039859161 -0.996344626 27.187683105 -0.007489870 0.999149859 0.040539384 -3.380097628 0.997113466 0.010525545 -0.075194955 241.162322998
-0.074060440 0.040073536 -0.996448338 26.327728271 -0.008123412 0.999134898 0.040785350 -3.357280254 0.997220755 0.011115136 -0.073670745 241.097930908
-0.072081089 0.039970912 -0.996597588 25.482742310 -0.006617262 0.999155521 0.040552109 -3.336230040 0.997376919 0.009517784 -0.071755648 241.028778076
-0.069797158 0.041034847 -0.996716976 24.628448486 -0.005880799 0.999119282 0.041545570 -3.311271667 0.997543991 0.008761248 -0.069494367 240.966064453
-0.068007708 0.042321466 -0.996786833 23.788131714 -0.003641604 0.999082685 0.042667400 -3.288708210 0.997678220 0.006531608 -0.067791104 240.910095215
-0.066169262 0.044345528 -0.996822596 22.942474365 0.001348416 0.999014974 0.044353556 -3.263406754 0.997807562 0.001590705 -0.066163898 240.859680176
-0.064165592 0.044596933 -0.996942282 22.106811523 0.006495676 0.998998463 0.044270840 -3.236013412 0.997918129 -0.003635149 -0.064391017 240.815429688
-0.062319756 0.042641319 -0.997144938 21.273223877 0.005710806 0.999085784 0.042367402 -3.210190773 0.998039901 -0.003054177 -0.062506318 240.762893677
-0.060777426 0.042039268 -0.997265697 20.440811157 0.005553890 0.999111474 0.041778602 -3.186427593 0.998135924 -0.002999509 -0.060956955 240.710845947
-0.059906006 0.042566925 -0.997296035 19.617614746 0.008966484 0.999072969 0.042104166 -3.160024643 0.998163760 -0.006419946 -0.060232162 240.664901733
-0.059741139 0.046256058 -0.997141719 18.787231445 0.011571199 0.998890758 0.045643941 -3.131757259 0.998146951 -0.008811311 -0.060210109 240.613861084
-0.060399532 0.050523229 -0.996894896 17.961822510 0.009242982 0.998703718 0.050054893 -3.111268520 0.998131514 -0.006190990 -0.060788155 240.554092407
-0.061908603 0.052282680 -0.996711493 17.149047852 0.007790531 0.998621941 0.051899001 -3.072999001 0.998051405 -0.004551917 -0.062230706 240.499176025
-0.064617753 0.050606877 -0.996626079 16.335693359 0.006927418 0.998711944 0.050263643 -3.045582294 0.997886062 -0.003656121 -0.064885139 240.446472168
-0.067072868 0.047671936 -0.996608615 15.522033691 0.005887428 0.998859406 0.047383372 -3.016758919 0.997730792 -0.002689326 -0.067276955 240.381668091
-0.070657492 0.044469956 -0.996508956 14.730789185 0.005253590 0.999008477 0.044208996 -2.993094444 0.997486889 -0.002111556 -0.070821047 240.310455322
-0.075117350 0.042752825 -0.996257961 13.923950195 0.004544740 0.999084771 0.042531468 -2.964833260 0.997164547 -0.001332891 -0.075242877 240.245803833
-0.079975128 0.041896880 -0.995916128 13.126373291 0.003052223 0.999121904 0.041786645 -2.941933155 0.996792316 0.000302129 -0.080032825 240.172134399
-0.084720135 0.042392366 -0.995502710 12.330169678 0.001014466 0.999097705 0.042459127 -2.921500206 0.996404409 0.002587229 -0.084686637 240.095336914
-0.089183450 0.043712221 -0.995055556 11.544128418 -0.001609743 0.999028862 0.044031043 -2.898653030 0.996013939 0.005528621 -0.089026451 240.016357422
-0.093536258 0.046278983 -0.994539738 10.755859375 -0.003982960 0.998893678 0.046856184 -2.872815609 0.995607913 0.008343965 -0.093248487 239.932098389
-0.097663045 0.047561020 -0.994082510 9.972290039 -0.008746250 0.998777866 0.048644938 -2.850982904 0.995181203 0.013445305 -0.097127795 239.841445923
-0.101069331 0.047083039 -0.993764639 9.185241699 -0.012108311 0.998747349 0.048550569 -2.823728800 0.994805694 0.016939787 -0.100372672 239.757659912
-0.103145242 0.045497965 -0.993625283 8.417388916 -0.016447937 0.998738706 0.047439519 -2.798265696 0.994530380 0.021236239 -0.102266788 239.665527344
-0.104473948 0.044369508 -0.993537426 7.661865234 -0.021752974 0.998663366 0.046885829 -2.770220757 0.994289756 0.026510742 -0.103369117 239.573181152
-0.105552793 0.044523574 -0.993416429 6.900634766 -0.024947681 0.998564184 0.047405034 -2.747217655 0.994100690 0.029787168 -0.104290485 239.481872559
-0.106112957 0.045164194 -0.993327916 6.160522461 -0.027199514 0.998462319 0.048303254 -2.725962877 0.993982017 0.032143638 -0.104721427 239.396316528
-0.106104732 0.044593498 -0.993354619 5.436035156 -0.030203864 0.998388350 0.048045687 -2.700371981 0.993896246 0.035101011 -0.104586840 239.309753418
-0.105819106 0.044656049 -0.993382156 4.721923828 -0.033341672 0.998270035 0.048427466 -2.678978205 0.993826270 0.038245577 -0.104147077 239.222183228
-0.105133057 0.044502128 -0.993461907 4.028259277 -0.035807017 0.998180985 0.048502795 -2.653549671 0.993813336 0.040672153 -0.103348374 239.140197754
-0.104094863 0.045352802 -0.993532956 3.345214844 -0.036790192 0.998100460 0.049415898 -2.633463383 0.993886828 0.041696195 -0.102228642 239.064773560
-0.101338148 0.046551634 -0.993762314 2.673339844 -0.037980955 0.997995377 0.050623007 -2.611694098 0.994126737 0.042874083 -0.099366903 238.990768433
-0.098597050 0.046695307 -0.994031310 2.004211426 -0.038665101 0.997964442 0.050715230 -2.588624239 0.994376004 0.043434694 -0.096590877 238.932525635
-0.095935822 0.045873657 -0.994329989 1.374420166 -0.040422536 0.997933865 0.049940009 -2.571981668 0.994566500 0.044984367 -0.093883276 238.863555908
-0.092734456 0.044465218 -0.994697571 0.741821289 -0.040063336 0.998026729 0.048349090 -2.549673557 0.994884551 0.044334523 -0.090770006 238.805221558
-0.089877605 0.043796077 -0.994989455 0.131591797 -0.038099125 0.998150229 0.047376707 -2.530379772 0.995223880 0.042166330 -0.088042855 238.751831055
-0.086877942 0.043355227 -0.995275080 -0.464721680 -0.036196385 0.998255551 0.046644650 -2.511462688 0.995561123 0.040077753 -0.085157037 238.703689575
-0.083726764 0.043918133 -0.995520532 -1.047546387 -0.036648933 0.998216748 0.047119383 -2.491716623 0.995814621 0.040429916 -0.081967831 238.655303955
-0.079990625 0.045106146 -0.995774567 -1.617874146 -0.037145387 0.998146892 0.048197497 -2.474975586 0.996103287 0.040843774 -0.078166842 238.608566284
-0.076193929 0.045131367 -0.996071100 -2.175674438 -0.038383391 0.998101890 0.048159499 -2.459337711 0.996353924 0.041902047 -0.074316978 238.571289062
-0.071483612 0.044791095 -0.996435702 -2.705169678 -0.037884541 0.998148441 0.047585905 -2.443517208 0.996722162 0.041151114 -0.069654465 238.532150269
-0.067009568 0.045329705 -0.996722281 -3.216369629 -0.037084252 0.998164058 0.047888447 -2.427756310 0.997063100 0.040171672 -0.065205574 238.503509521
-0.062837839 0.045892090 -0.996968210 -3.714538574 -0.036625117 0.998163342 0.048255548 -2.410669327 0.997351646 0.039546341 -0.061041713 238.478302002
-0.058435917 0.046732139 -0.997196853 -4.194778442 -0.034358907 0.998217762 0.048793416 -2.396050692 0.997699857 0.037113871 -0.056726098 238.450561523
-0.053909659 0.047912341 -0.997395754 -4.656082153 -0.034485675 0.998162985 0.049813166 -2.380925655 0.997950256 0.037081271 -0.052158356 238.426086426
-0.049003124 0.049707685 -0.997560978 -5.103897095 -0.035075977 0.998059094 0.051455539 -2.370557547 0.998182535 0.037511904 -0.047164440 238.409271240
-0.044128299 0.050781045 -0.997734547 -5.530273438 -0.035181012 0.998008847 0.052351009 -2.355295658 0.998406351 0.037411463 -0.042253971 238.389877319
-0.038691521 0.051584493 -0.997918844 -5.962020874 -0.034513675 0.998001754 0.052926950 -2.343640089 0.998654962 0.036489666 -0.036833763 238.375808716
-0.032612681 0.052037846 -0.998112619 -6.359558105 -0.033732809 0.998017430 0.053135086 -2.323590040 0.998898804 0.035402011 -0.030792713 238.368637085
-0.026545405 0.051660493 -0.998311937 -6.741348267 -0.032106098 0.998104513 0.052503470 -2.314414978 0.999132037 0.033445615 -0.024836540 238.365005493
-0.020479321 0.050526556 -0.998512745 -7.100265503 -0.030279854 0.998232663 0.051133420 -2.303324938 0.999331653 0.031281997 -0.018913269 238.361862183
-0.014474988 0.049749427 -0.998656869 -7.441268921 -0.029388342 0.998308837 0.050158061 -2.291232586 0.999463260 0.030074909 -0.012988448 238.363220215
-0.009238005 0.048945770 -0.998758852 -7.762161255 -0.028392470 0.998385787 0.049190104 -2.281836510 0.999554336 0.028811635 -0.007833362 238.369689941
-0.004002571 0.048862427 -0.998797536 -8.064056396 -0.028794315 0.998385727 0.048957672 -2.273783445 0.999577343 0.028955644 -0.002589107 238.365798950
0.000506222 0.049261283 -0.998785794 -8.337982178 -0.028556557 0.998379290 0.049226757 -2.261178732 0.999592066 0.028496960 0.001912117 238.372222900
0.004351497 0.049139272 -0.998782575 -8.589111328 -0.028450338 0.998393714 0.048996191 -2.252685785 0.999585867 0.028202487 0.005742550 238.381347656
0.008372545 0.047015335 -0.998859107 -8.817474365 -0.026514579 0.998553336 0.046778694 -2.243811131 0.999613404 0.026092671 0.009607017 238.385284424
0.011649072 0.042122673 -0.999044657 -9.012680054 -0.024920614 0.998814225 0.041822378 -2.242854118 0.999621689 0.024409603 0.012685001 238.393173218
0.014352560 0.038392812 -0.999159694 -9.180786133 -0.023382498 0.999002218 0.038050883 -2.239368200 0.999623597 0.022816719 0.015235960 238.399932861
0.016675830 0.038723547 -0.999110878 -9.330123901 -0.023397792 0.998991251 0.038328383 -2.234712601 0.999587238 0.022737823 0.017565072 238.400207520
0.017900109 0.040540341 -0.999017537 -9.448486328 -0.023552151 0.998917460 0.040114280 -2.235302448 0.999562323 0.022810962 0.018835545 238.406326294
0.018767416 0.039655928 -0.999037266 -9.539459229 -0.023592629 0.998952448 0.039209366 -2.232176781 0.999545574 0.022834048 0.019683361 238.413696289
0.019660413 0.037114687 -0.999117613 -9.617752075 -0.023273440 0.999056935 0.036654465 -2.227817535 0.999535799 0.022532262 0.020505667 238.412261963
0.020487130 0.035533175 -0.999158561 -9.680465698 -0.022804193 0.999124825 0.035064392 -2.227788448 0.999530077 0.022066632 0.021279514 238.409957886
0.020423770 0.035042789 -0.999177158 -9.733322144 -0.022681393 0.999144614 0.034578029 -2.228359938 0.999534190 0.021956513 0.021201134 238.414016724
0.020559728 0.035171859 -0.999169767 -9.774520874 -0.022944454 0.999134421 0.034698494 -2.226675510 0.999525309 0.022212015 0.021348894 238.414428711
0.020730197 0.035049900 -0.999170601 -9.800628662 -0.023039395 0.999136627 0.034570701 -2.225679398 0.999519646 0.022303624 0.021519840 238.413024902
0.020755231 0.034788132 -0.999179184 -9.820129395 -0.023256140 0.999140859 0.034303714 -2.223236799 0.999514103 0.022525068 0.021546423 238.413375854
0.020602882 0.034674332 -0.999186218 -9.826995850 -0.023071788 0.999148786 0.034197297 -2.221280098 0.999521434 0.022348450 0.021385372 238.418457031
0.020709336 0.034608904 -0.999186516 -9.820968628 -0.023076694 0.999150991 0.034129385 -2.224322557 0.999519348 0.022351118 0.021490395 238.415084839
0.020912290 0.033407107 -0.999223053 -9.817382812 -0.023541020 0.999180913 0.032913018 -2.225598812 0.999504209 0.022834441 0.021681607 238.410247803
0.020715833 0.031417947 -0.999291658 -9.815338135 -0.023783110 0.999238789 0.030923249 -2.228928804 0.999502540 0.023125662 0.021447241 238.413269043
0.020746350 0.031019727 -0.999303520 -9.817260742 -0.023927713 0.999247670 0.030521234 -2.228043556 0.999498487 0.023277840 0.021472931 238.412994385
0.020760000 0.031455826 -0.999289513 -9.809997559 -0.023560556 0.999242723 0.030964887 -2.225710392 0.999506831 0.022900986 0.021485388 238.411819458
0.020655155 0.031066367 -0.999303997 -9.814819336 -0.023317548 0.999260187 0.030583045 -2.224857092 0.999514818 0.022669615 0.021364272 238.415847778
0.020919919 0.031010974 -0.999300241 -9.819015503 -0.023524052 0.999257386 0.030517180 -2.228895664 0.999504507 0.022869166 0.021633923 238.409484863
0.020667911 0.030553130 -0.999319553 -9.827255249 -0.023476539 0.999272168 0.030066142 -2.225507259 0.999510825 0.022839153 0.021370113 238.414688110
0.020820439 0.029811665 -0.999338806 -9.835510254 -0.023391955 0.999296248 0.029323043 -2.221360445 0.999509692 0.022765962 0.021503091 238.414810181
0.020960629 0.029845400 -0.999334812 -9.844039917 -0.023458745 0.999293804 0.029352140 -2.223542213 0.999505103 0.022827897 0.021645963 238.411041260
0.020893157 0.029972004 -0.999332547 -9.861404419 -0.023381192 0.999291837 0.029481951 -2.224057198 0.999508440 0.022749607 0.021579146 238.413314819
0.021123111 0.029754860 -0.999334097 -9.885314941 -0.023352683 0.999298990 0.029260203 -2.222476006 0.999504209 0.022719059 0.021803141 238.409484863
0.021156132 0.029473100 -0.999341786 -9.910446167 -0.023133546 0.999312162 0.028982490 -2.222049713 0.999508619 0.022505157 0.021823406 238.411956787
0.021197438 0.028734202 -0.999362409 -9.942581177 -0.023106376 0.999333978 0.028243277 -2.222630024 0.999508381 0.022492953 0.021847248 238.417678833
0.021590233 0.026294168 -0.999421179 -9.983779907 -0.023084730 0.999400675 0.025794936 -2.217294455 0.999500453 0.022514442 0.022184312 238.417907715
0.022252738 0.023796216 -0.999469161 -10.040100098 -0.023060150 0.999462903 0.023282642 -2.217453957 0.999486446 0.022529805 0.022789538 238.421249390
0.023832023 0.021691309 -0.999480724 -10.116699219 -0.022857239 0.999515057 0.021147035 -2.217107534 0.999454737 0.022341389 0.024316251 238.420913696
0.025775611 0.020656615 -0.999454319 -10.213439941 -0.022493035 0.999545336 0.020078409 -2.218241215 0.999414682 0.021963228 0.026228487 238.432830811
0.029724240 0.019658182 -0.999364913 -10.334808350 -0.022158109 0.999573886 0.019003242 -2.217799425 0.999312580 0.021579176 0.030147135 238.432449341
0.035550654 0.017492671 -0.999214828 -10.475158691 -0.021755822 0.999623418 0.016725782 -2.209674597 0.999131083 0.021144126 0.035917819 238.436614990
0.043312728 0.016313624 -0.998928428 -10.643066406 -0.021807756 0.999643862 0.015379742 -2.212162733 0.998823583 0.021118246 0.043653071 238.450073242
0.052814484 0.015560097 -0.998483181 -10.821289062 -0.022315810 0.999647319 0.014397851 -2.204627037 0.998355031 0.021521542 0.053143084 238.468002319
0.064533293 0.016105220 -0.997785687 -10.993103027 -0.023694435 0.999612570 0.014602234 -2.211356401 0.997634292 0.022699634 0.064889908 238.494018555
0.078625381 0.015149404 -0.996789157 -11.207015991 -0.025321787 0.999592245 0.013194658 -2.203842163 0.996582627 0.024203047 0.078976929 238.525054932
0.095350146 0.016176341 -0.995312452 -11.427642822 -0.025942121 0.999568760 0.013760281 -2.201332331 0.995105803 0.024508467 0.095728695 238.553222656
0.114677012 0.020812090 -0.993184984 -11.665557861 -0.025136810 0.999521196 0.018042471 -2.198574781 0.993084908 0.022896439 0.115145206 238.599777222
0.137465894 0.025442498 -0.990179718 -11.912612915 -0.025573278 0.999427974 0.022129811 -2.201270103 0.990176380 0.022280045 0.138037920 238.648254395
0.161482871 0.026297648 -0.986525118 -12.161315918 -0.027066881 0.999386847 0.022209963 -2.199467659 0.986504316 0.023115626 0.162095666 238.705108643
0.188073874 0.025372559 -0.981827080 -12.422653198 -0.024932871 0.999467432 0.021052409 -2.197715998 0.981838346 0.020520359 0.188606322 238.782257080
0.218679428 0.025119940 -0.975473523 -12.685729980 -0.023351712 0.999517024 0.020504165 -2.190064430 0.975517452 0.018295132 0.219160378 238.863983154
0.251728654 0.025251899 -0.967468441 -12.941986084 -0.019618666 0.999587297 0.020985592 -2.191213131 0.967599094 0.013697763 0.252120137 238.962951660
0.288175762 0.025942110 -0.957226098 -13.203781128 -0.015395977 0.999629259 0.022456288 -2.191544771 0.957453787 0.008266073 0.288468301 239.074935913
0.327956438 0.029551208 -0.944230616 -13.482238770 -0.013866992 0.999553502 0.026466252 -2.188673735 0.944591165 0.004413855 0.328219831 239.211029053
0.370459855 0.035095137 -0.928185284 -13.763397217 -0.015937926 0.999378979 0.031425823 -2.189174175 0.928711772 0.003151340 0.370789170 239.352432251
0.415412545 0.039602142 -0.908770740 -14.056228638 -0.021615168 0.999199510 0.033662211 -2.181724548 0.909376323 0.005659525 0.415935993 239.509353638
0.462359130 0.042993356 -0.885649860 -14.344985962 -0.026890915 0.999044240 0.034459446 -2.179298401 0.886284947 0.007883291 0.463073373 239.687561035
0.509927094 0.044407897 -0.859070659 -14.627563477 -0.027379086 0.998998463 0.035389505 -2.168767452 0.859781861 0.005474499 0.510632277 239.892486572
0.557029605 0.043965939 -0.829328060 -14.882690430 -0.025210403 0.999032676 0.036029734 -2.166631699 0.830109954 0.000838069 0.557599187 240.129272461
0.605170131 0.040895510 -0.795045078 -15.147869110 -0.023054365 0.999161124 0.033846371 -2.161738873 0.795762300 -0.002153555 0.605605245 240.388275146
0.652190328 0.037258111 -0.757139087 -15.408214569 -0.023401896 0.999304950 0.029016759 -2.155832052 0.757693946 -0.001205959 0.652608931 240.671783447
0.698716521 0.032898884 -0.714641809 -15.656368256 -0.024779925 0.999455571 0.021782704 -2.146025896 0.714969337 0.002488837 0.699151337 240.973037720
0.744394302 0.031547755 -0.666994750 -15.896823883 -0.028249616 0.999476850 0.015745852 -2.131093264 0.667142570 0.007121220 0.744896054 241.277633667
0.787238300 0.031714071 -0.615832865 -16.126720428 -0.030588871 0.999455512 0.012367107 -2.122013330 0.615889788 0.009101771 0.787779808 241.630935669
0.825955927 0.031502753 -0.562853813 -16.336915970 -0.029481195 0.999484897 0.012678888 -2.116682768 0.562963307 0.006121401 0.826459229 242.017730713
0.859998465 0.028325280 -0.509509921 -16.547679901 -0.025698619 0.999595344 0.012194159 -2.113640308 0.509649158 0.002606743 0.860378385 242.442016602
0.889639497 0.024760483 -0.455991715 -16.722942352 -0.021491470 0.999692678 0.012353761 -2.118824244 0.456157476 -0.001190462 0.889898300 242.871887207
0.914961338 0.021736868 -0.402955621 -16.877433777 -0.018924015 0.999760866 0.010961324 -2.118160725 0.403097510 -0.002403651 0.915153861 243.326721191
0.935605407 0.018938566 -0.352539092 -17.011337280 -0.017277844 0.999819875 0.007857029 -2.117477179 0.352624387 -0.001259964 0.935764074 243.803146362
0.952196360 0.017558832 -0.304981709 -17.137746811 -0.017531380 0.999842286 0.002828847 -2.111150026 0.304983288 0.002653132 0.952354014 244.299667358
0.965618908 0.017402072 -0.259378761 -17.245861053 -0.018049425 0.999837101 -0.000114233 -2.109681845 0.259334505 0.004791942 0.965775669 244.824356079
0.975906670 0.016901018 -0.217532769 -17.340909958 -0.017334027 0.999849737 -0.000082348 -2.116036892 0.217498690 0.003851082 0.976052999 245.367477417
0.983374000 0.017563317 -0.180740356 -17.421556473 -0.017805791 0.999841452 0.000280958 -2.124471664 0.180716634 0.002941938 0.983530819 245.928863525
0.988725901 0.016868388 -0.148783639 -17.487360001 -0.016961031 0.999855936 0.000646229 -2.125243187 0.148773104 0.001884580 0.988869548 246.505142212
0.992425680 0.014582280 -0.121978156 -17.547683716 -0.014609806 0.999893069 0.000668759 -2.128304482 0.121974863 0.001118384 0.992532551 247.104324341
0.994807839 0.011724656 -0.101093233 -17.594434738 -0.011709055 0.999931157 0.000747710 -2.132600307 0.101095043 0.000439878 0.994876683 247.727813721
0.996368289 0.010151977 -0.084540658 -17.636877060 -0.010103831 0.999948442 0.000997348 -2.134705782 0.084546424 -0.000139542 0.996419549 248.359191895
0.997378647 0.008959394 -0.071802340 -17.680337906 -0.008898431 0.999959707 0.001168876 -2.138757467 0.071809918 -0.000526884 0.997418225 249.010787964
0.998032928 0.009058056 -0.062034216 -17.722991943 -0.009054165 0.999958932 0.000343827 -2.144524574 0.062034786 0.000218518 0.998073936 249.676788330
0.998480856 0.008928342 -0.054371208 -17.748960495 -0.008970880 0.999959588 -0.000538357 -2.150680304 0.054364204 0.001025297 0.998520672 250.356338501
0.998831868 0.007770168 -0.047691457 -17.781526566 -0.007867386 0.999967337 -0.001851095 -2.153320551 0.047675516 0.002224140 0.998860419 251.049331665
0.999009132 0.007361694 -0.043892946 -17.807897568 -0.007495357 0.999967754 -0.002881412 -2.156047344 0.043870319 0.003207550 0.999032080 251.766098022
0.999122560 0.007122764 -0.041271802 -17.835737228 -0.007225253 0.999971151 -0.002334626 -2.165013790 0.041253984 0.002630777 0.999145210 252.493148804
0.999201179 0.006862487 -0.039369300 -17.864847183 -0.006913396 0.999975443 -0.001157111 -2.171560287 0.039360393 0.001428362 0.999224067 253.235183716
0.999248683 0.007534356 -0.038017083 -17.898790359 -0.007506212 0.999971449 0.000882974 -2.173773050 0.038022652 -0.000596946 0.999276698 253.989471436
0.999286950 0.006929928 -0.037115671 -17.932315826 -0.006817025 0.999971747 0.003167605 -2.173278093 0.037136573 -0.002912328 0.999305964 254.759704590
0.999274611 0.006430369 -0.037534699 -17.961441040 -0.006286298 0.999972403 0.003955122 -2.181047916 0.037559096 -0.003716299 0.999287486 255.543594360
0.999207735 0.005822459 -0.039369844 -17.994665146 -0.005730812 0.999980628 0.002440294 -2.182247162 0.039383288 -0.002212739 0.999221742 256.342559814
0.999134421 0.004093606 -0.041396890 -18.025060654 -0.004138349 0.999990940 -0.000995184 -2.186093330 0.041392442 0.001165638 0.999142289 257.155883789
0.999065220 0.006261916 -0.042771906 -18.070198059 -0.006561063 0.999954939 -0.006857213 -2.192316532 0.042727038 0.007131432 0.999061346 257.971130371
0.999010861 0.008187557 -0.043706715 -18.105186462 -0.008669116 0.999903679 -0.010839806 -2.199080944 0.043613754 0.011207982 0.998985589 258.816436768
0.998981595 0.010167314 -0.043958448 -18.151092529 -0.010626359 0.999891281 -0.010221680 -2.211761236 0.043849744 0.010678388 0.998981059 259.664581299
0.998976290 0.010356767 -0.044034783 -18.187200546 -0.010538180 0.999936879 -0.003889620 -2.217026949 0.043991722 0.004349684 0.999022424 260.540832520
0.999027967 0.010195719 -0.042885683 -18.242664337 -0.009952703 0.999933183 0.005876306 -2.225053787 0.042942733 -0.005443765 0.999062717 261.432128906
0.999060035 0.008047789 -0.042593792 -18.288213730 -0.007579276 0.999909103 0.011149650 -2.231487989 0.042679649 -0.010816339 0.999030232 262.327117920
0.999065816 0.004278127 -0.043002192 -18.327602386 -0.003911171 0.999955237 0.008613928 -2.230434656 0.043037120 -0.008437692 0.999037862 263.228240967
0.999029577 0.001667955 -0.044012215 -18.372459412 -0.001613337 0.999997854 0.001276474 -2.228361130 0.044014249 -0.001204228 0.999030173 264.143371582
0.998933792 -0.001018600 -0.046154443 -18.402450562 0.000749473 0.999982595 -0.005847957 -2.232278109 0.046159599 0.005807130 0.998917222 265.055938721
0.998866141 -0.001258378 -0.047590222 -18.447816849 0.000760095 0.999944746 -0.010486926 -2.238142252 0.047600787 0.010438862 0.998811901 265.993927002
0.998837948 -0.001226365 -0.048178859 -18.499521255 0.000699684 0.999939859 -0.010947132 -2.262867212 0.048189387 0.010900700 0.998778760 266.943298340
0.998809755 0.001379151 -0.048756354 -18.548049927 -0.001836326 0.999954760 -0.009333184 -2.279011011 0.048741277 0.009411608 0.998767078 267.890411377
0.998808205 0.003327820 -0.048694279 -18.604688644 -0.003467821 0.999990106 -0.002790903 -2.291984320 0.048684508 0.002956440 0.998809814 268.861724854
0.998823524 0.003884739 -0.048336603 -18.655073166 -0.003672863 0.999983251 0.004471385 -2.302917004 0.048353162 -0.004288591 0.998821080 269.848846436
0.998840034 0.003494061 -0.048024289 -18.702838898 -0.003104609 0.999961734 0.008181674 -2.308785677 0.048051041 -0.008023087 0.998812675 270.859161377
0.998838842 0.002131539 -0.048129480 -18.749946594 -0.001841971 0.999979913 0.006059986 -2.308715105 0.048141435 -0.005964296 0.998822749 271.868713379
0.998850107 0.000315930 -0.047941163 -18.801105499 -0.000224887 0.999998152 0.001904422 -2.309186697 0.047941677 -0.001891451 0.998848319 272.878479004
0.998824596 -0.000567771 -0.048467662 -18.860420227 0.000476380 0.999998093 -0.001897146 -2.313400507 0.048468649 0.001871827 0.998822927 273.891571045
0.998809397 -0.001734771 -0.048751686 -18.912494659 0.001570954 0.999992967 -0.003398333 -2.321782589 0.048757240 0.003317701 0.998805165 274.917633057
0.998770654 -0.002106722 -0.049524657 -18.962833405 0.001953035 0.999993145 -0.003151431 -2.334280491 0.049530957 0.003050833 0.998767912 275.950866699
0.998676896 -0.003070346 -0.051332850 -19.019884109 0.003070689 0.999995291 -0.000072201 -2.346441507 0.051332828 -0.000085522 0.998681605 276.991821289
0.998590171 -0.002748800 -0.053010728 -19.080539703 0.002920578 0.999990761 0.003163245 -2.356104136 0.053001542 -0.003313607 0.998588920 278.035827637
0.998444438 -0.004627849 -0.055563550 -19.120397568 0.004709977 0.999988019 0.001347225 -2.366578341 0.055556651 -0.001606832 0.998454273 279.071166992
0.998324454 -0.006921310 -0.057449244 -19.182727814 0.006676512 0.999967813 -0.004451966 -2.379798889 0.057478208 0.004060945 0.998338521 280.119903564
0.998255253 -0.006227715 -0.058717325 -19.253171921 0.005709692 0.999943316 -0.008985974 -2.390727997 0.058769960 0.008635038 0.998234212 281.171478271
0.998171389 -0.006130622 -0.060135376 -19.315208435 0.005546715 0.999935865 -0.009872006 -2.410946608 0.060192041 0.009520401 0.998141408 282.224273682
0.998066843 -0.003711753 -0.062038381 -19.389297485 0.003218215 0.999962389 -0.008053399 -2.433190346 0.062065940 0.007838177 0.998041272 283.268524170
0.997995198 -0.002397556 -0.063243881 -19.464374542 0.002113863 0.999987423 -0.004552229 -2.449091196 0.063253999 0.004409414 0.997987747 284.318420410
0.997907817 -0.000590738 -0.064650126 -19.543666840 0.000647370 0.999999404 0.000855030 -2.466438532 0.064649582 -0.000895094 0.997907639 285.378143311
0.997838140 0.001551365 -0.065700963 -19.625707626 -0.001239303 0.999987781 0.004790224 -2.483122587 0.065707587 -0.004698445 0.997827888 286.426269531
0.997778535 0.003534149 -0.066524394 -19.695299149 -0.003177276 0.999979973 0.005469591 -2.490205526 0.066542394 -0.005246074 0.997769833 287.456787109
0.997754395 0.003760349 -0.066873640 -19.769130707 -0.003492026 0.999985397 0.004128827 -2.500084877 0.066888191 -0.003886031 0.997752905 288.504821777
0.997771561 0.002678497 -0.066669144 -19.840278625 -0.002558353 0.999994934 0.001887405 -2.509412766 0.066673860 -0.001712636 0.997773349 289.549926758
0.997773111 0.003157222 -0.066624559 -19.915660858 -0.003247175 0.999993980 -0.001241910 -2.527183533 0.066620238 0.001455486 0.997777343 290.579345703
0.997749448 0.001883111 -0.067025766 -19.981235504 -0.002237561 0.999983907 -0.005213589 -2.540648937 0.067014866 0.005351830 0.997737646 291.605895996
0.997733474 0.002263319 -0.067251921 -20.051000595 -0.002720183 0.999973834 -0.006702520 -2.557849884 0.067234986 0.006870267 0.997713506 292.630554199
0.997781515 0.003385644 -0.066487752 -20.128339767 -0.003733025 0.999980032 -0.005101190 -2.575715065 0.066469155 0.005338074 0.997774184 293.656860352
0.997788966 0.005698366 -0.066216856 -20.206478119 -0.005826803 0.999981523 -0.001746689 -2.599713087 0.066205673 0.002128660 0.997803748 294.690826416
0.997833133 0.007375719 -0.065380536 -20.283706665 -0.007419592 0.999972403 -0.000428247 -2.612342834 0.065375574 0.000912416 0.997860312 295.712066650
0.997844994 0.009312581 -0.064951360 -20.361961365 -0.009296319 0.999956608 0.000552605 -2.626545668 0.064953685 0.000052394 0.997888267 296.744842529
0.997827470 0.011113115 -0.064936750 -20.428617477 -0.010859173 0.999931931 0.004262267 -2.632309198 0.064979702 -0.003547848 0.997880280 297.757965088
0.997855425 0.013036106 -0.064145550 -20.501585007 -0.012469723 0.999879718 0.009222116 -2.643979788 0.064258054 -0.008402462 0.997897923 298.773254395
0.997820020 0.015722888 -0.064093523 -20.568912506 -0.015156589 0.999841750 0.009312204 -2.650309801 0.064229794 -0.008320464 0.997900426 299.792816162
0.997790933 0.018420786 -0.063827358 -20.644681931 -0.018195922 0.999826014 0.004102536 -2.656679630 0.063891828 -0.002932075 0.997952521 300.789794922
0.997768164 0.020478917 -0.063555263 -20.718973160 -0.020563835 0.999788284 -0.000682214 -2.658271313 0.063527837 0.001987632 0.997978091 301.807312012
0.997772694 0.023048123 -0.062597685 -20.799114227 -0.023304822 0.999722719 -0.003373644 -2.667276382 0.062502570 0.004824958 0.998033166 302.810028076
0.997685432 0.026530677 -0.062608868 -20.864046097 -0.026842644 0.999631047 -0.004146808 -2.688613176 0.062475748 0.005817798 0.998029530 303.821441650
0.997651517 0.028907876 -0.062094565 -20.939580917 -0.029293088 0.999556780 -0.005302071 -2.704068422 0.061913777 0.007108561 0.998056173 304.819671631
0.997635067 0.029098233 -0.062270429 -21.007345200 -0.029405618 0.999559462 -0.004025353 -2.722408056 0.062125865 0.005846933 0.998051167 305.845611572
0.997640669 0.029386897 -0.062044080 -21.082246780 -0.029546147 0.999562025 -0.001650625 -2.734529734 0.061968401 0.003479894 0.998072028 306.856903076
0.997653842 0.028547717 -0.062223911 -21.146842957 -0.028589496 0.999591231 0.000218982 -2.747400045 0.062204726 0.001560482 0.998062193 307.872283936
0.997633219 0.028649176 -0.062507279 -21.208326340 -0.028658897 0.999588966 0.000741235 -2.760699272 0.062502824 0.001051909 0.998044252 308.890045166
0.997603953 0.029582599 -0.062540106 -21.273460388 -0.029637037 0.999560714 0.000057241 -2.767960310 0.062514327 0.001796399 0.998042464 309.911102295
0.997641444 0.029486768 -0.061984356 -21.332702637 -0.029513801 0.999564230 0.000479598 -2.780336142 0.061971489 0.001350927 0.998077035 310.939392090
0.997745752 0.029184382 -0.060429130 -21.407814026 -0.029198224 0.999573410 0.000654142 -2.792649269 0.060422443 0.001111755 0.998172283 311.972778320
0.997795880 0.028800722 -0.059782393 -21.473569870 -0.028852178 0.999583662 0.000002501 -2.800963163 0.059757575 0.001722356 0.998211443 313.009826660
0.997820199 0.029371485 -0.059094623 -21.537303925 -0.029437074 0.999566615 -0.000239485 -2.807173491 0.059061974 0.001978535 0.998252332 314.034667969
0.997843325 0.028806150 -0.058982462 -21.594501495 -0.028747933 0.999585032 0.001835532 -2.825635910 0.059010860 -0.000135949 0.998257339 315.101257324
0.997915864 0.027612081 -0.058322880 -21.664291382 -0.027633486 0.999618053 0.000439606 -2.838365316 0.058312740 0.001172975 0.998297691 316.155487061
0.997867644 0.028727595 -0.058608349 -21.722143173 -0.029012525 0.999570966 -0.004016328 -2.848506212 0.058467824 0.005708140 0.998272955 317.213226318
0.997863829 0.028341074 -0.058860537 -21.788761139 -0.028821439 0.999557734 -0.007328049 -2.858323574 0.058626819 0.009008841 0.998239338 318.275177002
0.997910202 0.026861776 -0.058768343 -21.858898163 -0.027182022 0.999619663 -0.004656564 -2.872310638 0.058620907 0.006244275 0.998260796 319.352478027
0.997900665 0.027464235 -0.058650985 -21.929439545 -0.027499085 0.999621809 0.000213017 -2.885816813 0.058634654 0.001400279 0.998278499 320.435333252
0.997910678 0.027958810 -0.058246370 -21.994968414 -0.027818888 0.999607801 0.003211871 -2.901227474 0.058313325 -0.001584811 0.998297095 321.509918213
0.997959554 0.027421016 -0.057661157 -22.064258575 -0.027172623 0.999617815 0.005087605 -2.907439709 0.057778627 -0.003510419 0.998323262 322.583099365
0.997953892 0.027904864 -0.057526924 -22.130281448 -0.027546652 0.999595940 0.007010650 -2.915195942 0.057699312 -0.005411631 0.998319328 323.659759521
0.998007596 0.025614109 -0.057660475 -22.193336487 -0.025224959 0.999653935 0.007466871 -2.926908970 0.057831779 -0.005997511 0.998308301 324.731079102
0.998060524 0.023111345 -0.057801474 -22.257270813 -0.022825141 0.999723732 0.005606921 -2.934918165 0.057915092 -0.004276720 0.998312354 325.792663574
0.998072863 0.021454033 -0.058226567 -22.320917130 -0.021338703 0.999768913 0.002601818 -2.939734221 0.058268931 -0.001354325 0.998300016 326.850494385
0.998104930 0.019136591 -0.058483381 -22.388027191 -0.019100960 0.999816895 0.001168252 -2.948992729 0.058495030 -0.000048949 0.998287678 327.912628174
0.998098314 0.017847888 -0.059002154 -22.452892303 -0.017736891 0.999839783 0.002404452 -2.960252047 0.059035614 -0.001353365 0.998254955 328.968841553
0.998137593 0.015905792 -0.058893152 -22.520282745 -0.015632203 0.999864757 0.005103322 -2.967478991 0.058966361 -0.004173188 0.998251259 330.021209717
0.998121500 0.013158769 -0.059835594 -22.573495865 -0.012658782 0.999881804 0.008727425 -2.977234840 0.059943363 -0.007953585 0.998170078 331.081878662
0.998147249 0.009709002 -0.060064837 -22.639970779 -0.009108681 0.999905884 0.010260304 -2.985743284 0.060158800 -0.009694183 0.998141766 332.134582520
0.998131514 0.006619462 -0.060742743 -22.700151443 -0.006182750 0.999953687 0.007374670 -2.990569592 0.060788747 -0.006985333 0.998126209 333.178833008
0.998133957 0.002987558 -0.060989603 -22.765150070 -0.002831885 0.999992490 0.002638742 -2.990667820 0.060997028 -0.002461103 0.998134911 334.205871582
0.998102129 0.001297690 -0.061566610 -22.820310593 -0.001202458 0.999998033 0.001583845 -3.002263308 0.061568543 -0.001506808 0.998101711 335.244812012
0.998075604 -0.000123261 -0.062009029 -22.891885757 0.000283806 0.999996603 0.002580252 -3.009368658 0.062008504 -0.002592885 0.998072267 336.275787354
0.998022676 -0.001917492 -0.062825806 -22.959321976 0.002243203 0.999984384 0.005114229 -3.031831741 0.062815018 -0.005245048 0.998011410 337.287048340
0.997927785 -0.003717301 -0.064236574 -23.014055252 0.004225045 0.999960899 0.007770243 -3.037508011 0.064205177 -0.008025543 0.997904420 338.290802002
0.997834980 -0.005774437 -0.065513812 -23.072273254 0.006460147 0.999926507 0.010259647 -3.043113232 0.065449752 -0.010660663 0.997798920 339.292572021
0.997758806 -0.007375441 -0.066505499 -23.140014648 0.008170225 0.999898314 0.011686590 -3.053423166 0.066412546 -0.012203762 0.997717619 340.283386230
0.997667015 -0.009594732 -0.067590676 -23.210916519 0.010327630 0.999891520 0.010502099 -3.059554100 0.067482583 -0.011175649 0.997657835 341.273468018
0.997577786 -0.011183360 -0.068655133 -23.275068283 0.011834298 0.999888718 0.009081881 -3.067006826 0.068545930 -0.009872369 0.997599125 342.255523682
0.997522533 -0.010663107 -0.069535084 -23.351430893 0.011209816 0.999909222 0.007476877 -3.074422836 0.069449045 -0.008237829 0.997551501 343.227539062
0.997446656 -0.009996076 -0.070712201 -23.419157028 0.010486932 0.999923408 0.006573748 -3.077885866 0.070641071 -0.007298517 0.997475088 344.183288574
0.997404933 -0.009785786 -0.071328081 -23.489093781 0.010304687 0.999923050 0.006910486 -3.086678982 0.071254969 -0.007627566 0.997428954 345.122314453
0.997351766 -0.009253803 -0.072137929 -23.555852890 0.009832148 0.999922276 0.007666237 -3.092404366 0.072061375 -0.008355205 0.997365177 346.057891846
0.997333944 -0.007366000 -0.072599635 -23.632373810 0.008033664 0.999928057 0.008908810 -3.101495743 0.072528787 -0.009468300 0.997321367 346.979675293
0.997341752 -0.005113398 -0.072686136 -23.707099915 0.005691742 0.999953747 0.007751819 -3.110697985 0.072643138 -0.008144923 0.997324765 347.891174316
0.997336149 -0.004353995 -0.072812229 -23.777950287 0.004769161 0.999973357 0.005528985 -3.118489981 0.072786212 -0.005861510 0.997330368 348.781372070
0.997375429 -0.005208107 -0.072215788 -23.844631195 0.005520279 0.999976277 0.004123846 -3.124760389 0.072192594 -0.004511674 0.997380495 349.663909912
0.997482061 -0.004842087 -0.070754111 -23.912523270 0.005231140 0.999972224 0.005314391 -3.139371157 0.070726417 -0.005671134 0.997479618 350.529357910
0.997614801 -0.004131397 -0.068902932 -23.977422714 0.004546871 0.999972403 0.005874102 -3.151489496 0.068876766 -0.006173384 0.997606099 351.375549316
0.997709036 -0.005861965 -0.067396626 -24.029748917 0.006343343 0.999955893 0.006930667 -3.157006025 0.067353018 -0.007342309 0.997702181 352.213104248
0.997788906 -0.007688053 -0.066016547 -24.078964233 0.008170944 0.999941766 0.007047801 -3.163889885 0.065958522 -0.007571635 0.997793615 353.022491455
0.997907221 -0.007983225 -0.064167581 -24.131906509 0.008545257 0.999927461 0.008489142 -3.178252935 0.064095154 -0.009019705 0.997903049 353.817901611
0.997994721 -0.010837844 -0.062362809 -24.176658630 0.011496652 0.999881744 0.010214998 -3.182085991 0.062244724 -0.010911478 0.998001277 354.590576172
0.998082042 -0.011387479 -0.060848825 -24.221666336 0.012133612 0.999855518 0.011906658 -3.187819242 0.060704444 -0.012622138 0.998075962 355.338165283
0.998207748 -0.009387982 -0.059103120 -24.266576767 0.010202128 0.999857008 0.013488336 -3.195548296 0.058968037 -0.014067139 0.998160779 356.061309814
0.998297215 -0.009839686 -0.057496056 -24.308252335 0.010645692 0.999849081 0.013729029 -3.203106403 0.057352286 -0.014317738 0.998251319 356.760009766
0.998360813 -0.010047898 -0.056344539 -24.344551086 0.010639782 0.999891222 0.010214599 -3.209736824 0.056235772 -0.010797349 0.998359144 357.436828613
0.998433352 -0.010209716 -0.055014163 -24.381235123 0.010492725 0.999933124 0.004857911 -3.219732761 0.054960888 -0.005427549 0.998473763 358.083465576
0.998498678 -0.009891397 -0.053875547 -24.414758682 0.010035436 0.999946773 0.002403661 -3.225307465 0.053848900 -0.002940716 0.998544753 358.713806152
0.998556852 -0.009739018 -0.052814461 -24.452793121 0.009913694 0.999946237 0.003046376 -3.229211330 0.052781951 -0.003565566 0.998599708 359.327819824
0.998578608 -0.009681527 -0.052411601 -24.485355377 0.010004143 0.999932587 0.005896595 -3.230133057 0.052350979 -0.006412547 0.998608172 359.920257568
0.998556018 -0.009785920 -0.052821402 -24.516063690 0.010289986 0.999903977 0.009279309 -3.242315054 0.052725524 -0.009809442 0.998560846 360.496978760
0.998433888 -0.009793995 -0.055080693 -24.546876907 0.010389657 0.999890506 0.010538415 -3.252297163 0.054971449 -0.011094180 0.998426318 361.037109375
0.998236477 -0.008136944 -0.058802150 -24.578817368 0.008623756 0.999930561 0.008029779 -3.261384010 0.058732729 -0.008522714 0.998237371 361.546997070
0.997899592 -0.007273115 -0.064369924 -24.621406555 0.007569370 0.999961853 0.004359702 -3.264800072 0.064335763 -0.004837784 0.997916579 362.039154053
0.997314215 -0.006619023 -0.072942227 -24.668663025 0.006773168 0.999975324 0.001866093 -3.269985199 0.072928071 -0.002355131 0.997334421 362.519592285
0.996349335 -0.006739133 -0.085103184 -24.717906952 0.006834211 0.999976277 0.000825926 -3.272653341 0.085095599 -0.001404524 0.996371806 362.972259521
0.994922817 -0.006405544 -0.100436933 -24.772348404 0.006452822 0.999979198 0.000145856 -3.283601999 0.100433908 -0.000793217 0.994943440 363.419677734
0.992856383 -0.004356773 -0.119236007 -24.843917847 0.004263419 0.999990344 -0.001038008 -3.282469749 0.119239382 0.000522240 0.992865384 363.862487793
0.990029991 -0.001616989 -0.140847638 -24.934040070 0.001607552 0.999998689 -0.000180779 -3.293094635 0.140847743 -0.000047443 0.990031242 364.301452637
0.986109197 0.001372060 -0.166092649 -25.036909103 -0.001024060 0.999997079 0.002180835 -3.299343109 0.166095167 -0.001980452 0.986107767 364.729919434
0.980753660 0.001311380 -0.195244953 -25.133081436 -0.000094053 0.999980509 0.006244011 -3.307435274 0.195249334 -0.006105473 0.980734646 365.122680664
0.973391175 0.000725263 -0.229148746 -25.263830185 0.001136879 0.999967396 0.007994228 -3.313040972 0.229147077 -0.008042024 0.973358572 365.531311035
0.963502288 0.000769215 -0.267698884 -25.413333893 0.001443550 0.999966383 0.008068966 -3.310360909 0.267696112 -0.008160904 0.963468850 365.930755615
0.951109171 0.004351957 -0.308824152 -25.591369629 -0.001230521 0.999946177 0.010301537 -3.316866636 0.308852345 -0.009417872 0.951063395 366.315063477
0.936267614 0.008758537 -0.351178348 -25.785581589 -0.004201081 0.999896824 0.013737458 -3.315074682 0.351262420 -0.011386609 0.936207831 366.686431885
0.918592453 0.012477579 -0.395009190 -25.968486786 -0.005801721 0.999819517 0.018090488 -3.309653521 0.395163625 -0.014326052 0.918499053 367.040863037
0.898096740 0.013091317 -0.439603060 -26.185764313 -0.003539705 0.999739647 0.022540590 -3.303334236 0.439783692 -0.018687565 0.897909284 367.393890381
0.874365568 0.016998116 -0.484970033 -26.382366180 -0.004448669 0.999625087 0.027016062 -3.301411629 0.485247433 -0.021464443 0.874113381 367.698913574
0.846293449 0.024340656 -0.532160699 -26.610992432 -0.009474330 0.999485314 0.030648762 -3.306701660 0.532632768 -0.020895980 0.846088469 368.004516602
0.814463079 0.032185189 -0.579322040 -26.876594543 -0.014216828 0.999267519 0.035528656 -3.306768894 0.580041230 -0.020700658 0.814324081 368.302917480
0.779394209 0.036090594 -0.625493586 -27.177928925 -0.013499654 0.999075115 0.040824823 -3.285706043 0.626388431 -0.023374684 0.779160559 368.610534668
0.740242958 0.037121590 -0.671313941 -27.510232925 -0.008745617 0.998921812 0.045593701 -3.263682842 0.672282636 -0.027879359 0.739769459 368.942993164
0.697306991 0.034725379 -0.715930939 -27.852703094 -0.000621320 0.998854697 0.047843099 -3.244181633 0.716772377 -0.032916501 0.696529865 369.243743896
0.651242733 0.034838364 -0.758069396 -28.222766876 0.006755618 0.998639941 0.051697806 -3.229004383 0.758839428 -0.038789045 0.650121570 369.516784668
0.600939035 0.034881689 -0.798533380 -28.614562988 0.013651442 0.998453677 0.053888086 -3.210513115 0.799178302 -0.043284588 0.599533558 369.786895752
0.546578050 0.031394091 -0.836819410 -28.996688843 0.022900283 0.998362958 0.052412126 -3.189009666 0.837094963 -0.047810722 0.544964373 370.012603760
0.488368273 0.026347000 -0.872239888 -29.438430786 0.031136263 0.998381555 0.047590498 -3.147713661 0.872082055 -0.050399978 0.486757517 370.243499756
0.429519236 0.025333669 -0.902702391 -29.942092896 0.031794064 0.998562515 0.043152012 -3.137945175 0.902497888 -0.047235198 0.428096354 370.419036865
0.366155207 0.024363579 -0.930234849 -30.437713623 0.031889100 0.998741508 0.038709883 -3.121922493 0.930007279 -0.043838173 0.364917457 370.562225342
0.300478578 0.020054372 -0.953577757 -30.952087402 0.036662098 0.998797238 0.032557838 -3.103683472 0.953083754 -0.044743091 0.299381912 370.695739746
0.235767841 0.016412290 -0.971670866 -31.465942383 0.050217453 0.998315811 0.029047195 -3.091247559 0.970511138 -0.055643231 0.234546542 370.782196045
0.170555413 0.021335185 -0.985117078 -32.023345947 0.052532524 0.998146832 0.030712442 -3.070108414 0.983946741 -0.056988858 0.169118524 370.872619629
0.110522151 0.030966584 -0.993391156 -32.578369141 0.045954768 0.998286247 0.036231987 -3.055548668 0.992810667 -0.049655497 0.108909667 370.883178711
0.056674242 0.039514091 -0.997610569 -33.144653320 0.035280343 0.998513162 0.041554127 -3.044757843 0.997769296 -0.037551094 0.055195868 370.859100342
0.008622706 0.042756315 -0.999048471 -33.707397461 0.025907759 0.998740554 0.042966753 -3.027056694 0.999627292 -0.026253598 0.007504106 370.825714111
-0.031077981 0.044623367 -0.998520434 -34.283538818 0.021469519 0.998802245 0.043967750 -3.004033089 0.999286413 -0.020071328 -0.031998754 370.767700195
-0.061493278 0.050642516 -0.996822059 -34.881469727 0.018916693 0.998591721 0.049565475 -2.979154587 0.997928381 -0.015808638 -0.062364697 370.711608887
-0.082883716 0.055990927 -0.994985223 -35.499450684 0.017344272 0.998350263 0.054735497 -2.945684433 0.996408463 -0.012720620 -0.083718061 370.644500732
-0.098111510 0.058563195 -0.993450820 -36.088134766 0.015210600 0.998238623 0.057343259 -2.932970047 0.995059192 -0.009484949 -0.098829508 370.554138184
-0.108168125 0.053137515 -0.992711544 -36.700622559 0.010739843 0.998574674 0.052281119 -2.909387589 0.994074702 -0.005006419 -0.108584642 370.471679688
-0.112927198 0.041575555 -0.992733121 -37.311157227 0.007213232 0.999132156 0.041023016 -2.884789467 0.993577123 -0.002528197 -0.113129139 370.377593994
-0.115665197 0.029647259 -0.992845833 -37.937103271 0.006731241 0.999554932 0.029063422 -2.856464863 0.993265569 -0.003321462 -0.115813255 370.301361084
-0.115341187 0.025125723 -0.993008137 -38.581298828 0.009178422 0.999664307 0.024228038 -2.830089569 0.993283570 -0.006319758 -0.115533113 370.228637695
-0.114336371 0.028658064 -0.993028760 -39.244293213 0.012337347 0.999547720 0.027425690 -2.813128471 0.993365586 -0.009115588 -0.114638209 370.160980225
-0.112932682 0.034143005 -0.993015885 -39.920471191 0.015055588 0.999353468 0.032648690 -2.800963402 0.993488610 -0.011263337 -0.113373637 370.081512451
-0.112129092 0.036253367 -0.993032098 -40.607543945 0.013866471 0.999294043 0.034916233 -2.786543846 0.993596911 -0.009854728 -0.112552524 370.000000000
-0.111357927 0.035229746 -0.993155718 -41.309753418 0.010837748 0.999355078 0.034234468 -2.764987946 0.993721247 -0.006951293 -0.111667871 369.920684814
-0.109786510 0.034552373 -0.993354499 -42.013427734 0.006696479 0.999398649 0.034022510 -2.746312618 0.993932664 -0.002916766 -0.109951854 369.833221436
-0.106275201 0.032349795 -0.993810415 -42.733795166 0.002134548 0.999475718 0.032305945 -2.727316856 0.994334459 0.001311983 -0.106288552 369.745178223
-0.102035999 0.030874012 -0.994301498 -43.462066650 -0.000634682 0.999516070 0.031101061 -2.707694054 0.994780481 0.003804495 -0.101967096 369.669342041
-0.097558856 0.031328592 -0.994736612 -44.212280273 -0.003391991 0.999488175 0.031810910 -2.687792778 0.995224059 0.006477570 -0.097402692 369.592132568
-0.093125582 0.034195542 -0.995067000 -44.980773926 -0.004737506 0.999383509 0.034787249 -2.663595676 0.995643139 0.007953716 -0.092906117 369.515380859
-0.088665724 0.037657119 -0.995349407 -45.754882812 -0.007848648 0.999227643 0.038503006 -2.638679504 0.996030569 0.011226044 -0.088301778 369.435638428
-0.085542679 0.039521575 -0.995550334 -46.568969727 -0.008900942 0.999142766 0.040429000 -2.619021893 0.996294737 0.012319739 -0.085117459 369.368896484
-0.082533956 0.037950061 -0.995865405 -47.387084961 -0.009413539 0.999200404 0.038857315 -2.593025684 0.996543765 0.012581666 -0.082110643 369.297210693
-0.079319835 0.035235468 -0.996226370 -48.218383789 -0.008040386 0.999319971 0.035985064 -2.560767174 0.996816874 0.010864369 -0.078982592 369.230987549
-0.075745106 0.036079075 -0.996474266 -49.072967529 -0.005867777 0.999311745 0.036627840 -2.529904366 0.997109950 0.008621467 -0.075481296 369.169677734
-0.073046088 0.040565953 -0.996503234 -49.943450928 -0.005778797 0.999138474 0.041096825 -2.499685764 0.997311890 0.008760551 -0.072748661 369.108398438
-0.069493890 0.046314042 -0.996506751 -50.820739746 -0.004974294 0.998893201 0.046771854 -2.470942497 0.997570038 0.008207274 -0.069186568 369.038574219
-0.066316962 0.051289428 -0.996479511 -51.720825195 -0.003857319 0.998657346 0.051658232 -2.437582016 0.997791171 0.007269552 -0.066030025 368.971252441
-0.063661456 0.052413519 -0.996594369 -52.612945557 -0.003030272 0.998605132 0.052712850 -2.393036842 0.997967124 0.006375720 -0.063413858 368.916229248
-0.060907006 0.051567428 -0.996810555 -53.515441895 -0.004929114 0.998636842 0.051963087 -2.359573364 0.998131335 0.008078303 -0.060569763 368.850067139
-0.059216022 0.047183912 -0.997129500 -54.421752930 -0.007394970 0.998834133 0.047703739 -2.326251030 0.998217881 0.010198566 -0.058798075 368.795654297
-0.058322191 0.043805961 -0.997336328 -55.329132080 -0.006066622 0.999002755 0.044233926 -2.290646076 0.998279452 0.008630277 -0.057998300 368.740386963
-0.057977319 0.043501012 -0.997369707 -56.245025635 -0.005652962 0.999019861 0.043901592 -2.257777214 0.998301923 0.008183387 -0.057674527 368.685516357
-0.058292508 0.044184748 -0.997321308 -57.171661377 -0.005560182 0.998990178 0.044583671 -2.224274635 0.998284161 0.008144177 -0.057987928 368.627655029
-0.058806300 0.045735411 -0.997221172 -58.095092773 -0.004420652 0.998928249 0.046074387 -2.202496529 0.998259664 0.007117830 -0.058541059 368.572448730
-0.060164332 0.046561901 -0.997102022 -59.019409180 -0.004117291 0.998891413 0.046893898 -2.168946266 0.998180091 0.006926694 -0.059905887 368.515594482
-0.060872316 0.047207061 -0.997028768 -59.938018799 -0.006623894 0.998839855 0.047697231 -2.138582230 0.998123705 0.009507645 -0.060488939 368.446166992
-0.062538028 0.047895964 -0.996892631 -60.854614258 -0.008716798 0.998783529 0.048533641 -2.105782509 0.998004496 0.011724912 -0.062044382 368.388061523
-0.063550830 0.048229959 -0.996812642 -61.768676758 -0.009725096 0.998754203 0.048943918 -2.075015068 0.997931361 0.012804512 -0.063002586 368.322967529
-0.064536214 0.048682507 -0.996727169 -62.684906006 -0.009400439 0.998735368 0.049389254 -2.043108940 0.997871101 0.012557069 -0.063996911 368.260620117
-0.066037178 0.047809307 -0.996671200 -63.594665527 -0.010911262 0.998757124 0.048632324 -2.010867119 0.997757554 0.014086477 -0.065433502 368.191986084
-0.067556381 0.045929108 -0.996657789 -64.500061035 -0.011055547 0.998844087 0.046779238 -1.981966972 0.997654259 0.014178829 -0.066970468 368.120178223
-0.070258975 0.044681147 -0.996527672 -65.408416748 -0.009455065 0.998921633 0.045455106 -1.951237679 0.997484028 0.012615860 -0.069760680 368.053070068
-0.074099898 0.047155008 -0.996135414 -66.318847656 -0.009817421 0.998798549 0.048011370 -1.921841621 0.997202575 0.013337118 -0.073547959 367.975158691
-0.078149915 0.051095661 -0.995631397 -67.235443115 -0.011007743 0.998580635 0.052111041 -1.882066727 0.996880889 0.015032122 -0.077476501 367.896606445
-0.082071781 0.053154066 -0.995207965 -68.147857666 -0.012574218 0.998441994 0.054363754 -1.845520020 0.996547103 0.016975690 -0.081275582 367.812927246
-0.085098147 0.051042352 -0.995064497 -69.047393799 -0.017501017 0.998456359 0.052713037 -1.810472012 0.996219039 0.021900415 -0.084073544 367.718627930
-0.087794542 0.049603842 -0.994902909 -69.957275391 -0.020572964 0.998456061 0.051596448 -1.776576996 0.995926261 0.024997981 -0.086638570 367.627105713
-0.090254545 0.044940427 -0.994904339 -70.850799561 -0.020244438 0.998692155 0.046948042 -1.742050648 0.995713055 0.024378551 -0.089226723 367.537963867
-0.091756821 0.042552434 -0.994872034 -71.742340088 -0.017539002 0.998862505 0.044340737 -1.712810993 0.995627165 0.021517619 -0.090906143 367.455657959
-0.092653155 0.044670109 -0.994695902 -72.649139404 -0.017819595 0.998758733 0.046512410 -1.681659698 0.995538950 0.022034600 -0.091742158 367.360168457
-0.092962861 0.046622690 -0.994577527 -73.550476074 -0.018789416 0.998643041 0.048569515 -1.651236534 0.995492399 0.023202688 -0.091960669 367.266143799
-0.092470169 0.048755560 -0.994521201 -74.444366455 -0.017761016 0.998560786 0.050605014 -1.623509407 0.995557189 0.022343153 -0.091471076 367.184539795
-0.091439724 0.044554230 -0.994813383 -75.350799561 -0.019201597 0.998733938 0.046494760 -1.593762398 0.995625436 0.023353472 -0.090468407 367.103485107
-0.087864041 0.043045156 -0.995201945 -76.236511230 -0.021107664 0.998761117 0.045062643 -1.559473038 0.995908797 0.024965774 -0.086846590 367.013061523
-0.085095644 0.043156639 -0.995437860 -77.127227783 -0.024097258 0.998680174 0.045357175 -1.529376030 0.996081531 0.027847007 -0.083943367 366.938568115
-0.080749869 0.045941520 -0.995675027 -78.025482178 -0.024992129 0.998529792 0.048100118 -1.507290840 0.996420979 0.028768118 -0.079483032 366.860443115
-0.075876117 0.047396407 -0.995990217 -78.912902832 -0.026535846 0.998419881 0.049533572 -1.474922180 0.996764183 0.030187851 -0.074498415 366.785278320
-0.070609689 0.048827842 -0.996308267 -79.799591064 -0.027072126 0.998339534 0.050846025 -1.443924427 0.997136593 0.030562399 -0.069170475 366.713775635
-0.065353632 0.049536955 -0.996631920 -80.683746338 -0.026970780 0.998314440 0.051389173 -1.409805775 0.997497737 0.030238396 -0.063907385 366.649841309
-0.060679078 0.050336130 -0.996887326 -81.584625244 -0.025952576 0.998310447 0.051987682 -1.378248692 0.997819901 0.029026354 -0.059270144 366.606445312
-0.055115104 0.049107376 -0.997271836 -82.458953857 -0.025365552 0.998398602 0.050564718 -1.344017982 0.998157918 0.028083224 -0.053781271 366.552001953
-0.050137043 0.047175281 -0.997627735 -83.343231201 -0.025665926 0.998493075 0.048506074 -1.311576843 0.998412669 0.028036974 -0.048850656 366.506927490
-0.044651985 0.045614414 -0.997960746 -84.213989258 -0.026578505 0.998549163 0.046830520 -1.281920433 0.998649061 0.028615376 -0.043374777 366.454650879
-0.040258408 0.044569161 -0.998194814 -85.102722168 -0.027017793 0.998590827 0.045676507 -1.249490261 0.998824000 0.028807886 -0.038997531 366.426147461
-0.035226822 0.045398489 -0.998347759 -85.975067139 -0.026821900 0.998564899 0.046354778 -1.222122669 0.999019444 0.028410509 -0.033958554 366.393798828
-0.030413151 0.046524603 -0.998454034 -86.851135254 -0.027516164 0.998498619 0.047364827 -1.188172817 0.999158561 0.028914142 -0.029087305 366.367309570
-0.025625944 0.048468992 -0.998495996 -87.725036621 -0.028082019 0.998394847 0.049184799 -1.160527706 0.999277174 0.029300185 -0.024223685 366.337158203
-0.021517158 0.050626505 -0.998485863 -88.599029541 -0.027117848 0.998320043 0.051202483 -1.128048897 0.999400616 0.028178519 -0.020108104 366.325042725
-0.017904043 0.051876511 -0.998493075 -89.456970215 -0.024928108 0.998319507 0.052314483 -1.097100258 0.999529004 0.025827177 -0.016580701 366.308044434
-0.014971137 0.052399509 -0.998514056 -90.303955078 -0.022863731 0.998346865 0.052733537 -1.068643570 0.999626577 0.023619229 -0.013748288 366.296539307
-0.012752533 0.050796431 -0.998627722 -91.149658203 -0.021104468 0.998472691 0.051058054 -1.032392502 0.999696076 0.021726623 -0.011661053 366.292053223
-0.011026621 0.048552949 -0.998759747 -91.964660645 -0.018119149 0.998646796 0.048747502 -1.006394386 0.999775052 0.018634202 -0.010131955 366.282562256
-0.009944201 0.048418265 -0.998777747 -92.761108398 -0.014975758 0.998707771 0.048563980 -0.977699280 0.999838471 0.015440381 -0.009206295 366.280517578
-0.009673953 0.048002765 -0.998800397 -93.527832031 -0.013371626 0.998751581 0.048129931 -0.954379082 0.999863803 0.013821189 -0.009019971 366.268280029
-0.009704947 0.045873169 -0.998900115 -94.276153564 -0.010089711 0.998891830 0.045970816 -0.934989929 0.999902010 0.010524760 -0.009231448 366.262786865
-0.010751009 0.045220476 -0.998919308 -95.007781982 -0.007717185 0.998943388 0.045304630 -0.915100098 0.999912560 0.008195907 -0.010390639 366.256866455
-0.012689233 0.045021657 -0.998905480 -95.720947266 -0.005120715 0.998969793 0.045089610 -0.892711639 0.999906421 0.005687258 -0.012445569 366.246948242
-0.016140103 0.047185842 -0.998755872 -96.399078369 -0.003014347 0.998879015 0.047240380 -0.875474930 0.999865353 0.003773056 -0.015979767 366.230529785
-0.020457268 0.049544767 -0.998562455 -97.061096191 -0.000418150 0.998770893 0.049563680 -0.859821320 0.999790728 0.001431480 -0.020411372 366.218902588
-0.025434375 0.050591838 -0.998395503 -97.704986572 0.000809166 0.998719275 0.050587632 -0.838923454 0.999676168 0.000478793 -0.025442719 366.197570801
-0.031171799 0.050330967 -0.998246133 -98.312316895 0.002992882 0.998731554 0.050261993 -0.819495201 0.999509692 -0.001420878 -0.031282902 366.174896240
-0.037639141 0.048199665 -0.998128295 -98.915374756 0.003890404 0.998835564 0.048087113 -0.799746513 0.999283791 -0.002073161 -0.037782907 366.145782471
-0.044790387 0.045866054 -0.997942984 -99.507385254 0.004915274 0.998943508 0.045691431 -0.780683517 0.998984337 -0.002858624 -0.044968486 366.113464355
-0.052821636 0.046224814 -0.997533619 -100.113555908 0.004445118 0.998929083 0.046054102 -0.764512062 0.998594165 -0.002001506 -0.052970529 366.073486328
-0.060093880 0.047217995 -0.997075438 -100.709014893 0.006002865 0.998879611 0.046941645 -0.742847443 0.998174846 -0.003164411 -0.060310006 366.034271240
-0.067568064 0.047457967 -0.996585488 -101.304962158 0.005321215 0.998871028 0.047206037 -0.722241402 0.997700632 -0.002113431 -0.067744374 365.987945557
-0.074130416 0.045363542 -0.996216238 -101.889373779 0.004854687 0.998969436 0.045127664 -0.710981369 0.997236729 -0.001490987 -0.074274302 365.926208496
-0.081062555 0.041403573 -0.995848775 -102.468994141 0.003248177 0.999142528 0.041276112 -0.691338539 0.996703804 0.000111250 -0.081127524 365.871551514
-0.087486386 0.038016729 -0.995440185 -103.050628662 0.004222154 0.999276698 0.037792183 -0.667094231 0.996156931 -0.000896606 -0.087583661 365.814727783
-0.093507409 0.035399962 -0.994989097 -103.630310059 0.004312563 0.999372721 0.035150640 -0.650865555 0.995609283 -0.001004110 -0.093601346 365.745513916
-0.098997951 0.032881044 -0.994544208 -104.209106445 0.004040706 0.999458969 0.032641318 -0.638334751 0.995079398 -0.000787239 -0.099077225 365.683227539
-0.104525208 0.031734735 -0.994015872 -104.796325684 0.002092229 0.999495566 0.031689670 -0.623415470 0.994520128 0.001232660 -0.104538918 365.613159180
-0.109108806 0.031170752 -0.993541062 -105.385620117 0.000342832 0.999509335 0.031320348 -0.613790989 0.994029820 0.003076705 -0.109065890 365.534118652
-0.113634467 0.030864786 -0.993043065 -105.973236084 0.001046296 0.999520481 0.030946383 -0.604960442 0.993522048 0.002477559 -0.113612294 365.457305908
-0.118175030 0.030650681 -0.992519617 -106.584655762 0.001902400 0.999528646 0.030640621 -0.594540119 0.992990971 0.001732785 -0.118177652 365.392120361
-0.121869564 0.029711114 -0.992101371 -107.194549561 0.001095977 0.999555290 0.029799713 -0.579722404 0.992545545 0.002544356 -0.121847987 365.307525635
-0.125396967 0.027239779 -0.991732717 -107.804229736 -0.004218032 0.999599338 0.027989192 -0.565192699 0.992097795 0.007692917 -0.125231862 365.219726562
-0.127476454 0.025876690 -0.991504133 -108.430755615 -0.007349699 0.999607503 0.027033119 -0.552042007 0.991814494 0.010733337 -0.127236247 365.122314453
-0.128894687 0.025136726 -0.991339684 -109.060211182 -0.007453443 0.999625862 0.026315937 -0.542695045 0.991630316 0.010780877 -0.128659129 365.043701172
-0.129494548 0.024630353 -0.991274297 -109.695159912 -0.005683387 0.999656618 0.025581077 -0.526092529 0.991563976 0.008946400 -0.129310131 364.959472656
-0.129909992 0.026321689 -0.991176426 -110.345764160 -0.006965164 0.999598682 0.027458251 -0.513914108 0.991501451 0.010470805 -0.129674554 364.870269775
-0.129409075 0.030541299 -0.991120934 -111.016204834 -0.006282614 0.999480247 0.031619202 -0.499558449 0.991571486 0.010318637 -0.129149914 364.775817871
-0.129119992 0.035989605 -0.990975618 -111.684448242 -0.009969610 0.999243557 0.037588872 -0.486493111 0.991578817 0.014733117 -0.128663540 364.684997559
-0.128398895 0.047924425 -0.990563989 -112.384887695 -0.011439312 0.998693645 0.049800534 -0.456817627 0.991656661 0.017725702 -0.127682924 364.591064453
-0.126426339 0.058380835 -0.990256727 -113.091949463 -0.015065535 0.998038530 0.060763039 -0.427775383 0.991861701 0.022600785 -0.125298858 364.492492676
-0.123782039 0.060554676 -0.990460098 -113.807067871 -0.016155828 0.997880995 0.063027442 -0.396182060 0.992177963 0.023803364 -0.122541428 364.401153564
-0.120925784 0.051812284 -0.991308510 -114.529083252 -0.020892948 0.998282850 0.054725453 -0.369938850 0.992441714 0.027329067 -0.119635582 364.310394287
-0.116071105 0.035666082 -0.992600501 -115.249328613 -0.023092493 0.998988032 0.038595952 -0.334177494 0.992972612 0.027401485 -0.115129948 364.215301514
-0.112972140 0.031912528 -0.993085504 -116.002838135 -0.025644576 0.999057472 0.035021726 -0.298319340 0.993267179 0.029423738 -0.112047315 364.128662109
-0.108420849 0.041858424 -0.993223488 -116.806457520 -0.023804888 0.998717308 0.044688512 -0.255172729 0.993820071 0.028488737 -0.107285261 364.044158936
-0.104290605 0.061181810 -0.992663383 -117.605987549 -0.024340546 0.997650027 0.064046413 -0.233368874 0.994249105 0.030841390 -0.102556229 363.957458496
-0.100495458 0.065582506 -0.992773771 -118.423767090 -0.022763120 0.997412443 0.068193182 -0.197777748 0.994677186 0.029451728 -0.098742604 363.879211426
-0.096949935 0.055743508 -0.993727028 -119.240966797 -0.022341380 0.998056889 0.058166061 -0.149393082 0.995038509 0.027840424 -0.095516086 363.796478271
-0.093211770 0.038123786 -0.994916260 -120.062072754 -0.023440778 0.998905659 0.040472779 -0.110252857 0.995370448 0.027094144 -0.092216134 363.715209961
-0.089135408 0.028449072 -0.995613158 -120.909362793 -0.026259275 0.999177396 0.030901862 -0.071402788 0.995673299 0.028898528 -0.088315010 363.636444092
-0.085171103 0.031869248 -0.995856583 -121.775329590 -0.032011069 0.998884857 0.034703918 -0.039641380 0.995851994 0.034834199 -0.084055901 363.552551270
-0.079822659 0.042312950 -0.995910585 -122.667907715 -0.038126376 0.998237967 0.045467675 -0.012660027 0.996079624 0.041599810 -0.078068733 363.467773438
-0.073360085 0.045710415 -0.996257424 -123.567687988 -0.041733213 0.997933388 0.048860364 0.017902374 0.996431947 0.045161426 -0.071300864 363.388366699
-0.066620350 0.036416680 -0.997113705 -124.476074219 -0.043937262 0.998257279 0.039394036 0.047865868 0.996810675 0.046434887 -0.064904213 363.325073242
-0.058646202 0.022134202 -0.998033583 -125.385467529 -0.041478731 0.998836756 0.024589375 0.079236485 0.997416854 0.042839229 -0.057659864 363.266082764
-0.051451802 0.014301134 -0.998573244 -126.311523438 -0.034353796 0.999280334 0.016081348 0.103475928 0.998084605 0.035132188 -0.050923467 363.223449707
-0.044775486 0.019583056 -0.998805106 -127.271453857 -0.030155543 0.999325752 0.020945108 0.117758989 0.998541832 0.031057337 -0.044154763 363.193481445
-0.037558079 0.031988241 -0.998782456 -128.248168945 -0.027111527 0.999086976 0.033017494 0.140180111 0.998926699 0.028318582 -0.036656499 363.162109375
-0.030885816 0.042098958 -0.998636067 -129.222579956 -0.024234593 0.998787344 0.042854864 0.161047459 0.999229193 0.025525140 -0.029828072 363.129455566
-0.025422215 0.042937383 -0.998754382 -130.208190918 -0.022925079 0.998789370 0.043522425 0.194455147 0.999414027 0.024002954 -0.024407148 363.100860596
-0.021932364 0.038563166 -0.999015510 -131.187835693 -0.022010464 0.998995006 0.039045591 0.235800743 0.999517202 0.022845155 -0.021061540 363.085357666
-0.019816875 0.035420768 -0.999176025 -132.186553955 -0.020319553 0.999151587 0.035822902 0.265382767 0.999597132 0.021012703 -0.019080281 363.061950684
-0.018731594 0.035912167 -0.999179482 -133.179885864 -0.018749550 0.999166369 0.036263194 0.292551517 0.999648869 0.019413427 -0.018042684 363.038146973
-0.018441916 0.036777396 -0.999153435 -134.176467896 -0.016368112 0.999178231 0.037080426 0.325551987 0.999696076 0.017038085 -0.017824769 363.017547607
-0.019207120 0.037934147 -0.999095619 -135.172149658 -0.016316235 0.999135017 0.038249314 0.352144718 0.999682367 0.017036138 -0.018571496 362.997924805
-0.020824313 0.041568711 -0.998918653 -136.195266724 -0.017934388 0.998959005 0.041944265 0.372655392 0.999622345 0.018788453 -0.020057201 362.965332031
-0.023950815 0.045677766 -0.998669088 -137.193405151 -0.018344820 0.998767316 0.046122219 0.408644676 0.999544859 0.019425062 -0.023083329 362.942321777
-0.027229428 0.045523945 -0.998592138 -138.201889038 -0.018074796 0.998776734 0.046025224 0.437769890 0.999465823 0.019302584 -0.026373267 362.902496338
-0.030171156 0.038545057 -0.998801291 -139.201950073 -0.014396498 0.999135792 0.038992845 0.464110851 0.999441087 0.015555701 -0.029590130 362.874023438
-0.033412218 0.030516675 -0.998975694 -140.183807373 -0.009918928 0.999474406 0.030863663 0.494967461 0.999392450 0.010939991 -0.033091903 362.835296631
-0.037089467 0.029038385 -0.998889983 -141.179489136 -0.005138976 0.999558985 0.029248647 0.520317554 0.999298811 0.006218087 -0.036923885 362.803710938
-0.041063666 0.035502210 -0.998525679 -142.176284790 -0.001985078 0.999363661 0.035613645 0.535787582 0.999154627 0.003444575 -0.040967107 362.771789551
-0.043379903 0.042069688 -0.998172462 -143.162368774 -0.001718783 0.999108374 0.042183831 0.549035072 0.999057174 0.003545572 -0.043268919 362.729003906
-0.046145558 0.043082159 -0.998005450 -144.140487671 -0.003546317 0.999056160 0.043291502 0.581965446 0.998928607 0.005536948 -0.045949221 362.680297852
-0.048903584 0.039771792 -0.998011470 -145.115478516 -0.007256619 0.999166369 0.040173400 0.608891487 0.998777270 0.009206805 -0.048574209 362.626586914
-0.049869180 0.036219951 -0.998098910 -146.088439941 -0.011962549 0.999248862 0.036859386 0.631720543 0.998684227 0.013777947 -0.049398422 362.542480469
-0.052983046 0.033709392 -0.998026311 -147.066848755 -0.012807672 0.999324918 0.034433190 0.655319214 0.998513281 0.014606771 -0.052515626 362.501953125
-0.054891348 0.033112723 -0.997943223 -148.040985107 -0.011856197 0.999357879 0.033811808 0.675085068 0.998422027 0.013687782 -0.054463506 362.444274902
-0.057025790 0.034972474 -0.997760117 -149.006439209 -0.009980093 0.999316394 0.035597425 0.705105305 0.998322964 0.011987699 -0.056637764 362.388000488
-0.059487700 0.040603299 -0.997402906 -150.002792358 -0.005947968 0.999140263 0.041028775 0.727537155 0.998211324 0.008373229 -0.059195161 362.339782715
-0.062934875 0.048036516 -0.996860981 -150.973907471 -0.004527086 0.998816967 0.048416581 0.756084442 0.998007417 0.007559965 -0.062643051 362.282958984
-0.065893412 0.051494531 -0.996497035 -151.946243286 -0.003607896 0.998648643 0.051844291 0.792916298 0.997820139 0.007011456 -0.065618515 362.209564209
-0.069673181 0.049561907 -0.996338010 -152.906280518 -0.004986994 0.998735249 0.050029896 0.826394081 0.997557521 0.008454465 -0.069337845 362.137298584
-0.073099732 0.041690227 -0.996452928 -153.859115601 -0.007961017 0.999069691 0.042383730 0.863399506 0.997292876 0.011031020 -0.072699904 362.056915283
-0.075650215 0.035830304 -0.996490717 -154.814727783 -0.009614403 0.999281526 0.036660552 0.893587589 0.997088313 0.012354033 -0.075251460 361.981628418
-0.077367425 0.036974039 -0.996316791 -155.770004272 -0.006958127 0.999267757 0.037623871 0.918648243 0.996978343 0.009843364 -0.077053547 361.904144287
-0.078641653 0.042280681 -0.996005952 -156.722152710 -0.005630217 0.999065459 0.042855103 0.944916725 0.996887088 0.008977924 -0.078330040 361.823120117
-0.080447078 0.047179315 -0.995641768 -157.682693481 -0.004532273 0.998851538 0.047697619 0.972196579 0.996748686 0.008349652 -0.080140948 361.743103027
-0.081837416 0.049169179 -0.995432079 -158.636169434 -0.002114171 0.998771489 0.049507942 1.007511139 0.996643484 0.006156116 -0.081632972 361.671112061
-0.082387567 0.050902177 -0.995299757 -159.578613281 -0.001466004 0.998687506 0.051196795 1.044218063 0.996599495 0.005677079 -0.082204700 361.587646484
-0.082519889 0.052319840 -0.995215237 -160.526626587 -0.002623372 0.998606145 0.052715629 1.078670502 0.996586084 0.006960905 -0.082267642 361.507019043
-0.081967354 0.051466770 -0.995305300 -161.454483032 -0.005310007 0.998629034 0.052075941 1.113855362 0.996620953 0.009553603 -0.081581712 361.421752930
-0.081767917 0.049421139 -0.995425344 -162.391021729 -0.008602644 0.998697579 0.050290253 1.149999619 0.996614277 0.012675415 -0.081236243 361.340759277
-0.080519676 0.047059312 -0.995641649 -163.317062378 -0.012083026 0.998765409 0.048184145 1.181447983 0.996679902 0.015910130 -0.079851627 361.258483887
-0.078877568 0.044184256 -0.995904624 -164.242309570 -0.011147861 0.998915732 0.045200780 1.210500717 0.996821940 0.014667537 -0.078299522 361.177062988
-0.077704430 0.041564725 -0.996109664 -165.169219971 -0.010044676 0.999047220 0.042470865 1.232832909 0.996925890 0.013305771 -0.077212930 361.103057861
-0.075956106 0.041265640 -0.996256948 -166.104003906 -0.009030240 0.999073803 0.042070799 1.266228676 0.997070312 0.012191970 -0.075513124 361.030792236
-0.074876547 0.045579944 -0.996150732 -167.003875732 -0.007943675 0.998895884 0.046302650 1.296967506 0.997161329 0.011380073 -0.074431896 360.964294434
-0.074410915 0.051798563 -0.995881557 -167.916656494 -0.005586981 0.998612761 0.052358076 1.330687523 0.997212112 0.009459984 -0.074018359 360.902709961
-0.073148608 0.054853775 -0.995811403 -168.813537598 -0.004522623 0.998457789 0.055331763 1.366598129 0.997310817 0.008551124 -0.072787762 360.828857422
-0.071391582 0.054854937 -0.995938957 -169.702972412 -0.005711479 0.998447776 0.055402540 1.392935753 0.997432172 0.009643556 -0.070967555 360.751922607
-0.070173740 0.052381579 -0.996158540 -170.594665527 -0.004540378 0.998593211 0.052829452 1.433510780 0.997524440 0.008230178 -0.069837213 360.699829102
-0.069187880 0.050220370 -0.996338904 -171.458969116 -0.005180567 0.998700559 0.050699163 1.462020874 0.997590303 0.008669359 -0.068837762 360.634155273
-0.068685770 0.050659191 -0.996351421 -172.316436768 -0.006496402 0.998666048 0.051224723 1.495979309 0.997617304 0.009991102 -0.068264961 360.573974609
-0.067492962 0.054132182 -0.996250272 -173.147064209 -0.007897502 0.998466790 0.054787654 1.531344414 0.997688591 0.011565659 -0.066962004 360.497955322
-0.067126513 0.057046305 -0.996112227 -173.978668213 -0.006219708 0.998320818 0.057591923 1.554644585 0.997725010 0.010061473 -0.066658974 360.445312500
-0.066391826 0.052965358 -0.996386886 -174.778305054 -0.001459321 0.998583913 0.053179387 1.582455635 0.997792542 0.004984728 -0.066220522 360.393341064
-0.065776348 0.045959912 -0.996775508 -175.559448242 0.001350737 0.998941898 0.045970675 1.609807014 0.997833610 0.001677396 -0.065768838 360.342651367
-0.066288352 0.042506918 -0.996894777 -176.320556641 0.002567580 0.999096155 0.042430058 1.638313293 0.997797310 0.000253004 -0.066337585 360.293975830
-0.066396236 0.047963638 -0.996639848 -177.080703735 0.006668693 0.998843014 0.047625396 1.660759926 0.997771025 -0.003484137 -0.066639304 360.253479004
-0.067359805 0.055631652 -0.996176600 -177.808197021 0.012595438 0.998412132 0.054904815 1.683337212 0.997649312 -0.008848910 -0.067953467 360.210388184
-0.069249630 0.058571842 -0.995878518 -178.509597778 0.011874509 0.998252571 0.057885770 1.707175255 0.997528791 -0.007817010 -0.069824100 360.158813477
-0.070735097 0.054809436 -0.995988190 -179.201660156 0.011395403 0.998468518 0.054136626 1.727592468 0.997430086 -0.007520330 -0.071251392 360.107971191
-0.074117899 0.046566494 -0.996161819 -179.852340698 0.008843488 0.998900592 0.046036541 1.746284485 0.997210443 -0.005397422 -0.074448228 360.055847168
-0.076365471 0.039956950 -0.996278942 -180.473602295 0.007962900 0.999189317 0.039463311 1.765439987 0.997048140 -0.004919637 -0.076621652 359.993408203
-0.079095602 0.038793053 -0.996111929 -181.098968506 0.002863195 0.999247253 0.038687807 1.784093857 0.996862888 0.000207972 -0.079147100 359.934143066
-0.083470464 0.041346334 -0.995652139 -181.701324463 0.001004368 0.999141872 0.041407052 1.805066109 0.996509790 0.002456264 -0.083440304 359.875061035
-0.088674307 0.045890160 -0.995003104 -182.295700073 -0.000233656 0.998937130 0.046092428 1.814902306 0.996060729 0.004319699 -0.088569403 359.815429688
-0.094734430 0.048114944 -0.994339168 -182.892684937 0.000319718 0.998832703 0.048301924 1.828232765 0.995502532 0.004257950 -0.094639301 359.755615234
-0.103315830 0.049154494 -0.993433297 -183.462783813 0.001129176 0.998783290 0.049301777 1.844960213 0.994647980 0.003971892 -0.103245616 359.689636230
-0.115295291 0.048873164 -0.992128372 -184.015991211 0.003923935 0.998803496 0.048745990 1.861371994 0.993323684 0.001727125 -0.115349054 359.612487793
-0.131823421 0.047614288 -0.990129173 -184.568359375 0.006680513 0.998865724 0.047144998 1.880663872 0.991250873 -0.000399764 -0.131991982 359.537445068
-0.152606487 0.045932032 -0.987219274 -185.099487305 0.008314946 0.998943686 0.045192197 1.899773598 0.988252282 -0.001312066 -0.152827144 359.440002441
-0.178327560 0.045011461 -0.982941091 -185.619659424 0.010165636 0.998984098 0.043901838 1.918018341 0.983918607 -0.002163312 -0.178603888 359.330749512
-0.208380103 0.044352293 -0.977041841 -186.137969971 0.011180684 0.999014020 0.042965133 1.932300568 0.977984130 -0.001970918 -0.208670616 359.190063477
-0.242845058 0.045237318 -0.969009697 -186.631469727 0.011929628 0.998975813 0.043646552 1.942900658 0.969991684 -0.000960571 -0.243136048 359.045104980
-0.282028913 0.045666721 -0.958318591 -187.123321533 0.014236071 0.998955727 0.043413594 1.957394600 0.959300399 -0.001398807 -0.282384515 358.869415283
-0.325661540 0.046104323 -0.944361746 -187.593658447 0.017732929 0.998932540 0.042653337 1.975975037 0.945320189 -0.002855749 -0.326131463 358.677856445
-0.373075485 0.046781637 -0.926620960 -188.061492920 0.021497583 0.998895705 0.041775186 1.989178658 0.927552044 -0.004334815 -0.373669267 358.462463379
-0.422711134 0.048605084 -0.904960275 -188.469726562 0.024250234 0.998809814 0.042318318 1.991371155 0.905940115 -0.004057073 -0.423386812 358.252197266
-0.472584128 0.049598563 -0.879888952 -188.887512207 0.026878271 0.998761773 0.041863140 2.006666183 0.880875826 -0.003866045 -0.473332167 357.991912842
-0.522834420 0.050526209 -0.850935638 -189.284942627 0.028620079 0.998719513 0.041716378 2.020707130 0.851953804 -0.002543090 -0.523610950 357.712677002
-0.573555350 0.050770108 -0.817592323 -189.672332764 0.028689267 0.998710215 0.041890994 2.038619041 0.818664551 0.000570676 -0.574272156 357.403076172
-0.624413133 0.051480934 -0.779396236 -190.029907227 0.028319916 0.998661697 0.043275453 2.045749664 0.780581057 0.004949318 -0.625035405 357.066650391
-0.675163150 0.051799532 -0.735847652 -190.376861572 0.028426114 0.998617530 0.044215214 2.056726456 0.737120688 0.008935192 -0.675702333 356.704345703
-0.722284079 0.051014971 -0.689712465 -190.708801270 0.030041251 0.998648703 0.042405672 2.077308655 0.690943778 0.009909113 -0.722840667 356.285339355
-0.768130779 0.050534178 -0.638296068 -191.009704590 0.031919342 0.998663366 0.040652633 2.101696968 0.639497280 0.010852542 -0.768717051 355.861328125
-0.810894370 0.050955608 -0.582969964 -191.295562744 0.032906421 0.998595953 0.041512325 2.114795685 0.584266722 0.014478655 -0.811432719 355.403808594
-0.849671721 0.046940379 -0.525218964 -191.539459229 0.030018985 0.998720527 0.040695496 2.139434814 0.526457191 0.018811267 -0.849993706 354.921844482
-0.882970691 0.045861784 -0.467182666 -191.732604980 0.029952256 0.998692393 0.041428879 2.142900467 0.468471795 0.022587307 -0.883189678 354.421752930
-0.913439035 0.045424428 -0.404432714 -191.919586182 0.031497460 0.998661458 0.041026898 2.163606882 0.405754983 0.024736963 -0.913647056 353.909851074
-0.938468814 0.050339520 -0.341675878 -192.085815430 0.038149178 0.998375952 0.042308971 2.175313473 0.343250811 0.026670992 -0.938865185 353.364318848
-0.958617330 0.052827280 -0.279754549 -192.230621338 0.042796139 0.998206973 0.041849010 2.199511051 0.281463712 0.028144762 -0.959159374 352.799682617
-0.973600864 0.052864805 -0.222051978 -192.332336426 0.044692643 0.998131275 0.041671444 2.206837416 0.223839983 0.030647257 -0.974144220 352.225982666
-0.984192133 0.050329477 -0.169802099 -192.403747559 0.044689506 0.998320043 0.036877442 2.240492105 0.171372861 0.028706117 -0.984787941 351.649566650
-0.991227508 0.045327976 -0.124152683 -192.447631836 0.041300789 0.998539746 0.034822624 2.256993055 0.125549823 0.029389532 -0.991652131 351.050872803
-0.995308638 0.040347576 -0.087938696 -192.456283569 0.037624367 0.998766303 0.032408364 2.267712593 0.089137807 0.028947681 -0.995598674 350.448059082
-0.997634768 0.036494352 -0.058251597 -192.478805542 0.034562014 0.998829424 0.033842303 2.289982080 0.059418462 0.031748965 -0.997728229 349.827026367
-0.998667479 0.036316335 -0.036665928 -192.480728149 0.035030268 0.998768687 0.035128694 2.307777882 0.037896525 0.033797469 -0.998710036 349.192565918
-0.999137878 0.036522973 -0.019741990 -192.475738525 0.035849992 0.998797894 0.033430517 2.323078156 0.020939238 0.032693945 -0.999246120 348.554107666
-0.999225855 0.039142612 -0.003933959 -192.477844238 0.039019149 0.998855233 0.027672015 2.332875013 0.005012610 0.027497094 -0.999609351 347.902008057
-0.998979568 0.043912996 0.010557051 -192.468032837 0.044114452 0.998832762 0.019674234 2.344163656 -0.009680774 0.020119876 -0.999750614 347.251647949
-0.998572946 0.047398459 0.024605576 -192.444839478 0.047674347 0.998805106 0.010749303 2.360607147 -0.024066674 0.011907019 -0.999639392 346.579498291
-0.998155355 0.045697503 0.039967287 -192.412826538 0.046031967 0.998911917 0.007488203 2.368397713 -0.039581604 0.009314164 -0.999172807 345.891876221
-0.997628093 0.043387115 0.053437699 -192.356628418 0.043812715 0.999016523 0.006818278 2.371759176 -0.053089317 0.009143357 -0.998547912 345.193939209
-0.996998787 0.042216137 0.064895630 -192.304336548 0.042806022 0.999053538 0.007725682 2.375860214 -0.064508058 0.010480418 -0.997862220 344.474822998
-0.996346831 0.043291282 0.073611967 -192.246398926 0.043886814 0.999015450 0.006491265 2.377051353 -0.073258482 0.009698147 -0.997265816 343.758666992
-0.996005177 0.041311540 0.079167403 -192.179199219 0.041950896 0.999099016 0.006429163 2.376113653 -0.078830473 0.009724622 -0.996840835 343.025360107
-0.995846272 0.037049670 0.083173096 -192.100494385 0.037697073 0.999269843 0.006226419 2.379060030 -0.082881682 0.009335937 -0.996515870 342.276428223
-0.995594978 0.035447851 0.086802475 -192.023162842 0.036051974 0.999335349 0.005401473 2.377668619 -0.086553305 0.008507079 -0.996211171 341.512634277
-0.995217919 0.035179805 0.091124378 -191.952362061 0.035939042 0.999331474 0.006703911 2.373769045 -0.090827614 0.009946775 -0.995816946 340.725860596
-0.994648933 0.036441021 0.096672952 -191.876373291 0.037347712 0.999273539 0.007585469 2.379493952 -0.096326299 0.011155392 -0.995287418 339.938903809
-0.994235039 0.034568984 0.101498760 -191.783172607 0.035873149 0.999295235 0.011051509 2.381862879 -0.101045184 0.014628875 -0.994774342 339.136993408
-0.993831277 0.031423446 0.106360160 -191.678436279 0.032869156 0.999389231 0.011866627 2.385112047 -0.105922304 0.015289390 -0.994257092 338.326965332
-0.993380308 0.028601943 0.111255147 -191.583343506 0.030277627 0.999451697 0.013401036 2.387256622 -0.110810854 0.016680866 -0.993701577 337.495910645
-0.992987514 0.026991636 0.115099169 -191.478057861 0.028538823 0.999522865 0.011815308 2.392228127 -0.114725336 0.015017245 -0.993283987 336.657501221
-0.992774844 0.025858799 0.117175259 -191.364105225 0.026956284 0.999606252 0.007790844 2.397978306 -0.116927661 0.010893161 -0.993081093 335.805786133
-0.992778897 0.023065584 0.117721260 -191.260452271 0.023727363 0.999709547 0.004223001 2.399204254 -0.117589660 0.006985720 -0.993037820 334.950531006
-0.992804885 0.022388598 0.117632762 -191.151580811 0.022698512 0.999741495 0.001295384 2.404094934 -0.117573351 0.003956152 -0.993056417 334.077575684
-0.992987394 0.022734106 0.116015203 -191.043121338 0.023229107 0.999725938 0.002916277 2.399703264 -0.115917109 0.005590755 -0.993243337 333.194915771
-0.993221164 0.020931933 0.114339195 -190.937988281 0.021757372 0.999745429 0.005975904 2.395337582 -0.114184998 0.008423115 -0.993423700 332.296844482
-0.993540883 0.017573450 0.112105794 -190.826446533 0.018534210 0.999799848 0.007533608 2.392157078 -0.111950964 0.009562739 -0.993667841 331.384887695
-0.993851662 0.016323477 0.109511547 -190.719604492 0.017228983 0.999824703 0.007327408 2.393414974 -0.109372742 0.009169128 -0.993958712 330.471313477
-0.994156957 0.014515049 0.106962986 -190.616165161 0.015483790 0.999846220 0.008231842 2.399462700 -0.106827058 0.009839936 -0.994228840 329.555114746
-0.994497657 0.012536776 0.104007125 -190.511383057 0.013629821 0.999859035 0.009805241 2.395783901 -0.103869535 0.011168887 -0.994528294 328.628417969
-0.994709611 0.012541726 0.101957738 -190.413162231 0.013944726 0.999817491 0.013059507 2.397200346 -0.101775341 0.014412192 -0.994703054 327.697143555
-0.995007992 0.011147303 0.099173330 -190.306427002 0.012994203 0.999753594 0.017996535 2.406454563 -0.098948285 0.019195370 -0.994907737 326.776763916
-0.995212436 0.011018679 0.097113006 -190.220733643 0.013543374 0.999586225 0.025376750 2.408239841 -0.096793205 0.026570493 -0.994949818 325.846008301
-0.995416999 0.010513332 0.095051661 -190.128463745 0.013317740 0.999493062 0.028917970 2.421312332 -0.094699457 0.030051308 -0.995052457 324.903411865
-0.995653629 0.007728800 0.092815131 -190.030899048 0.010329989 0.999566257 0.027577832 2.432120323 -0.092561737 0.028416742 -0.995301604 323.972595215
-0.995890975 0.006640686 0.090316296 -189.943496704 0.008791774 0.999686599 0.023440333 2.445317745 -0.090132326 0.024138058 -0.995637178 323.063568115
-0.996088505 0.007834873 0.088013418 -189.854095459 0.009791045 0.999714077 0.021816157 2.459645748 -0.087817326 0.022592567 -0.995880365 322.130859375
-0.996255159 0.006039750 0.086251102 -189.764846802 0.008073331 0.999697149 0.023248132 2.468432426 -0.086084560 0.023857404 -0.996002197 321.203002930
-0.996382117 0.008598792 0.084550254 -189.690811157 0.010555771 0.999686003 0.022726009 2.479815483 -0.084328294 0.023536282 -0.996159911 320.275054932
-0.996471167 0.010423223 0.083286069 -189.617218018 0.012214744 0.999704242 0.021029938 2.488902092 -0.083042234 0.021973044 -0.996303678 319.342132568
-0.996629715 0.010087364 0.081412092 -189.534698486 0.011716618 0.999740064 0.019559568 2.501780987 -0.081193626 0.020447517 -0.996488810 318.404876709
-0.996850610 0.005704243 0.079095893 -189.446929932 0.007286054 0.999778926 0.019724477 2.503892899 -0.078965895 0.020238657 -0.996671796 317.491088867
-0.997006774 0.001540418 0.077299669 -189.359680176 0.002915282 0.999839485 0.017676469 2.512865067 -0.077260032 0.017848909 -0.996851325 316.569488525
-0.997181654 -0.002389797 0.074988559 -189.281265259 -0.001070862 0.999844134 0.017623771 2.517450333 -0.075018987 0.017493796 -0.997028828 315.634460449
-0.997339487 -0.005604241 0.072682664 -189.203414917 -0.004238766 0.999811888 0.018927453 2.530328274 -0.072775066 0.018569009 -0.997175694 314.694885254
-0.997508407 -0.009902423 0.069854632 -189.115798950 -0.008432738 0.999737501 0.021302804 2.538138390 -0.070047244 0.020660654 -0.997330070 313.741638184
-0.997650981 -0.010196532 0.067740023 -189.047668457 -0.008631927 0.999690115 0.023349881 2.547467232 -0.067957118 0.022710305 -0.997429729 312.779052734
-0.997842312 -0.003203556 0.065579750 -188.989532471 -0.001697942 0.999733984 0.023001399 2.560611248 -0.065635994 0.022840414 -0.997582316 311.819274902
-0.997964501 0.004396450 0.063622937 -188.938186646 0.005669328 0.999787092 0.019839896 2.565034389 -0.063522168 0.020160208 -0.997776866 310.873565674
-0.998090744 0.003958848 0.061641902 -188.868301392 0.005007309 0.999845266 0.016863734 2.585416317 -0.061565600 0.017140191 -0.997956038 309.876068115
-0.998103499 0.002384286 0.061514061 -188.818298340 0.003701751 0.999765992 0.021312220 2.601778984 -0.061448853 0.021499509 -0.997878790 308.910614014
-0.998134136 0.004223079 0.060912009 -188.754928589 0.006035415 0.999543607 0.029600114 2.616465569 -0.060759205 0.029912516 -0.997704029 307.946563721
-0.998125076 0.005180057 0.060993169 -188.687164307 0.007073999 0.999498188 0.030876845 2.634262085 -0.060802616 0.031250410 -0.997660875 306.989654541
-0.998112082 -0.001277838 0.061409373 -188.610824585 0.000351753 0.999648273 0.026518386 2.642250061 -0.061421659 0.026489917 -0.997760534 306.036132812
-0.998037338 -0.005032883 0.062420901 -188.543075562 -0.003857922 0.999813378 0.018929465 2.654376507 -0.062504523 0.018651495 -0.997870445 305.076873779
-0.997918010 -0.001190121 0.064487495 -188.483520508 -0.000245104 0.999892533 0.014660200 2.660274506 -0.064498007 0.014613869 -0.997810960 304.134857178
-0.997857690 -0.000784879 0.065420814 -188.414230347 0.000077280 0.999913216 0.013175090 2.663247108 -0.065425470 0.013151917 -0.997771025 303.191864014
-0.997829914 -0.001100697 0.065833420 -188.346450806 -0.000126456 0.999890447 0.014800922 2.664729118 -0.065842502 0.014760478 -0.997720838 302.235809326
-0.997811317 0.000112602 0.066126741 -188.280960083 0.001179227 0.999869823 0.016091192 2.669117451 -0.066116326 0.016133951 -0.997681618 301.292663574
-0.997887731 -0.000873398 0.064955167 -188.213439941 0.000195365 0.999864757 0.016445680 2.670501709 -0.064960748 0.016423633 -0.997752547 300.360321045
-0.998049140 -0.001375551 0.062419176 -188.148239136 -0.000420487 0.999882698 0.015311378 2.673291683 -0.062432915 0.015255260 -0.997932553 299.427490234
-0.998208284 -0.001533005 0.059814665 -188.088790894 -0.000648637 0.999890208 0.014801764 2.674119473 -0.059830789 0.014736447 -0.998099685 298.491241455
-0.998344541 -0.000238846 0.057518307 -188.034240723 0.000787283 0.999840975 0.017816724 2.677751541 -0.057513416 0.017832512 -0.998185515 297.568359375
-0.998510242 -0.000744075 0.054559410 -187.978698730 0.000170832 0.999859512 0.016762415 2.678454399 -0.054564215 0.016746765 -0.998369813 296.641967773
-0.998681545 -0.001055835 0.051322725 -187.919265747 -0.000374058 0.999911606 0.013291907 2.675185204 -0.051332220 0.013255185 -0.998593569 295.701446533
-0.998746395 0.002304507 0.050007075 -187.880691528 0.002812032 0.999945223 0.010081085 2.681584835 -0.049981102 0.010209068 -0.998698115 294.767761230
-0.998784184 0.001839549 0.049261294 -187.828582764 0.002503911 0.999906719 0.013428179 2.688175678 -0.049231999 0.013535199 -0.998695612 293.835693359
-0.998829484 0.001446024 0.048350673 -187.772521973 0.002334645 0.999829292 0.018327249 2.691201687 -0.048315920 0.018418675 -0.998662353 292.899841309
-0.998825073 0.003599325 0.048330627 -187.730026245 0.004511687 0.999813437 0.018781722 2.693042755 -0.048254006 0.018977705 -0.998654962 291.986297607
-0.998818517 0.004723121 0.048365597 -187.679199219 0.005467795 0.999868393 0.015276057 2.697452784 -0.048287079 0.015522462 -0.998712897 291.047332764
-0.998700738 0.006974049 0.050486431 -187.637481689 0.007552385 0.999907911 0.011273590 2.705987692 -0.050403159 0.011640231 -0.998661399 290.120697021
-0.998508811 0.011798569 0.053304054 -187.582061768 0.012416345 0.999859333 0.011273387 2.706239939 -0.053163547 0.011918415 -0.998514891 289.194488525
-0.998228192 0.015342888 0.057487518 -187.526779175 0.016126387 0.999782979 0.013189950 2.705593348 -0.057272669 0.014093648 -0.998258948 288.272125244
-0.997905612 0.019355213 0.061726075 -187.472442627 0.020206517 0.999708712 0.013197315 2.704835176 -0.061452661 0.014416941 -0.998006105 287.334136963
-0.997673154 0.014427030 0.066639222 -187.407272339 0.015167691 0.999828517 0.010621910 2.712500095 -0.066474557 0.011607953 -0.997720838 286.405029297
-0.997537136 0.010060741 0.069414653 -187.318435669 0.010629037 0.999912918 0.007822490 2.714541674 -0.069329903 0.008541035 -0.997557163 285.473388672
-0.997377753 0.009725732 0.071716666 -187.248779297 0.010646001 0.999865711 0.012460952 2.711019278 -0.071585841 0.013191770 -0.997347355 284.533355713
-0.997321486 0.008655217 0.072629698 -187.178604126 0.009959149 0.999795318 0.017610235 2.712455988 -0.072462417 0.018286394 -0.997203588 283.589935303
-0.997356415 0.006464893 0.072380565 -187.094924927 0.008039626 0.999736845 0.021486143 2.719694614 -0.072222613 0.022011248 -0.997145891 282.642517090
-0.997268558 0.009662809 0.073228166 -187.027557373 0.010756828 0.999836147 0.014560224 2.730599880 -0.073075473 0.015308154 -0.997209072 281.714996338
-0.997129560 0.015977701 0.074007787 -186.959609985 0.016528497 0.999840021 0.006835899 2.737778902 -0.073886730 0.008039515 -0.997234225 280.780517578
-0.997026801 0.019035578 0.074671097 -186.893127441 0.019313864 0.999808967 0.003006430 2.741518021 -0.074599609 0.004439678 -0.997203946 279.840728760
-0.997101426 0.016787887 0.074208871 -186.813613892 0.017516032 0.999804497 0.009172158 2.731665850 -0.074040383 0.010445416 -0.997200608 278.870391846
-0.997136235 0.015301683 0.074065231 -186.730422974 0.016529860 0.999735355 0.015997859 2.734104395 -0.073800832 0.017176328 -0.997125268 277.904479980
-0.997182012 0.013799843 0.073743001 -186.661819458 0.015325191 0.999679327 0.020158995 2.733541965 -0.073441163 0.021232307 -0.997073770 276.955749512
-0.997300267 0.015168115 0.071851373 -186.583496094 0.016674574 0.999652565 0.020413088 2.743197203 -0.071516782 0.021556063 -0.997206688 275.989074707
-0.997463703 0.016691685 0.069195397 -186.516876221 0.017842807 0.999711931 0.016051224 2.751671791 -0.068907544 0.017245149 -0.997474194 275.030303955
-0.997639179 0.018696772 0.066081852 -186.455215454 0.019676151 0.999705553 0.014201002 2.762588263 -0.065796882 0.015467711 -0.997713327 274.066680908
-0.997827530 0.019006450 0.063078672 -186.378616333 0.020040806 0.999674201 0.015805820 2.766659737 -0.062757708 0.017035631 -0.997883439 273.090393066
-0.997900248 0.022353308 0.060791466 -186.324356079 0.023715796 0.999481380 0.021784004 2.776430845 -0.060272995 0.023179978 -0.997912884 272.106506348
-0.998060226 0.021962838 0.058253963 -186.264175415 0.023401869 0.999434710 0.024136543 2.783394814 -0.057690926 0.025452975 -0.998010039 271.128723145
-0.998202920 0.020520262 0.056303173 -186.201049805 0.021875031 0.999483228 0.023552109 2.795953751 -0.055790782 0.024741415 -0.998136044 270.152374268
-0.998214602 0.017405394 0.057138026 -186.134979248 0.018658426 0.999595344 0.021470118 2.806824923 -0.056741212 0.022497889 -0.998135448 269.158599854
-0.998090506 0.020918356 0.058120899 -186.080307007 0.022162301 0.999537110 0.020841144 2.818486929 -0.057658032 0.022089437 -0.998092055 268.176544189
-0.997943282 0.022153515 0.060153563 -186.012161255 0.023476392 0.999495864 0.021374656 2.825257540 -0.059649713 0.022742884 -0.997960329 267.182983398
-0.997800946 0.020143516 0.063148744 -185.942413330 0.021534406 0.999538541 0.021422850 2.835829258 -0.062688068 0.022735609 -0.997774363 266.196166992
-0.997609735 0.018070148 0.066697896 -185.868301392 0.019803258 0.999480784 0.025415413 2.849913120 -0.066204004 0.026675496 -0.997449636 265.201171875
-0.997401118 0.017910916 0.069789127 -185.790390015 0.019911539 0.999407411 0.028077211 2.864751339 -0.069244884 0.029393848 -0.997166634 264.217437744
-0.997321844 0.017972926 0.070896104 -185.715896606 0.019824157 0.999478340 0.025495248 2.873030663 -0.070400901 0.026832422 -0.997157812 263.230895996
-0.997278452 0.018607665 0.071342677 -185.638671875 0.019971680 0.999630213 0.018453743 2.884523153 -0.070972919 0.019828349 -0.997281313 262.251251221
-0.997179270 0.018406658 0.072766140 -185.561370850 0.019432081 0.999721229 0.013409268 2.894148588 -0.072499037 0.014785441 -0.997259021 261.266296387
-0.997047782 0.017217036 0.074829109 -185.484863281 0.018257782 0.999745548 0.013246515 2.899652243 -0.074582003 0.014573622 -0.997108459 260.268646240
-0.996928096 0.016522473 0.076560289 -185.402938843 0.017952977 0.999676168 0.018034199 2.906908512 -0.076237522 0.019353284 -0.996901870 259.264343262
-0.996824861 0.010699897 0.078905813 -185.314605713 0.012649615 0.999625862 0.024251115 2.914639473 -0.078616805 0.025172237 -0.996587276 258.268310547
-0.996714473 0.008403738 0.080558576 -185.219711304 0.010247727 0.999694228 0.022503981 2.922999382 -0.080344826 0.023255585 -0.996495724 257.260498047
-0.996558070 0.010016475 0.082291536 -185.128570557 0.011435159 0.999793708 0.016786546 2.934987545 -0.082106419 0.017669782 -0.996466994 256.263092041
-0.996347785 0.013666086 0.084289327 -185.048873901 0.013901871 0.999900937 0.002211000 2.936758995 -0.084250756 0.003374704 -0.996438980 255.276367188
-0.996057034 0.017650712 0.086943097 -184.965606689 0.017044824 0.999825001 -0.007706322 2.928736687 -0.087063901 -0.006194006 -0.996183634 254.282745361
-0.995839834 0.021154949 0.088632211 -184.875564575 0.020634303 0.999764085 -0.006786469 2.914132833 -0.088754870 -0.004929372 -0.996041417 253.276824951
-0.995666862 0.021533085 0.090468630 -184.785842896 0.022038436 0.999746561 0.004590562 2.900653839 -0.090346858 0.006564456 -0.995889068 252.261566162
-0.995654702 0.020012040 0.090945065 -184.687606812 0.021549273 0.999640524 0.015952399 2.902937412 -0.090593129 0.017842883 -0.995728016 251.247070312
-0.995730400 0.018806415 0.090374477 -184.587219238 0.020988015 0.999509335 0.023250110 2.907884121 -0.089892879 0.025047619 -0.995636463 250.241546631
-0.995811462 0.017239410 0.089791238 -184.494430542 0.019381147 0.999546766 0.023035338 2.914199829 -0.089353427 0.024679111 -0.995694160 249.226196289
-0.995896459 0.018950580 0.088495247 -184.403808594 0.020541428 0.999642730 0.017100599 2.920866966 -0.088139564 0.018848240 -0.995929956 248.229644775
-0.995979905 0.022317113 0.086752988 -184.316955566 0.023475206 0.999648094 0.012351976 2.932239294 -0.086446799 0.014338863 -0.996153235 247.228088379
-0.996081471 0.024894718 0.084864631 -184.236892700 0.025763728 0.999626100 0.009160020 2.932804108 -0.084604867 0.011310556 -0.996350408 246.239562988
-0.996207237 0.027070779 0.082693718 -184.148529053 0.027710080 0.999594271 0.006592859 2.925393581 -0.082481697 0.008859304 -0.996553183 245.243072510
-0.996256232 0.029853985 0.081131831 -184.069442749 0.030472878 0.999515116 0.006400508 2.920827389 -0.080901414 0.008848866 -0.996682882 244.251678467
-0.996373773 0.030279826 0.079512611 -183.988327026 0.031128906 0.999470592 0.009460543 2.915801764 -0.079184055 0.011901378 -0.996788979 243.256591797
-0.996419668 0.030914804 0.078691885 -183.917755127 0.032061394 0.999396741 0.013348813 2.912638664 -0.078231737 0.015823990 -0.996809721 242.281402588
-0.996606231 0.030984025 0.076264761 -183.824630737 0.032180872 0.999376655 0.014514435 2.912602425 -0.075767510 0.016919442 -0.996982098 241.300964355
-0.996758699 0.029672319 0.074780203 -183.747695923 0.030689845 0.999450862 0.012494470 2.915270805 -0.074368395 0.014748962 -0.997121930 240.334228516
-0.996914029 0.027447740 0.073544815 -183.673507690 0.028399246 0.999525547 0.011923253 2.910507679 -0.073182657 0.013975077 -0.997220635 239.370971680
-0.996991158 0.028731933 0.071995832 -183.601730347 0.029737776 0.999473989 0.012937928 2.909480810 -0.071586229 0.015039993 -0.997321129 238.417572021
-0.996996522 0.029336859 0.071676724 -183.536270142 0.030515809 0.999415517 0.015408643 2.909395695 -0.071182787 0.017549634 -0.997308969 237.460357666
-0.997080326 0.029929055 0.070252024 -183.459335327 0.031204564 0.999366224 0.017129293 2.913438320 -0.069694839 0.019271461 -0.997382283 236.515045166
-0.996880889 0.036505334 0.069972239 -183.413803101 0.038066879 0.999052107 0.021114225 2.918313742 -0.069135129 0.023711989 -0.997325540 235.572204590
-0.996728063 0.039703485 0.070404872 -183.351043701 0.041429255 0.998871505 0.023223151 2.923204660 -0.069403380 0.026063986 -0.997248173 234.650115967
-0.996801138 0.038123071 0.070243366 -183.280136108 0.039726101 0.998977840 0.021566670 2.922774792 -0.069349378 0.024288177 -0.997296691 233.730346680
-0.996394515 0.047382232 0.070380151 -183.227203369 0.048768412 0.998645961 0.018108685 2.930785894 -0.069426820 0.021475717 -0.997356057 232.834777832
-0.996190548 0.051720761 0.070208274 -183.168441772 0.053033948 0.998448491 0.016969562 2.938185692 -0.069221668 0.020628341 -0.997388005 231.950408936
-0.996789336 0.039625660 0.069576472 -183.090484619 0.040701687 0.999071598 0.014115874 2.930928946 -0.068952531 0.016902432 -0.997476697 231.081466675
-0.997270584 0.030489216 0.067244552 -183.015502930 0.031119579 0.999480844 0.008346491 2.930741549 -0.066955157 0.010416331 -0.997701645 230.237487793
-0.997427583 0.031289566 0.064494260 -182.960861206 0.031542081 0.999498188 0.002900630 2.936614513 -0.064371139 0.004927451 -0.997914076 229.393112183
-0.997767806 0.030997911 0.059151601 -182.903045654 0.031431086 0.999485373 0.006406609 2.923975945 -0.058922570 0.008251507 -0.998228550 228.561859131
-0.998181105 0.023889845 0.055351205 -182.848114014 0.024648396 0.999610841 0.013062346 2.920428276 -0.055017605 0.014402905 -0.998381495 227.734222412
-0.998436928 0.021651339 0.051526956 -182.799926758 0.022478446 0.999626756 0.015526898 2.920981646 -0.051171545 0.016660873 -0.998551011 226.912597656
-0.998573422 0.021692030 0.048792645 -182.760208130 0.022573173 0.999590576 0.017580913 2.917974949 -0.048391305 0.018657235 -0.998654246 226.117294312
-0.998703480 0.023213826 0.045312397 -182.720031738 0.024016660 0.999562621 0.017254451 2.925285101 -0.044892039 0.018320328 -0.998824239 225.337646484
-0.998838186 0.024272239 0.041629191 -182.692642212 0.025059538 0.999514818 0.018495694 2.917616367 -0.041160062 0.019517414 -0.998961926 224.582107544
-0.998993993 0.023552675 0.038162891 -182.662506104 0.024276100 0.999532163 0.018605035 2.923307896 -0.037706837 0.019512761 -0.999098420 223.832931519
-0.999149203 0.023055861 0.034198996 -182.626327515 0.023718225 0.999536395 0.019090373 2.920785427 -0.033742994 0.019885268 -0.999232769 223.123886108
-0.999246478 0.023099378 0.031191481 -182.600982666 0.023709033 0.999532223 0.019319266 2.922447920 -0.030730627 0.020044230 -0.999326706 222.412124634
-0.999238133 0.025711665 0.029366069 -182.583007812 0.026284968 0.999468029 0.019306283 2.927817583 -0.028854052 0.020063456 -0.999382377 221.732879639
-0.999182343 0.028354954 0.028827867 -182.570770264 0.028925654 0.999389827 0.019576324 2.924739122 -0.028255193 0.020394178 -0.999392867 221.072357178
-0.999136567 0.030096224 0.028645182 -182.551239014 0.030623699 0.999366045 0.018156942 2.926949978 -0.028080568 0.019018482 -0.999424815 220.440139771
-0.999045372 0.031880580 0.029877177 -182.530990601 0.032417499 0.999318361 0.017662024 2.926966906 -0.029293735 0.018613702 -0.999397755 219.835037231
-0.998842955 0.034995586 0.032992065 -182.514236450 0.035558224 0.999229312 0.016623862 2.926590919 -0.032384876 0.017777763 -0.999317527 219.248245239
-0.998564243 0.037858788 0.037903629 -182.491851807 0.038474049 0.999137282 0.015636263 2.923728228 -0.037278958 0.017072117 -0.999159336 218.673294067
-0.998264432 0.038743008 0.044356197 -182.460205078 0.039447855 0.999107122 0.015126747 2.927041054 -0.043730535 0.016850248 -0.998901486 218.130691528
-0.997847199 0.038422059 0.053149596 -182.431838989 0.039315064 0.999100983 0.015859149 2.925915003 -0.052492473 0.017914586 -0.998460770 217.595901489
-0.997252584 0.038064733 0.063552007 -182.385055542 0.039128587 0.999112725 0.015579551 2.928496361 -0.062902592 0.018023442 -0.997857094 217.101867676
-0.996212721 0.039075855 0.077674337 -182.342620850 0.040356506 0.999072969 0.014986116 2.922788143 -0.077016734 0.018064024 -0.996866107 216.630218506
-0.994519472 0.042917795 0.095339239 -182.300476074 0.044329397 0.998935759 0.012736820 2.921413183 -0.094691142 0.016893342 -0.995363593 216.165588379
-0.992197514 0.043471999 0.116853781 -182.234970093 0.044877313 0.998948097 0.009420963 2.918787479 -0.116321310 0.014591536 -0.993104696 215.710998535
-0.988795042 0.043143380 0.142909810 -182.155395508 0.044610027 0.998979449 0.007073109 2.916872501 -0.142458811 0.013369064 -0.989710450 215.263854980
-0.983829737 0.041951954 0.174124122 -182.049774170 0.043530732 0.999038279 0.005256137 2.917157412 -0.173736155 0.012750895 -0.984709740 214.810119629
-0.976677895 0.042228673 0.210516274 -181.929382324 0.044414256 0.998997152 0.005662723 2.900632143 -0.210066020 0.014880580 -0.977573991 214.423187256
-0.966902614 0.041773673 0.251703203 -181.786743164 0.044433150 0.999000371 0.004889126 2.899365902 -0.251247376 0.015911274 -0.967792273 214.014984131
-0.954711199 0.038765665 0.294998020 -181.623504639 0.041777868 0.999119282 0.003912812 2.900355339 -0.294586539 0.016059993 -0.955489874 213.617828369
-0.939959645 0.032863382 0.339700073 -181.435714722 0.035893153 0.999352157 0.002637685 2.892377377 -0.339393318 0.014672224 -0.940530300 213.240692139
-0.922522545 0.027342258 0.384973496 -181.237899780 0.029528959 0.999563873 -0.000231716 2.885956287 -0.384811938 0.011154104 -0.922927618 212.872222900
-0.902822733 0.024313778 0.429325283 -181.023086548 0.025792897 0.999664485 -0.002373980 2.877529144 -0.429238945 0.008930258 -0.903146982 212.505187988
-0.880778074 0.023452340 0.472948223 -180.807617188 0.024139309 0.999697924 -0.004617592 2.862103224 -0.472913653 0.007349569 -0.881078243 212.206420898
-0.855537295 0.024820918 0.517146230 -180.551406860 0.024902450 0.999666870 -0.006782765 2.862351418 -0.517142296 0.007075298 -0.855870366 211.852264404
-0.827513456 0.023651998 0.560947895 -180.280929565 0.024287671 0.999685049 -0.006321762 2.849858761 -0.560920775 0.008392775 -0.827827215 211.515350342
-0.796246648 0.021448366 0.604592204 -179.961898804 0.023086403 0.999720633 -0.005061117 2.853548050 -0.604531884 0.009927960 -0.796519399 211.158630371
-0.761930943 0.019647362 0.647360206 -179.618865967 0.024004860 0.999709666 -0.002087885 2.843239784 -0.647213280 0.013948967 -0.762181401 210.828979492
-0.724087834 0.019737568 0.689425528 -179.238128662 0.026860595 0.999639094 -0.000407612 2.843448877 -0.689184725 0.018223232 -0.724356651 210.489562988
-0.681439519 0.022211131 0.731537282 -178.883575439 0.029925831 0.999549091 -0.002472152 2.843569756 -0.731262326 0.020207237 -0.681796908 210.167587280
-0.636072874 0.022284146 0.771307349 -178.471435547 0.028238866 0.999585569 -0.005591725 2.834698439 -0.771112323 0.018224102 -0.636438489 209.868988037
-0.588307619 0.022582097 0.808321953 -178.022293091 0.026621325 0.999608994 -0.008550730 2.829984188 -0.808198988 0.016488142 -0.588678837 209.585250854
-0.539066195 0.022447869 0.841964245 -177.534179688 0.022676766 0.999669194 -0.012133729 2.821516275 -0.841958106 0.012552144 -0.539397001 209.318862915
-0.489221334 0.027107155 0.871738493 -177.046066284 0.022819174 0.999572515 -0.018276060 2.814122200 -0.871861279 0.010951316 -0.489630699 209.083526611
-0.438464880 0.032083381 0.898175657 -176.523727417 0.024579333 0.999416888 -0.023700826 2.806634903 -0.898412347 0.011684584 -0.438997746 208.845260620
-0.386932850 0.032030020 0.921551585 -175.986602783 0.023611221 0.999413013 -0.024822557 2.790150166 -0.921805680 0.012154296 -0.387461901 208.650756836
-0.334629297 0.028035739 0.941932797 -175.429870605 0.020012887 0.999543309 -0.022640724 2.768562078 -0.942137361 0.011274546 -0.335037589 208.483734131
-0.282152176 0.023620069 0.959079027 -174.844360352 0.013953268 0.999692142 -0.020515367 2.751258850 -0.959268332 0.007593832 -0.282394886 208.352203369
-0.230763793 0.021506060 0.972772241 -174.187789917 0.006492185 0.999767482 -0.020562779 2.744648695 -0.972988248 0.001570275 -0.230849743 208.224914551
-0.182915807 0.016706215 0.982986629 -173.563476562 -0.000042425 0.999855459 -0.017000800 2.730043888 -0.983128607 -0.003151418 -0.182888627 208.150665283
-0.141029954 0.011937843 0.989933372 -172.921508789 -0.001424435 0.999923825 -0.012261250 2.712149620 -0.990004301 -0.003139299 -0.141002178 208.088012695
-0.105702758 0.012039512 0.994324982 -172.275344849 -0.001923517 0.999922335 -0.012311770 2.690756321 -0.994395971 -0.003213988 -0.105671406 208.042572021
-0.076086998 0.017513597 0.996947348 -171.630050659 -0.004894875 0.999827147 -0.017937765 2.683831692 -0.997089148 -0.006244764 -0.075988054 208.009735107
-0.052446723 0.024140304 0.998331964 -170.959564209 -0.009926119 0.999645770 -0.024693536 2.666024685 -0.998574436 -0.011204653 -0.052188516 208.003112793
-0.033008337 0.030109432 0.999001443 -170.283996582 -0.013777221 0.999437451 -0.030577790 2.646610022 -0.999360144 -0.014772787 -0.032575011 207.994750977
-0.017552495 0.030423954 0.999383092 -169.581390381 -0.013566276 0.999437690 -0.030663887 2.635169983 -0.999754012 -0.014096128 -0.017129898 207.996368408
-0.007563233 0.023463376 0.999696076 -168.878967285 -0.011550304 0.999655962 -0.023549819 2.610898018 -0.999904692 -0.011724907 -0.007289529 207.997619629
-0.001419902 0.017857557 0.999839544 -168.145965576 -0.011031618 0.999779403 -0.017872149 2.581979275 -0.999938130 -0.011055225 -0.001222610 208.000015259
0.003633261 0.016662195 0.999854684 -167.414047241 -0.009177184 0.999819636 -0.016628264 2.558055878 -0.999951422 -0.009115433 0.003785491 208.007904053
0.007841468 0.019818982 0.999772906 -166.672561646 -0.007180028 0.999778926 -0.019762786 2.535055399 -0.999943554 -0.007023425 0.007982075 208.022689819
0.011912644 0.028954418 0.999509931 -165.948181152 -0.006039850 0.999564528 -0.028884018 2.507899761 -0.999910951 -0.005692798 0.012082338 208.030975342
0.015076816 0.036790483 0.999209225 -165.202819824 -0.005310509 0.999311686 -0.036714125 2.487220049 -0.999872208 -0.004752778 0.015261829 208.032821655
0.017640471 0.038377415 0.999107659 -164.434768677 -0.004003324 0.999257803 -0.038312502 2.463090658 -0.999836445 -0.003323902 0.017781019 208.050720215
0.019681871 0.032811970 0.999267757 -163.668182373 -0.001860407 0.999460816 -0.032781668 2.434366226 -0.999804616 -0.001213839 0.019732296 208.067993164
0.021796823 0.023708260 0.999481320 -162.874908447 -0.000721753 0.999718904 -0.023698157 2.397437096 -0.999762177 -0.000204833 0.021807790 208.087615967
0.024037063 0.020554209 0.999499738 -162.070358276 0.001032643 0.999787569 -0.020584961 2.371541977 -0.999710560 0.001526928 0.024010718 208.105743408
0.026477337 0.021555819 0.999417067 -161.275054932 0.004095058 0.999756753 -0.021671638 2.345479965 -0.999641120 0.004666480 0.026382625 208.127395630
0.029357791 0.023612818 0.999290109 -160.474060059 0.006268398 0.999696910 -0.023806591 2.319931507 -0.999549389 0.006962859 0.029200852 208.142471313
0.031447291 0.025443157 0.999181628 -159.645278931 0.007817744 0.999639094 -0.025700858 2.298104763 -0.999474943 0.008619572 0.031237066 208.176437378
0.033479989 0.025540655 0.999113142 -158.807510376 0.008357266 0.999631286 -0.025833957 2.267747164 -0.999404609 0.009214778 0.033254206 208.194625854
0.034971595 0.027340451 0.999014258 -157.973251343 0.005107070 0.999607801 -0.027535472 2.240646362 -0.999375284 0.006064994 0.034818232 208.233734131
0.035729647 0.028381741 0.998958468 -157.121856689 0.004040661 0.999584377 -0.028544046 2.212645292 -0.999353409 0.005056324 0.035600126 208.277908325
0.037236750 0.027538793 0.998927057 -156.253250122 0.004934439 0.999602973 -0.027741371 2.179955482 -0.999294400 0.005962146 0.037086070 208.313781738
0.038298726 0.022887418 0.999004304 -155.384643555 0.008208600 0.999696732 -0.023217978 2.153843403 -0.999232709 0.009089649 0.038099289 208.349243164
0.039023161 0.018710308 0.999063134 -154.498825073 0.008897749 0.999778509 -0.019071249 2.128846645 -0.999198735 0.009633635 0.038848042 208.397796631
0.041225195 0.018175172 0.998984575 -153.581222534 0.009498930 0.999782205 -0.018581677 2.095271826 -0.999104738 0.010255317 0.041043580 208.425567627
0.044814408 0.021242969 0.998769522 -152.691848755 0.014336341 0.999657273 -0.021905119 2.075339317 -0.998892546 0.015300365 0.044494510 208.462036133
0.048915863 0.021627590 0.998568773 -151.797454834 0.018090334 0.999582350 -0.022535717 2.045069695 -0.998639107 0.019166796 0.048504174 208.510528564
0.052975655 0.018569075 0.998423338 -150.884780884 0.018875390 0.999629855 -0.019593036 2.018610477 -0.998417556 0.019883582 0.052605510 208.556213379
0.057886779 0.015838884 0.998197615 -149.984161377 0.018261056 0.999690056 -0.016921550 1.993228197 -0.998156250 0.019207675 0.057579577 208.610992432
0.062493443 0.014946981 0.997933567 -149.089874268 0.017545743 0.999716878 -0.016072461 1.958162785 -0.997891247 0.018513909 0.062213540 208.677612305
0.067831993 0.014365816 0.997593343 -148.194732666 0.018887157 0.999698639 -0.015680378 1.931643248 -0.997518003 0.019905332 0.067540228 208.742675781
0.073430359 0.009718105 0.997253001 -147.297592163 0.018509617 0.999767005 -0.011105517 1.913151503 -0.997128606 0.019274253 0.073233366 208.803817749
0.078640103 0.006615411 0.996881187 -146.399749756 0.018849794 0.999789357 -0.008121699 1.894259930 -0.996724904 0.019429695 0.078498840 208.875869751
0.083947361 0.008019895 0.996437967 -145.506729126 0.017999860 0.999792278 -0.009563335 1.868714571 -0.996307671 0.018738560 0.083785534 208.951477051
0.088707387 0.016347423 0.995923698 -144.606933594 0.012128329 0.999773443 -0.017490894 1.849507809 -0.995984018 0.013630462 0.088489056 209.047363281
0.093947411 0.021926099 0.995335758 -143.726989746 0.009471508 0.999692500 -0.022916069 1.829512835 -0.995532155 0.011580237 0.093710840 209.135040283
0.098166406 0.020671813 0.994955361 -142.826156616 0.010130269 0.999711692 -0.021770129 1.797652245 -0.995118499 0.012216263 0.097928703 209.235504150
0.101725876 0.014714452 0.994703650 -141.918869019 0.006477076 0.999859631 -0.015453118 1.762835264 -0.994791389 0.008014753 0.101616263 209.337677002
0.103420079 0.010587696 0.994581521 -141.029022217 0.000723092 0.999942303 -0.010719954 1.732420683 -0.994637609 0.001827834 0.103406429 209.448486328
0.104383111 0.012177844 0.994462729 -140.148574829 -0.000665044 0.999925673 -0.012174937 1.707325935 -0.994537055 0.000609497 0.104383409 209.545379639
0.103687465 0.013879368 0.994513154 -139.271728516 -0.002530914 0.999903083 -0.013690718 1.687637925 -0.994606793 -0.001097470 0.103712499 209.650619507
0.103438616 0.015467075 0.994515538 -138.379837036 -0.005917544 0.999870956 -0.014934885 1.666736841 -0.994618237 -0.004340245 0.103516757 209.748947144
0.102915585 0.014961913 0.994577587 -137.500946045 -0.010663526 0.999845982 -0.013937742 1.639341116 -0.994632959 -0.009171293 0.103059292 209.847229004
0.102249742 0.017762760 0.994600177 -136.636871338 -0.017093653 0.999724329 -0.016096963 1.610988259 -0.994611919 -0.015355439 0.102525175 209.944458008
0.099835813 0.019222176 0.994818270 -135.756729126 -0.020406965 0.999642611 -0.017267436 1.587087870 -0.994794667 -0.018577311 0.100192368 210.048782349
0.098320901 0.023681507 0.994872987 -134.906311035 -0.022158928 0.999521077 -0.021602232 1.557847857 -0.994908035 -0.019921366 0.098798573 210.138366699
0.095875084 0.025760112 0.995060086 -134.062530518 -0.025583873 0.999398589 -0.023407394 1.524712086 -0.995064676 -0.023213299 0.096476495 210.235763550
0.094569623 0.026608305 0.995162547 -133.211929321 -0.026224639 0.999362409 -0.024228491 1.504476547 -0.995172739 -0.023806501 0.095207095 210.317138672
0.092484057 0.024317587 0.995417297 -132.387390137 -0.024694597 0.999450266 -0.022121739 1.470214963 -0.995408058 -0.022535514 0.093033731 210.397613525
0.089961827 0.022965487 0.995680392 -131.563018799 -0.026216010 0.999442279 -0.020683585 1.438283563 -0.995600104 -0.024242034 0.090513706 210.475967407
0.087252676 0.023276769 0.995914280 -130.767791748 -0.028066825 0.999387562 -0.020898994 1.411158442 -0.995790780 -0.026128657 0.087852538 210.553466797
0.084372818 0.022595072 0.996178031 -129.982589722 -0.033086572 0.999255121 -0.019862549 1.380152941 -0.995884776 -0.031284258 0.085057557 210.630233765
0.080575049 0.022426318 0.996496320 -129.217681885 -0.034289759 0.999217451 -0.019714944 1.354084015 -0.996158659 -0.032581080 0.081280947 210.695678711
0.075165331 0.022908324 0.996908009 -128.453994751 -0.033625197 0.999225736 -0.020426296 1.329100609 -0.996604085 -0.031985871 0.075877428 210.766418457
0.069104433 0.025670107 0.997279108 -127.727493286 -0.034001745 0.999148667 -0.023362150 1.304301262 -0.997029841 -0.032294802 0.069918454 210.824310303
0.062355816 0.027413636 0.997677565 -127.026779175 -0.033522487 0.999116242 -0.025357977 1.271142006 -0.997491002 -0.031863406 0.063219666 210.871002197
0.056475282 0.028017819 0.998010874 -126.339950562 -0.031690195 0.999152780 -0.026256597 1.248931170 -0.997901022 -0.030144306 0.057315350 210.911636353
0.051181495 0.027095482 0.998321831 -125.681030273 -0.029150255 0.999246478 -0.025626116 1.217596769 -0.998263955 -0.027789749 0.051932752 210.944458008
0.045657039 0.027939189 0.998566449 -125.048645020 -0.025006920 0.999327540 -0.026817104 1.189764977 -0.998644173 -0.023746679 0.046324968 210.968383789
0.039946675 0.028457763 0.998796523 -124.422866821 -0.022408487 0.999368489 -0.027577836 1.154530883 -0.998950541 -0.021279875 0.040559113 210.984756470
0.033634126 0.030720593 0.998962104 -123.792556763 -0.023055758 0.999285340 -0.029954268 1.133388638 -0.999168396 -0.022024335 0.034318388 211.008666992
0.027483821 0.033971094 0.999044895 -123.180328369 -0.020787917 0.999225676 -0.033405364 1.106770277 -0.999406099 -0.019849954 0.028168738 211.026229858
0.021748424 0.035066500 0.999148488 -122.575195312 -0.020674821 0.999186754 -0.034617819 1.073986053 -0.999549866 -0.019904327 0.022455692 211.046264648
0.017050803 0.035536062 0.999223053 -121.958282471 -0.020814165 0.999164283 -0.035178799 1.035778999 -0.999638081 -0.020198159 0.017776191 211.054962158
0.012033820 0.036152154 0.999274015 -121.352859497 -0.023373522 0.999083340 -0.035863779 1.020097375 -0.999654531 -0.022924965 0.012867808 211.064666748
0.008342445 0.033260167 0.999411881 -120.747558594 -0.022156036 0.999207497 -0.033068419 1.008336425 -0.999719739 -0.021867134 0.009072721 211.071838379
0.007472277 0.024658382 0.999668121 -120.143356323 -0.019346649 0.999512374 -0.024509929 0.979340911 -0.999785066 -0.019157078 0.007945716 211.070404053
0.006213367 0.019568941 0.999789238 -119.546844482 -0.017778734 0.999652624 -0.019455779 0.956053138 -0.999822676 -0.017654099 0.006559074 211.082153320
0.006603301 0.015856082 0.999852598 -118.961868286 -0.017962370 0.999714851 -0.015735267 0.926976204 -0.999816954 -0.017855814 0.006886244 211.093872070
0.008696496 0.009009042 0.999921739 -118.361373901 -0.022177117 0.999715209 -0.008814302 0.916067123 -0.999716341 -0.022098724 0.008893788 211.118728638
0.012547016 0.004604995 0.999910831 -117.747863770 -0.022106929 0.999746263 -0.004326833 0.900619507 -0.999677002 -0.022050664 0.012645662 211.110351562
0.017969608 0.006155623 0.999819636 -117.166763306 -0.016862014 0.999840677 -0.005852694 0.882705808 -0.999696434 -0.016753800 0.018070519 211.119537354
0.026386976 0.009369649 0.999607921 -116.583068848 -0.008427607 0.999922633 -0.009150133 0.867220998 -0.999616265 -0.008182857 0.026463866 211.130004883
0.038141012 0.014159361 0.999172151 -116.008712769 -0.003395279 0.999895692 -0.014040008 0.844174623 -0.999266684 -0.002856966 0.038185120 211.156784058
0.054584205 0.022737427 0.998250365 -115.443603516 0.001834441 0.999736726 -0.022871591 0.832642436 -0.998507619 0.003079663 0.054528117 211.186706543
0.074825227 0.024722138 0.996890306 -114.873687744 0.005494333 0.999667227 -0.025203407 0.820736885 -0.997181714 0.007363101 0.074664474 211.244598389
0.097866595 0.022475870 0.994945705 -114.288696289 0.009275152 0.999680936 -0.023495177 0.796372414 -0.995156288 0.011527667 0.097626925 211.304351807
0.121593773 0.023132516 0.992310345 -113.727096558 0.008035550 0.999672711 -0.024288790 0.769823313 -0.992547393 0.010927126 0.121368110 211.392608643
0.147945762 0.027448781 0.988614619 -113.162048340 0.008046056 0.999548316 -0.028956447 0.751210928 -0.988962829 0.012238435 0.147658110 211.485733032
0.177948058 0.027194833 0.983664095 -112.620666504 0.007578680 0.999550521 -0.029005047 0.727762699 -0.984010756 0.012616267 0.177662015 211.601470947
0.212552011 0.024042355 0.976853967 -112.078323364 0.007290742 0.999630392 -0.026189309 0.698669910 -0.977122605 0.012688581 0.212298155 211.716491699
0.249830008 0.021278059 0.968055964 -111.533126831 0.005996399 0.999705374 -0.023521235 0.677361250 -0.968271196 0.011681160 0.249628842 211.857482910
0.287599981 0.017918460 0.957583010 -111.003921509 0.000369457 0.999822795 -0.018819822 0.665548682 -0.957750559 0.005766365 0.287542403 212.063980103
0.328370571 0.013184925 0.944457054 -110.519058228 -0.003743512 0.999912858 -0.012657557 0.638840556 -0.944541633 0.000620785 0.328391314 212.276321411
0.372643709 0.013808219 0.927871764 -110.021896362 -0.004538947 0.999904454 -0.013057290 0.631876469 -0.927963376 0.000654157 0.372670829 212.504257202
0.417602122 0.012627990 0.908542275 -109.542984009 -0.005006541 0.999920249 -0.011596864 0.606295705 -0.908616245 0.000294222 0.417632043 212.758102417
0.465388477 0.012834067 0.885013580 -109.051956177 -0.005363835 0.999917388 -0.011679753 0.592462897 -0.885090411 0.000688558 0.465418875 213.028457642
0.511928737 0.015619491 0.858886003 -108.593360901 -0.006542561 0.999876559 -0.014283898 0.592310071 -0.859003067 0.001693025 0.511967778 213.338836670
0.557940960 0.019044783 0.829662085 -108.203506470 -0.005545939 0.999799907 -0.019220674 0.569611073 -0.829862118 0.006122746 0.557934880 213.638717651
0.602994740 0.023110433 0.797410369 -107.796272278 -0.005698791 0.999679565 -0.024663195 0.556603909 -0.797724843 0.010327504 0.602933228 213.983062744
0.646670520 0.026374595 0.762313366 -107.404365540 -0.007974320 0.999581158 -0.027818996 0.542397976 -0.762727797 0.011910794 0.646610022 214.351654053
0.687639713 0.026252734 0.725577235 -107.034523010 -0.006867930 0.999536574 -0.029656257 0.533020496 -0.726019561 0.015409608 0.687501371 214.745559692
0.726431131 0.019900350 0.686951160 -106.666519165 -0.000926166 0.999608099 -0.027978348 0.518485308 -0.687238693 0.019688113 0.726164818 215.153823853
0.761562169 0.011758370 0.647985220 -106.402770996 0.003081840 0.999758422 -0.021763679 0.490304112 -0.648084581 0.018571381 0.761341929 215.527450562
0.794166088 0.007657889 0.607652545 -106.089080811 0.003560075 0.999844790 -0.017253269 0.472623587 -0.607690334 0.015865250 0.794015586 215.977249146
0.823872745 0.009101759 0.566701710 -105.814407349 0.000235774 0.999865472 -0.016401540 0.461318851 -0.566774726 0.013646397 0.823759794 216.439392090
0.851756096 0.005826667 0.523906112 -105.569046021 0.003861210 0.999841213 -0.017397298 0.443194270 -0.523924291 0.016841166 0.851598322 216.884704590
0.876649797 0.006202448 0.481089085 -105.351112366 0.003357312 0.999813676 -0.019007875 0.431803524 -0.481117368 0.018278416 0.876465678 217.350906372
0.898766100 0.007051059 0.438371778 -105.146995544 0.001238878 0.999825835 -0.018621847 0.419131100 -0.438426733 0.017279774 0.898600817 217.826507568
0.918013752 0.011100613 0.396393180 -104.983909607 -0.004536356 0.999836683 -0.017493650 0.401830673 -0.396522611 0.014261232 0.917914212 218.291549683
0.935056210 0.016061015 0.354135454 -104.831695557 -0.011535460 0.999822617 -0.014886576 0.385926187 -0.354311734 0.009834670 0.935075641 218.755126953
0.948808134 0.019574385 0.315245956 -104.682571411 -0.016430344 0.999785244 -0.012628039 0.380445480 -0.315425426 0.006801988 0.948925972 219.262100220
0.959153354 0.024721930 0.281804323 -104.572906494 -0.023099605 0.999691963 -0.009078112 0.371610522 -0.281941950 0.002197734 0.959428966 219.757003784
0.966604233 0.032329191 0.254226446 -104.471336365 -0.031872898 0.999474406 -0.005914884 0.360687494 -0.254284054 -0.002385580 0.967126667 220.257949829
0.971432090 0.044381637 0.233130753 -104.387504578 -0.044600103 0.998995483 -0.004336989 0.351507127 -0.233089060 -0.006184565 0.972435713 220.764923096
0.974583626 0.053069673 0.217647284 -104.299011230 -0.053934887 0.998542488 -0.001967701 0.335006714 -0.217434496 -0.009821092 0.976025522 221.275131226
0.976768672 0.054452788 0.207262874 -104.187492371 -0.055129960 0.998476028 -0.002511728 0.338553786 -0.207083791 -0.008973016 0.978282034 221.828857422
0.978288651 0.055218097 0.199755430 -104.092948914 -0.055606250 0.998446047 -0.003671116 0.334065557 -0.199647725 -0.007516238 0.979838908 222.330108643
0.979157031 0.054030396 0.195786282 -103.998069763 -0.054059174 0.998524189 -0.005200761 0.328705430 -0.195778340 -0.005491683 0.980632782 222.822372437
0.978927791 0.058417115 0.195672601 -103.911468506 -0.058544952 0.998271585 -0.005135425 0.314277411 -0.195634395 -0.006428433 0.980655849 223.327728271
0.978458822 0.060974330 0.197232068 -103.817100525 -0.060995918 0.998120129 -0.005971214 0.303426862 -0.197225392 -0.006187763 0.980338633 223.831115723
0.977788687 0.057418179 0.201574892 -103.713874817 -0.056916371 0.998344541 -0.008289440 0.293026686 -0.201717153 -0.003367591 0.979438007 224.314178467
0.975946188 0.052943859 0.211485311 -103.578994751 -0.051770974 0.998597503 -0.011083132 0.282517910 -0.211775482 -0.000132261 0.977318347 224.823623657
0.972443461 0.049003169 0.227930725 -103.455513000 -0.047675215 0.998798609 -0.011331722 0.272394538 -0.228212178 0.000152813 0.973611414 225.295989990
0.967316151 0.048411593 0.248909235 -103.330795288 -0.047443856 0.998824954 -0.009889149 0.261259079 -0.249095500 -0.002243279 0.968476355 225.761764526
0.959725022 0.050406713 0.276382178 -103.190582275 -0.050303090 0.998706043 -0.007469219 0.256905079 -0.276401043 -0.006734480 0.961018801 226.218658447
0.949518144 0.048443694 0.309949279 -103.034454346 -0.050561581 0.998720229 -0.001202001 0.242640376 -0.309610814 -0.014530203 0.950752318 226.646621704
0.937304735 0.042357970 0.345927179 -102.840820312 -0.047410745 0.998856544 0.006153846 0.240798116 -0.345270962 -0.022168692 0.938241184 227.075134277
0.922299981 0.021259382 0.385889709 -102.640365601 -0.026305152 0.999623537 0.007799796 0.215647936 -0.385578603 -0.017344639 0.922511935 227.438583374
0.903396785 0.010808523 0.428669363 -102.419998169 -0.013168197 0.999910057 0.002539384 0.202522963 -0.428603381 -0.007938874 0.903457880 227.785064697
0.880021214 0.011695587 0.474790335 -102.198188782 -0.009447851 0.999930024 -0.007119899 0.183195353 -0.474840373 0.001779914 0.880070150 228.112915039
0.852237523 0.023673594 0.522619128 -101.980789185 -0.017197959 0.999703467 -0.017239761 0.172042012 -0.522872269 0.005704390 0.852391958 228.435760498
0.819976807 0.037375845 0.571175218 -101.747024536 -0.029702673 0.999299824 -0.022749890 0.163247824 -0.571625590 0.001688953 0.820512891 228.749725342
0.783144653 0.041498356 0.620453358 -101.489715576 -0.035702936 0.999125481 -0.021760704 0.158848524 -0.620813847 -0.005110227 0.783941388 229.042175293
0.744320393 0.033156343 0.666999102 -101.191360474 -0.029426249 0.999425054 -0.016843684 0.150040984 -0.667174101 -0.007090183 0.744868100 229.305725098
0.703754663 0.020590423 0.710144579 -100.887664795 -0.017383013 0.999779701 -0.011761703 0.137760401 -0.710230350 -0.004067099 0.703957558 229.511962891
0.659845471 0.015934009 0.751232386 -100.571166992 -0.012012026 0.999871075 -0.010656988 0.120006382 -0.751305282 -0.001991859 0.659951806 229.728179932
0.614216924 0.016001238 0.788975060 -100.252029419 -0.008576809 0.999870718 -0.013601378 0.106802225 -0.789090693 0.001587308 0.614274740 229.916793823
0.566931605 0.017550491 0.823577940 -99.924537659 -0.005843004 0.999833524 -0.017284321 0.092526317 -0.823744178 0.004986859 0.566939712 230.095581055
0.521004617 0.018996492 0.853342474 -99.593147278 -0.002688001 0.999783874 -0.020615317 0.083110809 -0.853549659 0.008446890 0.520943046 230.245635986
0.476792872 0.021663267 0.878748715 -99.283477783 -0.004441636 0.999742866 -0.022236114 0.074839115 -0.879004478 0.006698941 0.476766527 230.393127441
0.436484337 0.022669282 0.899426281 -98.942230225 -0.007386798 0.999739110 -0.021612830 0.069347858 -0.899681568 0.002789783 0.436537921 230.531936646
0.396100402 0.023730079 0.917900622 -98.585525513 -0.010453350 0.999717772 -0.021334343 0.068580747 -0.918147802 -0.001144592 0.396236658 230.658447266
0.355107546 0.022733387 0.934549034 -98.208724976 -0.010834111 0.999737203 -0.020202404 0.055939913 -0.934762716 -0.002950979 0.355260551 230.775634766
0.315846920 0.019028572 0.948619366 -97.810287476 -0.007894011 0.999816954 -0.017427212 0.043294072 -0.948777378 -0.001984081 0.315939307 230.884063721
0.279855549 0.015216758 0.959921479 -97.403961182 -0.003842641 0.999884129 -0.014729965 0.027625322 -0.960034430 0.000433629 0.279881597 230.970306396
0.245907843 0.014825989 0.969179928 -96.990676880 -0.000619318 0.999885201 -0.015138566 0.015014172 -0.969293118 0.003122462 0.245888770 231.050292969
0.216988027 0.016624982 0.976032734 -96.567687988 0.002022924 0.999845147 -0.017480314 0.000524998 -0.976172209 0.005767459 0.216920793 231.121520996
0.194140732 0.020207206 0.980765641 -96.125747681 0.004243848 0.999761164 -0.021438645 -0.009031296 -0.980964601 0.008324336 0.194008589 231.191299438
0.175412238 0.024374723 0.984193325 -95.669586182 0.003425006 0.999672294 -0.025368515 -0.022370815 -0.984489143 0.007820816 0.175271273 231.265701294
0.159215033 0.028470019 0.986833394 -95.199752808 0.002201489 0.999571383 -0.029192697 -0.036138058 -0.987241507 0.006820419 0.159084082 231.335205078
0.144068241 0.032741103 0.989026070 -94.717086792 0.000877277 0.999447882 -0.033213906 -0.051232338 -0.989567459 0.005652721 0.143959939 231.400054932
0.128566504 0.035563044 0.991063118 -94.209197998 0.000547509 0.999354124 -0.035931583 -0.070889235 -0.991700828 0.005162217 0.128463984 231.464218140
0.114787161 0.036635604 0.992714286 -93.694122314 0.003589135 0.999297917 -0.037293576 -0.090191603 -0.993383586 0.007843809 0.114575088 231.503814697
0.103293121 0.035580244 0.994014502 -93.155593872 0.008009306 0.999297857 -0.036601655 -0.111459732 -0.994618833 0.011742068 0.102935612 231.549224854
0.095994830 0.033816244 0.994807303 -92.594253540 0.011563897 0.999317408 -0.035085429 -0.131260395 -0.995314717 0.014871869 0.095538259 231.592285156
0.092787504 0.031767458 0.995179117 -92.017196655 0.013437909 0.999359906 -0.033153828 -0.149818420 -0.995595336 0.016449388 0.092301190 231.642700195
0.092524648 0.028438672 0.995304286 -91.424850464 0.013961858 0.999456704 -0.029855236 -0.177030563 -0.995612621 0.016658645 0.092077315 231.695434570
0.091679692 0.025463203 0.995463133 -90.816070557 0.013339621 0.999551892 -0.026796347 -0.198482513 -0.995699346 0.015735785 0.091298938 231.753753662
0.089723647 0.024844941 0.995656788 -90.193023682 0.012480906 0.999582291 -0.026067615 -0.221279383 -0.995888531 0.014765582 0.089376092 231.814483643
0.088406861 0.024805691 0.995775700 -89.563446045 0.011840783 0.999593079 -0.025952039 -0.240688086 -0.996014237 0.014085103 0.088077188 231.867431641
0.087281287 0.025483385 0.995857835 -88.905303955 0.011571280 0.999579370 -0.026592780 -0.258040667 -0.996116638 0.013844404 0.086949706 231.921463013
0.084807158 0.027231811 0.996025264 -88.237014771 0.011756601 0.999529541 -0.028328646 -0.280705929 -0.996328115 0.014112345 0.084447086 231.980422974
0.082100332 0.029956169 0.996173799 -87.558883667 0.010910331 0.999461234 -0.030954212 -0.301213741 -0.996564388 0.013409940 0.081729293 232.039535522
0.079638839 0.031768095 0.996317446 -86.862884521 0.010469722 0.999410272 -0.032703590 -0.327971458 -0.996768832 0.013035642 0.079259276 232.095870972
0.076951325 0.032897498 0.996492088 -86.152481079 0.010217157 0.999377012 -0.033781733 -0.356126308 -0.996982634 0.012780866 0.076567233 232.147583008
0.074779391 0.032900702 0.996657193 -85.416427612 0.008122139 0.999402344 -0.033600725 -0.380429983 -0.997166991 0.010607629 0.074467480 232.214828491
0.072685957 0.032568425 0.996823072 -84.670806885 0.007311635 0.999422431 -0.033186503 -0.405640125 -0.997328162 0.009700602 0.072405815 232.272796631
0.070218921 0.030835545 0.997055054 -83.918914795 0.007547014 0.999477088 -0.031441964 -0.439382553 -0.997503221 0.009732612 0.069949448 232.328796387
0.067788959 0.029737655 0.997256458 -83.154647827 0.007922097 0.999508142 -0.030343309 -0.467519999 -0.997668266 0.009957305 0.067520022 232.387069702
0.065034211 0.028657857 0.997471571 -82.359176636 0.009083272 0.999529123 -0.029309196 -0.497160196 -0.997841835 0.010966408 0.064743280 232.436218262
0.062139750 0.027946111 0.997676075 -81.575912476 0.009639513 0.999544501 -0.028598838 -0.528048754 -0.998020887 0.011394234 0.061842084 232.487899780
0.059912801 0.028238488 0.997804284 -80.782699585 0.009824065 0.999534667 -0.028877350 -0.559545040 -0.998155475 0.011532621 0.059607506 232.535415649
0.058171809 0.028059687 0.997912228 -79.981567383 0.012920291 0.999500036 -0.028857505 -0.588834524 -0.998223007 0.014572010 0.057780206 232.578613281
0.056421936 0.028339542 0.998004794 -79.166793823 0.014055612 0.999475479 -0.029175939 -0.614991903 -0.998308182 0.015673732 0.055993974 232.623779297
0.054785967 0.029210066 0.998070776 -78.339538574 0.014355535 0.999445677 -0.030038306 -0.644478798 -0.998394907 0.015973516 0.054336250 232.674102783
0.053392351 0.031309254 0.998082697 -77.506164551 0.013999788 0.999386668 -0.032099079 -0.674587250 -0.998475552 0.015686793 0.052921295 232.720397949
0.051683605 0.034490336 0.998067737 -76.681640625 0.012660888 0.999300480 -0.035188563 -0.711822987 -0.998583257 0.014455096 0.051210821 232.765563965
0.049747646 0.036760807 0.998085141 -75.861389160 0.011043224 0.999241054 -0.037353814 -0.746384621 -0.998700857 0.012880343 0.049303949 232.807678223
0.047756493 0.038285945 0.998124957 -74.996200562 0.008993014 0.999208152 -0.038757775 -0.789461851 -0.998818517 0.010827087 0.047374368 232.859344482
0.046661735 0.037674151 0.998200119 -74.136718750 0.010023786 0.999220550 -0.038181242 -0.827983618 -0.998860538 0.011787349 0.046247780 232.896041870
0.046171486 0.036013361 0.998284161 -73.266189575 0.010422546 0.999278128 -0.036531273 -0.866112947 -0.998879135 0.012091365 0.045762777 232.940444946
0.047772288 0.032895785 0.998316407 -72.392318726 0.012917302 0.999353647 -0.033548094 -0.897857428 -0.998774707 0.014498224 0.047316492 232.978515625
0.049722552 0.030203026 0.998306453 -71.511718750 0.015265101 0.999402940 -0.030996513 -0.943396568 -0.998646557 0.016780475 0.049231827 233.024597168
0.053012252 0.029145718 0.998168468 -70.629318237 0.018193014 0.999379873 -0.030147314 -0.978428364 -0.998428166 0.019757872 0.052449107 233.067733765
0.056067884 0.028811857 0.998011291 -69.757354736 0.019243326 0.999366701 -0.029932076 -1.017183781 -0.998241603 0.020883285 0.055477977 233.125335693
0.059825480 0.029395092 0.997776031 -68.866317749 0.020328943 0.999323130 -0.030659575 -1.058537006 -0.998001873 0.022117954 0.059187412 233.175537109
0.062996984 0.031638857 0.997512102 -68.001815796 0.019962758 0.999257445 -0.032954946 -1.091982841 -0.997814059 0.021989154 0.062318563 233.226013184
0.065767467 0.033862196 0.997260332 -67.129104614 0.018751765 0.999205589 -0.035164896 -1.133327007 -0.997658908 0.021013100 0.065080225 233.285690308
0.067605317 0.033890303 0.997136414 -66.257675171 0.018847672 0.999201179 -0.035238344 -1.175748348 -0.997534096 0.021176001 0.066912591 233.348724365
0.068879366 0.035067093 0.997008502 -65.383987427 0.016078092 0.999213219 -0.036255408 -1.218426228 -0.997495413 0.018527243 0.068261385 233.413391113
0.069808304 0.034648437 0.996958554 -64.512863159 0.014717328 0.999252081 -0.035758674 -1.260253429 -0.997451842 0.017168816 0.069246113 233.485961914
0.071586430 0.030966317 0.996953666 -63.646194458 0.013093331 0.999402642 -0.031982560 -1.298346043 -0.997348487 0.015342963 0.071138203 233.548141479
0.073305845 0.022257248 0.997061133 -62.778823853 0.011047789 0.999671459 -0.023127774 -1.337164640 -0.997248292 0.012710721 0.073035836 233.621536255
0.075047851 0.017832456 0.997020483 -61.914642334 0.015970552 0.999690354 -0.019082347 -1.369684696 -0.997052014 0.017355058 0.074739873 233.682174683
0.077138126 0.021514025 0.996788442 -61.061569214 0.016103860 0.999609828 -0.022821153 -1.401380062 -0.996890545 0.017812524 0.076761544 233.749420166
0.077596962 0.032212645 0.996464312 -60.225784302 0.012989704 0.999360383 -0.033317804 -1.428321123 -0.996900201 0.015529137 0.077128887 233.831329346
0.079209447 0.040272292 0.996044338 -59.368209839 0.013781793 0.999043882 -0.041489564 -1.470939636 -0.996762872 0.017013647 0.078578651 233.897766113
0.080120265 0.040289208 0.995970666 -58.531951904 0.016718460 0.998987973 -0.041756172 -1.516369820 -0.996644974 0.019996610 0.079365611 233.958221436
0.079828680 0.033414323 0.996248484 -57.673599243 0.018593643 0.999214172 -0.035003696 -1.554730892 -0.996635258 0.021318190 0.079144657 234.026626587
0.079088211 0.024504054 0.996566534 -56.821517944 0.016718838 0.999524653 -0.025903612 -1.595361471 -0.996727526 0.018710105 0.078640938 234.096969604
0.078455448 0.022304213 0.996668041 -55.977874756 0.016680276 0.999580383 -0.023682419 -1.634104252 -0.996778071 0.018482715 0.078050494 234.166870117
0.078426898 0.026216971 0.996575117 -55.159225464 0.019498104 0.999422610 -0.027826311 -1.668417931 -0.996729195 0.021613656 0.077870429 234.228332520
0.078988731 0.030207148 0.996417761 -54.329452515 0.022201484 0.999239564 -0.032052666 -1.702206135 -0.996628284 0.024653751 0.078257978 234.291687012
0.079867780 0.030245228 0.996346474 -53.505584717 0.023709686 0.999199152 -0.032232404 -1.736011028 -0.996523440 0.026197392 0.079086721 234.357376099
0.081255317 0.026562825 0.996339262 -52.679519653 0.022819858 0.999333203 -0.028503688 -1.775084496 -0.996432006 0.025052395 0.080594957 234.426391602
0.082292140 0.024702344 0.996302128 -51.861312866 0.021818254 0.999408543 -0.026581502 -1.813283682 -0.996369421 0.023925019 0.081704497 234.497299194
0.083554208 0.025763912 0.996170104 -51.048965454 0.021387005 0.999389112 -0.027641010 -1.843298197 -0.996273696 0.023614619 0.082952142 234.570114136
0.084789693 0.028570767 0.995989323 -50.245117188 0.021259204 0.999309421 -0.030475836 -1.878394127 -0.996172190 0.023757977 0.084123731 234.641601562
0.085994601 0.030627057 0.995824814 -49.442764282 0.022325836 0.999217153 -0.032659344 -1.911892891 -0.996045470 0.025041148 0.085243464 234.711746216
0.087070823 0.030588467 0.995732546 -48.641632080 0.022481181 0.999213636 -0.032661255 -1.944279671 -0.995948553 0.025229087 0.086314678 234.786514282
0.088010371 0.028921330 0.995699644 -47.846862793 0.023262078 0.999246180 -0.031080492 -1.981233120 -0.995847940 0.025897451 0.087271273 234.853759766
0.089237571 0.026852764 0.995648324 -47.058273315 0.023043573 0.999313295 -0.029016949 -2.015011787 -0.995743752 0.025532696 0.088557482 234.927276611
0.090443969 0.025872089 0.995565474 -46.270324707 0.023078851 0.999339581 -0.028066810 -2.051398277 -0.995634139 0.025514983 0.089787126 235.004196167
0.091668725 0.025432128 0.995464921 -45.498489380 0.023725070 0.999334276 -0.027715744 -2.083899498 -0.995507061 0.026158141 0.091004312 235.081893921
0.092918873 0.025487551 0.995347321 -44.743499756 0.022634348 0.999359906 -0.027703285 -2.120198011 -0.995416284 0.025103195 0.092282474 235.156402588
0.093842030 0.025512166 0.995260179 -43.994262695 0.020295333 0.999414861 -0.027532293 -2.151987314 -0.995380223 0.022782825 0.093269289 235.223510742
0.094687045 0.025875999 0.995170832 -43.266128540 0.017545344 0.999463499 -0.027656997 -2.180090904 -0.995352507 0.020079374 0.094182253 235.302566528
0.095464945 0.026777716 0.995072663 -42.554519653 0.014301541 0.999498069 -0.028268864 -2.212477207 -0.995330155 0.016929759 0.095034063 235.386856079
0.096320510 0.027554587 0.994968951 -41.852203369 0.010699246 0.999530315 -0.028716678 -2.249031782 -0.995292902 0.013411421 0.095980465 235.462295532
0.095733225 0.029300194 0.994975746 -41.171676636 0.007029758 0.999521852 -0.030110450 -2.278349638 -0.995382249 0.009877010 0.095481455 235.541992188
0.095616341 0.030294059 0.994957149 -40.478363037 0.004750707 0.999511540 -0.030889276 -2.313711643 -0.995406926 0.007680270 0.095425725 235.609359741
0.094895720 0.030755142 0.995012105 -39.787094116 0.003475719 0.999506295 -0.031225543 -2.343668461 -0.995481193 0.006421556 0.094742000 235.679168701
0.094275415 0.031175157 0.995058000 -39.114593506 -0.000060396 0.999509752 -0.031308912 -2.372239828 -0.995546281 0.002891567 0.094231129 235.746841431
0.093023896 0.029754335 0.995219231 -38.430511475 -0.000744347 0.999555171 -0.029814394 -2.398739815 -0.995663643 0.002032666 0.093004644 235.822601318
0.092137158 0.027412239 0.995368898 -37.741531372 0.000218505 0.999620438 -0.027549550 -2.429928303 -0.995746315 0.002755831 0.092096210 235.884933472
0.090594292 0.025333665 0.995565653 -37.072448730 0.002280191 0.999668479 -0.025645562 -2.460734606 -0.995885313 0.004593422 0.090506494 235.944381714
0.088267088 0.025380701 0.995773554 -36.414505005 0.003648841 0.999660373 -0.025803214 -2.489688158 -0.996090233 0.005910996 0.088144541 236.006729126
0.086227536 0.026793158 0.995915115 -35.762130737 0.003395529 0.999624610 -0.027186943 -2.519730091 -0.996269643 0.005725922 0.086104155 236.063247681
0.084085107 0.029481888 0.996022403 -35.134567261 0.003467076 0.999547541 -0.029878924 -2.544294357 -0.996452570 0.005965658 0.083944857 236.120178223
0.081732333 0.031544998 0.996155143 -34.526580811 0.003229720 0.999485373 -0.031915452 -2.568452358 -0.996649206 0.005825831 0.081588387 236.166946411
0.078631878 0.031945635 0.996391892 -33.931976318 0.003565012 0.999471009 -0.032325700 -2.594905376 -0.996897459 0.006093984 0.078476369 236.215057373
0.074446380 0.031339526 0.996732533 -33.362121582 0.002603206 0.999496520 -0.031620871 -2.623394966 -0.997221708 0.004948762 0.074327350 236.261337280
0.069701672 0.030727541 0.997094572 -32.806015015 0.002338452 0.999517739 -0.030965688 -2.647735834 -0.997565210 0.004490021 0.069596231 236.300140381
0.064454615 0.028271066 0.997520208 -32.272949219 0.000843070 0.999596715 -0.028384395 -2.679867983 -0.997920394 0.002670488 0.064404786 236.334808350
0.057921588 0.026759036 0.997962594 -31.757583618 -0.000170738 0.999640942 -0.026794134 -2.702892780 -0.998321295 0.001381572 0.057905376 236.367782593
0.050493360 0.027219130 0.998353541 -31.265426636 -0.000648112 0.999629200 -0.027221132 -2.725533485 -0.998724341 0.000727445 0.050492287 236.395751953
0.042705595 0.027740868 0.998702586 -30.788406372 -0.000761044 0.999615073 -0.027733672 -2.750325441 -0.999087512 0.000424329 0.042710245 236.412734985
0.034347355 0.027505852 0.999031544 -30.322723389 0.000603907 0.999620438 -0.027542833 -2.770281076 -0.999409974 0.001549349 0.034317672 236.428176880
0.026043653 0.026708145 0.999304116 -29.881729126 0.002187602 0.999639094 -0.026774114 -2.790546179 -0.999658525 0.002883377 0.025975823 236.417572021
0.016537428 0.026744500 0.999505639 -29.452804565 0.003234740 0.999635518 -0.026801502 -2.806997061 -0.999858141 0.003676371 0.016444862 236.420074463
0.007113874 0.027299093 0.999602079 -29.037521362 0.003605109 0.999620080 -0.027325243 -2.826069355 -0.999968290 0.003798066 0.007012784 236.421463013
-0.002415419 0.026699273 0.999640703 -28.637207031 0.004222942 0.999634862 -0.026688918 -2.843166828 -0.999988317 0.004156962 -0.002527356 236.411651611
-0.012489200 0.025716502 0.999591291 -28.249969482 0.004578384 0.999660194 -0.025661072 -2.859327316 -0.999911547 0.004256025 -0.012602687 236.401062012
-0.022629023 0.024123807 0.999452829 -27.889099121 0.003722489 0.999703944 -0.024045585 -2.876055956 -0.999736965 0.003176324 -0.022712111 236.382522583
-0.033632517 0.022751864 0.999175370 -27.537109375 0.004780977 0.999733090 -0.022603638 -2.886847973 -0.999422967 0.004016819 -0.033732295 236.361419678
-0.045268536 0.024110515 0.998683989 -27.208557129 0.009436019 0.999674439 -0.023706712 -2.900698900 -0.998930395 0.008350433 -0.045481324 236.337112427
-0.056933761 0.026119784 0.998036206 -26.902297974 0.015699733 0.999557555 -0.025263995 -2.913920403 -0.998254538 0.014230529 -0.057318568 236.303771973
-0.069048643 0.025491739 0.997287631 -26.600524902 0.021607554 0.999477208 -0.024051679 -2.932580709 -0.997379363 0.019888209 -0.069563389 236.264114380
-0.080949187 0.023413913 0.996443212 -26.326995850 0.023491232 0.999491155 -0.021577150 -2.942473650 -0.996441424 0.021661028 -0.081457973 236.229125977
-0.093629956 0.021212894 0.995381117 -26.072280884 0.023367822 0.999544382 -0.019103542 -2.952137947 -0.995332837 0.021471227 -0.094082952 236.199600220
-0.106494427 0.020485999 0.994102299 -25.834564209 0.020590721 0.999618769 -0.018393878 -2.956373215 -0.994100153 0.018510439 -0.106875658 236.167495728
-0.119750142 0.019397881 0.992614567 -25.635955811 0.018780831 0.999674439 -0.017270105 -2.965940475 -0.992626429 0.016574027 -0.120075464 236.131195068
-0.133124471 0.019217208 0.990913093 -25.445709229 0.018579122 0.999684691 -0.016891304 -2.971178055 -0.990925252 0.016161647 -0.133439541 236.095855713
-0.146154761 0.021100065 0.989036739 -25.281372070 0.020125838 0.999629021 -0.018351946 -2.979382515 -0.989057004 0.017222967 -0.146525264 236.054779053
-0.160294414 0.025200054 0.986747682 -25.120849609 0.021179918 0.999531686 -0.022085927 -2.985376120 -0.986842155 0.017358985 -0.160753131 236.021575928
-0.172902465 0.028321769 0.984531641 -24.963043213 0.023483295 0.999420881 -0.024625968 -2.994196415 -0.984658897 0.018862152 -0.173467517 235.974838257
-0.186130166 0.028645217 0.982107580 -24.797821045 0.028117683 0.999320805 -0.023818390 -3.003350973 -0.982122838 0.023181269 -0.186809182 235.924606323
-0.200442433 0.027453402 0.979320765 -24.638946533 0.031155510 0.999280334 -0.021636177 -3.011675358 -0.979209960 0.026174430 -0.201153517 235.871002197
-0.215091109 0.027645543 0.976202726 -24.479858398 0.032654338 0.999243915 -0.021103185 -3.016448498 -0.976047993 0.027338145 -0.215831280 235.824996948
-0.228921294 0.028524125 0.973027110 -24.327789307 0.032805301 0.999228895 -0.021574225 -3.025816441 -0.972892165 0.026981648 -0.229680538 235.775665283
-0.243991733 0.029967124 0.969314218 -24.167816162 0.032196350 0.999221742 -0.022787411 -3.025507927 -0.969242752 0.025648443 -0.244766712 235.719909668
-0.259588718 0.030924559 0.965224147 -24.010375977 0.031549189 0.999225199 -0.023529036 -3.033041239 -0.965203941 0.024344169 -0.260363221 235.666381836
-0.275011063 0.032227300 0.960901022 -23.866912842 0.030460715 0.999228358 -0.024794865 -3.038910627 -0.960958660 0.022450874 -0.275780559 235.614425659
-0.292728901 0.035249926 0.955545604 -23.739868164 0.028930081 0.999189258 -0.027997285 -3.045320749 -0.955757797 0.019448396 -0.293511271 235.571350098
-0.312370539 0.039758772 0.949128032 -23.565643311 0.028662689 0.999063373 -0.032417286 -3.050693750 -0.949527919 0.017078357 -0.313217521 235.499053955
-0.334408998 0.042975735 0.941447914 -23.376342773 0.029139984 0.998953581 -0.035250068 -3.056672812 -0.941977680 0.015645841 -0.335311413 235.419235229
-0.359626770 0.044521216 0.932033658 -23.172515869 0.029429767 0.998905301 -0.036360011 -3.062330246 -0.932632148 0.014353503 -0.360543370 235.325012207
-0.388429642 0.045304932 0.920363963 -22.956146240 0.031019045 0.998867452 -0.036078013 -3.072774410 -0.920956135 0.014535041 -0.389394999 235.210708618
-0.421167970 0.045926921 0.905819237 -22.728881836 0.032834157 0.998834550 -0.035376489 -3.085585833 -0.906388283 0.014842372 -0.422185063 235.076232910
-0.456189632 0.046123140 0.888686717 -22.494415283 0.034111366 0.998828292 -0.034329150 -3.101276636 -0.889228821 0.014653722 -0.457228422 234.925674438
-0.492355108 0.046459533 0.869153857 -22.241638184 0.034879476 0.998825431 -0.033632584 -3.104041815 -0.869695544 0.013756458 -0.493397355 234.764785767
-0.529300213 0.046651397 0.847151101 -22.001525879 0.035967242 0.998823345 -0.032531429 -3.122641563 -0.847671926 0.013250797 -0.530355334 234.579116821
-0.569029808 0.046138898 0.821021616 -21.739257812 0.034209967 0.998888552 -0.032424398 -3.136325121 -0.821605146 0.009636672 -0.569975734 234.377960205
-0.608998895 0.043995753 0.791949928 -21.473114014 0.030962734 0.999018073 -0.031689230 -3.151017666 -0.792566478 0.005222232 -0.609763145 234.141799927
-0.648974538 0.041508697 0.759676874 -21.197845459 0.027927974 0.999137342 -0.030734569 -3.161046028 -0.760297239 0.001270282 -0.649573922 233.882415771
-0.688055158 0.042421337 0.724417269 -20.926330566 0.029070387 0.999099791 -0.030895341 -3.164451599 -0.725075781 -0.000198609 -0.688668966 233.588363647
-0.726866603 0.043720841 0.685385585 -20.674530029 0.031281807 0.999043465 -0.030554073 -3.176610708 -0.686065853 -0.000768634 -0.727538943 233.266174316
-0.764513016 0.046075817 0.642959654 -20.438842773 0.035108779 0.998937905 -0.029839767 -3.190443993 -0.643651664 -0.000239363 -0.765318751 232.919067383
-0.801047683 0.049562506 0.596545279 -20.205490112 0.038441040 0.998768628 -0.031361192 -3.196511745 -0.597365022 -0.002189987 -0.801966548 232.553344727
-0.835927844 0.050813701 0.546482503 -19.983306885 0.039463993 0.998692453 -0.032495495 -3.204811096 -0.547419190 -0.005597501 -0.836840153 232.157577515
-0.867453933 0.050353765 0.494962722 -19.790969849 0.039825611 0.998700380 -0.031803291 -3.222201824 -0.495920867 -0.007875699 -0.868332028 231.739532471
-0.895685554 0.048635852 0.442020565 -19.595886230 0.039988507 0.998783112 -0.028866408 -3.240995169 -0.442886591 -0.008179483 -0.896540523 231.298095703
-0.919324756 0.050868340 0.390198231 -19.435226440 0.043915927 0.998677731 -0.026725100 -3.251967669 -0.391041756 -0.007433129 -0.920343041 230.818725586
-0.938348174 0.057178069 0.340930343 -19.302276611 0.052025024 0.998351395 -0.024246069 -3.261870146 -0.341754645 -0.005014344 -0.939775944 230.317260742
-0.954135895 0.059803065 0.293340176 -19.172119141 0.056158978 0.998204350 -0.020837212 -3.272620916 -0.294059575 -0.003407847 -0.955781102 229.778579712
-0.966933966 0.058069121 0.248328447 -19.050292969 0.055856977 0.998311341 -0.015950905 -3.278479576 -0.248835355 -0.001552594 -0.968544722 229.236679077
-0.976486444 0.055902231 0.208204821 -18.951576233 0.054810341 0.998436034 -0.011014380 -3.285715103 -0.208494931 0.000656385 -0.978023291 228.654235840
-0.983152866 0.055632494 0.174115166 -18.865345001 0.055281118 0.998447180 -0.006870960 -3.293317318 -0.174227044 0.002870078 -0.984701633 228.051940918
-0.987771392 0.056765776 0.145207569 -18.774526596 0.056782920 0.998378396 -0.004029956 -3.298230648 -0.145200863 0.004264634 -0.989392996 227.433151245
-0.990745902 0.058658268 0.122401878 -18.712102890 0.058702972 0.998270214 -0.003244108 -3.302484274 -0.122380443 0.003971267 -0.992475510 226.787689209
-0.992853642 0.059278019 0.103574663 -18.654033661 0.059299946 0.998236060 -0.002870308 -3.303254366 -0.103562109 0.003292176 -0.994617581 226.119689941
-0.994609833 0.058490984 0.085616782 -18.588748932 0.058586307 0.998281360 -0.001400932 -3.307945967 -0.085551582 0.003622591 -0.996327281 225.422149658
-0.996013284 0.056503512 0.069030598 -18.539033890 0.056620263 0.998395741 -0.000265743 -3.308423042 -0.068934873 0.003643847 -0.997614622 224.712249756
-0.996858358 0.056859627 0.055141881 -18.502193451 0.057056509 0.998368919 0.002001470 -3.311478615 -0.054938141 0.005141385 -0.998476624 223.970367432
-0.997178197 0.060263768 0.044769213 -18.480226517 0.060503468 0.998159885 0.004017339 -3.306982279 -0.044444732 0.006714694 -0.998989463 223.205230713
-0.997288942 0.063205034 0.037686974 -18.466501236 0.063457176 0.997969210 0.005531221 -3.303345919 -0.037260838 0.007907733 -0.999274492 222.421432495
-0.997368932 0.065156572 0.031776633 -18.445438385 0.065383293 0.997841299 0.006147416 -3.301098347 -0.031307492 0.008208903 -0.999476075 221.630798340
-0.997445941 0.065769374 0.027852494 -18.416284561 0.065982684 0.997797549 0.006809233 -3.301575661 -0.027343310 0.008629626 -0.999588728 220.820022583
-0.997460485 0.066401385 0.025759876 -18.396507263 0.066608138 0.997752845 0.007252144 -3.293565035 -0.025220437 0.008949544 -0.999641895 219.976516724
-0.997362971 0.068262681 0.024657482 -18.380224228 0.068460509 0.997627318 0.007268844 -3.285593510 -0.024102788 0.008937737 -0.999669790 219.130767822
-0.997329950 0.068992801 0.023938349 -18.350734711 0.069194071 0.997573614 0.007683066 -3.286506414 -0.023350189 0.009318943 -0.999683857 218.272079468
-0.997250319 0.069936499 0.024510803 -18.330810547 0.070146680 0.997506022 0.007821601 -3.284626484 -0.023902658 0.009519445 -0.999668956 217.373443604
-0.997137666 0.071120441 0.025667246 -18.302930832 0.071318060 0.997429967 0.006866391 -3.279491425 -0.025112940 0.008677274 -0.999647141 216.473815918
-0.997024536 0.072107814 0.027256215 -18.278804779 0.072299235 0.997364342 0.006102914 -3.278049946 -0.026744308 0.008055357 -0.999609947 215.550903320
-0.996843815 0.074276224 0.028032055 -18.255170822 0.074430376 0.997216105 0.004495028 -3.275873184 -0.027620142 0.006567277 -0.999597073 214.601028442
-0.996773481 0.074725151 0.029306494 -18.221477509 0.074829146 0.997193336 0.002466569 -3.278434277 -0.029039925 0.004651590 -0.999567509 213.650207520
-0.996549249 0.076979853 0.031046178 -18.194185257 0.077037238 0.997027993 0.000654839 -3.281950235 -0.030903500 0.003044291 -0.999517918 212.670989990
-0.996179223 0.080614112 0.033587288 -18.163770676 0.080675758 0.996740282 0.000482186 -3.283333778 -0.033438932 0.003190024 -0.999435544 211.688293457
-0.996035695 0.080895491 0.036997765 -18.121395111 0.080962859 0.996717095 0.000323897 -3.289318562 -0.036850102 0.003318058 -0.999315262 210.690841675
-0.995986938 0.079378560 0.041342963 -18.078170776 0.079416052 0.996841311 -0.000737374 -3.297530890 -0.041270904 0.002548879 -0.999144912 209.678298950
-0.995911956 0.078344323 0.044962574 -18.025753021 0.078328051 0.996925354 -0.002126381 -3.306319952 -0.044990920 0.001404142 -0.998986363 208.652359009
-0.995939970 0.075737327 0.048659001 -17.967702866 0.075781390 0.997124016 -0.000941328 -3.312560081 -0.048590351 0.002749940 -0.998815179 207.616256714
-0.995916963 0.073577367 0.052304406 -17.907234192 0.073654018 0.997283757 -0.000463042 -3.323875666 -0.052196402 0.003391278 -0.998631120 206.561218262
-0.995844841 0.072656162 0.054902110 -17.844142914 0.072722934 0.997351885 -0.000783384 -3.337119341 -0.054813638 0.003212513 -0.998491526 205.511245728
-0.995679736 0.072839275 0.057589412 -17.779237747 0.072900578 0.997338653 -0.001038503 -3.343364239 -0.057511792 0.003164285 -0.998339891 204.432861328
-0.995507360 0.073050126 0.060237356 -17.710075378 0.073212281 0.997316241 0.000486434 -3.352541685 -0.060040157 0.004894363 -0.998183846 203.338134766
-0.995184779 0.075298585 0.062748805 -17.643751144 0.075552292 0.997140408 0.001676903 -3.364064455 -0.062443104 0.006409644 -0.998027921 202.233703613
-0.994966507 0.076113828 0.065184884 -17.569959641 0.076365806 0.997078896 0.001379227 -3.370511532 -0.064889498 0.006350179 -0.997872591 201.129501343
-0.994850397 0.075779215 0.067307264 -17.486740112 0.075970069 0.997110069 0.000276786 -3.376223564 -0.067091778 0.005388698 -0.997732282 200.014999390
-0.994766116 0.075135194 0.069246061 -17.408964157 0.075364433 0.997155786 0.000700261 -3.394592285 -0.068996496 0.005915286 -0.997599363 198.883285522
-0.994733930 0.073721819 0.071204416 -17.331707001 0.073968686 0.997260213 0.000832970 -3.404116631 -0.070947923 0.006095480 -0.997461677 197.757202148
-0.994750619 0.072616234 0.072101139 -17.241945267 0.072865874 0.997341394 0.000834579 -3.413507938 -0.071848847 0.006083909 -0.997397304 196.628067017
-0.994750023 0.072605640 0.072115265 -17.150459290 0.072898954 0.997338295 0.001440255 -3.420556784 -0.071818747 0.006689822 -0.997395277 195.491638184
-0.994641066 0.073350295 0.072862372 -17.065357208 0.073634237 0.997284591 0.001214753 -3.431236267 -0.072575420 0.006573409 -0.997341275 194.357955933
-0.994547129 0.073468864 0.074016571 -16.986839294 0.073721051 0.997278690 0.000677183 -3.433880806 -0.073765397 0.006130070 -0.997256756 193.190155029
-0.994535923 0.073965125 0.073669747 -16.898275375 0.074289300 0.997235358 0.001666195 -3.449357510 -0.073342837 0.007129965 -0.997281194 192.061431885
-0.994589210 0.072969362 0.073944747 -16.812423706 0.073355079 0.997302711 0.002510276 -3.458059788 -0.073562123 0.007920916 -0.997259259 190.912521362
-0.994673133 0.072325028 0.073448487 -16.725048065 0.072738461 0.997346640 0.002966102 -3.468248844 -0.073039077 0.008292831 -0.997294784 189.766113281
-0.994832039 0.070711449 0.072865680 -16.635017395 0.071152449 0.997459412 0.003471010 -3.472270012 -0.072435118 0.008637642 -0.997335911 188.610565186
-0.995023966 0.068812266 0.072055869 -16.545667648 0.069265321 0.997591019 0.003804736 -3.482517004 -0.071620472 0.008776776 -0.997393370 187.438369751
-0.995217562 0.067615725 0.070500508 -16.456876755 0.067986466 0.997682095 0.002869840 -3.491364002 -0.070143051 0.007649194 -0.997507811 186.270217896
-0.995438695 0.066359207 0.068542846 -16.364530563 0.066644624 0.997775018 0.001883322 -3.496339560 -0.068265364 0.006442744 -0.997646332 185.089050293
-0.995504260 0.066592455 0.067355596 -16.294242859 0.066948980 0.997751772 0.003047421 -3.513154030 -0.067001231 0.007543109 -0.997724414 183.909805298
-0.995544076 0.067108810 0.066246808 -16.220710754 0.067665130 0.997688890 0.006187330 -3.522203445 -0.065678477 0.010642358 -0.997784138 182.722518921
-0.995624900 0.067130476 0.065000609 -16.137447357 0.067903891 0.997644126 0.009760781 -3.523108006 -0.064192228 0.014131867 -0.997837782 181.533035278
-0.995692134 0.068022989 0.063010417 -16.053497314 0.068907209 0.997551322 0.011965186 -3.528313398 -0.062042218 0.016255511 -0.997941256 180.326995850
-0.995709419 0.068954989 0.061707295 -15.980236053 0.069836661 0.997483313 0.012244647 -3.522282600 -0.060707670 0.016501544 -0.998019099 179.115859985
-0.995837450 0.068954088 0.059608892 -15.899236679 0.069727026 0.997505665 0.010983170 -3.522789955 -0.058702871 0.015093802 -0.998161435 177.895080566
-0.995830536 0.070349962 0.058072682 -15.830856323 0.071007878 0.997431993 0.009341990 -3.516327381 -0.057266343 0.013426657 -0.998268604 176.669784546
-0.995784521 0.072372504 0.056352716 -15.755689621 0.072991855 0.997291863 0.009008347 -3.524048805 -0.055548146 0.013083660 -0.998370409 175.443191528
-0.995699525 0.074565567 0.054979354 -15.694664001 0.075097196 0.997146785 0.007665070 -3.522825718 -0.054250937 0.011760901 -0.998458147 174.197052002
-0.995648861 0.076345570 0.053433262 -15.629166603 0.076770611 0.997031033 0.005944926 -3.521673918 -0.052820753 0.010021161 -0.998553872 172.956665039
-0.995545983 0.078355402 0.052427549 -15.562805176 0.078733534 0.996882200 0.005183316 -3.535873652 -0.051857952 0.009288036 -0.998611331 171.707901001
-0.995608807 0.077963151 0.051814921 -15.498808861 0.078257196 0.996926486 0.003667368 -3.544046640 -0.051369749 0.007706154 -0.998649955 170.459960938
-0.995771289 0.076837793 0.050358858 -15.420874596 0.077154994 0.997009456 0.004382593 -3.548873425 -0.049871508 0.008249496 -0.998721838 169.199798584
-0.995914221 0.075331978 0.049799204 -15.361434937 0.075786926 0.997097254 0.007308871 -3.553973675 -0.049104057 0.011053137 -0.998732567 167.930511475
-0.996133208 0.072645791 0.049410053 -15.293512344 0.073196791 0.997272909 0.009432707 -3.557469368 -0.048590060 0.013012890 -0.998734117 166.657104492
-0.996175170 0.072525434 0.048737302 -15.221210480 0.072994106 0.997301042 0.007903771 -3.565793037 -0.048032537 0.011431075 -0.998780489 165.389450073
-0.996057987 0.074235961 0.048554607 -15.159646034 0.074558064 0.997204840 0.004854287 -3.568594456 -0.048058525 0.008455289 -0.998808742 164.120254517
-0.995965838 0.075204052 0.048955329 -15.098762512 0.075414665 0.997149229 0.002466600 -3.574180603 -0.048630267 0.006148598 -0.998798013 162.831649780
-0.995822191 0.076490939 0.049873643 -15.038663864 0.076690897 0.997052670 0.002105413 -3.586273432 -0.049565602 0.005921471 -0.998753309 161.544113159
-0.995755553 0.077498846 0.049646843 -14.970758438 0.077831633 0.996954978 0.004802527 -3.595299721 -0.049123473 0.008646239 -0.998755336 160.241165161
-0.995663524 0.077872403 0.050896533 -14.913614273 0.078350432 0.996897936 0.007462327 -3.600010633 -0.050157540 0.011417731 -0.998676181 158.938125610
-0.995576978 0.078888416 0.051024687 -14.845037460 0.079364434 0.996818423 0.007368047 -3.606154442 -0.050281093 0.011385001 -0.998670340 157.656265259
-0.995558739 0.079014368 0.051182944 -14.768725395 0.079456829 0.996816039 0.006665159 -3.611840725 -0.050493337 0.010702390 -0.998667121 156.367080688
-0.995498061 0.079187006 0.052089896 -14.704895020 0.079599023 0.996809602 0.005879973 -3.618147373 -0.051458091 0.009999805 -0.998625278 155.071289062
-0.995332837 0.081022464 0.052421764 -14.630796432 0.081421755 0.996664405 0.005523039 -3.624986172 -0.051799417 0.009765533 -0.998609781 153.748641968
-0.995288491 0.080925539 0.053408314 -14.564147949 0.081335515 0.996671379 0.005544327 -3.631936073 -0.052781861 0.009862195 -0.998557687 152.443801880
-0.995298743 0.080224149 0.054262884 -14.495451927 0.080685921 0.996719241 0.006369777 -3.640273571 -0.053573851 0.010718081 -0.998506308 151.143371582
-0.995331526 0.079658873 0.054492921 -14.413803101 0.080153294 0.996758342 0.006945015 -3.649685621 -0.053763043 0.011280380 -0.998489976 149.843063354
-0.995345116 0.078718759 0.055602424 -14.338568687 0.079247214 0.996827841 0.007360801 -3.650367737 -0.054846611 0.011732874 -0.998425961 148.546997070
-0.995291471 0.078540102 0.056802176 -14.268243790 0.079145446 0.996827006 0.008483658 -3.659806728 -0.055955637 0.012939345 -0.998349547 147.250091553
-0.995246649 0.078803986 0.057221148 -14.184003830 0.079455867 0.996795893 0.009204542 -3.666098118 -0.056312453 0.013707345 -0.998319149 145.946182251
-0.995179534 0.078737929 0.058464576 -14.107659340 0.079419822 0.996796668 0.009429062 -3.672094584 -0.057534870 0.014026854 -0.998245001 144.640808105
-0.995129347 0.078754552 0.059290215 -14.037824631 0.079386868 0.996808648 0.008382124 -3.676913261 -0.058440868 0.013048162 -0.998205543 143.362762451
-0.995074511 0.078780152 0.060172942 -13.959091187 0.079371952 0.996816814 0.007505266 -3.682319641 -0.059390135 0.012244341 -0.998159885 142.072341919
-0.994985342 0.079401836 0.060827170 -13.876370430 0.080022037 0.996762395 0.007825142 -3.692885876 -0.060008906 0.012653414 -0.998117805 140.785766602
-0.994861960 0.080691963 0.061142098 -13.792982101 0.081349596 0.996650755 0.008339842 -3.702192783 -0.060264356 0.013270876 -0.998094201 139.503707886
-0.994880795 0.079830110 0.061965559 -13.711080551 0.080454811 0.996728897 0.007648646 -3.706745625 -0.061152272 0.012594917 -0.998049140 138.213333130
-0.994938254 0.078399964 0.062861532 -13.628941536 0.078995399 0.996850133 0.007039550 -3.716864586 -0.062111624 0.011969688 -0.997997522 136.935256958
-0.994979143 0.077401362 0.063448139 -13.540256500 0.078146301 0.996898115 0.009340787 -3.717923641 -0.062528342 0.014252124 -0.997941494 135.659133911
-0.995003700 0.076283135 0.064410351 -13.457351685 0.077412479 0.996882975 0.015220229 -3.722617626 -0.063048542 0.020130347 -0.997807503 134.359268188
-0.994913101 0.076923281 0.065047041 -13.364149094 0.078329131 0.996739924 0.019342341 -3.718187571 -0.063347101 0.024339024 -0.997694969 133.066223145
-0.994846582 0.076807380 0.066188052 -13.276226044 0.078194022 0.996764302 0.018616719 -3.714662552 -0.064543992 0.023696290 -0.997633457 131.790603638
-0.994639039 0.078524873 0.067284614 -13.205915451 0.079826981 0.996665776 0.016883047 -3.718480110 -0.065734528 0.022163665 -0.997591138 130.526977539
-0.994596243 0.078283198 0.068192773 -13.113414764 0.079544641 0.996703207 0.015979370 -3.712089539 -0.066717036 0.021317391 -0.997544289 129.264938354
-0.994518280 0.078796640 0.068737209 -13.029208183 0.080135509 0.996640027 0.016938888 -3.708501816 -0.067171529 0.022354320 -0.997491121 127.994781494
-0.994323492 0.080447040 0.069636829 -12.942275047 0.081855379 0.996488690 0.017607933 -3.702447176 -0.067975804 0.023208128 -0.997417092 126.737045288
-0.994172812 0.081419744 0.070649505 -12.856254578 0.082934342 0.996378183 0.018771568 -3.694787025 -0.068865255 0.024521453 -0.997324705 125.477943420
-0.994032979 0.083349399 0.070367031 -12.761130333 0.084917016 0.996195555 0.019582987 -3.701201916 -0.068467095 0.025441490 -0.997329116 124.232315063
-0.994026184 0.082959503 0.070921250 -12.669060707 0.084528998 0.996231794 0.019417882 -3.693521500 -0.069043107 0.025296785 -0.997292995 123.004013062
-0.994041443 0.083341680 0.070261709 -12.582375526 0.084653698 0.996283531 0.015902018 -3.691112041 -0.068675287 0.021755172 -0.997402191 121.775238037
-0.994156241 0.082550436 0.069562159 -12.498592377 0.083667502 0.996405005 0.013295883 -3.688796997 -0.068214498 0.019038277 -0.997488976 120.553886414
-0.994369268 0.080052175 0.069438197 -12.407537460 0.081171103 0.996609569 0.013440483 -3.696234703 -0.068126835 0.019001177 -0.997495770 119.364898682
-0.994481325 0.079326861 0.068660796 -12.316695213 0.080407180 0.996675849 0.013111885 -3.694312572 -0.067392431 0.018560344 -0.997553945 118.176879883
-0.994606256 0.079089351 0.067107402 -12.236916542 0.080161326 0.996691406 0.013430307 -3.705686808 -0.065823175 0.018737284 -0.997655392 117.018745422
-0.994701743 0.078726232 0.066115648 -12.151862144 0.079774380 0.996723413 0.013361691 -3.716930866 -0.064847097 0.018565226 -0.997722745 115.874015808
-0.994727015 0.079119004 0.065261833 -12.080807686 0.080154277 0.996692419 0.013396529 -3.722501755 -0.063986063 0.018556898 -0.997778535 114.738464355
-0.994855165 0.078454353 0.064095087 -12.005123138 0.079461180 0.996749103 0.013309183 -3.726293564 -0.062842555 0.018333780 -0.997855067 113.610130310
-0.994911671 0.078565620 0.063074462 -11.946999550 0.079563908 0.996738732 0.013470587 -3.748653889 -0.061810434 0.018420493 -0.997918010 112.571464539
-0.995057225 0.077624485 0.061929792 -11.880635262 0.078568131 0.996824682 0.012946825 -3.754743576 -0.060728151 0.017748542 -0.997996449 111.498725891
-0.995093107 0.078205377 0.060610481 -11.806791306 0.079066157 0.996797979 0.011932504 -3.760441303 -0.059483215 0.016666191 -0.998090148 110.453483582
-0.995136380 0.078486241 0.059526805 -11.750216484 0.079332180 0.996776223 0.011979873 -3.768409729 -0.058394652 0.016643999 -0.998154879 109.408126831
-0.995053411 0.080159329 0.058681328 -11.692384720 0.080960326 0.996652126 0.011398215 -3.771941185 -0.057571199 0.016092690 -0.998211861 108.388328552
-0.994984984 0.081671469 0.057745919 -11.638689041 0.082489289 0.996520698 0.011919359 -3.781362057 -0.056571528 0.016623003 -0.998260140 107.395988464
-0.995030880 0.082010955 0.056462381 -11.582633972 0.082859620 0.996478319 0.012853399 -3.789629936 -0.055209417 0.017467979 -0.998322010 106.403923035
-0.995084405 0.082134977 0.055326153 -11.527818680 0.082987040 0.996462166 0.013279496 -3.795590878 -0.054039706 0.017805573 -0.998380065 105.456626892
-0.995194197 0.081652820 0.054048933 -11.470321655 0.082545817 0.996481836 0.014497347 -3.802711487 -0.052675031 0.018889189 -0.998432994 104.537109375
-0.995361328 0.080328085 0.052948773 -11.417884827 0.081231885 0.996580243 0.015140641 -3.807997704 -0.051551480 0.019371534 -0.998482585 103.653610229
-0.995479941 0.079606235 0.051798139 -11.369462013 0.080544353 0.996618092 0.016279556 -3.816276550 -0.050327007 0.020378012 -0.998525143 102.772651672
-0.995518804 0.079696015 0.050903264 -11.334530830 0.080679044 0.996585548 0.017554818 -3.819345474 -0.049330406 0.021582974 -0.998549461 101.917945862
-0.995570540 0.079544686 0.050121535 -11.288654327 0.080605738 0.996555030 0.019513052 -3.823140144 -0.048396710 0.023466699 -0.998552561 101.105880737
-0.995438457 0.081432238 0.049710251 -11.250527382 0.082545668 0.996370852 0.020768914 -3.823793888 -0.047838587 0.024777543 -0.998547673 100.295883179
-0.995230198 0.083404146 0.050601363 -11.209036827 0.084617190 0.996163547 0.022319809 -3.825397968 -0.048545666 0.026495095 -0.998469472 99.524864197
-0.994724751 0.086915888 0.054485239 -11.173640251 0.088205568 0.995865345 0.021725748 -3.822192192 -0.052371651 0.026417036 -0.998278379 98.763984680
-0.993954778 0.090767696 0.061771624 -11.126042366 0.092222244 0.995514631 0.021112390 -3.821213961 -0.059578232 0.026681472 -0.997867227 98.042617798
-0.992712259 0.095011152 0.074131936 -11.072018623 0.096791483 0.995087385 0.020796478 -3.824448586 -0.071791857 0.027820256 -0.997031689 97.342414856
-0.991116047 0.097108938 0.090880163 -11.009057999 0.099288933 0.994862199 0.019771378 -3.821588039 -0.088493265 0.028619122 -0.995665669 96.656761169
-0.988943934 0.098150417 0.111161627 -10.918114662 0.100925624 0.994700789 0.019606281 -3.825654030 -0.108648188 0.030608561 -0.993609190 96.004600525
-0.985594511 0.099439390 0.136803731 -10.826103210 0.102755629 0.994554818 0.017378682 -3.828738213 -0.134330675 0.031185685 -0.990445733 95.372436523
-0.980816007 0.101931602 0.166162759 -10.706171989 0.105697960 0.994300306 0.013959964 -3.830295563 -0.163792714 0.031255219 -0.985999584 94.766586304
-0.974548936 0.101482406 0.199888706 -10.588264465 0.105779916 0.994329691 0.010909752 -3.839544773 -0.197648123 0.031776298 -0.979757786 94.189743042
-0.966631770 0.098951787 0.236287385 -10.425653458 0.103546157 0.994599402 0.007082920 -3.846581221 -0.234310433 0.031313222 -0.971657515 93.617073059
-0.956872702 0.094586760 0.274677932 -10.241075516 0.099371701 0.995044112 0.003524397 -3.854202032 -0.272983313 0.030667614 -0.961529851 93.074371338
-0.945420384 0.089084446 0.313439280 -10.035198212 0.094049633 0.995567262 0.000723857 -3.867012262 -0.311985403 0.030163197 -0.949607968 92.564735413
-0.930906177 0.083777376 0.355521202 -9.816120148 0.089093871 0.996022224 -0.001423557 -3.881938934 -0.354226261 0.030349558 -0.934667230 92.066154480
-0.913736820 0.076395988 0.399059981 -9.560070038 0.081771731 0.996644735 -0.003562950 -3.891424179 -0.397993207 0.029376222 -0.916918039 91.574050903
-0.893690109 0.066321149 0.443756551 -9.285221100 0.071896598 0.997402966 -0.004271825 -3.910554647 -0.442887425 0.028086895 -0.896137476 91.111778259
-0.869858861 0.057787523 0.489904195 -9.016586304 0.063668132 0.997960210 -0.004668984 -3.916327238 -0.489174694 0.027129930 -0.871763706 90.697769165
-0.842193961 0.049388304 0.536908269 -8.702331543 0.055298381 0.998456836 -0.005103543 -3.924690247 -0.536331773 0.025391983 -0.843625307 90.271560669
-0.811781168 0.042829607 0.582389593 -8.357475281 0.049337130 0.998771191 -0.004680789 -3.933512688 -0.581874430 0.024933651 -0.812896729 89.856658936
-0.778435469 0.035643503 0.626712084 -8.007377625 0.042687312 0.999081254 -0.003799904 -3.936183691 -0.626271784 0.023794670 -0.779241920 89.476638794
-0.740643859 0.029884821 0.671232879 -7.665138245 0.039192375 0.999230921 -0.001242854 -3.969468355 -0.670753777 0.025386695 -0.741245508 89.126571655
-0.698739648 0.027609900 0.714843094 -7.280952454 0.038144603 0.999271393 -0.001310269 -3.985328674 -0.714358389 0.026351869 -0.699283719 88.784301758
-0.654900193 0.028312966 0.755185068 -6.871986389 0.038744867 0.999241650 -0.003863269 -3.986466408 -0.754721761 0.026729487 -0.655500531 88.483039856
-0.607306957 0.029622024 0.793914855 -6.452682495 0.039016381 0.999210894 -0.007436223 -3.997470856 -0.793508649 0.026459616 -0.607983470 88.179168701
-0.558522582 0.029572960 0.828962088 -6.011642456 0.036608052 0.999269366 -0.010983530 -4.008627892 -0.828681171 0.024212135 -0.559197187 87.918418884
-0.510241270 0.026202723 0.859632075 -5.526657104 0.033232383 0.999389946 -0.010737393 -4.025149345 -0.859389007 0.023088962 -0.510800719 87.703514099
-0.458046556 0.023874041 0.888607681 -5.055618286 0.029848360 0.999488652 -0.011467262 -4.039667606 -0.888427079 0.021270940 -0.458524942 87.510414124
-0.405083776 0.021673247 0.914022803 -4.576141357 0.024220221 0.999622524 -0.012968880 -4.053384304 -0.913958848 0.016884351 -0.405455828 87.350143433
-0.351952553 0.021854382 0.935762644 -4.110374451 0.023218859 0.999623597 -0.014612913 -4.064539909 -0.935729802 0.016584290 -0.352327466 87.210525513
-0.300968647 0.023716740 0.953339219 -3.653038025 0.022895806 0.999582231 -0.017638965 -4.087516785 -0.953359306 0.016518693 -0.301385880 87.100906372
-0.252542257 0.026607564 0.967220008 -3.175910950 0.022000430 0.999521315 -0.021751815 -4.112186432 -0.967335761 0.015786003 -0.253006697 87.006729126
-0.206491590 0.026584323 0.978087127 -2.625350952 0.014796417 0.999601364 -0.024045290 -4.119426727 -0.978336453 0.009507034 -0.206802726 86.914291382
-0.166319728 0.025329847 0.985746622 -2.115737915 0.011137404 0.999654531 -0.023808075 -4.129513741 -0.986009121 0.007018909 -0.166544318 86.861442566
-0.131366491 0.026068531 0.990991175 -1.602172852 0.007998372 0.999649525 -0.025236027 -4.148804665 -0.991301715 0.004611153 -0.131528854 86.824836731
-0.102153659 0.028866008 0.994349957 -1.092063904 0.010179061 0.999556899 -0.027971437 -4.175388813 -0.994716763 0.007264168 -0.102402210 86.794898987
-0.078785539 0.031098299 0.996406555 -0.567230225 0.010508374 0.999483705 -0.030363448 -4.204820633 -0.996836364 0.008078418 -0.079071641 86.776107788
-0.059201121 0.036356438 0.997583807 -0.052085876 0.007476492 0.999324679 -0.035976194 -4.223833084 -0.998218060 0.005328596 -0.059432983 86.744598389
-0.044183850 0.042804986 0.998106062 0.483741760 0.005419766 0.999077201 -0.042606719 -4.241138935 -0.999008834 0.003526975 -0.044375062 86.732681274
-0.032755375 0.044614386 0.998467207 1.033050537 0.007812205 0.998984098 -0.044381201 -4.258369923 -0.999432921 0.006346510 -0.033070564 86.723464966
-0.024354339 0.041251171 0.998852074 1.595359802 0.010201458 0.999106526 -0.041012950 -4.290611267 -0.999651492 0.009190910 -0.024753332 86.713302612
-0.016909122 0.037021194 0.999171495 2.189102173 0.011355838 0.999256968 -0.036832184 -4.316779137 -0.999792576 0.010723629 -0.017316937 86.703689575
-0.012522936 0.034363128 0.999330997 2.768577576 0.010671617 0.999356985 -0.034230296 -4.343033314 -0.999864697 0.010235818 -0.012881517 86.704032898
-0.010999680 0.034219697 0.999353826 3.358886719 0.010920262 0.999358773 -0.034099672 -4.369967461 -0.999879897 0.010538122 -0.011366248 86.701339722
-0.010540366 0.034578461 0.999346375 3.976303101 0.013166678 0.999320090 -0.034438677 -4.399565697 -0.999857724 0.012795075 -0.010988474 86.693702698
-0.009376526 0.035091396 0.999340117 4.595939636 0.016954793 0.999245942 -0.034929007 -4.425548553 -0.999812305 0.016616091 -0.009964347 86.682395935
-0.009075165 0.036289796 0.999300063 5.234405518 0.019967016 0.999148607 -0.036102962 -4.451102257 -0.999759436 0.019625397 -0.009792089 86.680206299
-0.009402990 0.036759231 0.999279976 5.877029419 0.022692852 0.999074578 -0.036538143 -4.479909420 -0.999698281 0.022332942 -0.010228515 86.666862488
-0.009383202 0.037005413 0.999271154 6.539299011 0.023547368 0.999046087 -0.036775976 -4.506115913 -0.999678791 0.023185130 -0.010245562 86.659400940
-0.009402156 0.036217153 0.999299884 7.217788696 0.025547579 0.999026358 -0.035966881 -4.536107063 -0.999629557 0.025191531 -0.010318279 86.652107239
-0.008861899 0.036159955 0.999306798 7.906806946 0.029159756 0.998930335 -0.035887744 -4.565743923 -0.999535561 0.028821507 -0.009906769 86.641365051
-0.007285237 0.036199771 0.999318004 8.614532471 0.033850245 0.998780727 -0.035933528 -4.591387749 -0.999400377 0.033565376 -0.008501649 86.627693176
-0.004484057 0.036425140 0.999326468 9.340072632 0.038008507 0.998620450 -0.036228869 -4.622785568 -0.999267459 0.037820451 -0.005862355 86.620903015
0.000142694 0.036327176 0.999340057 10.083778381 0.041033022 0.998498082 -0.036302432 -4.653352261 -0.999157906 0.041011121 -0.001348138 86.616706848
0.006501555 0.036274176 0.999320745 10.826034546 0.044949260 0.998321116 -0.036530335 -4.684257507 -0.998968124 0.045156229 0.004860163 86.618621826
0.015170038 0.035824601 0.999242961 11.602096558 0.047767583 0.998190939 -0.036512069 -4.715003490 -0.998743296 0.048285313 0.013431311 86.627616882
0.024597108 0.034322988 0.999108136 12.394882202 0.049973395 0.998118758 -0.035519302 -4.748657227 -0.998447716 0.050802495 0.022835553 86.650535583
0.034470916 0.033027854 0.998859882 13.182632446 0.050613653 0.998113573 -0.034749873 -4.779707909 -0.998123288 0.051753804 0.032734215 86.679573059
0.045362294 0.031010438 0.998489141 14.001686096 0.047273044 0.998331666 -0.033153206 -4.813702583 -0.997851431 0.048705529 0.043820679 86.725799561
0.055746913 0.030938275 0.997965634 14.841987610 0.045355380 0.998409510 -0.033485625 -4.848054409 -0.997414410 0.047129828 0.054255009 86.784339905
0.066738904 0.032798178 0.997231424 15.672790527 0.042718552 0.998449206 -0.035697147 -4.877845764 -0.996855736 0.044982668 0.065234363 86.841751099
0.077135384 0.037448741 0.996317089 16.524280548 0.038314253 0.998444855 -0.040495031 -4.917803288 -0.996284187 0.041296743 0.075580597 86.917839050
0.086004138 0.041727416 0.995420694 17.374217987 0.034282126 0.998406947 -0.044814572 -4.957555294 -0.995704889 0.037979376 0.084436595 86.998641968
0.092622578 0.042962495 0.994774103 18.244884491 0.026967360 0.998593986 -0.045638382 -5.006423950 -0.995336115 0.031053575 0.091333747 87.093536377
0.095556498 0.040708717 0.994591355 19.098003387 0.021799434 0.998838186 -0.042976953 -5.056037903 -0.995185375 0.025788257 0.094558060 87.186203003
0.095382094 0.039136384 0.994671166 19.968280792 0.016663292 0.999024034 -0.040905550 -5.102248192 -0.995301306 0.020476153 0.094636858 87.295196533
0.093529880 0.038133681 0.994886041 20.845714569 0.012363434 0.999144673 -0.039459214 -5.149541378 -0.995539844 0.015990827 0.092978418 87.380722046
0.089349449 0.037324734 0.995300829 21.710205078 0.008201079 0.999236107 -0.038208537 -5.199532509 -0.995966673 0.011576455 0.088975072 87.468177795
0.082785606 0.038464397 0.995824873 22.572246552 0.005118251 0.999225259 -0.039021239 -5.242979050 -0.996554315 0.008327279 0.082524598 87.549896240
0.074566424 0.039216902 0.996444762 23.429958344 0.001940872 0.999218822 -0.039471325 -5.293756008 -0.997214317 0.004877211 0.074432075 87.615951538
0.064035177 0.039856326 0.997151494 24.288646698 -0.000564350 0.999203444 -0.039902102 -5.338118553 -0.997947574 0.001992400 0.064006686 87.682014465
0.052852690 0.038552381 0.997857988 25.154544830 -0.002291687 0.999256551 -0.038485035 -5.382676125 -0.998599768 -0.000252737 0.052901745 87.734123230
0.041409612 0.035853609 0.998498738 26.004047394 -0.002876967 0.999356091 -0.035765082 -5.429888248 -0.999138057 -0.001391632 0.041486084 87.764541626
0.029321015 0.033827122 0.998997569 26.858516693 -0.002913137 0.999425828 -0.033756122 -5.475008965 -0.999565899 -0.001920449 0.029402733 87.791534424
0.017308474 0.034955125 0.999239028 27.709133148 -0.001345621 0.999388635 -0.034937050 -5.516808510 -0.999849319 -0.000739889 0.017344952 87.806991577
0.005631149 0.036473725 0.999318719 28.552288055 -0.000054020 0.999334574 -0.036473997 -5.556214333 -0.999984145 0.000151408 0.005629361 87.806945801
-0.006439805 0.037077986 0.999291718 29.399932861 0.002047620 0.999310732 -0.037065499 -5.594396591 -0.999977231 0.001807479 -0.006511331 87.799758911
-0.018712044 0.036369227 0.999163210 30.249023438 0.003932796 0.999333143 -0.036301762 -5.636303902 -0.999817193 0.003250225 -0.018842697 87.785354614
-0.029560447 0.035545729 0.998930812 31.082221985 0.005926162 0.999356151 -0.035385497 -5.677312851 -0.999545455 0.004873817 -0.029752016 87.754730225
-0.039579153 0.035631347 0.998581111 31.922157288 0.008541760 0.999339581 -0.035319861 -5.714138031 -0.999180079 0.007131712 -0.039857388 87.716522217
-0.047122359 0.036265880 0.998230577 32.765121460 0.010795399 0.999300838 -0.035795160 -5.755360603 -0.998830795 0.009089548 -0.047480822 87.672668457
-0.052856922 0.037782852 0.997887135 33.602970123 0.011943382 0.999236405 -0.037201315 -5.797723770 -0.998530746 0.009951804 -0.053267837 87.627807617
-0.056129217 0.040345814 0.997608125 34.435226440 0.012995417 0.999128103 -0.039676122 -5.838954926 -0.998339057 0.010737347 -0.056604624 87.570343018
-0.058403134 0.043142643 0.997360647 35.285785675 0.013880013 0.999004245 -0.042400971 -5.878029823 -0.998196781 0.011367034 -0.058943748 87.520782471
-0.059099317 0.044863764 0.997243583 36.142696381 0.014965708 0.998917103 -0.044052154 -5.922845364 -0.998140037 0.012321009 -0.059706807 87.466308594
-0.058483243 0.045541272 0.997249186 37.012939453 0.015663398 0.998877764 -0.044697080 -5.965494156 -0.998165607 0.013006285 -0.059131026 87.419204712
-0.056421399 0.045051172 0.997390151 37.882274628 0.015513591 0.998900414 -0.044241805 -6.007228851 -0.998286545 0.012976922 -0.057058215 87.373588562
-0.054441810 0.043082383 0.997587204 38.761341095 0.015739808 0.998981655 -0.042283636 -6.051769257 -0.998392999 0.013399837 -0.055064440 87.334304810
-0.051703930 0.040721603 0.997831821 39.670112610 0.016156258 0.999071658 -0.039935041 -6.096642971 -0.998531699 0.014056433 -0.052313805 87.285408020
-0.049309731 0.039097853 0.998018205 40.565174103 0.016412282 0.999130309 -0.038330544 -6.140148163 -0.998648882 0.014489694 -0.049908519 87.244789124
-0.047662139 0.037134349 0.998172998 41.466464996 0.013202847 0.999244809 -0.036543794 -6.190589428 -0.998776257 0.011436972 -0.048116446 87.210708618
-0.047455430 0.037520051 0.998168528 42.373535156 0.011642828 0.999247193 -0.037007071 -6.225733757 -0.998805583 0.009865318 -0.047856569 87.175323486
-0.049084663 0.037375759 0.998095036 43.263465881 0.006842518 0.999288738 -0.037083957 -6.278670311 -0.998771191 0.005009230 -0.049305558 87.136917114
-0.053416133 0.037533000 0.997866750 44.153160095 0.002212554 0.999295354 -0.037468299 -6.325636864 -0.998569906 0.000206420 -0.053461552 87.101455688
-0.059493899 0.038045287 0.997503519 45.071609497 -0.003560134 0.999258995 -0.038324583 -6.364449501 -0.998222470 -0.005831319 -0.059314370 87.048576355
-0.069823861 0.038503453 0.996816099 45.946262360 -0.008157704 0.999199390 -0.039166939 -6.414022446 -0.997526109 -0.010866509 -0.069453835 87.001815796
-0.083649397 0.041023061 0.995650649 46.834690094 -0.011458576 0.999046624 -0.042125676 -6.463151932 -0.996429503 -0.014932517 -0.083099604 86.940902710
-0.100516200 0.045006767 0.993917108 47.714336395 -0.015470689 0.998784840 -0.046791766 -6.515323639 -0.994815290 -0.020079901 -0.099697828 86.868202209
-0.118478417 0.046176191 0.991882324 48.590858459 -0.015232228 0.998716056 -0.048313789 -6.561902046 -0.992839754 -0.020832723 -0.117622972 86.761787415
-0.138269544 0.042976875 0.989461720 49.470100403 -0.012692613 0.998899102 -0.045160472 -6.614286423 -0.990313292 -0.018803170 -0.137571812 86.641128540
-0.158771873 0.038298011 0.986572266 50.355049133 -0.009098462 0.999148190 -0.040250443 -6.662405968 -0.987273455 -0.015366930 -0.158288240 86.491714478
-0.180453658 0.036848750 0.982893050 51.221958160 -0.007664849 0.999214947 -0.038867887 -6.713855743 -0.983553708 -0.014547576 -0.180029511 86.337623596
-0.201308012 0.037483651 0.978810668 52.086498260 -0.002857434 0.999240816 -0.038853705 -6.760599136 -0.979523957 -0.010618447 -0.201048136 86.156883240
-0.221635938 0.039828911 0.974315882 52.922836304 0.003016884 0.999188721 -0.040159415 -6.808791161 -0.975124955 -0.005961368 -0.221576333 85.957015991
-0.241611719 0.038974885 0.969590127 53.766807556 0.008165737 0.999239326 -0.038131893 -6.856184959 -0.970338821 -0.001295691 -0.241746187 85.744537354
-0.260608077 0.038650069 0.964670777 54.597259521 0.012711507 0.999249101 -0.036601428 -6.900990486 -0.965361059 0.002723797 -0.260903597 85.511810303
-0.276398182 0.040887102 0.960173070 55.417968750 0.018055005 0.999139190 -0.037349034 -6.943835258 -0.960873604 0.007012724 -0.276898503 85.261795044
-0.291217685 0.042467430 0.955713570 56.241409302 0.019611042 0.999069273 -0.038418218 -6.981465340 -0.956455588 0.007554468 -0.291779518 85.002899170
-0.303860068 0.039909396 0.951880515 57.076210022 0.022567809 0.999143362 -0.034686875 -7.020202637 -0.952449441 0.010941903 -0.304500461 84.734550476
-0.314145327 0.031138992 0.948864162 57.920608521 0.025177201 0.999383688 -0.024461357 -7.051607609 -0.949041069 0.016205326 -0.314735651 84.457092285
-0.321874022 0.020510614 0.946560323 58.761032104 0.023378350 0.999632657 -0.013710904 -7.082154274 -0.946493804 0.017715834 -0.322235346 84.172286987
-0.326398015 0.017358463 0.945073187 59.593231201 0.024857447 0.999643207 -0.009775807 -7.108726025 -0.944905698 0.020301301 -0.326713085 83.885253906
-0.327853203 0.025123322 0.944394708 60.436447144 0.027061285 0.999485910 -0.017194383 -7.130372524 -0.944341183 0.019919302 -0.328364491 83.590728760
-0.328384519 0.037215181 0.943810761 61.258918762 0.029130504 0.999147236 -0.029261628 -7.154859543 -0.944094896 0.017884616 -0.329188585 83.297798157
-0.327905893 0.046703696 0.943555236 62.094177246 0.029347489 0.998798788 -0.039239228 -7.184177399 -0.944254458 0.014824202 -0.328882694 83.014923096
-0.327337861 0.048222825 0.943676114 62.942398071 0.029836399 0.998726368 -0.040686451 -7.222481251 -0.944436252 0.014837689 -0.328359723 82.723068237
-0.328159571 0.044913996 0.943553925 63.792694092 0.030088115 0.998859167 -0.037082195 -7.265602112 -0.944142997 0.016220877 -0.329136610 82.429115295
-0.330294251 0.039129753 0.943066597 64.647430420 0.029395018 0.999082088 -0.031158809 -7.315130711 -0.943420231 0.017429885 -0.331141353 82.124130249
-0.334987760 0.035150323 0.941566706 65.510414124 0.030349422 0.999187887 -0.026503801 -7.349516869 -0.941733658 0.019697554 -0.335782528 81.819488525
-0.340800405 0.032810774 0.939562976 66.386131287 0.031010676 0.999239326 -0.023646489 -7.382939339 -0.939624131 0.021077750 -0.341558695 81.496421814
-0.349444985 0.033815522 0.936346591 67.249443054 0.031092133 0.999216616 -0.024482440 -7.415910721 -0.936441004 0.020557748 -0.350222588 81.174736023
-0.360343456 0.037137605 0.932080090 68.112998962 0.030300200 0.999145925 -0.028095661 -7.446636200 -0.932327390 0.018118124 -0.361160994 80.841629028
-0.373882413 0.039631587 0.926629066 68.980102539 0.033147912 0.999019325 -0.029352956 -7.477129936 -0.926883638 0.019741269 -0.374829412 80.489494324
-0.388038158 0.041100137 0.920726418 69.843688965 0.033033021 0.998983502 -0.030671747 -7.517210484 -0.921051145 0.018512564 -0.389001489 80.116806030
-0.401928067 0.045640908 0.914533257 70.708824158 0.033241071 0.998825967 -0.035238538 -7.558794022 -0.915067911 0.016236709 -0.402973294 79.741462708
-0.413832784 0.055513505 0.908658743 71.568328857 0.036449488 0.998349011 -0.044392746 -7.599457741 -0.909622908 0.014748974 -0.415172935 79.350906372
-0.424293995 0.060203787 0.903520942 72.422111511 0.039191034 0.998073399 -0.048099909 -7.645456314 -0.904675961 0.015001413 -0.425835967 78.944244385
-0.432157874 0.057595391 0.899957001 73.301345825 0.038861502 0.998220742 -0.045222852 -7.695693493 -0.900960386 0.015430271 -0.433627248 78.523635864
-0.436944246 0.052009992 0.897983789 74.172233582 0.039781198 0.998467445 -0.038472991 -7.748422623 -0.898608625 0.018912319 -0.438343644 78.100471497
-0.439298868 0.050987087 0.896892965 75.064888000 0.040505737 0.998496830 -0.036923386 -7.795307636 -0.897427380 0.020108910 -0.440703750 77.661132812
-0.440578699 0.050810315 0.896274984 75.949920654 0.041778818 0.998475671 -0.036067065 -7.837056160 -0.896741331 0.021554932 -0.442029834 77.226608276
-0.441163301 0.051625315 0.895940900 76.834632874 0.042742800 0.998419762 -0.036483642 -7.886241436 -0.896408558 0.022199782 -0.442672729 76.789443970
-0.441969633 0.049920261 0.895639837 77.724327087 0.041852981 0.998510540 -0.035000853 -7.929872513 -0.896053016 0.022015883 -0.443400621 76.351600647
-0.442874193 0.049766738 0.895201743 78.612365723 0.040550534 0.998548388 -0.035450917 -7.974943638 -0.895666540 0.020600617 -0.444249272 75.917625427
-0.443965912 0.047374073 0.894790471 79.481742859 0.037516546 0.998708487 -0.034261450 -8.022425652 -0.895257950 0.018358532 -0.445169926 75.484718323
-0.446200609 0.046038333 0.893748224 80.357513428 0.033960488 0.998827636 -0.034496497 -8.070246696 -0.894288599 0.014959772 -0.447240949 75.056137085
-0.451174974 0.043679349 0.891366124 81.235176086 0.029568650 0.998984814 -0.033986457 -8.122576714 -0.891945720 0.011022655 -0.452008486 74.629653931
-0.457826853 0.042022590 0.888047576 82.107559204 0.025574405 0.999091387 -0.034092490 -8.167316437 -0.888673365 0.007102828 -0.458485603 74.183914185
-0.466747046 0.036928672 0.883619547 82.966362000 0.019668235 0.999314189 -0.031374652 -8.208159447 -0.884172142 0.002735211 -0.467153192 73.745094299
-0.476585507 0.034095377 0.878466785 83.808616638 0.018729081 0.999414623 -0.028628755 -8.257826805 -0.878928661 0.002808827 -0.476945043 73.288833618
-0.487999201 0.032134660 0.872252584 84.651138306 0.019105878 0.999475896 -0.026132535 -8.296016693 -0.872635186 0.003912501 -0.488357425 72.823883057
-0.499364257 0.031419352 0.865822315 85.506149292 0.017222822 0.999504745 -0.026337195 -8.337697029 -0.866221011 0.001760050 -0.499658108 72.341865540
-0.511659026 0.029713787 0.858674824 86.334938049 0.016654920 0.999557018 -0.024664739 -8.373554230 -0.859027326 0.001681227 -0.511927247 71.854217529
-0.524418592 0.029482480 0.850950122 87.153511047 0.016210616 0.999564946 -0.024641288 -8.413600922 -0.851306379 0.000872079 -0.524668336 71.357749939
-0.537384272 0.030189656 0.842797279 87.977653503 0.015867267 0.999544084 -0.025687175 -8.457296371 -0.843188524 -0.000430989 -0.537618279 70.836059570
-0.550223351 0.032394953 0.834389031 88.738990784 0.016177820 0.999473155 -0.028136125 -8.499062538 -0.834860921 -0.001982557 -0.550457597 70.329559326
-0.563036919 0.032933410 0.825775445 89.522453308 0.016001428 0.999452770 -0.028949758 -8.532163620 -0.826276958 -0.003086195 -0.563255787 69.798233032
-0.575224876 0.032351878 0.817355454 90.289024353 0.016641108 0.999473631 -0.027848929 -8.572620392 -0.817826211 -0.002417693 -0.575460434 69.260620117
-0.587642908 0.030462017 0.808546662 91.055870056 0.016877031 0.999535084 -0.025391467 -8.613039970 -0.808944285 -0.001275252 -0.587883830 68.710304260
-0.599171758 0.031163760 0.800013959 91.795402527 0.019224036 0.999514043 -0.024537221 -8.651712418 -0.800389886 0.000677491 -0.599479675 68.152450562
-0.609236002 0.032946315 0.792304397 92.528244019 0.021673329 0.999455094 -0.024894716 -8.684112549 -0.792692840 0.002005118 -0.609618068 67.588638306
-0.617419124 0.035064418 0.785852551 93.258064270 0.025305072 0.999374330 -0.024710294 -8.719096184 -0.786227345 0.004629449 -0.617920160 67.010665894
-0.623160005 0.037719596 0.781184435 93.963935852 0.030308316 0.999250710 -0.024071665 -8.754259109 -0.781507075 0.008675888 -0.623836279 66.435333252
-0.627006173 0.039084606 0.778033316 94.669998169 0.033307530 0.999172330 -0.023351485 -8.787697792 -0.778302014 0.011272843 -0.627789021 65.858520508
-0.629567266 0.041078679 0.775859237 95.370056152 0.036433093 0.999063671 -0.023333006 -8.822622299 -0.776091278 0.013577255 -0.630474448 65.299911499
-0.630121350 0.042384863 0.775339305 96.056823730 0.038291983 0.998990417 -0.023490988 -8.854017258 -0.775552213 0.014887109 -0.631108284 64.738815308
-0.629542232 0.044411551 0.775696099 96.734626770 0.041522596 0.998861432 -0.023489563 -8.890228271 -0.775856137 0.017421246 -0.630669594 64.196464539
-0.626980424 0.045705784 0.777693152 97.399299622 0.044068772 0.998759806 -0.023169611 -8.917522430 -0.777787626 0.019745093 -0.628217101 63.646076202
-0.623442888 0.046133116 0.780506849 98.054191589 0.045215890 0.998714387 -0.022913687 -8.949833870 -0.780560553 0.021005940 -0.624727368 63.127555847
-0.618483663 0.047273666 0.784374356 98.695022583 0.047561437 0.998610735 -0.022683067 -8.986392975 -0.784357011 0.023276864 -0.619872928 62.617660522
-0.612818599 0.047769755 0.788778543 99.315216064 0.048467003 0.998564065 -0.022819696 -9.017052650 -0.788736045 0.024245400 -0.614253879 62.139053345
-0.607797861 0.047861073 0.792648077 99.933074951 0.049170393 0.998534918 -0.022589205 -9.048492432 -0.792567909 0.025245145 -0.609260798 61.666679382
-0.603140116 0.046524335 0.796277225 100.529464722 0.047628362 0.998616815 -0.022270387 -9.080116272 -0.796211958 0.024493216 -0.604521751 61.230926514
-0.598585963 0.045777235 0.799749434 101.118476868 0.047305901 0.998643517 -0.021754922 -9.112751961 -0.799660504 0.024810677 -0.599939585 60.789375305
-0.595347404 0.045022443 0.802206159 101.682464600 0.046853833 0.998675108 -0.021276938 -9.140749931 -0.802101254 0.024919260 -0.596668124 60.378532410
-0.593018651 0.046773579 0.803829074 102.239936829 0.046624664 0.998631001 -0.023711829 -9.166125298 -0.803837776 0.023416705 -0.594387650 59.971206665
-0.592818260 0.049177356 0.803833365 102.794105530 0.046160281 0.998567760 -0.027048226 -9.195810318 -0.804012239 0.021070488 -0.594239235 59.565933228
-0.594349265 0.054733038 0.802342534 103.335861206 0.047935978 0.998318553 -0.032592438 -9.224368095 -0.802777290 0.019089784 -0.595973492 59.162963867
-0.596823931 0.060162876 0.800113499 103.874412537 0.050917190 0.998014927 -0.037063304 -9.261010170 -0.800755024 0.018619262 -0.598702431 58.753425598
-0.600213647 0.061680511 0.797458112 104.405151367 0.053135276 0.997894526 -0.037190843 -9.283740997 -0.798072994 0.020050706 -0.602227330 58.347198486
-0.604395151 0.057824664 0.794583619 104.948509216 0.053675510 0.998051822 -0.031803839 -9.308698654 -0.794874728 0.023427600 -0.606321454 57.930122375
-0.608483911 0.049264278 0.792035818 105.485954285 0.052398544 0.998387337 -0.021843929 -9.344049454 -0.791834593 0.028209845 -0.610083938 57.516662598
-0.613496900 0.042635120 0.788545787 106.016677856 0.050596289 0.998612046 -0.014628569 -9.367431641 -0.788075030 0.030922906 -0.614802599 57.109664917
-0.618375301 0.041436341 0.784789979 106.538841248 0.048144799 0.998730779 -0.014796571 -9.397304535 -0.784406960 0.028633719 -0.619585395 56.692672729
-0.622643828 0.044490695 0.781239748 107.056686401 0.046524085 0.998721004 -0.019796565 -9.420374870 -0.781121254 0.024020255 -0.623917341 56.297271729
-0.625497341 0.048624724 0.778709829 107.585380554 0.045669243 0.998626649 -0.025673186 -9.434356689 -0.778888762 0.019504581 -0.626858950 55.867263794
-0.627559900 0.048996657 0.777025104 108.110534668 0.043047741 0.998674810 -0.028205905 -9.452466965 -0.777377367 0.015748281 -0.628837466 55.443107605
-0.629441381 0.048641630 0.775524259 108.644226074 0.041213430 0.998723865 -0.029190743 -9.475931168 -0.775954425 0.013588154 -0.630642891 55.019050598
-0.630906463 0.047605783 0.774396956 109.174926758 0.039218038 0.998796642 -0.029449470 -9.510393143 -0.774866998 0.011790466 -0.632014275 54.588897705
-0.631475568 0.048545409 0.773874700 109.722534180 0.038948622 0.998764217 -0.030871045 -9.529196739 -0.774416983 0.010647041 -0.632586002 54.140464783
-0.630939603 0.048369385 0.774322808 110.269248962 0.039471149 0.998763382 -0.030227270 -9.550149918 -0.774827361 0.011491830 -0.632068634 53.696533203
-0.629881859 0.045125388 0.775379181 110.825782776 0.041459754 0.998840988 -0.024450421 -9.576301575 -0.775583804 0.016746152 -0.631022692 53.246490479
-0.626460195 0.037643902 0.778544068 111.407455444 0.040068448 0.999067783 -0.016065283 -9.602504730 -0.778423071 0.021130789 -0.627384543 52.785461426
-0.620936751 0.035876304 0.783039272 111.978630066 0.041877292 0.999043763 -0.012564950 -9.623811722 -0.782741249 0.024989525 -0.621845365 52.335258484
-0.614417315 0.035837345 0.788166881 112.566101074 0.041514628 0.999052465 -0.013063326 -9.645021439 -0.787888229 0.024694121 -0.615322948 51.885047913
-0.607604504 0.036145732 0.793416977 113.168716431 0.037564561 0.999153793 -0.016751288 -9.660124779 -0.793351054 0.019626204 -0.608448148 51.444229126
-0.600951076 0.034038588 0.798560739 113.782028198 0.034464478 0.999267101 -0.016657691 -9.671927452 -0.798542440 0.017511519 -0.601683736 50.989242554
-0.594498396 0.028978858 0.803574502 114.408386230 0.026894223 0.999507844 -0.016147882 -9.690287590 -0.803646982 0.012011624 -0.594985127 50.548194885
-0.589289308 0.026017129 0.807503283 115.053245544 0.021044508 0.999636531 -0.016849931 -9.713316917 -0.807648182 0.007064025 -0.589622736 50.093780518
-0.586014032 0.024826668 0.809920490 115.698715210 0.010703404 0.999680459 -0.022899026 -9.735037804 -0.810230255 -0.004750243 -0.586092472 49.651893616
-0.584198833 0.027060201 0.811159611 116.353866577 0.003111623 0.999511361 -0.031102605 -9.754159927 -0.811604857 -0.015646078 -0.583997488 49.203865051
-0.582016945 0.024331193 0.812812567 117.029197693 -0.006914235 0.999368072 -0.034866609 -9.786831856 -0.813147247 -0.025912935 -0.581480861 48.747848511
-0.580436230 0.024159702 0.813947260 117.694335938 -0.006966358 0.999375880 -0.034631420 -9.818860054 -0.814275980 -0.025771577 -0.579905629 48.284378052
-0.578370690 0.022376454 0.815467119 118.371795654 -0.005852062 0.999484181 -0.031576470 -9.847731590 -0.815753043 -0.023035070 -0.577941418 47.804031372
-0.577441573 0.018899670 0.816213429 119.079467773 -0.008016542 0.999552548 -0.028816357 -9.885193825 -0.816392839 -0.023182966 -0.577031732 47.319465637
-0.576811314 0.017779227 0.816683948 119.791275024 -0.008414469 0.999580741 -0.027703905 -9.917785645 -0.816834152 -0.022851886 -0.576419950 46.830154419
-0.576658130 0.021673605 0.816698253 120.499221802 -0.004431307 0.999550343 -0.029655030 -9.947927475 -0.816973746 -0.020719850 -0.576302886 46.326606750
-0.578465700 0.025030458 0.815322638 121.214721680 -0.002229900 0.999476850 -0.032266103 -9.977514267 -0.815703690 -0.020482920 -0.578107238 45.818450928
-0.580209136 0.022762362 0.814149499 121.951690674 -0.004355202 0.999508381 -0.031048475 -10.011888504 -0.814455986 -0.021560391 -0.579824805 45.306381226
-0.581271052 0.021233996 0.813432992 122.684120178 -0.002733615 0.999602854 -0.028047223 -10.046212196 -0.813705504 -0.018526651 -0.580982208 44.780242920
-0.582573056 0.020048464 0.812531054 123.432716370 -0.000032008 0.999695182 -0.024689516 -10.076992989 -0.812778354 -0.014409455 -0.582394838 44.241523743
-0.584219456 0.018502541 0.811384976 124.193908691 -0.003347749 0.999676645 -0.025206752 -10.103530884 -0.811589003 -0.017442584 -0.583968639 43.709053040
-0.585787296 0.016461611 0.810297608 124.950752258 -0.007544170 0.999639630 -0.025762085 -10.134941101 -0.810429692 -0.021204125 -0.585451961 43.172676086
-0.587062120 0.016746281 0.809368789 125.718994141 -0.007738500 0.999624252 -0.026295761 -10.166009903 -0.809505045 -0.021700541 -0.586711884 42.623497009
-0.588749170 0.014836413 0.808179736 126.490844727 -0.006510640 0.999712050 -0.023095451 -10.201264381 -0.808289647 -0.018859193 -0.588483095 42.061920166
-0.589904547 0.007040601 0.807442248 127.267204285 -0.010588766 0.999808550 -0.016453952 -10.231774330 -0.807403505 -0.018256079 -0.589717150 41.499183655
-0.591609597 0.001112620 0.806223929 128.056213379 -0.010916776 0.999896288 -0.009390659 -10.253410339 -0.806150794 -0.014356968 -0.591536164 40.931312561
-0.591470957 -0.002777603 0.806321561 128.834793091 -0.013152349 0.999894261 -0.006203384 -10.273727417 -0.806219101 -0.014274144 -0.591444850 40.364807129
-0.592240214 -0.002280789 0.805758417 129.606201172 -0.016665813 0.999816775 -0.009419438 -10.300228119 -0.805589259 -0.019007185 -0.592169762 39.809982300
-0.592241406 -0.000503609 0.805760503 130.388061523 -0.021709472 0.999646783 -0.015331873 -10.316426277 -0.805468202 -0.026572803 -0.592043161 39.255783081
-0.591660261 0.000218466 0.806187332 131.177490234 -0.026220549 0.999465704 -0.019514082 -10.346777916 -0.805760860 -0.032684382 -0.591338396 38.694488525
-0.589788079 -0.001358793 0.807556987 131.962951660 -0.026376896 0.999497414 -0.017582249 -10.375669479 -0.807127237 -0.031670645 -0.589527488 38.130035400
-0.588301301 -0.000091651 0.808641970 132.761672974 -0.023370083 0.999584198 -0.016888853 -10.404317856 -0.808304250 -0.028833762 -0.588058829 37.565719604
-0.585433006 0.005534810 0.810702026 133.555130005 -0.014306470 0.999750435 -0.017156621 -10.428640366 -0.810594678 -0.021642333 -0.585207701 36.987564087
-0.581023693 0.008990090 0.813836992 134.322357178 -0.010655996 0.999769270 -0.018651649 -10.460371017 -0.813816905 -0.019509293 -0.580793858 36.420440674
-0.577104568 0.014840352 0.816535711 135.108963013 -0.002934289 0.999790728 -0.020244848 -10.488167763 -0.816665292 -0.014079341 -0.576940298 35.863052368
-0.574394107 0.020994125 0.818309784 135.885498047 0.008112923 0.999767959 -0.019954838 -10.522019386 -0.818538845 -0.004823055 -0.574431181 35.300323486
-0.573870659 0.019909043 0.818704069 136.671264648 0.004180806 0.999762654 -0.021381447 -10.552812576 -0.818935454 -0.008847339 -0.573817611 34.765747070
-0.574290991 0.015751401 0.818499804 137.443008423 0.001458216 0.999832988 -0.018217878 -10.582386017 -0.818650067 -0.009268811 -0.574218035 34.222656250
-0.575307965 0.010375622 0.817871153 138.227478027 -0.001045504 0.999909401 -0.013420413 -10.610404968 -0.817936242 -0.008575958 -0.575245023 33.680297852
-0.576580286 0.005120063 0.817024767 139.019592285 -0.005847321 0.999928892 -0.010392767 -10.635533333 -0.817019880 -0.010769668 -0.576509356 33.142761230
-0.578955173 0.002969433 0.815353930 139.791503906 -0.007301063 0.999934375 -0.008825894 -10.659678459 -0.815326631 -0.011062748 -0.578895569 32.606384277
-0.581437469 0.004288471 0.813579798 140.566101074 -0.010387080 0.999865472 -0.012693692 -10.680817604 -0.813524842 -0.015831307 -0.581314683 32.069686890
-0.582273483 -0.001955659 0.812990844 141.338760376 -0.017919488 0.999785066 -0.010429148 -10.698863029 -0.812795699 -0.020640993 -0.582183361 31.534118652
-0.584321499 0.005134175 0.811506033 142.093933105 -0.014566809 0.999752522 -0.016813926 -10.722501755 -0.811391532 -0.021645792 -0.584102154 30.986984253
-0.585699797 0.008193705 0.810486555 142.855285645 -0.015796378 0.999643564 -0.021521298 -10.749208450 -0.810374081 -0.025407774 -0.585361600 30.441696167
-0.587881207 0.013133563 0.808840573 143.615402222 -0.017447900 0.999429762 -0.028909735 -10.779561996 -0.808758974 -0.031108063 -0.587316871 29.902648926
-0.589500785 0.013256250 0.807659030 144.363983154 -0.013474179 0.999564826 -0.026240680 -10.812969208 -0.807655394 -0.026351444 -0.589065671 29.359039307
-0.589542389 0.010333654 0.807671547 145.124923706 -0.012324115 0.999686718 -0.021786090 -10.843856812 -0.807643652 -0.022797655 -0.589230299 28.808975220
-0.589881897 0.004878205 0.807474732 145.882736206 -0.013465914 0.999783278 -0.015877211 -10.875417709 -0.807377219 -0.020239064 -0.589688301 28.267349243
-0.589599133 0.009693013 0.807637930 146.631729126 -0.008392927 0.999800503 -0.018126369 -10.905667305 -0.807652473 -0.017465737 -0.589400172 27.718719482
-0.588819504 0.011112601 0.808188260 147.376205444 -0.010971956 0.999703467 -0.021739746 -10.933218956 -0.808190167 -0.021668190 -0.588522911 27.187225342
-0.588000178 0.016134091 0.808700085 148.111770630 -0.011221414 0.999542117 -0.028100526 -10.968040466 -0.808783174 -0.025597868 -0.587549925 26.653488159
-0.587797761 0.013497588 0.808895528 148.853820801 -0.015061114 0.999504983 -0.027622597 -11.002131462 -0.808867931 -0.028419362 -0.587303400 26.125869751
-0.588003039 0.008293798 0.808816373 149.599121094 -0.017625662 0.999578595 -0.023063634 -11.035491943 -0.808666885 -0.027817406 -0.587609053 25.600158691
-0.588507533 0.004779045 0.808477700 150.314926147 -0.014577881 0.999757230 -0.016521269 -11.067144394 -0.808360398 -0.021508781 -0.588294983 25.076461792
-0.589518905 0.005636174 0.807735026 151.019561768 -0.011956953 0.999805212 -0.015703078 -11.101087570 -0.807666242 -0.018915311 -0.589336753 24.568954468
-0.591080785 0.013170004 0.806505144 151.685913086 -0.010977356 0.999642730 -0.024369100 -11.135527611 -0.806537926 -0.023257395 -0.590725064 24.074401855
-0.593367934 0.024493931 0.804558754 152.361907959 -0.009314555 0.999261022 -0.037290990 -11.165307045 -0.804877579 -0.029621379 -0.592701316 23.583358765
-0.597297430 0.026650572 0.801577091 153.007400513 -0.005189356 0.999298394 -0.037091214 -11.202322006 -0.802003264 -0.026314151 -0.596740127 23.107482910
-0.601380229 0.021028236 0.798686385 153.650878906 -0.001987787 0.999611139 -0.027815018 -11.237133026 -0.798960686 -0.018315017 -0.601104617 22.622879028
-0.606143355 0.011670256 0.795270085 154.280746460 -0.000109128 0.999891102 -0.014756163 -11.271119118 -0.795355678 -0.009031133 -0.606076121 22.145782471
-0.609438658 0.006574037 0.792806089 154.882049561 -0.001696102 0.999952495 -0.009595531 -11.300193787 -0.792831481 -0.007192567 -0.609398603 21.684768677
-0.613673568 0.010213881 0.789493799 155.452667236 -0.001020733 0.999905229 -0.013729443 -11.330378532 -0.789559186 -0.009231259 -0.613605022 21.239974976
-0.615754008 0.021173621 0.787654221 155.994934082 0.003759618 0.999706447 -0.023934882 -11.354642868 -0.787929773 -0.011776716 -0.615652919 20.808197021
-0.618034959 0.028035149 0.785650730 156.524185181 0.005019650 0.999484301 -0.031716857 -11.381322861 -0.786134779 -0.015658431 -0.617856860 20.387481689
-0.619136691 0.032296676 0.784618974 157.036392212 0.009397641 0.999387085 -0.033721413 -11.411561966 -0.785227180 -0.013504592 -0.619060755 19.984451294
-0.615964055 0.034600131 0.787014067 157.522781372 0.015801299 0.999376655 -0.031569362 -11.429483414 -0.787615776 -0.007009745 -0.616126776 19.592071533
-0.610640764 0.038460981 0.790973246 158.020538330 0.024831746 0.999258697 -0.029418435 -11.458950043 -0.791518390 0.001677150 -0.611143112 19.218078613
-0.598825455 0.039706692 0.799894929 158.495513916 0.029687144 0.999184310 -0.027374715 -11.486780167 -0.800329447 0.007353923 -0.599515796 18.870437622
-0.580353975 0.045276124 0.813105106 158.969909668 0.037506875 0.998879850 -0.028850090 -11.516534805 -0.813500464 0.013753768 -0.581402063 18.528106689
-0.556198955 0.051184289 0.829471707 159.461120605 0.045612469 0.998477221 -0.031027883 -11.541001320 -0.829796791 0.020576576 -0.557686687 18.209655762
-0.525362730 0.054372374 0.849139512 159.954833984 0.051153507 0.998169422 -0.032266431 -11.581640244 -0.849339545 0.026484886 -0.527182341 17.912628174
-0.489761829 0.053600904 0.870207191 160.447326660 0.052947048 0.998094738 -0.031679057 -11.589577675 -0.870247245 0.030559713 -0.491666675 17.634841919
-0.452094555 0.049628306 0.890588522 160.969360352 0.046622951 0.998400867 -0.031968717 -11.609930038 -0.890750885 0.027068984 -0.453685403 17.389205933
-0.412325978 0.047611795 0.909791470 161.489532471 0.040586941 0.998601973 -0.033865109 -11.635980606 -0.910131931 0.022962190 -0.413681865 17.186767578
-0.372808337 0.051118951 0.926499367 162.011734009 0.039209764 0.998457372 -0.039311823 -11.668443680 -0.927079737 0.021672046 -0.374237657 17.000030518
-0.332104921 0.055906568 0.941584349 162.533813477 0.039350104 0.998194098 -0.045388661 -11.699479103 -0.942421436 0.021977644 -0.333705068 16.829193115
-0.291162133 0.061747931 0.954679012 163.085510254 0.037106395 0.997892857 -0.053226110 -11.722537994 -0.955953956 0.019927267 -0.292839885 16.687652588
-0.250153303 0.061797343 0.966232300 163.648117065 0.034861885 0.997888744 -0.054796427 -11.760665894 -0.967578650 0.019977177 -0.251779556 16.566528320
-0.208505154 0.059179600 0.976229370 164.190185547 0.030444246 0.998076618 -0.054001663 -11.790186882 -0.977547467 0.018460942 -0.209905863 16.476211548
-0.167522788 0.054236479 0.984375358 164.768676758 0.027302392 0.998357832 -0.050360519 -11.826395035 -0.985490263 0.018439271 -0.168728471 16.403747559
-0.131005645 0.047563024 0.990240157 165.360122681 0.019877708 0.998773694 -0.045343153 -11.864778519 -0.991182446 0.013743498 -0.131790400 16.360153198
-0.098251939 0.040039849 0.994355798 165.955581665 0.014057074 0.999146402 -0.038843781 -11.899208069 -0.995062351 0.010161258 -0.098730922 16.338058472
-0.068695188 0.038202662 0.996906102 166.539062500 0.008582647 0.999252200 -0.037701156 -11.922908783 -0.997600913 0.005966209 -0.068971634 16.314712524
-0.044442534 0.036248632 0.998354256 167.148071289 0.003104834 0.999341667 -0.036146276 -11.946000099 -0.999007285 0.001493299 -0.044525862 16.311203003
-0.027183771 0.032394316 0.999105573 167.763336182 -0.006998795 0.999444127 -0.032595720 -11.980186462 -0.999606073 -0.007878604 -0.026941895 16.324905396
-0.014634490 0.030872667 0.999416351 168.381927490 -0.019946681 0.999315321 -0.031161627 -12.008821487 -0.999694109 -0.020391064 -0.014008641 16.344985962
-0.006166101 0.033400003 0.999423087 169.006439209 -0.025741840 0.999105513 -0.033548210 -12.035634995 -0.999649644 -0.025933851 -0.005300760 16.355041504
-0.002197742 0.035778441 0.999357462 169.643325806 -0.031728879 0.998854101 -0.035830196 -12.061139107 -0.999494255 -0.031787228 -0.001060009 16.368728638
-0.000872374 0.037878893 0.999282062 170.291397095 -0.032681242 0.998747468 -0.037887160 -12.086824417 -0.999465585 -0.032690819 0.000366688 16.373077393
-0.002862692 0.036064494 0.999345422 170.943801880 -0.033679001 0.998779058 -0.036140528 -12.114719391 -0.999428689 -0.033760410 -0.001644611 16.380432129
-0.006092787 0.034574710 0.999383509 171.604400635 -0.032472089 0.998868167 -0.034754846 -12.143676758 -0.999454021 -0.032663826 -0.004963160 16.377975464
-0.010775805 0.030051114 0.999490380 172.275283813 -0.033589322 0.998973370 -0.030397708 -12.170713425 -0.999377728 -0.033899762 -0.009755373 16.372222900
-0.016589165 0.031643298 0.999361634 172.947174072 -0.033721257 0.998912811 -0.032188851 -12.204442978 -0.999293685 -0.034233715 -0.015504122 16.364761353
-0.022083759 0.038728580 0.999005795 173.623001099 -0.034184262 0.998635828 -0.039469901 -12.234771729 -0.999171615 -0.035021912 -0.020729661 16.355728149
-0.028978705 0.048890188 0.998383760 174.303268433 -0.034573581 0.998156488 -0.049882580 -12.269629478 -0.998982012 -0.035963226 -0.027234912 16.345260620
-0.035010934 0.053595003 0.997948945 174.975036621 -0.032776050 0.997962236 -0.054745600 -12.310919762 -0.998849452 -0.034625508 -0.033182979 16.305130005
-0.041733027 0.051620312 0.997794509 175.689041138 -0.032173712 0.998077095 -0.052980606 -12.341230392 -0.998610735 -0.034313787 -0.039991975 16.281692505
-0.048322678 0.043422602 0.997887433 176.396636963 -0.034202624 0.998396754 -0.045101020 -12.386191368 -0.998245955 -0.036309768 -0.046759963 16.241210938
-0.055655122 0.037682671 0.997738898 177.118194580 -0.038590934 0.998459697 -0.039862543 -12.429942131 -0.997704148 -0.040722214 -0.054115176 16.212860107
-0.061976910 0.035963196 0.997429550 177.838653564 -0.041336421 0.998400688 -0.038566716 -12.468336105 -0.997221291 -0.043620408 -0.060391188 16.179199219
-0.067433476 0.039711874 0.996933162 178.563049316 -0.045330692 0.998053789 -0.042822722 -12.504362106 -0.996693432 -0.048079353 -0.065502048 16.141494751
-0.070097923 0.042205404 0.996646881 179.282348633 -0.041418847 0.998119831 -0.045180921 -12.542680740 -0.996679902 -0.044447053 -0.068217993 16.084640503
-0.072326899 0.044780686 0.996375203 180.014984131 -0.033656467 0.998313010 -0.047310904 -12.582348824 -0.996812940 -0.036956318 -0.070697665 16.027252197
-0.073481321 0.043638036 0.996341586 180.756256104 -0.029935298 0.998495579 -0.045940138 -12.618083954 -0.996847332 -0.033201508 -0.072064400 15.970260620
-0.073858142 0.041329544 0.996412098 181.502685547 -0.036238514 0.998369813 -0.044096891 -12.659429550 -0.996610224 -0.039365400 -0.072239995 15.930419922
-0.072159648 0.037602272 0.996684015 182.250793457 -0.040794369 0.998341620 -0.040618308 -12.698316574 -0.996558487 -0.043590099 -0.070505977 15.887741089
-0.069711089 0.037066240 0.996878564 183.007095337 -0.038149424 0.998479366 -0.039793532 -12.737254143 -0.996837676 -0.040804382 -0.068191051 15.836288452
-0.068721533 0.037477072 0.996931732 183.753601074 -0.033231582 0.998653591 -0.039832558 -12.776336670 -0.997082293 -0.035866972 -0.067383528 15.781524658
-0.069056511 0.035979703 0.996963799 184.512893677 -0.036883660 0.998574078 -0.038592625 -12.815689087 -0.996930778 -0.039436739 -0.067631006 15.741455078
-0.068800688 0.033254970 0.997076035 185.285736084 -0.040597316 0.998523057 -0.036104545 -12.847311974 -0.996804059 -0.042962626 -0.067349076 15.703262329
-0.067150235 0.029967532 0.997292757 186.050765991 -0.043242756 0.998522222 -0.032916114 -12.884443283 -0.996805429 -0.045336008 -0.065755129 15.660293579
-0.065752268 0.027874926 0.997446656 186.816360474 -0.044149898 0.998549521 -0.030816128 -12.919611931 -0.996858895 -0.046063386 -0.064426184 15.617874146
-0.064714551 0.029876240 0.997456610 187.584167480 -0.042211995 0.998575091 -0.032648437 -12.953227043 -0.997010708 -0.044217452 -0.063361168 15.573120117
-0.064066529 0.034852821 0.997336805 188.356628418 -0.037666712 0.998593390 -0.037316352 -12.987536430 -0.997234464 -0.039957128 -0.062663674 15.516510010
-0.064287305 0.038616385 0.997184038 189.123184204 -0.038696196 0.998403013 -0.041158292 -13.023330688 -0.997180939 -0.041233186 -0.062690377 15.472457886
-0.065705180 0.039976522 0.997038007 189.884887695 -0.044415645 0.998089612 -0.042945694 -13.057099342 -0.996850133 -0.047105838 -0.063804150 15.437118530
-0.067079902 0.036967307 0.997062564 190.677001953 -0.044805612 0.998193622 -0.040023651 -13.090920448 -0.996741056 -0.047358777 -0.065302372 15.393844604
-0.067896843 0.035075441 0.997075617 191.456512451 -0.040698618 0.998452604 -0.037895292 -13.129368782 -0.996861875 -0.043152571 -0.066364288 15.336822510
-0.069275379 0.036782160 0.996919215 192.236938477 -0.043091439 0.998277009 -0.039826661 -13.166481018 -0.996666431 -0.045717694 -0.067571044 15.289688110
-0.071318865 0.041439313 0.996592462 193.026763916 -0.046498206 0.997912288 -0.044821728 -13.208818436 -0.996369243 -0.049536388 -0.069243073 15.245254517
-0.073976398 0.046091698 0.996194363 193.815155029 -0.046496730 0.997685611 -0.049613498 -13.250785828 -0.996175528 -0.049990006 -0.071662068 15.193374634
-0.076968074 0.047016658 0.995924413 194.593750000 -0.048008539 0.997554064 -0.050803836 -13.291843414 -0.995877087 -0.051723149 -0.074522614 15.133392334
-0.079848409 0.047437754 0.995677590 195.404266357 -0.045864776 0.997634232 -0.051209107 -13.345055580 -0.995751262 -0.049755499 -0.077483773 15.065444946
-0.080714226 0.045745306 0.995687008 196.223526001 -0.045536619 0.997734010 -0.049530722 -13.395061493 -0.995696545 -0.049338050 -0.078448176 15.001617432
-0.082176685 0.045528803 0.995577216 197.035202026 -0.040119298 0.997995138 -0.048950892 -13.439390182 -0.995809913 -0.043964487 -0.080185413 14.931915283
-0.082225204 0.041659690 0.995742798 197.848373413 -0.037283413 0.998297989 -0.044845339 -13.487426758 -0.995916307 -0.040812101 -0.080532074 14.863494873
-0.082865953 0.038778640 0.995805919 198.686157227 -0.035903368 0.998477757 -0.041870378 -13.527848244 -0.995913744 -0.039222412 -0.081347466 14.804031372
-0.083369374 0.037464846 0.995814323 199.523101807 -0.031743616 0.998686075 -0.040230457 -13.571905136 -0.996013105 -0.034964729 -0.082070470 14.736358643
-0.082395077 0.038442936 0.995857954 200.349761963 -0.029964954 0.998708367 -0.041032203 -13.614902496 -0.996149123 -0.033221692 -0.081136703 14.666900635
-0.082432032 0.039026309 0.995832264 201.186462402 -0.027346574 0.998768151 -0.041405033 -13.654985428 -0.996221423 -0.030645702 -0.081263304 14.605712891
-0.081157804 0.040614445 0.995873451 202.019897461 -0.021187885 0.998873353 -0.042463478 -13.699211121 -0.996476054 -0.024546694 -0.080205917 14.533248901
-0.078866482 0.041138727 0.996035993 202.860336304 -0.018203855 0.998922110 -0.042699322 -13.746027946 -0.996718943 -0.021499239 -0.078032494 14.465332031
-0.077274203 0.040433843 0.996189773 203.696533203 -0.022857780 0.998842835 -0.042314600 -13.789003372 -0.996747911 -0.026040504 -0.076260567 14.413726807
-0.073392987 0.037240319 0.996607542 204.547424316 -0.027450569 0.998848557 -0.039345592 -13.830183029 -0.996925235 -0.030245133 -0.072286129 14.363433838
-0.070924044 0.035953876 0.996833682 205.387329102 -0.024110008 0.998996437 -0.037747294 -13.879039764 -0.997190416 -0.026710847 -0.069985986 14.305694580
-0.068623066 0.042976808 0.996716678 206.225112915 -0.022372929 0.998754144 -0.044605020 -13.927433014 -0.997391939 -0.025360396 -0.067576051 14.253494263
-0.067416668 0.053705975 0.996278644 207.047882080 -0.024993170 0.998145938 -0.055497888 -13.971332550 -0.997412026 -0.028641628 -0.065949321 14.207519531
-0.066201806 0.053814996 0.996354163 207.876449585 -0.028011259 0.998050749 -0.055767816 -14.013748169 -0.997413158 -0.031601045 -0.064565301 14.164199829
-0.064849138 0.042971842 0.996969461 208.764114380 -0.031233899 0.998495460 -0.045069266 -14.062793732 -0.997406185 -0.034061942 -0.063409448 14.115814209
-0.065669894 0.031885583 0.997331977 209.617614746 -0.030504219 0.998958051 -0.033946138 -14.117074966 -0.997375190 -0.032652061 -0.064628839 14.064163208
-0.067191601 0.031711284 0.997236133 210.461639404 -0.031368006 0.998933554 -0.033878770 -14.158086777 -0.997246981 -0.033557672 -0.066125154 14.019042969
-0.069145322 0.038976066 0.996845007 211.290573120 -0.034594186 0.998541832 -0.041442007 -14.200974464 -0.997006714 -0.037350558 -0.067696214 13.976547241
-0.070736766 0.043472029 0.996547222 212.113967896 -0.042687818 0.998002708 -0.046565581 -14.240572929 -0.996581137 -0.045834329 -0.068739772 13.934768677
-0.071948409 0.043406505 0.996463418 212.964050293 -0.044359803 0.997924745 -0.046673100 -14.287119865 -0.996421456 -0.047560971 -0.069873571 13.880126953
-0.072085977 0.038739197 0.996645808 213.817596436 -0.040524356 0.998306572 -0.041734822 -14.327261925 -0.996574819 -0.043396927 -0.070394039 13.807968140
-0.072444439 0.032950025 0.996828198 214.665618896 -0.039428208 0.998578250 -0.035873320 -14.372362137 -0.996592939 -0.041901965 -0.071042299 13.748580933
-0.072922468 0.030549994 0.996869564 215.532577515 -0.036232412 0.998789787 -0.033259291 -14.414670944 -0.996679246 -0.038544338 -0.071727276 13.692733765
-0.072580814 0.034877766 0.996752560 216.390045166 -0.032120977 0.998788178 -0.037287954 -14.455615997 -0.996845186 -0.034723047 -0.071372509 13.635833740
-0.071466088 0.040625628 0.996615410 217.245300293 -0.029540919 0.998645663 -0.042826731 -14.494981766 -0.997005582 -0.032501590 -0.070169210 13.571151733
-0.070131183 0.044486158 0.996545315 218.102722168 -0.026022339 0.998583555 -0.046408448 -14.539359093 -0.997198284 -0.029187124 -0.068874240 13.506256104
-0.069154382 0.041425783 0.996745527 218.991363525 -0.023971662 0.998779953 -0.043173496 -14.586444855 -0.997317970 -0.026879283 -0.068076968 13.449157715
-0.068467259 0.036781460 0.996975243 219.876708984 -0.020754378 0.999051392 -0.038283367 -14.632009506 -0.997437596 -0.023312753 -0.067638993 13.388900757
-0.068209410 0.035165913 0.997051179 220.757888794 -0.020086816 0.999127626 -0.036613312 -14.677541733 -0.997468948 -0.022524951 -0.067443609 13.336883545
-0.068020821 0.035277240 0.997060061 221.644165039 -0.027694236 0.998922825 -0.037232485 -14.717280388 -0.997299492 -0.030145397 -0.066970587 13.286193848
-0.068276644 0.035426311 0.997037292 222.533172607 -0.032037903 0.998776078 -0.037682030 -14.758207321 -0.997151971 -0.034515779 -0.067058086 13.239593506
-0.068627119 0.034279708 0.997053385 223.417282104 -0.033592567 0.998763382 -0.036650673 -14.802169800 -0.997076750 -0.036008805 -0.067390680 13.187530518
-0.070697904 0.035961214 0.996849358 224.310852051 -0.037784532 0.998536170 -0.038701795 -14.847909927 -0.996781886 -0.040401623 -0.069235682 13.138427734
-0.072672963 0.036389217 0.996691823 225.195114136 -0.039245803 0.998455822 -0.039315198 -14.886487007 -0.996583402 -0.041973118 -0.071132660 13.083923340
-0.074225426 0.034282953 0.996652007 226.102493286 -0.035813287 0.998672605 -0.037019644 -14.920579910 -0.996598244 -0.038441185 -0.072899222 13.015625000
-0.075807452 0.030856363 0.996645033 226.988281250 -0.030788552 0.998972058 -0.033270266 -14.972633362 -0.996647120 -0.033207383 -0.074779510 12.944778442
-0.077143073 0.034022417 0.996439397 227.877990723 -0.031810146 0.998824835 -0.036566563 -15.021821976 -0.996512473 -0.034517735 -0.075970173 12.885131836
-0.078600049 0.041776173 0.996030688 228.764892578 -0.024970595 0.998725593 -0.043859717 -15.063590050 -0.996593654 -0.028318841 -0.077456713 12.812683105
-0.079307675 0.043218996 0.995912969 229.663803101 -0.022973806 0.998715103 -0.045170080 -15.112988472 -0.996585548 -0.026462238 -0.078212857 12.744567871
-0.081559896 0.036005691 0.996017992 230.569778442 -0.028524989 0.998853564 -0.038443990 -15.159202576 -0.996260285 -0.031546883 -0.080439329 12.686767578
-0.082579970 0.027409216 0.996207535 231.465652466 -0.035278440 0.998914778 -0.030408084 -15.204940796 -0.995959938 -0.037655741 -0.081523418 12.621643066
-0.084225774 0.025400292 0.996123016 232.361251831 -0.039569233 0.998801291 -0.028814301 -15.250740051 -0.995660841 -0.041842721 -0.083119750 12.559295654
-0.087406754 0.026463255 0.995821178 233.290039062 -0.040053949 0.998745382 -0.030056641 -15.286373138 -0.995367169 -0.042513721 -0.086237192 12.514022827
-0.088507652 0.032950375 0.995530307 234.185913086 -0.044709168 0.998313963 -0.037017379 -15.325862885 -0.995071590 -0.047785651 -0.086885214 12.455780029
-0.087464213 0.038269095 0.995432317 235.068450928 -0.041513920 0.998253703 -0.042025205 -15.376059532 -0.995302260 -0.044999998 -0.085722685 12.370544434
-0.086667895 0.044599038 0.995238483 235.952270508 -0.036445435 0.998186767 -0.047904920 -15.422567368 -0.995570421 -0.040423717 -0.084885359 12.290832520
-0.086013794 0.040776830 0.995459080 236.842193604 -0.033559814 0.998476505 -0.043800205 -15.471418381 -0.995728552 -0.037174851 -0.084514380 12.219039917
-0.083999753 0.036872391 0.995783389 237.740402222 -0.031793445 0.998707175 -0.039662603 -15.520304680 -0.995958447 -0.034991030 -0.082718849 12.144622803
-0.081166625 0.036503982 0.996032000 238.619720459 -0.034112483 0.998641849 -0.039379455 -15.574590683 -0.996116757 -0.037173413 -0.079811096 12.082672119
-0.079405785 0.044096302 0.995866537 239.489089966 -0.033819757 0.998326838 -0.046901874 -15.621597290 -0.996268511 -0.037404247 -0.077781558 12.019531250
-0.077306986 0.047216345 0.995888710 240.363494873 -0.033436965 0.998193264 -0.049921192 -15.666963577 -0.996446490 -0.037158750 -0.075588465 11.961242676
-0.074576974 0.041059110 0.996369660 241.245483398 -0.034082793 0.998463333 -0.043696441 -15.717687607 -0.996632695 -0.037217803 -0.073062897 11.900482178
-0.072665215 0.033674631 0.996787846 242.131958008 -0.030656507 0.998882174 -0.035980228 -15.781799316 -0.996885240 -0.033172537 -0.071551681 11.833953857
-0.071369052 0.035316292 0.996824622 242.992752075 -0.030864283 0.998816252 -0.037596624 -15.828927994 -0.996972382 -0.033449512 -0.070194602 11.787231445
-0.069662094 0.044748858 0.996566534 243.853591919 -0.032922655 0.998346031 -0.047130127 -15.873421669 -0.997027278 -0.036092792 -0.068073630 11.745361328
-0.067139268 0.048428465 0.996567667 244.699737549 -0.033222433 0.998158991 -0.050744005 -15.918731689 -0.997190416 -0.036515310 -0.065406680 11.675994873
-0.066277623 0.045038488 0.996784270 245.568145752 -0.031147655 0.998400509 -0.047182571 -15.968277931 -0.997314990 -0.034174640 -0.064768791 11.626251221
-0.065679550 0.037234090 0.997145951 246.433212280 -0.033935223 0.998642147 -0.039525189 -16.021736145 -0.997263670 -0.036434360 -0.064326763 11.582916260
-0.062992930 0.034244064 0.997426331 247.290725708 -0.035532579 0.998700559 -0.036531892 -16.067972183 -0.997381270 -0.037742380 -0.061694264 11.530303955
-0.060689211 0.034435369 0.997562587 248.136352539 -0.032391265 0.998810410 -0.036449049 -16.109870911 -0.997631013 -0.034524377 -0.059501529 11.497222900
-0.058093429 0.037400782 0.997610271 248.957580566 -0.026779328 0.998880029 -0.039007813 -16.151412964 -0.997951865 -0.028981430 -0.057026863 11.442810059
-0.056776285 0.038866848 0.997630239 249.770401001 -0.027303895 0.998807788 -0.040466622 -16.201335907 -0.998013616 -0.029536726 -0.055647373 11.403015137
-0.055520654 0.038951878 0.997697413 250.566940308 -0.028281290 0.998776436 -0.040567823 -16.241456985 -0.998056889 -0.030468524 -0.054351091 11.368255615
-0.054054379 0.035375744 0.997911155 251.354995728 -0.029303147 0.998885632 -0.036997568 -16.281612396 -0.998107970 -0.031241816 -0.052957416 11.335540771
-0.053830981 0.028680611 0.998138070 252.137817383 -0.029377641 0.999109268 -0.030292897 -16.318347931 -0.998117805 -0.030953640 -0.052940488 11.298828125
-0.053686738 0.025124058 0.998241901 252.890060425 -0.027427161 0.999269187 -0.026624981 -16.350250244 -0.998181224 -0.028808340 -0.052958488 11.255401611
-0.054147482 0.028210480 0.998134434 253.630813599 -0.027396107 0.999182582 -0.029726306 -16.392566681 -0.998157144 -0.028954597 -0.053330302 11.222595215
-0.054728031 0.033989541 0.997922719 254.355178833 -0.028755579 0.998952270 -0.035601620 -16.428447723 -0.998087227 -0.030644247 -0.053693414 11.189331055
-0.055914640 0.039983839 0.997634649 255.074447632 -0.027234381 0.998764932 -0.041555550 -16.458566666 -0.998064041 -0.029493524 -0.054756641 11.154174805
-0.056780577 0.041748550 0.997513473 255.778747559 -0.027041322 0.998694479 -0.043337230 -16.496082306 -0.998020470 -0.029434795 -0.055577517 11.111206055
-0.060196400 0.040879477 0.997349143 256.480712891 -0.024145896 0.998809040 -0.042396676 -16.539024353 -0.997894466 -0.026634013 -0.059137583 11.068786621
-0.065421581 0.039953034 0.997057498 257.165405273 -0.023422310 0.998861313 -0.041562162 -16.579792023 -0.997582734 -0.026072457 -0.064411283 11.029388428
-0.071943164 0.040263865 0.996595681 257.843261719 -0.023505991 0.998838902 -0.042051364 -16.619270325 -0.997131705 -0.026451278 -0.070913196 10.980926514
-0.080481529 0.042027608 0.995869815 258.504943848 -0.022650320 0.998775601 -0.043980733 -16.657777786 -0.996498823 -0.026096396 -0.079431057 10.933135986
-0.090268373 0.041499343 0.995052516 259.148315430 -0.023308691 0.998769760 -0.043768872 -16.703592300 -0.995644748 -0.027144315 -0.089190006 10.871826172
-0.101742625 0.042064782 0.993921161 259.781005859 -0.021716025 0.998773634 -0.044493109 -16.741207123 -0.994573832 -0.026110856 -0.100704432 10.801300049
-0.113562226 0.039426681 0.992748320 260.411834717 -0.017807201 0.998971045 -0.041710813 -16.772216797 -0.993371308 -0.022414839 -0.112743258 10.725189209
-0.125571370 0.036268573 0.991421461 261.026367188 -0.012243475 0.999198794 -0.038103819 -16.809623718 -0.992009044 -0.016923191 -0.125026703 10.636779785
-0.137022018 0.032638725 0.990030169 261.623992920 -0.006682231 0.999403834 -0.033872582 -16.838966370 -0.990545511 -0.011256898 -0.136722207 10.537902832
-0.148591995 0.027910262 0.988504767 262.208190918 -0.002724400 0.999586284 -0.028632682 -16.867706299 -0.988894939 -0.006947667 -0.148454428 10.437652588
-0.159213424 0.025879629 0.986905038 262.771514893 0.001131262 0.999660492 -0.026031615 -16.894222260 -0.987243652 -0.003028133 -0.159188628 10.333862305
-0.169886112 0.026986439 0.985094190 263.312347412 0.006078403 0.999634683 -0.026336512 -16.927261353 -0.985445023 0.001513593 -0.169988036 10.231933594
-0.179641366 0.029939838 0.983276546 263.833740234 0.010968030 0.999535561 -0.028431090 -16.952575684 -0.983671129 0.005677211 -0.179886222 10.121337891
-0.190127015 0.033549879 0.981186092 264.326812744 0.014204774 0.999405324 -0.031420358 -16.976526260 -0.981656790 0.007963670 -0.190490484 10.023162842
-0.199471593 0.036413882 0.979226649 264.800231934 0.017374637 0.999283612 -0.033620454 -17.000066757 -0.979749441 0.010307377 -0.199961424 9.920043945
-0.207823873 0.036732294 0.977476478 265.271911621 0.020966519 0.999232352 -0.033092111 -17.020671844 -0.977941632 0.013616948 -0.208434463 9.813079834
-0.214283109 0.035729952 0.976117849 265.711303711 0.023737699 0.999226093 -0.031364769 -17.043203354 -0.976483047 0.016449850 -0.214965463 9.706665039
-0.219118834 0.035450377 0.975053966 266.121826172 0.026558414 0.999186158 -0.030359427 -17.066108704 -0.975336671 0.019243568 -0.219882011 9.605072021
-0.221573472 0.036894351 0.974445462 266.516754150 0.029333003 0.999083996 -0.031157348 -17.085906982 -0.974702358 0.021679768 -0.222452760 9.506958008
-0.222254872 0.037051436 0.974284470 266.888549805 0.031322274 0.999033213 -0.030847354 -17.107643127 -0.974485457 0.023660831 -0.223200440 9.426483154
-0.218952537 0.036831863 0.975040317 267.241668701 0.033491373 0.998982131 -0.030215533 -17.122722626 -0.975160718 0.026039673 -0.219963193 9.345947266
-0.213853121 0.037255779 0.976155281 267.565002441 0.034341663 0.998941541 -0.030601980 -17.138374329 -0.976262152 0.026978467 -0.214906096 9.275634766
-0.206594229 0.038220618 0.977680027 267.883514404 0.032727625 0.998947501 -0.032136340 -17.154186249 -0.977879345 0.025357964 -0.207627654 9.227935791
-0.195047140 0.039749321 0.979988217 268.190948486 0.031137517 0.998925686 -0.034320150 -17.170476913 -0.980299652 0.023820352 -0.196075320 9.168548584
-0.180246353 0.042786095 0.982690573 268.457519531 0.028396945 0.998863399 -0.038281661 -17.182300568 -0.983211637 0.021005286 -0.181256533 9.120086670
-0.163768530 0.045525216 0.985447824 268.706481934 0.027804660 0.998750746 -0.041519009 -17.204299927 -0.986106932 0.020600535 -0.164829731 9.090942383
-0.145627856 0.046369899 0.988252163 268.963195801 0.026746463 0.998720467 -0.042919751 -17.227241516 -0.988977790 0.020181939 -0.146681666 9.089202881
-0.122346997 0.045149315 0.991460025 269.228637695 0.027409885 0.998737395 -0.042098321 -17.238311768 -0.992108941 0.022025207 -0.123430014 9.063476562
-0.096761942 0.044012208 0.994334161 269.487579346 0.026080368 0.998790920 -0.041671522 -17.249774933 -0.994965971 0.021900386 -0.097792745 9.064300537
-0.065776706 0.043440677 0.996888399 269.744079590 0.022472017 0.998862982 -0.042043980 -17.260961533 -0.997581363 0.019636581 -0.066678166 9.067718506
-0.032792568 0.041995820 0.998579502 270.000061035 0.019596245 0.998951793 -0.041367952 -17.273481369 -0.999270082 0.018211849 -0.033581138 9.090179443
0.002020478 0.038087156 0.999272525 270.255645752 0.016288888 0.999140561 -0.038115069 -17.281518936 -0.999865413 0.016354050 0.001398325 9.121948242
0.038875043 0.033573586 0.998680055 270.503814697 0.014449246 0.999311984 -0.034157295 -17.292839050 -0.999139726 0.015758041 0.038363159 9.153106689
0.077806294 0.030576993 0.996499538 270.727111816 0.007876399 0.999479532 -0.031283423 -17.310712814 -0.996937454 0.010282878 0.077524960 9.206771851
0.119730353 0.029371655 0.992371917 270.954772949 0.001768466 0.999554396 -0.029797606 -17.326183319 -0.992804945 0.005322655 0.119625092 9.273223877
0.164453864 0.029808659 0.985934258 271.166748047 -0.007907269 0.999550998 -0.028901415 -17.340358734 -0.986353040 -0.003043098 0.164615691 9.361297607
0.212749124 0.030999143 0.976615071 271.409820557 -0.011828286 0.999505103 -0.029148992 -17.350694656 -0.977035284 -0.005350259 0.213010490 9.453018188
0.262616277 0.032913256 0.964338839 271.652587891 -0.016058076 0.999428749 -0.029737826 -17.363529205 -0.964766741 -0.007675789 0.262994766 9.564163208
0.313902259 0.034923010 0.948812902 271.893768311 -0.018653514 0.999357283 -0.030612132 -17.370943069 -0.949272096 -0.008089473 0.314351976 9.691986084
0.366521120 0.035620540 0.929727674 272.136993408 -0.016145173 0.999359906 -0.031923540 -17.386047363 -0.930269659 -0.003309963 0.366861641 9.848052979
0.423361242 0.035680097 0.905258119 272.383728027 -0.006755683 0.999320686 -0.036228083 -17.392234802 -0.905935764 0.009221932 0.423314691 9.980102539
0.477886736 0.033557862 0.877780318 272.620727539 -0.001962599 0.999308288 -0.037135437 -17.400398254 -0.878419340 0.016023804 0.477622032 10.143493652
0.532625616 0.032737643 0.845717669 272.848449707 -0.006892629 0.999386251 -0.034345228 -17.418087006 -0.846323013 0.012463933 0.532524347 10.333251953
0.584020495 0.038639683 0.810818732 273.062377930 -0.015524970 0.999215424 -0.036435355 -17.415691376 -0.811590433 0.008691059 0.584162235 10.574859619
0.634989917 0.045203436 0.771196842 273.286193848 -0.026076507 0.998971879 -0.037083458 -17.430528641 -0.772080243 0.003437509 0.635515809 10.836051941
0.684406638 0.048238222 0.727503002 273.513458252 -0.033300959 0.998835802 -0.034901116 -17.433755875 -0.728339612 -0.000339989 0.685216308 11.123497009
0.732121944 0.045824390 0.679630458 273.735290527 -0.031859089 0.998946309 -0.033034667 -17.444589615 -0.680428147 0.002532999 0.732810497 11.433006287
0.775615990 0.045296390 0.629577756 273.948059082 -0.033694603 0.998970866 -0.030362735 -17.442459106 -0.630305171 0.002336456 0.776344001 11.762332916
0.813100994 0.045231324 0.580362737 274.142150879 -0.038714252 0.998971224 -0.023616593 -17.453483582 -0.580833852 -0.003265634 0.814015567 12.106708527
0.845400810 0.048367135 0.531938136 274.314483643 -0.046682827 0.998771429 -0.016622264 -17.467453003 -0.532088637 -0.010779899 0.846620083 12.485963821
0.873345912 0.054170679 0.484079003 274.471862793 -0.054088019 0.998435974 -0.014147284 -17.472866058 -0.484088272 -0.013827398 0.874909937 12.880321503
0.897345781 0.057047348 0.437625527 274.634613037 -0.057138339 0.998282015 -0.012971113 -17.472795486 -0.437613666 -0.013365623 0.899063766 13.265477180
0.916446269 0.063302189 0.395119101 274.774902344 -0.063899256 0.997888207 -0.011662996 -17.476966858 -0.395022988 -0.014559309 0.918555856 13.710868835
0.931384325 0.072139382 0.356818020 274.912780762 -0.072432458 0.997294247 -0.012560264 -17.478454590 -0.356758654 -0.014146770 0.934089482 14.173832893
0.942576289 0.080292523 0.324196011 275.033599854 -0.080143631 0.996687293 -0.013834386 -17.476125717 -0.324232846 -0.012942282 0.945888758 14.670761108
0.951970041 0.080045983 0.295543075 275.174224854 -0.080207758 0.996710718 -0.011596632 -17.482587814 -0.295499235 -0.012665202 0.955259025 15.174385071
0.959973752 0.075073645 0.269841284 275.315734863 -0.075114816 0.997122824 -0.010188932 -17.484849930 -0.269829839 -0.010487970 0.962850928 15.706117630
0.966252804 0.073779173 0.246803775 275.442016602 -0.073677175 0.997235358 -0.009661183 -17.488311768 -0.246834248 -0.008848660 0.969017327 16.265117645
0.971798599 0.075010017 0.223564371 275.551177979 -0.074984863 0.997147441 -0.008614377 -17.496274948 -0.223572806 -0.008392503 0.974651098 16.849975586
0.977390707 0.074196331 0.197995797 275.665771484 -0.074676514 0.997195005 -0.005051028 -17.500646591 -0.197815195 -0.009848807 0.980189860 17.455001831
0.982447624 0.073094770 0.171621159 275.758636475 -0.073959202 0.997260332 -0.001360410 -17.494029999 -0.171250418 -0.011356430 0.985162079 18.085227966
0.986248076 0.072749361 0.148399055 275.837371826 -0.073189244 0.997314930 -0.002501836 -17.498041153 -0.148182601 -0.008393784 0.988924384 18.725393295
0.988871932 0.076481640 0.127604455 275.898529053 -0.076127835 0.997068703 -0.007654672 -17.506628036 -0.127815843 -0.002144759 0.991795599 19.397415161
0.990761936 0.080851845 0.108874895 275.962493896 -0.079842590 0.996714652 -0.013604707 -17.513555527 -0.109617166 0.004786172 0.993962348 20.074609756
0.991939902 0.085105784 0.093873769 276.011016846 -0.083673351 0.996310234 -0.019098258 -17.503671646 -0.095152773 0.011089589 0.995400906 20.780860901
0.993038177 0.086498909 0.079956613 276.051361084 -0.085801549 0.996238470 -0.012123162 -17.503757477 -0.080704495 0.005178362 0.996724606 21.520616531
0.994410038 0.081533767 0.067089058 276.106811523 -0.081739038 0.996653736 0.000315876 -17.519039154 -0.066838808 -0.005797906 0.997746944 22.255428314
0.995390594 0.077002190 0.057167932 276.146453857 -0.077570260 0.996956527 0.007781858 -17.525878906 -0.056394722 -0.012180520 0.998334229 23.026397705
0.995759010 0.077842243 0.049036544 276.172180176 -0.078237347 0.996915579 0.006187276 -17.523666382 -0.048403662 -0.009997524 0.998777807 23.806278229
0.995677412 0.082353979 0.042946029 276.196472168 -0.082530834 0.996585727 0.002358419 -17.518949509 -0.042605177 -0.005892596 0.999074638 24.612672806
0.995521963 0.086047426 0.039139297 276.216247559 -0.086066276 0.996288657 -0.001206214 -17.513336182 -0.039097831 -0.002167760 0.999233007 25.423982620
0.995422125 0.088310368 0.036552962 276.244659424 -0.088355891 0.996088922 -0.000371360 -17.516933441 -0.036442794 -0.002860010 0.999331653 26.253282547
0.995128512 0.091635033 0.036363583 276.257598877 -0.091730505 0.995783389 0.000962378 -17.519386292 -0.036122065 -0.004293339 0.999338150 27.130908966
0.995377600 0.088655107 0.036928363 276.286956787 -0.088671938 0.996060193 -0.001185035 -17.523208618 -0.036887933 -0.002094951 0.999317229 28.001649857
0.995662391 0.084613264 0.038691819 276.328094482 -0.084547378 0.996413887 -0.003338751 -17.527048111 -0.038835566 0.000052977 0.999245584 28.882274628
0.995412946 0.086438216 0.041006744 276.354003906 -0.086312674 0.996256411 -0.004825597 -17.531991959 -0.041270349 0.001264060 0.999147236 29.788303375
0.995348930 0.085781835 0.043840546 276.390563965 -0.085820347 0.996310115 -0.001006352 -17.535425186 -0.043765105 -0.002760739 0.999038041 30.709505081
0.995761812 0.078994460 0.047098316 276.440185547 -0.079319179 0.996836424 0.005062826 -17.536006927 -0.046549380 -0.008777168 0.998877406 31.642751694
0.995741367 0.077558026 0.049838863 276.491516113 -0.078088775 0.996907651 0.008788882 -17.542474747 -0.049003094 -0.012643308 0.998718619 32.574333191
0.995723426 0.075725108 0.052920870 276.535827637 -0.076229282 0.997061551 0.007571330 -17.543785095 -0.052192029 -0.011573071 0.998570025 33.516067505
0.995805800 0.072611198 0.055663727 276.581176758 -0.072961606 0.997325540 0.004286280 -17.543704987 -0.055203624 -0.008329618 0.998440385 34.458370209
0.995803356 0.070502132 0.058353782 276.635101318 -0.070531338 0.997508347 -0.001561515 -17.557224274 -0.058318473 -0.002560808 0.998294771 35.403404236
0.995668769 0.070475310 0.060637441 276.687133789 -0.070073172 0.997503579 -0.008735664 -17.564382553 -0.061101716 0.004448771 0.998121619 36.356910706
0.995526314 0.071037486 0.062297869 276.749237061 -0.070639439 0.997465074 -0.008571574 -17.573802948 -0.062748849 0.004132541 0.998020768 37.324863434
0.995706558 0.066965498 0.063907124 276.816009521 -0.067028925 0.997750342 -0.001153419 -17.586071014 -0.063840598 -0.003135159 0.997955203 38.301952362
0.995882392 0.062522516 0.065644473 276.872833252 -0.063074820 0.997988462 0.006372966 -17.590400696 -0.065113977 -0.010487238 0.997822702 39.300880432
0.995884240 0.061708588 0.066382423 276.936737061 -0.062482983 0.997999370 0.009651457 -17.593446732 -0.065654039 -0.013759506 0.997747600 40.298549652
0.995721936 0.063890763 0.066751994 276.986480713 -0.064515851 0.997890353 0.007248770 -17.595008850 -0.066148043 -0.011524321 0.997743249 41.285705566
0.995896757 0.061877985 0.066035688 277.052703857 -0.061957914 0.998078406 -0.000838844 -17.603504181 -0.065960698 -0.003256031 0.997816920 42.267272949
0.995746791 0.064703673 0.065587670 277.107482910 -0.064357065 0.997899592 -0.007386022 -17.614849091 -0.065927811 0.003133579 0.997819483 43.286071777
0.995571256 0.067293100 0.065646566 277.168640137 -0.067085862 0.997732818 -0.005358680 -17.628768921 -0.065858334 0.000930991 0.997828543 44.287654877
0.995531499 0.068267263 0.065242678 277.225524902 -0.068520807 0.997648299 0.001653793 -17.642860413 -0.064976349 -0.006116884 0.997868061 45.314022064
0.995444834 0.069793493 0.064949699 277.280273438 -0.070312366 0.997508526 0.005734833 -17.646858215 -0.064387627 -0.010275477 0.997872055 46.314598083
0.995117307 0.074389517 0.064867377 277.326629639 -0.074931450 0.997170866 0.005958641 -17.653936386 -0.064240597 -0.010790153 0.997876108 47.332592010
0.994995773 0.076350793 0.064451680 277.384521484 -0.076936141 0.997013867 0.006645744 -17.654741287 -0.063751809 -0.011571150 0.997898698 48.348308563
0.994553685 0.082576811 0.063592315 277.430694580 -0.083597682 0.996407330 0.013558987 -17.654096603 -0.062244192 -0.018801311 0.997883856 49.373981476
0.994508326 0.083203398 0.063484862 277.484588623 -0.084587060 0.996226788 0.019423265 -17.655191422 -0.061629239 -0.024686597 0.997793794 50.393318176
0.994442999 0.085129455 0.061936572 277.536651611 -0.086347066 0.996115744 0.017250502 -17.648569107 -0.060227469 -0.022502683 0.997931004 51.401493073
0.994525731 0.085166752 0.060540516 277.585662842 -0.086097851 0.996202707 0.012936415 -17.639978409 -0.059208874 -0.018078005 0.998081923 52.400142670
0.994794190 0.082857996 0.059321903 277.639007568 -0.083742991 0.996407866 0.012586887 -17.627828598 -0.058065888 -0.017489156 0.998159528 53.428691864
0.994754910 0.083429702 0.059179436 277.690734863 -0.084079042 0.996422291 0.008564305 -17.628698349 -0.058253191 -0.013495134 0.998210609 54.436706543
0.994653463 0.084849566 0.058864996 277.742980957 -0.084995411 0.996381342 -0.000026207 -17.634286880 -0.058654208 -0.004977188 0.998265982 55.443126678
0.995034814 0.079673283 0.059647948 277.800872803 -0.079757750 0.996813834 -0.000967241 -17.638372421 -0.059534959 -0.003794948 0.998219013 56.448646545
0.995048881 0.078131407 0.061426032 277.856231689 -0.078523248 0.996904314 0.003987518 -17.645048141 -0.060924325 -0.008791147 0.998103678 57.477382660
0.994378984 0.084404118 0.063924752 277.900085449 -0.085158668 0.996325254 0.009167551 -17.652626038 -0.062916063 -0.014559767 0.997912586 58.488376617
0.994450033 0.082660228 0.065087646 277.970428467 -0.083313324 0.996496081 0.007379970 -17.658285141 -0.064249553 -0.012761679 0.997852266 59.491291046
0.993660390 0.090457261 0.066756703 278.022888184 -0.090816818 0.995864809 0.002364998 -17.659183502 -0.066266716 -0.008412635 0.997766495 60.501205444
0.993271172 0.091802225 0.070602544 278.085357666 -0.092191219 0.995738745 0.002264066 -17.664907455 -0.070093840 -0.008757765 0.997501969 61.507457733
0.992519081 0.097147040 0.073948041 278.139617920 -0.097935244 0.995167434 0.007099949 -17.669801712 -0.072900943 -0.014288954 0.997236848 62.522716522
0.992350042 0.096209705 0.077363588 278.218292236 -0.097577855 0.995128095 0.014094620 -17.669023514 -0.075630635 -0.021535769 0.996903300 63.527957916
0.992500961 0.093847394 0.078323178 278.296844482 -0.095431544 0.995295465 0.016725674 -17.670150757 -0.076385044 -0.024074748 0.996787727 64.530197144
0.993072808 0.087702759 0.078195795 278.374084473 -0.088953316 0.995955467 0.012648722 -17.666807175 -0.076770201 -0.019516878 0.996857762 65.533370972
0.994060695 0.077884182 0.076009333 278.464477539 -0.078437358 0.996909678 0.004315226 -17.665380478 -0.075438358 -0.010251568 0.997097790 66.544822693
0.994050682 0.079844892 0.074081212 278.532318115 -0.080350332 0.996759176 0.003862903 -17.672878265 -0.073532701 -0.009792373 0.997244716 67.550971985
0.994273484 0.079217628 0.071727179 278.596008301 -0.080258325 0.996704936 0.011740671 -17.677759171 -0.070560768 -0.017430142 0.997355163 68.565834045
0.994393051 0.080079101 0.069063887 278.655151367 -0.081390314 0.996547699 0.016380738 -17.676965714 -0.067513704 -0.021910023 0.997477770 69.577346802
0.994410098 0.082069919 0.066430844 278.715301514 -0.083211534 0.996424973 0.014599750 -17.680393219 -0.064995147 -0.020045951 0.997684240 70.592994690
0.994060218 0.088511638 0.063324258 278.759765625 -0.088851929 0.996041536 0.002572516 -17.682430267 -0.062845893 -0.008183717 0.997989714 71.581306458
0.993997753 0.091630213 0.059769247 278.812683105 -0.091418199 0.995792806 -0.006277746 -17.686889648 -0.060093019 0.000776069 0.998192489 72.584457397
0.994183004 0.090585411 0.058261979 278.862182617 -0.090445265 0.995888650 -0.005043396 -17.697614670 -0.058479302 -0.000255461 0.998288572 73.599342346
0.994331300 0.089931846 0.056722991 278.914001465 -0.090257384 0.995913327 0.003198317 -17.716897964 -0.056203552 -0.008299855 0.998384833 74.634918213
0.994176745 0.091794819 0.056447219 278.956176758 -0.092352383 0.995699286 0.007344041 -17.725238800 -0.055530310 -0.012514310 0.998378575 75.657058716
0.993887544 0.095799051 0.054864265 279.003784180 -0.096268199 0.995337546 0.005967024 -17.724439621 -0.054036826 -0.011212235 0.998475969 76.674018860
0.993855000 0.095886931 0.055298690 279.050201416 -0.096177220 0.995360792 0.002606191 -17.731666565 -0.054792248 -0.007908651 0.998466432 77.679664612
0.993652344 0.097446524 0.056206509 279.101074219 -0.097614288 0.995224297 0.000240502 -17.737768173 -0.055914648 -0.005725533 0.998419106 78.690582275
0.993552148 0.097504541 0.057853632 279.147155762 -0.097649477 0.995220840 -0.000323256 -17.753803253 -0.057608657 -0.005328204 0.998325050 79.695693970
0.993810296 0.094223924 0.058847047 279.213378906 -0.094567604 0.995513678 0.003076665 -17.764514923 -0.058293145 -0.008622644 0.998262286 80.711235046
0.993841410 0.092695780 0.060718801 279.268768311 -0.093238451 0.995624781 0.006159871 -17.766113281 -0.059882149 -0.011783261 0.998135924 81.718788147
0.993946314 0.090012401 0.062996268 279.322937012 -0.090583406 0.995869160 0.006261706 -17.780542374 -0.062172409 -0.011930215 0.997994125 82.722373962
0.994187474 0.087588981 0.062605530 279.384368896 -0.087638177 0.996150434 -0.001964995 -17.792798996 -0.062536635 -0.003533061 0.998036444 83.717071533
0.994326591 0.085703708 0.063004449 279.445983887 -0.085421093 0.996319115 -0.007170704 -17.805280685 -0.063387088 0.001748113 0.997987509 84.714088440
0.994211376 0.085167192 0.065500632 279.503784180 -0.085326098 0.996353030 -0.000372757 -17.811681747 -0.065293498 -0.005218314 0.997852445 85.728767395
0.994388938 0.081315301 0.067664035 279.576080322 -0.082356714 0.996521473 0.012741885 -17.819332123 -0.066392548 -0.018242978 0.997626781 86.752944946
0.994476140 0.079201780 0.068878993 279.642333984 -0.080569640 0.996598721 0.017308477 -17.824413300 -0.067273855 -0.022762422 0.997474849 87.757240295
0.994223714 0.082084775 0.069146663 279.709014893 -0.082727112 0.996551216 0.006472855 -17.828128815 -0.068376869 -0.012155769 0.997585535 88.746910095
0.993999481 0.084402397 0.069579579 279.766448975 -0.083987944 0.996427357 -0.008865971 -17.837467194 -0.070079304 0.002968925 0.997537017 89.742546082
0.993884027 0.083985873 0.071700402 279.830078125 -0.083055012 0.996418536 -0.015872091 -17.846921921 -0.072776638 0.009819941 0.997299910 90.736503601
0.993673861 0.083652139 0.074930668 279.898742676 -0.083208010 0.996491253 -0.009034982 -17.873722076 -0.075423554 0.002742993 0.997147799 91.751815796
0.993441939 0.082495190 0.079168588 279.974090576 -0.082944103 0.996551335 0.002393132 -17.891454697 -0.078698136 -0.008944005 0.996858358 92.763763428
0.993320704 0.080270059 0.082889639 280.051788330 -0.081360780 0.996635914 0.009860395 -17.898065567 -0.081819296 -0.016538499 0.996509969 93.779235840
0.993230402 0.077343643 0.086667791 280.135528564 -0.078599438 0.996843755 0.011167062 -17.900043488 -0.085530542 -0.017903505 0.996174693 94.793495178
0.993028939 0.076230943 0.089901932 280.223022461 -0.077071011 0.997008145 0.005905110 -17.904567719 -0.089182809 -0.012792779 0.995933115 95.787406921
0.992608309 0.076999389 0.093807504 280.307647705 -0.077179611 0.997015715 -0.001710716 -17.912118912 -0.093659282 -0.005541955 0.995588899 96.785575867
0.991834641 0.080513701 0.098901793 280.390686035 -0.080561377 0.996743441 -0.003518037 -17.923543930 -0.098862968 -0.004478353 0.995090961 97.791915894
0.991532683 0.076647222 0.104824364 280.495574951 -0.076804027 0.997042954 -0.002545896 -17.938413620 -0.104709536 -0.005526594 0.994487464 98.785446167
0.990882099 0.075733617 0.111431897 280.599578857 -0.076262005 0.997087717 0.000480996 -17.946718216 -0.111070946 -0.008974629 0.993771970 99.787864685
0.990106583 0.076544501 0.117600374 280.715759277 -0.077152342 0.997019112 0.000618328 -17.959447861 -0.117202491 -0.009685355 0.993060827 100.792968750
0.990023971 0.067752667 0.123539850 280.845520020 -0.068813443 0.997620106 0.004334881 -17.966238022 -0.122952141 -0.012792838 0.992330134 101.785568237
0.989526510 0.065178357 0.128798738 280.971649170 -0.066606268 0.997756124 0.006805671 -17.978969574 -0.128066152 -0.015313194 0.991647422 102.781761169
0.989112198 0.059763208 0.134482160 281.110443115 -0.061018091 0.998122990 0.005225268 -17.986658096 -0.133917451 -0.013374220 0.990902245 103.761878967
0.988708496 0.055832271 0.139062285 281.245086670 -0.056905441 0.998372555 0.003750015 -17.994718552 -0.138626590 -0.011621071 0.990276515 104.735435486
0.987875104 0.062831007 0.141968638 281.377136230 -0.064035669 0.997939885 0.003928167 -18.001649857 -0.141429350 -0.012971595 0.989863336 105.715217590
0.986996174 0.067684494 0.145799249 281.509094238 -0.068504386 0.997650623 0.000604169 -18.007286072 -0.145415828 -0.010584201 0.989314020 106.691871643
0.986545146 0.068223231 0.148574129 281.644866943 -0.068618931 0.997639894 -0.002467038 -18.026214600 -0.148391783 -0.007761154 0.988898218 107.652420044
0.986056030 0.070758119 0.150621206 281.774078369 -0.071042448 0.997467160 -0.003499232 -18.035287857 -0.150487304 -0.007250060 0.988585353 108.608779907
0.986037195 0.070414163 0.150905743 281.913818359 -0.071080662 0.997470081 -0.000979720 -18.050510406 -0.150592953 -0.009760439 0.988547683 109.562423706
0.986377954 0.066390067 0.150501996 282.048797607 -0.067309625 0.997731626 0.001018347 -18.067537308 -0.150092989 -0.011134706 0.988609195 110.517654419
0.987166286 0.060103059 0.147953972 282.205596924 -0.060838304 0.998147547 0.000444736 -18.079755783 -0.147653162 -0.009440298 0.988994122 111.486038208
0.987922728 0.054344483 0.145104557 282.351745605 -0.055250295 0.998470068 0.002216902 -18.090677261 -0.144762084 -0.010207196 0.989413857 112.438156128
0.988562822 0.051043712 0.141908780 282.482421875 -0.052299980 0.998618245 0.005134508 -18.100368500 -0.141450614 -0.012497610 0.989866436 113.396835327
0.989024997 0.052228071 0.138209045 282.610260010 -0.053632904 0.998539865 0.006457410 -18.108762741 -0.137669981 -0.013799093 0.990382016 114.336265564
0.989648342 0.051683199 0.133884475 282.732574463 -0.052622430 0.998608410 0.003483786 -18.118000031 -0.133518115 -0.010493049 0.990990818 115.271873474
0.990174711 0.050849356 0.130262613 282.851318359 -0.050956901 0.998697698 -0.002509545 -18.131450653 -0.130220592 -0.004152891 0.991476357 116.189170837
0.990639865 0.048091084 0.127749443 282.972656250 -0.047512773 0.998841941 -0.007572192 -18.139806747 -0.127965659 0.001431584 0.991777539 117.123573303
0.991083562 0.044845872 0.125468165 283.095458984 -0.044628292 0.998993337 -0.004545859 -18.150798798 -0.125545725 -0.001094104 0.992087245 118.048278809
0.991527438 0.038441084 0.124078915 283.208435059 -0.039148122 0.999228060 0.003264259 -18.170015335 -0.123857655 -0.008094058 0.992267013 118.980384827
0.991957426 0.028006032 0.123434499 283.341827393 -0.029705986 0.999487221 0.011952918 -18.173242569 -0.123036452 -0.015523530 0.992280722 119.907318115
0.992236495 0.018597851 0.122967035 283.463928223 -0.020792328 0.999646187 0.016586836 -18.174669266 -0.122615054 -0.019014835 0.992272139 120.811782837
0.992329717 0.014287839 0.122791007 283.583984375 -0.016419139 0.999731302 0.016362760 -18.180166245 -0.122524224 -0.018253375 0.992297649 121.708679199
0.992266595 0.014985386 0.123216815 283.694396973 -0.016376436 0.999813020 0.010284355 -18.183126450 -0.123039655 -0.012222675 0.992326498 122.576965332
0.991993845 0.016857104 0.125156149 283.794097900 -0.017354574 0.999845207 0.002885481 -18.179273605 -0.125088140 -0.005034410 0.992132843 123.443977356
0.991703451 0.016694143 0.127458066 283.904632568 -0.017043047 0.999853373 0.001647228 -18.184396744 -0.127411887 -0.003805836 0.991842568 124.301322937
0.991229892 0.017362962 0.131003261 284.021423340 -0.018415494 0.999807119 0.006827120 -18.191539764 -0.130859450 -0.009179735 0.991358459 125.142944336
0.990613461 0.017570637 0.135559127 284.128387451 -0.019339370 0.999743998 0.011741741 -18.200288773 -0.135318115 -0.014253154 0.990699708 125.984199524
0.989843845 0.016753769 0.141168073 284.245361328 -0.018712843 0.999745965 0.012561486 -18.204042435 -0.140921757 -0.015075565 0.989905953 126.797584534
0.988954306 0.015665049 0.147390634 284.373291016 -0.017565750 0.999778390 0.011602823 -18.212047577 -0.147176221 -0.014063688 0.989010274 127.606628418
0.987840831 0.014399244 0.154800341 284.503265381 -0.016019268 0.999829173 0.009222873 -18.211671829 -0.154641092 -0.011590518 0.987902701 128.401550293
0.986540437 0.012183491 0.163062826 284.637847900 -0.013326640 0.999893665 0.005918420 -18.220642090 -0.162973374 -0.008011841 0.986597955 129.176147461
0.984943330 0.013074794 0.172382221 284.771057129 -0.013984620 0.999893963 0.004064519 -18.227893829 -0.172310799 -0.006414021 0.985021770 129.925506592
0.983094871 0.016365273 0.182364210 284.903533936 -0.017547058 0.999834180 0.004868628 -18.233358383 -0.182254300 -0.007986278 0.983219028 130.661987305
0.981106162 0.018959092 0.192538843 285.037139893 -0.020904882 0.999748826 0.008079303 -18.243682861 -0.192337304 -0.011951656 0.981256068 131.390075684
0.979366183 0.021056218 0.200993836 285.185577393 -0.022726279 0.999723673 0.006004903 -18.257530212 -0.200811863 -0.010448840 0.979574084 132.079910278
0.977382660 0.025078697 0.209986076 285.326293945 -0.025296044 0.999678612 -0.001651171 -18.269889832 -0.209959999 -0.003697991 0.977702975 132.746124268
0.975256324 0.030985298 0.218895093 285.468933105 -0.029610261 0.999515772 -0.009560291 -18.282955170 -0.219085321 0.002842193 0.975701571 133.392440796
0.973335743 0.035008829 0.226697758 285.610809326 -0.033109795 0.999377549 -0.012175203 -18.287916183 -0.226982892 0.004344645 0.973889053 134.019317627
0.971741617 0.036889486 0.233146802 285.753051758 -0.036280997 0.999317825 -0.006899363 -18.302921295 -0.233242273 -0.001754401 0.972417057 134.623443604
0.970265210 0.034574315 0.239562213 285.896423340 -0.036590967 0.999322414 0.003974147 -18.314912796 -0.239262477 -0.012621789 0.970872879 135.220947266
0.969445169 0.029437793 0.243535340 286.043975830 -0.032947686 0.999403477 0.010350625 -18.328620911 -0.243085355 -0.018058287 0.969836771 135.786361694
0.969121397 0.022077620 0.245593742 286.192932129 -0.025365539 0.999625862 0.010232046 -18.339872360 -0.245275959 -0.016145712 0.969318867 136.330413818
0.969082355 0.018838948 0.246017262 286.341613770 -0.021500776 0.999735713 0.008137855 -18.348981857 -0.245798945 -0.013175813 0.969231308 136.875625610
0.969310880 0.021994662 0.244852319 286.465942383 -0.023568368 0.999716103 0.003498676 -18.355388641 -0.244705841 -0.009162073 0.969554067 137.406906128
0.970176518 0.027290778 0.240858421 286.586700439 -0.027011255 0.999625146 -0.004462641 -18.359155655 -0.240889922 -0.002176339 0.970550001 137.935806274
0.971798778 0.022360854 0.234748974 286.709167480 -0.021275025 0.999748051 -0.007157332 -18.369113922 -0.234849870 0.001961197 0.972029686 138.459075928
0.974193037 0.012258758 0.225383431 286.852386475 -0.011331188 0.999921143 -0.005408682 -18.371484756 -0.225431964 0.002715238 0.974255145 138.991256714
0.977099955 0.007272886 0.212656468 286.962738037 -0.007348914 0.999972880 -0.000432926 -18.375432968 -0.212653846 -0.001139782 0.977126956 139.525436401
0.980457485 0.008745302 0.196536541 287.052368164 -0.009843143 0.999940932 0.004609821 -18.376075745 -0.196484625 -0.006454271 0.980485678 140.065368652
0.984348357 0.012633705 0.175780192 287.119964600 -0.014529832 0.999849260 0.009504011 -18.386037827 -0.175633624 -0.011909314 0.984383583 140.605621338
0.988735139 0.011114924 0.149262309 287.185638428 -0.012941908 0.999852717 0.011274333 -18.398284912 -0.149115011 -0.013079069 0.988733351 141.136856079
0.992937744 0.008686356 0.118318073 287.249725342 -0.009796246 0.999913275 0.008802197 -18.402894974 -0.118231356 -0.009899106 0.992936730 141.651611328
0.996481955 0.008653646 0.083359957 287.280456543 -0.009061446 0.999948740 0.004514936 -18.405424118 -0.083316609 -0.005254414 0.996509254 142.173324585
0.998973250 0.010022989 0.044181895 287.283569336 -0.010045594 0.999949515 0.000289604 -18.407066345 -0.044176761 -0.000733140 0.999023438 142.699935913
0.999933302 0.011446515 0.001555147 287.241790771 -0.011443457 0.999932587 -0.001961532 -18.408189774 -0.001577494 0.001943605 0.999996841 143.228683472
0.998942792 0.010365018 -0.044787068 287.193023682 -0.010414043 0.999945402 -0.000861440 -18.414911270 0.044775691 0.001326944 0.998996198 143.773773193
0.995601952 0.010270999 -0.093119659 287.122375488 -0.010043690 0.999945343 0.002909372 -18.416194916 0.093144447 -0.001961312 0.995650649 144.262252808
0.989407539 0.011458386 -0.144711405 287.017730713 -0.010402751 0.999913514 0.008049362 -18.417068481 0.144791111 -0.006458704 0.989441156 144.794830322
0.979909539 0.012802434 -0.199031144 286.885620117 -0.010713487 0.999875665 0.011569019 -18.416133881 0.199154511 -0.009204275 0.979924858 145.327011108
0.967061996 0.014692984 -0.254116654 286.718963623 -0.011523867 0.999836206 0.013955339 -18.415172577 0.254280061 -0.010567271 0.967072904 145.849365234
0.950820327 0.018465430 -0.309192121 286.510192871 -0.013765140 0.999754250 0.017376633 -18.410881042 0.309436977 -0.012265983 0.950840831 146.348800659
0.930278242 0.021776516 -0.366207898 286.305908203 -0.015253578 0.999669433 0.020696567 -18.399984360 0.366537541 -0.013667585 0.930302858 146.814712524
0.906526387 0.022816066 -0.421532184 286.039672852 -0.013475236 0.999593496 0.025125330 -18.393648148 0.421934068 -0.017096529 0.906465292 147.304992676
0.879065335 0.024399551 -0.476076514 285.743560791 -0.011811454 0.999497473 0.029415967 -18.377067566 0.476555020 -0.020235401 0.878911734 147.795776367
0.847844005 0.029097047 -0.529446840 285.416900635 -0.011841116 0.999283195 0.035955969 -18.365671158 0.530113518 -0.024215814 0.847580791 148.264450073
0.813436806 0.035634868 -0.580560684 285.050842285 -0.014720188 0.999063075 0.040697791 -18.347290039 0.581467032 -0.024559120 0.813199222 148.720169067
0.775707006 0.041762818 -0.629709899 284.647094727 -0.018123439 0.998870611 0.043920502 -18.323442459 0.630832970 -0.022656932 0.775587797 149.152236938
0.735544086 0.047312856 -0.675822794 284.211120605 -0.020130768 0.998644292 0.048003189 -18.294496536 0.677177727 -0.021703634 0.735499382 149.563079834
0.694613218 0.048954811 -0.717715740 283.774536133 -0.014405270 0.998428345 0.054160412 -18.268583298 0.719239175 -0.027281648 0.694226742 149.950546265
0.652830005 0.052998420 -0.755648196 283.283264160 -0.015352991 0.998270333 0.056751087 -18.240169525 0.757348895 -0.025447356 0.652514458 150.324539185
0.610716581 0.053005781 -0.790073156 282.768981934 -0.013793021 0.998317778 0.056315016 -18.215263367 0.791729093 -0.023495017 0.610420346 150.680435181
0.570618629 0.050890554 -0.819636881 282.222656250 -0.013976647 0.998535275 0.052267883 -18.185468674 0.821096301 -0.018369257 0.570494056 151.011947632
0.532124102 0.044519659 -0.845495045 281.700561523 -0.013530262 0.998936236 0.044083666 -18.151378632 0.846558213 -0.012018209 0.532160401 151.326141357
0.498139560 0.041612811 -0.866097808 281.117736816 -0.018492546 0.999130428 0.037368480 -18.120300293 0.866899669 -0.002598363 0.498475909 151.627426147
0.471601367 0.044828769 -0.880671620 280.497283936 -0.023657180 0.998990715 0.038183089 -18.087657928 0.881494462 0.002827011 0.472185910 151.921356201
0.452038348 0.052621130 -0.890445113 279.859680176 -0.029030174 0.998597503 0.044275139 -18.062484741 0.891526043 0.005835712 0.452931941 152.217590332
0.438507855 0.059329323 -0.896766961 279.223510742 -0.031084506 0.998222888 0.050841626 -18.039800644 0.898189723 0.005581100 0.439572811 152.514801025
0.429674447 0.064714484 -0.900662005 278.564147949 -0.034121659 0.997879863 0.055421542 -18.008275986 0.902338982 0.006918852 0.430971622 152.812622070
0.425377250 0.068013683 -0.902456939 277.890319824 -0.037843831 0.997636676 0.057349049 -17.972478867 0.904224634 0.009757445 0.426945806 153.114349365
0.424015641 0.068041921 -0.903095245 277.220397949 -0.041397903 0.997587621 0.055724371 -17.937513351 0.904708207 0.013758244 0.425809562 153.426773071
0.424642086 0.068015449 -0.902802944 276.533874512 -0.043993879 0.997546315 0.054460291 -17.899898529 0.904291868 0.016591664 0.426592410 153.741683960
0.425676644 0.067297071 -0.902369499 275.848175049 -0.044027217 0.997589827 0.053629387 -17.861366272 0.903803766 0.016900029 0.427613556 154.063995361
0.427735627 0.067653127 -0.901368558 275.138366699 -0.046584487 0.997519851 0.052763648 -17.825506210 0.902702630 0.019420901 0.429826379 154.391738892
0.430246830 0.068137139 -0.900136173 274.422637939 -0.050563827 0.997400820 0.051331248 -17.791629791 0.901294112 0.023429211 0.432573855 154.726043701
0.433132470 0.067662984 -0.898787022 273.701660156 -0.054148801 0.997330546 0.048986863 -17.757530212 0.899702311 0.027450433 0.435640097 155.066375732
0.435743809 0.065790080 -0.897663116 272.963714600 -0.059393536 0.997253060 0.044258241 -17.725814819 0.898109019 0.034030121 0.438454330 155.419006348
0.438876092 0.064816952 -0.896206737 272.222045898 -0.061728049 0.997213423 0.041893642 -17.690267563 0.896424770 0.036934976 0.441654146 155.779235840
0.442539752 0.064922519 -0.894395649 271.457458496 -0.061689246 0.997217119 0.041862797 -17.653732300 0.894624472 0.036648642 0.445313215 156.153671265
0.446264565 0.067293547 -0.892367423 270.678466797 -0.062645242 0.997071624 0.043861009 -17.621183395 0.892705798 0.036328949 0.449173331 156.539916992
0.449714005 0.069427267 -0.890470207 269.891540527 -0.063296281 0.996945024 0.045762274 -17.590694427 0.890927017 0.035783511 0.452734649 156.932800293
0.452225626 0.069394626 -0.889199913 269.098327637 -0.063340530 0.996950090 0.045590170 -17.553207397 0.889651656 0.035705343 0.455241919 157.334442139
0.453678250 0.067328997 -0.888618469 268.292114258 -0.060483236 0.997168958 0.044674359 -17.519306183 0.889110684 0.033478737 0.456466138 157.746765137
0.454475701 0.064757101 -0.888402104 267.478637695 -0.058589533 0.997367382 0.042727381 -17.484104156 0.888830185 0.032632507 0.457073331 158.166381836
0.455274224 0.063217111 -0.888104200 266.642303467 -0.057383269 0.997485697 0.041586380 -17.444271088 0.888500214 0.032029103 0.457757175 158.593078613
0.455798686 0.067081071 -0.887551546 265.804718018 -0.058616932 0.997253597 0.045269843 -17.412170410 0.888150752 0.031391617 0.458478928 159.019149780
0.456965029 0.072084896 -0.886559010 264.955200195 -0.058688052 0.996982336 0.050813287 -17.372058868 0.887546480 0.028810514 0.459816575 159.456008911
0.459361374 0.075992897 -0.884992838 264.104431152 -0.059395611 0.996731520 0.054758031 -17.334791183 0.886261463 0.027410956 0.462373555 159.886688232
0.462194383 0.071575373 -0.883885384 263.259063721 -0.057832904 0.997048318 0.050497577 -17.297040939 0.884890795 0.027777964 0.464969516 160.332031250
0.465442777 0.065008372 -0.882687390 262.411010742 -0.058200780 0.997388422 0.042766519 -17.263071060 0.883162379 0.031467721 0.468010783 160.776245117
0.469058096 0.060407501 -0.881099045 261.557159424 -0.058993872 0.997572899 0.036987141 -17.224552155 0.881194830 0.034630328 0.471483290 161.227539062
0.473188877 0.061997809 -0.878776729 260.702636719 -0.060659669 0.997446060 0.037706945 -17.191617966 0.878870130 0.035463799 0.475741148 161.680450439
0.479193807 0.066523686 -0.875184536 259.841278076 -0.060226336 0.997265577 0.042827189 -17.161558151 0.875640452 0.032186627 0.481889963 162.147491455
0.486678600 0.071262434 -0.870669723 258.987060547 -0.060897820 0.997010112 0.047563046 -17.130723953 0.871455967 0.029873958 0.489563227 162.620391846
0.495703280 0.072981060 -0.865420222 258.139923096 -0.062613420 0.996873140 0.048202224 -17.097805023 0.866232038 0.030292906 0.498722911 163.096099854
0.504650116 0.070178770 -0.860466838 257.309204102 -0.061836768 0.997068882 0.045053612 -17.066967010 0.861106515 0.030472180 0.507510543 163.587188721
0.513719440 0.066463798 -0.855380118 256.481719971 -0.059351780 0.997359455 0.041850559 -17.032394409 0.855902970 0.029268876 0.516307652 164.087005615
0.522974968 0.064893335 -0.849874139 255.662261963 -0.056675423 0.997538388 0.041292898 -17.001914978 0.850461662 0.026571827 0.525365472 164.593673706
0.531591833 0.065299131 -0.844479918 254.836059570 -0.055452853 0.997567892 0.042229582 -16.974218369 0.845183551 0.024379903 0.533919930 165.118789673
0.540382624 0.065345235 -0.838878214 254.034378052 -0.051975168 0.997668266 0.044233344 -16.946050644 0.839812636 0.019697899 0.542518914 165.640335083
0.548723578 0.063795030 -0.833566248 253.237304688 -0.046188179 0.997874677 0.045965038 -16.914819717 0.834726989 0.013278797 0.550503969 166.168212891
0.555193186 0.064820588 -0.829191625 252.440643311 -0.043881878 0.997852743 0.048623834 -16.884634018 0.830563009 0.009390865 0.556845486 166.703613281
0.559639275 0.061840229 -0.826425850 251.644317627 -0.039192755 0.998071194 0.048143636 -16.849613190 0.827809095 0.005446833 0.560983539 167.252044678
0.562701583 0.054750208 -0.824845076 250.857788086 -0.029879415 0.998499393 0.045893293 -16.813594818 0.826119959 -0.001178344 0.563493133 167.801467896
0.563397050 0.050334632 -0.824651599 250.065750122 -0.023290750 0.998713315 0.045046818 -16.780258179 0.825857997 -0.006172497 0.563844502 168.349105835
0.562017679 0.049514540 -0.825641870 249.273956299 -0.019178839 0.998718321 0.046838991 -16.746538162 0.826902866 -0.010489491 0.562247038 168.899002075
0.558512986 0.051978428 -0.827865720 248.464675903 -0.017333344 0.998548150 0.051001113 -16.709075928 0.829314709 -0.014135106 0.558603048 169.439712524
0.553829551 0.050173540 -0.831117094 247.649078369 -0.012983778 0.998581827 0.051631223 -16.666992188 0.832528889 -0.017803859 0.553695560 169.984069824
0.548359811 0.047148753 -0.834912300 246.829589844 -0.005613506 0.998594344 0.052705247 -16.623310089 0.836223662 -0.024214653 0.547853708 170.536758423
0.541783094 0.048810273 -0.839099884 245.995056152 -0.009062838 0.998593628 0.052236371 -16.581146240 0.840469420 -0.020696158 0.541463494 171.065307617
0.535431445 0.049453992 -0.843129635 245.153457642 -0.010250580 0.998591185 0.052062985 -16.543502808 0.844516575 -0.019233594 0.535184026 171.578277588
0.527623475 0.042852443 -0.848396778 244.323059082 -0.005511422 0.998878479 0.047025669 -16.507919312 0.849460483 -0.020135973 0.527267933 172.105117798
0.520643711 0.036982123 -0.852972806 243.481933594 -0.001848742 0.999107897 0.042189620 -16.471172333 0.853772163 -0.020388836 0.520247579 172.618850708
0.514879823 0.033640217 -0.856602132 242.626480103 0.002787348 0.999158800 0.040914062 -16.436841965 0.857257903 -0.023453476 0.514352918 173.129089355
0.507913172 0.038328581 -0.860555172 241.761520386 0.005247425 0.998853385 0.047585413 -16.407348633 0.861392319 -0.028684957 0.507129669 173.640930176
0.500732541 0.040773552 -0.864641249 240.905670166 0.012574540 0.998441935 0.054365329 -16.372161865 0.865510762 -0.038094956 0.499439657 174.144668579
0.494065464 0.039730769 -0.868516445 240.045516968 0.019487333 0.998198271 0.056748733 -16.330226898 0.869206309 -0.044962659 0.492401063 174.642120361
0.487561524 0.038763605 -0.872227728 239.167602539 0.021960048 0.998153389 0.056635324 -16.285215378 0.872812450 -0.046767365 0.485809922 175.131546021
0.480934262 0.037131663 -0.875970066 238.287246704 0.023893101 0.998176634 0.055429947 -16.240270615 0.876431048 -0.047587801 0.479170144 175.609329224
0.474122047 0.032171208 -0.879871309 237.416763306 0.029771026 0.998175025 0.052539051 -16.202331543 0.879955769 -0.051104590 0.472298980 176.083465576
0.467770457 0.028054105 -0.883404791 236.547744751 0.033032045 0.998242974 0.049191762 -16.163139343 0.883232653 -0.052191116 0.466021895 176.541290283
0.462112486 0.027053693 -0.886408687 235.672103882 0.034454320 0.998232245 0.048428733 -16.119895935 0.886151850 -0.052920129 0.460363448 177.002716064
0.457779884 0.027702209 -0.888633907 234.774597168 0.037446525 0.998026729 0.050403003 -16.082984924 0.888276637 -0.056349736 0.455839217 177.461242676
0.453262806 0.031948764 -0.890804231 233.892211914 0.038052212 0.997752905 0.055146385 -16.042150497 0.890564382 -0.058892876 0.451028585 177.911407471
0.449201584 0.036066316 -0.892702281 233.000991821 0.033830963 0.997781634 0.057335176 -16.000556946 0.892789781 -0.055956028 0.446984887 178.344970703
0.447468698 0.037669186 -0.893505931 232.095138550 0.034728963 0.997626901 0.059451111 -15.957117081 0.893625021 -0.057633042 0.445098579 178.793609619
0.446042717 0.038864471 -0.894167483 231.213012695 0.032177813 0.997714520 0.059416533 -15.908942223 0.894433081 -0.055274669 0.443772733 179.224914551
0.446145713 0.038863808 -0.894116104 230.328292847 0.027573051 0.997985542 0.057137005 -15.870352745 0.894535482 -0.050144937 0.444175363 179.649658203
0.445819557 0.033205580 -0.894506812 229.449783325 0.028007668 0.998304963 0.051017687 -15.834632874 0.894684672 -0.047797732 0.444133818 180.084869385
0.445744276 0.029879628 -0.894661546 228.575851440 0.027574232 0.998510182 0.047086146 -15.791276932 0.894735515 -0.045657981 0.444256246 180.516906738
0.446613073 0.028204054 -0.894282639 227.707855225 0.030792587 0.998426437 0.046866670 -15.756910324 0.894197226 -0.048468541 0.445041776 180.950851440
0.448337793 0.027887257 -0.893429160 226.830123901 0.027516922 0.998608887 0.044978768 -15.731590271 0.893440604 -0.044750098 0.446946740 181.384704590
0.451082706 0.026584510 -0.892086208 225.961669922 0.021470498 0.998943746 0.040625457 -15.699955940 0.892223954 -0.037478980 0.450035512 181.809432983
0.454345763 0.025336012 -0.890465081 225.105834961 0.017638665 0.999143660 0.037428048 -15.672101974 0.890650809 -0.032711890 0.453509808 182.234252930
0.457049429 0.029572809 -0.888949513 224.243621826 0.015721193 0.999022365 0.041317601 -15.642538071 0.889302313 -0.032859534 0.456137717 182.671539307
0.459230244 0.034791075 -0.887635827 223.394653320 0.013302368 0.998851359 0.046032358 -15.615840912 0.888217747 -0.032947108 0.458239973 183.104370117
0.461240768 0.037401445 -0.886486411 222.544586182 0.014275588 0.998669028 0.049562126 -15.582414627 0.887160242 -0.035515189 0.460092902 183.537002563
0.461404204 0.038751822 -0.886343300 221.698745728 0.016475866 0.998499036 0.052232239 -15.547781944 0.887037039 -0.038703449 0.460073233 183.987213135
0.460913837 0.039216466 -0.886578023 220.864440918 0.019058106 0.998355329 0.054068699 -15.511782646 0.887240231 -0.041817512 0.459408402 184.419143677
0.459852517 0.039136190 -0.887132585 220.029510498 0.018879088 0.998371661 0.053829681 -15.475406647 0.887794673 -0.041501965 0.458364844 184.846206665
0.458877265 0.036306255 -0.887757599 219.205413818 0.018568456 0.998554707 0.050435416 -15.444520950 0.888305664 -0.039627954 0.457539856 185.269699097
0.458168507 0.034171198 -0.888208330 218.381149292 0.015528959 0.998800516 0.046436280 -15.410390854 0.888729751 -0.035068590 0.457088292 185.691268921
0.457254708 0.035082791 -0.888643563 217.565246582 0.012261493 0.998877943 0.045743935 -15.377328873 0.889251292 -0.031812727 0.456311464 186.099899292
0.456353486 0.038666993 -0.888957977 216.751876831 0.011328720 0.998721898 0.049257077 -15.344268799 0.889726400 -0.032549396 0.455332160 186.499206543
0.454731822 0.041266982 -0.889671922 215.955444336 0.016027287 0.998385072 0.054501504 -15.316825867 0.890484214 -0.039042596 0.453336060 186.913879395
0.453716159 0.042277493 -0.890142918 215.156234741 0.020154960 0.998131692 0.057679661 -15.278475761 0.890918374 -0.044110991 0.452016354 187.334335327
0.452181220 0.044589914 -0.890810788 214.381317139 0.017273068 0.998124480 0.058729466 -15.244991302 0.891758800 -0.041943401 0.450562954 187.719787598
0.450786114 0.039612688 -0.891752720 213.609573364 0.015989885 0.998496175 0.052437346 -15.217168808 0.892488897 -0.037897054 0.449474812 188.100769043
0.448937178 0.028978974 -0.893093348 212.866622925 0.019339129 0.998924792 0.042134307 -15.189912796 0.893354058 -0.036187302 0.447894037 188.478942871
0.447779536 0.024765883 -0.893800914 212.120346069 0.023229394 0.998956740 0.039317135 -15.158010483 0.893842161 -0.038367860 0.446737111 188.853713989
0.446348965 0.031432956 -0.894306779 211.378829956 0.021330226 0.998725235 0.045748968 -15.133441925 0.894604743 -0.039495770 0.445109487 189.217620850
0.444302499 0.041405722 -0.894919574 210.642608643 0.020104541 0.998218954 0.056166485 -15.107032776 0.895651281 -0.042946860 0.442678750 189.574142456
0.441962361 0.043554369 -0.895975649 209.929260254 0.020657515 0.998061538 0.058706716 -15.084259987 0.896795750 -0.044454794 0.440205932 189.927047729
0.439996362 0.039296549 -0.897139370 209.253921509 0.020665199 0.998334408 0.053864218 -15.057132721 0.897761762 -0.042239621 0.438451409 190.253860474
0.438631117 0.035711411 -0.897957385 208.577835083 0.017917026 0.998664021 0.048468523 -15.027330399 0.898488581 -0.037348527 0.437405288 190.581634521
0.437953413 0.036141142 -0.898270905 207.916198730 0.013776687 0.998804450 0.046902869 -15.002927780 0.898892105 -0.032916471 0.436931908 190.886627197
0.436688066 0.038469058 -0.898790121 207.269943237 0.013594396 0.998689055 0.049349830 -14.980120659 0.899510264 -0.033768989 0.435592651 191.195129395
0.435472846 0.040893223 -0.899272561 206.638015747 0.011981076 0.998615921 0.051212568 -14.959650040 0.900122106 -0.033075936 0.434380174 191.494689941
0.434143007 0.045311075 -0.899703681 206.021133423 0.007558388 0.998515844 0.053934697 -14.928150177 0.900812268 -0.030215681 0.433156192 191.783966064
0.433075011 0.050274324 -0.899954736 205.414016724 0.005555344 0.998275459 0.058440167 -14.901108742 0.901340783 -0.030308535 0.432048917 192.066467285
0.432247519 0.051581208 -0.900278568 204.837661743 0.008235435 0.998095274 0.061139639 -14.878046036 0.901717424 -0.033841643 0.430999398 192.342437744
0.431405842 0.048672393 -0.900844038 204.285430908 0.011769128 0.998154998 0.059566204 -14.862859726 0.902081192 -0.036299355 0.430037081 192.613128662
0.432082117 0.044319291 -0.900744677 203.754470825 0.011327464 0.998446226 0.054560222 -14.840742111 0.901763201 -0.033777650 0.430908740 192.862945557
0.433216512 0.041653290 -0.900326908 203.241424561 0.009313608 0.998671293 0.050684653 -14.813337326 0.901241779 -0.030342720 0.432252944 193.106094360
0.434605658 0.042428691 -0.899620950 202.747558594 0.007863056 0.998672843 0.050898898 -14.786749840 0.900586605 -0.029194722 0.433695257 193.337203979
0.437447727 0.043106683 -0.898210168 202.269714355 0.009616927 0.998569012 0.052606735 -14.764383316 0.899192512 -0.031650718 0.436407149 193.579360962
0.441976309 0.045562051 -0.895868957 201.808624268 0.009684254 0.998408675 0.055554740 -14.759931564 0.896974504 -0.033229705 0.440831780 193.798568726
0.446594775 0.045911118 -0.893557787 201.385375977 0.008728867 0.998411536 0.055661164 -14.745395660 0.894693911 -0.032657739 0.445484638 194.013763428
0.451647580 0.043282729 -0.891146004 200.984542847 0.010618307 0.998491049 0.053877991 -14.722675323 0.892133296 -0.033796329 0.450506508 194.220062256
0.457960963 0.041614015 -0.887997806 200.611190796 0.011267263 0.998551786 0.052605674 -14.706041336 0.888900936 -0.034096655 0.456828892 194.419250488
0.465404153 0.043089803 -0.884048879 200.255294800 0.011353183 0.998441458 0.054642309 -14.694936752 0.885025561 -0.035467528 0.464189589 194.614990234
0.472281635 0.048377302 -0.880119205 199.918106079 0.009384139 0.998160183 0.059901271 -14.674309731 0.881397843 -0.036549430 0.470958710 194.799194336
0.480581820 0.053282853 -0.875329792 199.607269287 0.007690281 0.997857988 0.064963564 -14.659046173 0.876916289 -0.037951846 0.479142666 194.973114014
0.489450693 0.055647783 -0.870253623 199.333648682 0.006200837 0.997714460 0.067285679 -14.651866913 0.872008979 -0.038329329 0.487986982 195.132064819
0.498035133 0.055993192 -0.865347326 199.083602905 0.004130984 0.997748613 0.066937886 -14.639889717 0.867147148 -0.036912158 0.496682584 195.287033081
0.507669806 0.055467416 -0.859764457 198.858047485 0.002754143 0.997815847 0.066000022 -14.626791000 0.861547410 -0.035874136 0.506408215 195.426300049
0.516177654 0.054297011 -0.854758799 198.654968262 0.002862332 0.997873545 0.065116651 -14.619552612 0.856476843 -0.036058366 0.514924586 195.567169189
0.524711609 0.051131018 -0.849743187 198.458633423 0.004262129 0.998024225 0.062685281 -14.613538742 0.851269484 -0.036513414 0.523456991 195.698196411
0.532960057 0.047932684 -0.844781697 198.258529663 0.003608186 0.998256326 0.058917154 -14.604589462 0.846132755 -0.034448624 0.531857848 195.829788208
0.541239262 0.046575807 -0.839577794 198.070480347 0.000660534 0.998440921 0.055814609 -14.599254608 0.840868413 -0.030763634 0.540364742 195.959472656
0.549621999 0.045589115 -0.834168613 197.877395630 -0.002385944 0.998591483 0.053003114 -14.588501930 0.835410058 -0.027141400 0.548956633 196.090927124
0.557438791 0.043829009 -0.829060316 197.687591553 -0.003696093 0.998726666 0.050313413 -14.576889038 0.830209851 -0.024982365 0.556890965 196.230529785
0.565066755 0.040150698 -0.824067593 197.497070312 -0.002836359 0.998903811 0.046724264 -14.565349579 0.825040281 -0.024064977 0.564561248 196.373733521
0.572691083 0.037560273 -0.818910420 197.308639526 -0.001807221 0.999005198 0.044556689 -14.554413795 0.819769382 -0.024037268 0.572189212 196.517395020
0.580348730 0.037353780 -0.813510954 197.118240356 -0.003803632 0.999060929 0.043160170 -14.547618866 0.814359188 -0.021953654 0.579945803 196.655776978
0.587501049 0.039458662 -0.808260858 196.918670654 -0.008996373 0.999067247 0.042234480 -14.538558960 0.809173465 -0.017541390 0.587308049 196.796875000
0.594197512 0.043216176 -0.803157389 196.725341797 -0.014947407 0.998976350 0.042694286 -14.531240463 0.804180324 -0.013363723 0.594235241 196.933090210
0.600238800 0.045752879 -0.798511207 196.530136108 -0.018710675 0.998892546 0.043169513 -14.520742416 0.799602032 -0.010971337 0.600430131 197.084747314
0.606544137 0.041073970 -0.793988168 196.331176758 -0.017614298 0.999113739 0.038229436 -14.513904572 0.794854701 -0.009202296 0.606730044 197.248519897
0.612711906 0.031348974 -0.789684355 196.128387451 -0.013700969 0.999484122 0.029047118 -14.511457443 0.790187597 -0.006978076 0.612825394 197.429748535
0.618694067 0.023948746 -0.785266936 195.908340454 -0.011293928 0.999703109 0.021590300 -14.500290871 0.785550833 -0.004489045 0.618780851 197.606842041
0.624051213 0.022377219 -0.781063020 195.645050049 -0.012613420 0.999748111 0.018564651 -14.495724678 0.781281710 -0.001733418 0.624176264 197.816207886
0.627574265 0.025407147 -0.778142035 195.362182617 -0.015407220 0.999676943 0.020214515 -14.490537643 0.778404295 -0.000697105 0.627762973 198.045913696
0.629325628 0.027617071 -0.776650906 195.049896240 -0.016732618 0.999618232 0.021987051 -14.481101990 0.776961625 -0.000841611 0.629547477 198.290893555
0.628851891 0.029872479 -0.776951075 194.715454102 -0.021485372 0.999547720 0.021041030 -14.464191437 0.777228236 0.003461387 0.629209280 198.547241211
0.626462579 0.030677000 -0.778847635 194.359344482 -0.025745580 0.999494374 0.018659424 -14.448248863 0.779026210 0.008362452 0.626935601 198.816543579
0.622991681 0.032300089 -0.781561375 193.991424561 -0.026259320 0.999447525 0.020373199 -14.434046745 0.781787634 0.007830934 0.623495638 199.096832275
0.619076312 0.032088589 -0.784675002 193.597900391 -0.021660358 0.999482453 0.023783820 -14.424834251 0.785032094 0.002272341 0.619450927 199.414916992
0.613801241 0.034354344 -0.788712800 193.188171387 -0.019316198 0.999407172 0.028499186 -14.417894363 0.789224267 -0.002257905 0.614100933 199.733901978
0.607571363 0.038755007 -0.793319106 192.748062134 -0.018705042 0.999230027 0.034488671 -14.399017334 0.794044852 -0.006115263 0.607828498 200.053924561
0.599660277 0.046237174 -0.798917890 192.293975830 -0.020282663 0.998886883 0.042586360 -14.373782158 0.799997687 -0.009333170 0.599930644 200.381118774
0.590722919 0.051797170 -0.805210233 191.816619873 -0.021924553 0.998599291 0.048152998 -14.350997925 0.806576550 -0.010791203 0.591031134 200.714401245
0.581620872 0.053971857 -0.811667621 191.330902100 -0.019658204 0.998437703 0.052304562 -14.330381393 0.813222468 -0.014465502 0.581773162 201.051895142
0.572536111 0.052854616 -0.818174124 190.835296631 -0.012622073 0.998369813 0.055662803 -14.304642677 0.819782436 -0.021541916 0.572269917 201.402313232
0.563462257 0.048497334 -0.824717224 190.319152832 -0.008376521 0.998559535 0.052997112 -14.270927429 0.826099455 -0.022953613 0.563056827 201.748489380
0.553593040 0.041928057 -0.831731200 189.790344238 -0.004042981 0.998855352 0.047661915 -14.241741180 0.832777500 -0.023022633 0.553128958 202.102859497
0.543223202 0.038956616 -0.838684082 189.237915039 -0.002162638 0.998984575 0.045001764 -14.212343216 0.839585602 -0.022632234 0.542755842 202.449279785
0.532622337 0.033849660 -0.845675886 188.670059204 0.002808004 0.999123693 0.041760217 -14.183879852 0.846348405 -0.024617087 0.532060564 202.801757812
0.521825373 0.028821591 -0.852565348 188.091888428 0.008358855 0.999208331 0.038895130 -14.154956818 0.853011429 -0.027422937 0.521171331 203.156219482
0.512355804 0.025534270 -0.858393669 187.504318237 0.016739173 0.999071002 0.039710183 -14.128297806 0.858610153 -0.034714542 0.511452436 203.517257690
0.503091455 0.023319194 -0.863918543 186.894531250 0.022285903 0.998953462 0.039942008 -14.104454994 0.863945782 -0.039347690 0.502045274 203.874160767
0.494830728 0.023686824 -0.868666589 186.258529663 0.024260046 0.998862267 0.041056603 -14.076005936 0.868650794 -0.041389957 0.493693113 204.232925415
0.487524688 0.026838755 -0.872696698 185.607360840 0.025433065 0.998666763 0.044920795 -14.049364090 0.872738838 -0.044095349 0.486192107 204.587646484
0.481789708 0.030154569 -0.875767887 184.970382690 0.031643473 0.998157203 0.051776845 -14.021009445 0.875715375 -0.052657887 0.479947686 204.942993164
0.477599919 0.033173312 -0.877950966 184.302902222 0.037068527 0.997636259 0.057860661 -13.985482216 0.877795100 -0.060178593 0.475241303 205.315414429
0.475159287 0.034682654 -0.879216075 183.624740601 0.038098633 0.997474790 0.059937488 -13.951785088 0.879074693 -0.061976783 0.472638071 205.672531128
0.472979546 0.032331251 -0.880480051 182.945587158 0.038600355 0.997606635 0.057367638 -13.914465904 0.880227506 -0.061120562 0.470599532 206.038696289
0.471444488 0.027631674 -0.881462812 182.258163452 0.040423963 0.997781396 0.052898467 -13.877204895 0.880968869 -0.060570911 0.469281554 206.408996582
0.470408738 0.028206604 -0.881997764 181.556350708 0.038559094 0.997877359 0.052477762 -13.833378792 0.881605864 -0.058695033 0.468322635 206.775726318
0.469878078 0.031328209 -0.882175386 180.843978882 0.036223195 0.997843921 0.054729659 -13.795851707 0.881987929 -0.057671476 0.467730165 207.149581909
0.469021440 0.034906968 -0.882496774 180.117172241 0.031843230 0.997900546 0.056395501 -13.758339882 0.882612646 -0.054552246 0.466925204 207.524658203
0.468215644 0.034719095 -0.882931948 179.393630981 0.027041987 0.998196721 0.053591870 -13.722736359 0.883200407 -0.048968788 0.466432452 207.898880005
0.467824996 0.031854805 -0.883246899 178.660659790 0.024906194 0.998478234 0.049202628 -13.688392639 0.883470178 -0.045016538 0.466319680 208.280364990
0.467284024 0.027574619 -0.883677125 177.922042847 0.023068799 0.998792887 0.043365404 -13.650201797 0.883806229 -0.040649332 0.466083825 208.662780762
0.467392981 0.026548024 -0.883651018 177.170211792 0.022416111 0.998871744 0.041866314 -13.617753983 0.883765459 -0.039376043 0.466270566 209.053314209
0.467676222 0.028205996 -0.883449793 176.405624390 0.023208762 0.998754263 0.044173475 -13.586940765 0.883595169 -0.041162658 0.466438949 209.451721191
0.467765391 0.032433361 -0.883257389 175.639282227 0.024734898 0.998454750 0.049762815 -13.556913376 0.883506477 -0.045124605 0.466240346 209.861785889
0.467837870 0.036794621 -0.883048117 174.865982056 0.026674649 0.998090029 0.055720359 -13.521399498 0.883411705 -0.049623091 0.465962827 210.276641846
0.468430996 0.040480472 -0.882572293 174.094512939 0.026770806 0.997840762 0.059976220 -13.483392715 0.883094430 -0.051721893 0.466335893 210.675140381
0.468917906 0.041727088 -0.882255614 173.304641724 0.022690877 0.997984588 0.059260786 -13.447501183 0.882950306 -0.047807597 0.467025995 211.086257935
0.469552040 0.041921791 -0.881909013 172.525726318 0.017772105 0.998220921 0.056913055 -13.407345772 0.882725954 -0.042397019 0.467971623 211.490859985
0.470138848 0.038079757 -0.881770670 171.749053955 0.017955571 0.998449385 0.052692078 -13.364717484 0.882409871 -0.040605292 0.468726099 211.899673462
0.470345616 0.038208403 -0.881654739 170.975585938 0.017936956 0.998441935 0.052838642 -13.329055786 0.882299960 -0.040666629 0.468927443 212.312484741
0.470160306 0.038470212 -0.881742239 170.200790405 0.018413547 0.998404562 0.053378593 -13.292997360 0.882389009 -0.041332502 0.468701839 212.724197388
0.469760478 0.040125251 -0.881881595 169.426712036 0.019604627 0.998245955 0.055862769 -13.260194778 0.882576227 -0.043531079 0.468149841 213.137161255
0.469288826 0.039720159 -0.882150948 168.653091431 0.019883921 0.998259246 0.055526007 -13.220514297 0.882820785 -0.043598358 0.467682123 213.554199219
0.469006479 0.041905042 -0.882200122 167.881362915 0.017414955 0.998240769 0.056675415 -13.182388306 0.883023083 -0.041944612 0.467451572 213.955902100
0.469019473 0.042829044 -0.882148743 167.111328125 0.019035302 0.998101234 0.058579292 -13.141853333 0.882982671 -0.044266794 0.467313647 214.365982056
0.469212055 0.041266844 -0.882120848 166.333145142 0.023906266 0.997947872 0.059401467 -13.107110977 0.882761955 -0.048960101 0.467262685 214.782379150
0.468712330 0.037174091 -0.882568359 165.577667236 0.024560951 0.998179436 0.055087447 -13.074702263 0.883009374 -0.047496885 0.466945946 215.180816650
0.467909753 0.028850535 -0.883305311 164.818328857 0.024779191 0.998645842 0.045743976 -13.039901733 0.883428872 -0.043291640 0.466561198 215.580841064
0.466450274 0.024282167 -0.884214044 164.068313599 0.027830640 0.998725355 0.042108383 -13.009865761 0.884109497 -0.044249710 0.465179920 215.976043701
0.465700507 0.025920670 -0.884562671 163.316757202 0.031606600 0.998445988 0.045897935 -12.977031708 0.884377778 -0.049332708 0.464157581 216.373611450
0.464839876 0.032365721 -0.884803057 162.568893433 0.029814037 0.998192728 0.052176569 -12.952885628 0.884892762 -0.050633300 0.463034868 216.764297485
0.464396238 0.034083337 -0.884971440 161.824005127 0.025869222 0.998310745 0.052023519 -12.923399925 0.885249674 -0.047053050 0.462729990 217.144302368
0.463670850 0.030740945 -0.885474205 161.100585938 0.027044540 0.998441160 0.048824463 -12.889917374 0.885594785 -0.046585720 0.462116659 217.518981934
0.462366879 0.027209748 -0.886271179 160.398666382 0.032065697 0.998362124 0.047379751 -12.858984947 0.886108756 -0.050325733 0.460737109 217.894943237
0.461504757 0.029862054 -0.886635005 159.709136963 0.031970955 0.998224258 0.050261691 -12.839682579 0.886561453 -0.051542580 0.459730506 218.250213623
0.460057855 0.032316748 -0.887300670 159.033538818 0.032469604 0.998056591 0.053185858 -12.814511299 0.887295067 -0.053278875 0.458114445 218.598007202
0.457546115 0.030498244 -0.888662696 158.375488281 0.035386056 0.997995377 0.052469693 -12.791999817 0.888481498 -0.055453572 0.455549717 218.938232422
0.454119444 0.030172849 -0.890429735 157.738861084 0.036312137 0.997969091 0.052336100 -12.766890526 0.890200496 -0.056100249 0.452101529 219.261581421
0.449758947 0.032927260 -0.892542779 157.119888306 0.032753102 0.998039961 0.053323742 -12.741130829 0.892549217 -0.053216379 0.447798908 219.560485840
0.443981767 0.033825859 -0.895397127 156.507064819 0.032294154 0.998033881 0.053716246 -12.720799446 0.895453632 -0.052765131 0.442016482 219.860351562
0.436545908 0.037916161 -0.898882747 155.921401978 0.029182537 0.997989058 0.056269228 -12.699367523 0.899208605 -0.050795779 0.434561551 220.135131836
0.428571820 0.039864551 -0.902627945 155.347930908 0.027684670 0.997977614 0.057220489 -12.676649094 0.903083563 -0.049512047 0.426601470 220.392486572
0.419223547 0.038528632 -0.907065213 154.794387817 0.025474763 0.998206496 0.054173790 -12.661972046 0.907525659 -0.045818198 0.417490125 220.637176514
0.407468200 0.032140519 -0.912653744 154.257034302 0.028291520 0.998456478 0.047793392 -12.646337509 0.912781179 -0.045294650 0.405929983 220.873367310
0.392145216 0.024183087 -0.919585526 153.723266602 0.033630848 0.998609245 0.040602680 -12.629861832 0.919288516 -0.046848588 0.390786529 221.099182129
0.371922553 0.020178316 -0.928044438 153.184524536 0.037096094 0.998641968 0.036579914 -12.611195564 0.927522242 -0.048031718 0.370668948 221.311401367
0.346528053 0.021926368 -0.937783360 152.624176025 0.037387639 0.998609543 0.037163962 -12.593917847 0.937294245 -0.047939859 0.345226407 221.506118774
0.317313433 0.028361648 -0.947896540 152.066070557 0.034686729 0.998536706 0.041488405 -12.577933311 0.947686195 -0.046044257 0.315865338 221.669860840
0.285670042 0.034086145 -0.957721710 151.511123657 0.031658873 0.998486102 0.044980228 -12.558081627 0.957805037 -0.043169893 0.284158409 221.815139771
0.252373278 0.039209582 -0.966835201 150.954269409 0.029301101 0.998410821 0.048138592 -12.542453766 0.967186213 -0.040478233 0.250823319 221.934356689
0.217619777 0.044048801 -0.975039124 150.442657471 0.026249545 0.998355627 0.050960813 -12.532750130 0.975680530 -0.036684413 0.216105700 222.016418457
0.181553543 0.046661977 -0.982273519 149.884689331 0.024522189 0.998348176 0.051958032 -12.504289627 0.983075380 -0.033520661 0.180109382 222.096786499
0.146785736 0.048501860 -0.987978637 149.337203979 0.022552576 0.998373449 0.052362848 -12.480777740 0.988911331 -0.029967587 0.145453155 222.142913818
0.111518919 0.050257590 -0.992490768 148.776992798 0.021813083 0.998355925 0.053005572 -12.465103149 0.993523002 -0.027560411 0.110239267 222.182785034
0.076825798 0.051832266 -0.995696366 148.238983154 0.019986922 0.998367071 0.053513441 -12.446537018 0.996844232 -0.024012117 0.075664341 222.200195312
0.041956365 0.050565362 -0.997839272 147.675476074 0.015385233 0.998567402 0.051249180 -12.421594620 0.999001145 -0.017502224 0.041118264 222.192565918
0.010008156 0.050523996 -0.998672724 147.101028442 0.008476966 0.998682559 0.050609443 -12.395842552 0.999913990 -0.008972221 0.009566665 222.158920288
-0.016799212 0.051871940 -0.998512447 146.519973755 0.004076128 0.998648643 0.051810440 -12.357812881 0.999850571 -0.003199691 -0.016988039 222.111297607
-0.039132953 0.057260484 -0.997592092 145.940505981 0.004852017 0.998355865 0.057113994 -12.339424133 0.999222279 -0.002605297 -0.039346337 222.081161499
-0.057224154 0.064165145 -0.996297359 145.336929321 0.003744397 0.997939289 0.064055830 -12.305769920 0.998354435 -0.000064996 -0.057346463 222.029113770
-0.070919394 0.070538059 -0.994984865 144.717193604 0.000842854 0.997500360 0.070656322 -12.269677162 0.997481763 0.004172276 -0.070801616 221.966796875
-0.082411885 0.071955949 -0.993997395 144.081558228 -0.004039434 0.997357726 0.072534122 -12.237789154 0.996590257 0.009992847 -0.081903458 221.895553589
-0.091978908 0.072618827 -0.993109524 143.437911987 -0.007359459 0.997260392 0.073603965 -12.195822716 0.995733798 0.014078759 -0.091192484 221.828552246
-0.096498132 0.073064104 -0.992648005 142.790573120 -0.006637376 0.997232676 0.074046806 -12.151596069 0.995311141 0.013733950 -0.095746160 221.752349854
-0.098825097 0.072871991 -0.992433131 142.111618042 -0.002629280 0.997292459 0.073490627 -12.103351593 0.995101452 0.009872095 -0.098365903 221.685607910
-0.100736022 0.073310897 -0.992208719 141.423263550 0.002712816 0.997298062 0.073411517 -12.063820839 0.994909644 0.004703498 -0.100662708 221.618713379
-0.101930141 0.070230246 -0.992309451 140.716735840 0.004198159 0.997526348 0.070168234 -12.007631302 0.994782746 0.002986387 -0.101972818 221.541900635
-0.102222681 0.065706477 -0.992589116 139.999450684 0.008407696 0.997837603 0.065188035 -11.963721275 0.994726002 -0.001681691 -0.102554083 221.470123291
-0.102328181 0.061315265 -0.992859304 139.265625000 0.013209338 0.998094261 0.060277157 -11.916751862 0.994663060 -0.006946967 -0.102943063 221.401306152
-0.102028370 0.059237693 -0.993016124 138.508422852 0.016024573 0.998193741 0.057900097 -11.869520187 0.994652390 -0.010005197 -0.102793336 221.328552246
-0.101281047 0.061439447 -0.992959023 137.739715576 0.016379692 0.998058915 0.060084298 -11.823245049 0.994723141 -0.010178965 -0.102090836 221.249771118
-0.099792242 0.066894680 -0.992757142 136.946899414 0.016782792 0.997708738 0.065541320 -11.777231216 0.994866788 -0.010120724 -0.100686193 221.165161133
-0.097882986 0.070186578 -0.992720008 136.135314941 0.017474670 0.997477412 0.068799928 -11.735214233 0.995044589 -0.010613120 -0.098862529 221.081329346
-0.095177650 0.065616429 -0.993295491 135.321212769 0.014812704 0.997808099 0.064495176 -11.684267998 0.995350182 -0.008574897 -0.095940948 220.993927002
-0.091559529 0.056924280 -0.994171441 134.495712280 0.013485614 0.998344123 0.055921234 -11.635827065 0.995708466 -0.008286892 -0.092175603 220.912536621
-0.087221026 0.051305369 -0.994866967 133.655487061 0.016856194 0.998605967 0.050020389 -11.585268021 0.996046364 -0.012406842 -0.087964177 220.838806152
-0.083018422 0.052337859 -0.995172799 132.791534424 0.022718508 0.998459756 0.050615530 -11.542763710 0.996289134 -0.018406821 -0.084079623 220.777725220
-0.077929020 0.054954100 -0.995443225 131.909652710 0.026976254 0.998230278 0.052996110 -11.496242523 0.996593893 -0.022723394 -0.079273582 220.708572388
-0.073480248 0.058428001 -0.995583653 131.012908936 0.028394882 0.998000205 0.056474101 -11.459345818 0.996892393 -0.024119752 -0.074992299 220.641128540
-0.069312215 0.060262050 -0.995773196 130.108749390 0.030018615 0.997847795 0.058298107 -11.405117035 0.997143269 -0.025850957 -0.070972085 220.577789307
-0.065281153 0.064412057 -0.995785832 129.167739868 0.031907782 0.997538924 0.062433667 -11.356432915 0.997356653 -0.027697576 -0.067175746 220.523086548
-0.062296152 0.065932252 -0.995877624 128.239440918 0.030155176 0.997484386 0.064152308 -11.306333542 0.997602105 -0.026034424 -0.064127684 220.459457397
-0.059330225 0.062045332 -0.996308386 127.297515869 0.037035655 0.997516215 0.059915073 -11.250074387 0.997551203 -0.033344157 -0.061480761 220.404571533
-0.057285666 0.057513185 -0.996699929 126.315719604 0.046044819 0.997429132 0.054908827 -11.193991661 0.997295499 -0.042747378 -0.059786677 220.356872559
-0.056835055 0.049022064 -0.997179389 125.344238281 0.045524672 0.997882128 0.046461903 -11.144210815 0.997345209 -0.042755596 -0.058946490 220.296508789
-0.056696177 0.043765429 -0.997431874 124.353668213 0.048777420 0.997967124 0.041016310 -11.104446411 0.997199357 -0.046326682 -0.058715701 220.239685059
-0.056762934 0.042470060 -0.997484028 123.356979370 0.051139720 0.997906983 0.039577905 -11.065342903 0.997077107 -0.048764490 -0.058816075 220.186187744
-0.056583524 0.049790271 -0.997155726 122.341323853 0.045152925 0.997861385 0.047263324 -11.027224541 0.997376442 -0.042350173 -0.058710694 220.120208740
-0.056333661 0.061822884 -0.996496081 121.316284180 0.041909806 0.997347772 0.059506491 -10.983950615 0.997532010 -0.038410746 -0.058775187 220.038024902
-0.058208346 0.071160428 -0.995765209 120.282974243 0.039927881 0.996824086 0.068902105 -10.927304268 0.997505844 -0.035748124 -0.060864806 219.971206665
-0.060105443 0.071648531 -0.995617330 119.260086060 0.040694397 0.996767282 0.069274567 -10.879529953 0.997362196 -0.036352269 -0.062826753 219.896118164
-0.063266277 0.061304022 -0.996112168 118.251434326 0.045109216 0.997267127 0.058510084 -10.821450233 0.996976852 -0.041232131 -0.065858722 219.840545654
-0.065809846 0.052335482 -0.996458888 117.243621826 0.045950528 0.997723103 0.049367152 -10.775530815 0.996773720 -0.042538971 -0.068064809 219.769744873
-0.068713665 0.049029455 -0.996431053 116.224243164 0.047980696 0.997798204 0.045787998 -10.737730980 0.996482134 -0.044663187 -0.070914865 219.697540283
-0.071216106 0.050896827 -0.996161699 115.198822021 0.046978462 0.997760177 0.047620002 -10.696270943 0.996354163 -0.043406837 -0.073447585 219.617980957
-0.073685169 0.054686476 -0.995781183 114.178787231 0.044740710 0.997671366 0.051479600 -10.658320427 0.996277571 -0.040758681 -0.075960279 219.532257080
-0.075160384 0.062026657 -0.995240510 113.164016724 0.045604020 0.997233033 0.058706835 -10.613343239 0.996128142 -0.040974539 -0.077781081 219.446456909
-0.076744199 0.070268728 -0.994571686 112.141723633 0.045415819 0.996724427 0.066916406 -10.567224503 0.996016026 -0.040033843 -0.079684138 219.367584229
-0.077538013 0.070197083 -0.994515061 111.130294800 0.041885436 0.996866882 0.067097455 -10.509783745 0.996109128 -0.036453094 -0.080235362 219.273895264
-0.078846216 0.063111097 -0.994887114 110.122787476 0.039342951 0.997413516 0.060153376 -10.455845833 0.996110141 -0.034398932 -0.081125259 219.188568115
-0.079276800 0.056226928 -0.995265841 109.146469116 0.041540097 0.997727096 0.053057157 -10.412075996 0.995986938 -0.037137240 -0.081432343 219.102325439
-0.079656243 0.054903649 -0.995309293 108.150054932 0.040576383 0.997833073 0.051795479 -10.365789413 0.995996296 -0.036260221 -0.081711411 219.013320923
-0.078954816 0.059708733 -0.995088458 107.146057129 0.043461103 0.997461736 0.056402739 -10.328816414 0.995930374 -0.038794376 -0.081349373 218.932006836
-0.079134345 0.066895492 -0.994616926 106.145660400 0.043293756 0.997035086 0.063613571 -10.281881332 0.995923460 -0.038026679 -0.081795931 218.849975586
-0.078682423 0.068856686 -0.994518876 105.153701782 0.045344215 0.996826410 0.065429002 -10.238277435 0.995867968 -0.039947569 -0.081554890 218.769378662
-0.077442050 0.065664455 -0.994832158 104.177795410 0.044486888 0.997062445 0.062348627 -10.187666893 0.996003926 -0.039428588 -0.080135703 218.686355591
-0.075793743 0.060136888 -0.995308459 103.206253052 0.044281002 0.997397900 0.056891091 -10.139522552 0.996139824 -0.039761268 -0.078259468 218.606246948
-0.075216413 0.056371171 -0.995572746 102.235763550 0.046448853 0.997515142 0.052971918 -10.097983360 0.996084988 -0.042258859 -0.077647924 218.536071777
-0.074148297 0.048861850 -0.996049464 101.262771606 0.049853344 0.997731745 0.045233171 -10.066613197 0.996000350 -0.046302434 -0.076416016 218.462493896
-0.073448420 0.047628585 -0.996161222 100.288681030 0.051229265 0.997720420 0.043925945 -10.029901505 0.995982528 -0.047806315 -0.075721025 218.394119263
-0.071611881 0.053104147 -0.996018112 99.309326172 0.053542152 0.997346580 0.049325410 -9.988373756 0.995994627 -0.049796667 -0.074265242 218.315185547
-0.070309401 0.060512889 -0.995688140 98.337005615 0.057700556 0.996733725 0.056501988 -9.951729774 0.995855093 -0.053479142 -0.073571324 218.247070312
-0.068776369 0.060629595 -0.995788038 97.379257202 0.056147423 0.996804714 0.056813542 -9.914049149 0.996050775 -0.052003499 -0.071960807 218.174804688
-0.067742705 0.059582863 -0.995922208 96.420196533 0.056150194 0.996860743 0.055819687 -9.869869232 0.996121645 -0.052139852 -0.070875525 218.098999023
-0.067786932 0.058124274 -0.996005297 95.474502563 0.061199434 0.996663868 0.053997550 -9.827552795 0.995821059 -0.057294630 -0.071117997 218.042022705
-0.067964435 0.056536287 -0.996084511 94.526596069 0.063526757 0.996612370 0.052231707 -9.789650917 0.995663166 -0.059728120 -0.071325779 217.973175049
-0.068832159 0.055085152 -0.996106386 93.580795288 0.063957259 0.996664107 0.050696485 -9.754454613 0.995576143 -0.060218692 -0.072125673 217.907043457
-0.069559455 0.059110910 -0.995825112 92.625411987 0.068523064 0.996168256 0.054344881 -9.716344833 0.995221734 -0.064456783 -0.073343396 217.838928223
-0.070937872 0.064997986 -0.995360970 91.689590454 0.071171060 0.995661199 0.059945349 -9.675645828 0.994938612 -0.066588491 -0.075256109 217.767242432
-0.073287964 0.066273697 -0.995106518 90.761093140 0.070115201 0.995663047 0.061146919 -9.639635086 0.994843245 -0.065290757 -0.077616811 217.690979004
-0.075907469 0.064817764 -0.995006025 89.823501587 0.069983222 0.995770395 0.059528656 -9.589178085 0.994656026 -0.065115057 -0.080122590 217.619583130
-0.079290867 0.065914169 -0.994670033 88.905136108 0.069249928 0.995765150 0.060466439 -9.541726112 0.994443357 -0.064086393 -0.083519697 217.543380737
-0.082900167 0.069773935 -0.994112372 87.975509644 0.066678353 0.995698929 0.064324915 -9.498312950 0.994324803 -0.060953233 -0.087195992 217.463699341
-0.085495591 0.070900761 -0.993812621 87.076614380 0.063532673 0.995822787 0.065578587 -9.458548546 0.994310856 -0.057532895 -0.089643002 217.366210938
-0.088545680 0.068448417 -0.993717432 86.181884766 0.061628915 0.996101201 0.063121133 -9.408902168 0.994163692 -0.055652630 -0.092418909 217.278808594
-0.091189027 0.066837497 -0.993588209 85.299407959 0.062482484 0.996163249 0.061276246 -9.365897179 0.993871570 -0.056494143 -0.095015287 217.195465088
-0.093485117 0.065541610 -0.993461072 84.431137085 0.062089279 0.996272445 0.059884463 -9.324857712 0.993682802 -0.056084976 -0.097205997 217.119384766
-0.094333172 0.065188661 -0.993404210 83.596786499 0.059517700 0.996438265 0.059736006 -9.289342880 0.993760049 -0.053490046 -0.097877026 217.027618408
-0.095286250 0.063870594 -0.993398786 82.758666992 0.057931736 0.996603906 0.058519892 -9.253295898 0.993762791 -0.051973179 -0.098662734 216.947677612
-0.095493913 0.065274119 -0.993287683 81.955871582 0.057810657 0.996527195 0.059929147 -9.221988678 0.993749976 -0.051699743 -0.098935723 216.865753174
-0.095341563 0.067209125 -0.993173301 81.154647827 0.054699019 0.996564448 0.062187687 -9.181277275 0.993940771 -0.048396531 -0.098690271 216.785491943
-0.093627095 0.067919463 -0.993288100 80.396423340 0.051478572 0.996666074 0.063298106 -9.147219658 0.994275749 -0.045206640 -0.096811295 216.705780029
-0.091278672 0.069453999 -0.993400455 79.650924683 0.050706580 0.996594965 0.065018170 -9.123209953 0.994533598 -0.044437163 -0.094489694 216.639877319
-0.086854935 0.070729047 -0.993707001 78.928665161 0.051390320 0.996466577 0.066433690 -9.084135056 0.994894624 -0.045296829 -0.090182900 216.580642700
-0.080416203 0.071978763 -0.994159222 78.232543945 0.050093267 0.996420741 0.068090536 -9.049697876 0.995501995 -0.044325102 -0.083734035 216.522857666
-0.072679400 0.072370216 -0.994726360 77.551025391 0.048463814 0.996441960 0.068954051 -9.017894745 0.996177316 -0.043196697 -0.075928211 216.479553223
-0.062517405 0.071254909 -0.995497048 76.876022339 0.046210878 0.996585071 0.068430737 -8.974266052 0.996973515 -0.041724674 -0.065596700 216.447326660
-0.048663974 0.068518125 -0.996462345 76.234451294 0.045474816 0.996761739 0.066317871 -8.937430382 0.997779489 -0.042086650 -0.051622272 216.419403076
-0.031655669 0.065605521 -0.997343481 75.608810425 0.046239518 0.996871233 0.064106822 -8.904081345 0.998428822 -0.044087343 -0.034590125 216.406967163
-0.011403918 0.064485885 -0.997853637 75.010055542 0.048290607 0.996789455 0.063865244 -8.875150681 0.998768389 -0.047458645 -0.014481425 216.413635254
0.011906564 0.064703621 -0.997833550 74.413513184 0.047888249 0.996722281 0.065202989 -8.851373672 0.998781800 -0.048560850 0.008769035 216.419647217
0.037500262 0.064806215 -0.997193098 73.816726685 0.045717005 0.996738791 0.066495933 -8.816899300 0.998250425 -0.048082303 0.034415245 216.448715210
0.067193449 0.067238361 -0.995471776 73.232833862 0.041396532 0.996679664 0.070114173 -8.799850464 0.996880829 -0.045920294 0.064186871 216.472579956
0.097617209 0.067435615 -0.992936850 72.650924683 0.038007725 0.996721268 0.071429253 -8.764314651 0.994498134 -0.044711996 0.094734073 216.548690796
0.131847680 0.065902144 -0.989076912 72.073577881 0.036639474 0.996781766 0.071299702 -8.734555244 0.990592599 -0.045639958 0.129008770 216.642700195
0.169806302 0.062315580 -0.983505368 71.504074097 0.030965049 0.997168541 0.068527542 -8.698550224 0.984990954 -0.042090703 0.167395890 216.743148804
0.210319161 0.058362894 -0.975889206 70.935455322 0.022448665 0.997664988 0.064503230 -8.663075447 0.977375090 -0.035473678 0.208517909 216.856964111
0.252579510 0.056344956 -0.965934217 70.380371094 0.015087135 0.997952282 0.062157735 -8.640501022 0.967458546 -0.030272953 0.251212239 217.001083374
0.297208250 0.054347657 -0.953264773 69.833435059 0.006798267 0.998233020 0.059030958 -8.604184151 0.954788566 -0.024025040 0.296313643 217.178878784
0.345254481 0.054137561 -0.936946452 69.302154541 -0.003176745 0.998396575 0.056517612 -8.581934929 0.938503802 -0.016536523 0.344872832 217.380157471
0.394450784 0.054237440 -0.917315125 68.818923950 -0.015985977 0.998510540 0.052164167 -8.556171417 0.918778062 -0.005912021 0.394730330 217.612991333
0.446783602 0.054892819 -0.892956495 68.316291809 -0.016929153 0.998455882 0.052907832 -8.531124115 0.894481897 -0.008521356 0.447022974 217.885192871
0.498727202 0.057386905 -0.864857197 67.830101013 -0.020876490 0.998311639 0.054203566 -8.507535934 0.866507590 -0.008977614 0.499083161 218.198745728
0.551951408 0.061433293 -0.831610322 67.360229492 -0.024892984 0.998051941 0.057206970 -8.479523659 0.833504677 -0.010874207 0.552405417 218.534927368
0.603050947 0.063026398 -0.795208931 66.906051636 -0.026261955 0.997902095 0.059175495 -8.461233139 0.797270238 -0.014802104 0.603441000 218.906448364
0.649778128 0.061042301 -0.757668972 66.506217957 -0.025909029 0.997969687 0.058182728 -8.442211151 0.759682298 -0.018175399 0.650040388 219.306793213
0.693570197 0.056065477 -0.718204021 66.136985779 -0.026308849 0.998273134 0.052522160 -8.425136566 0.719908476 -0.017532682 0.693847537 219.707229614
0.733506978 0.053589270 -0.677566051 65.767173767 -0.032556754 0.998512805 0.043728534 -8.406530380 0.678901792 -0.010015837 0.734160781 220.146072388
0.770315051 0.052609403 -0.635489523 65.412742615 -0.042798452 0.998609126 0.030791907 -8.387334824 0.636225581 0.003478499 0.771495223 220.600341797
0.804416239 0.045889523 -0.592291057 65.083557129 -0.042067900 0.998909354 0.020259246 -8.368281364 0.592574775 0.008619571 0.805469394 221.088668823
0.835973859 0.036115877 -0.547579527 64.788711548 -0.033357464 0.999331117 0.014985502 -8.351778984 0.547754467 0.005738376 0.836619437 221.624969482
0.866412282 0.031418893 -0.498339802 64.489311218 -0.028802620 0.999501348 0.012939526 -8.343667030 0.498497874 0.003142526 0.866885245 222.158004761
0.892043948 0.031484462 -0.450850725 64.239669800 -0.028213242 0.999504209 0.013976689 -8.342546463 0.451067269 0.000252139 0.892489910 222.722198486
0.914228857 0.032044504 -0.403929234 64.005821228 -0.029642493 0.999486089 0.012200193 -8.341653824 0.404112607 0.000819699 0.914708912 223.308746338
0.933242261 0.028447933 -0.358119518 63.799198151 -0.025854366 0.999593318 0.012029437 -8.341863632 0.358316094 -0.001967428 0.933598280 223.921615601
0.949259162 0.027653709 -0.313276708 63.625343323 -0.025432451 0.999614060 0.011175580 -8.341137886 0.313464880 -0.002641129 0.949596107 224.543945312
0.962922335 0.032971215 -0.267756402 63.441001892 -0.031973705 0.999455988 0.008086019 -8.339725494 0.267877340 0.000774956 0.963452697 225.179168701
0.973632872 0.031945612 -0.225872725 63.306823730 -0.031997740 0.999482036 0.003431187 -8.344537735 0.225865349 0.003886701 0.974150777 225.829879761
0.981804788 0.021051072 -0.188722685 63.206359863 -0.022667388 0.999722540 -0.006410035 -8.352569580 0.188535392 0.010571254 0.982009470 226.494384766
0.987253487 0.015687682 -0.158380553 63.121501923 -0.018396458 0.999708235 -0.015651306 -8.361843109 0.158088818 0.018365448 0.987254083 227.174743652
0.991274655 0.013895017 -0.131078035 63.040485382 -0.016515698 0.999684453 -0.018927358 -8.370034218 0.130773678 0.020927057 0.991191328 227.873153687
0.993996143 0.014404107 -0.108462855 62.969303131 -0.016102282 0.999760866 -0.014797194 -8.375998497 0.108223774 0.016454853 0.993990362 228.585998535
0.995811462 0.014639211 -0.090250991 62.916431427 -0.015096611 0.999876440 -0.004387509 -8.395000458 0.090175606 0.005731616 0.995909393 229.329071045
0.997078776 0.017621314 -0.074319296 62.863548279 -0.017272115 0.999836564 0.005338783 -8.407971382 0.074401230 -0.004039536 0.997220218 230.071212769
0.998007834 0.014247979 -0.061460260 62.816806793 -0.013730158 0.999866664 0.008839433 -8.410912514 0.061578009 -0.007977964 0.998070359 230.811920166
0.998552978 0.004973291 -0.053546555 62.785858154 -0.004549293 0.999957323 0.008037288 -8.408954620 0.053584244 -0.007782058 0.998533010 231.584869385
0.998826325 -0.000779642 -0.048428420 62.754489899 0.000994973 0.999989748 0.004422430 -8.409932137 0.048424475 -0.004465425 0.998816848 232.340087891
0.998989403 -0.003837384 -0.044782307 62.723220825 0.003860779 0.999992430 0.000435931 -8.412145615 0.044780295 -0.000608385 0.998996675 233.092514038
0.999019086 -0.005107644 -0.043985534 62.694129944 0.004993754 0.999983907 -0.002698780 -8.422916412 0.043998610 0.002476480 0.999028504 233.882705688
0.999000371 -0.006769309 -0.044185884 62.667675018 0.006699968 0.999976099 -0.001717217 -8.425323486 0.044196449 0.001419456 0.999021828 234.669158936
0.999050379 -0.007664418 -0.042890761 62.631217957 0.007733978 0.999969006 0.001456112 -8.428253174 0.042878274 -0.001786446 0.999078691 235.473648071
0.998979926 -0.012702949 -0.043333195 62.605422974 0.012863263 0.999911427 0.003422728 -8.437474251 0.043285877 -0.003976642 0.999054790 236.288085938
0.998898864 -0.014920675 -0.044479400 62.568237305 0.014827677 0.999887109 -0.002420021 -8.446253777 0.044510487 0.001757830 0.999007344 237.092193604
0.998837709 -0.017662041 -0.044846825 62.533485413 0.017231071 0.999801755 -0.009978298 -8.460459709 0.045014169 0.009193942 0.998944044 237.897903442
0.998551846 -0.027749659 -0.046088126 62.503761292 0.027024625 0.999502182 -0.016280873 -8.469707489 0.046516970 0.015011781 0.998804688 238.715209961
0.998150170 -0.037535097 -0.047825739 62.475811005 0.036662463 0.999147177 -0.018994795 -8.488853455 0.048497923 0.017206250 0.998675048 239.546920776
0.997743607 -0.045917273 -0.048982501 62.440746307 0.045037661 0.998806238 -0.018913286 -8.516369820 0.049792472 0.016664553 0.998620570 240.382064819
0.997372329 -0.050853521 -0.051597755 62.414096832 0.050172620 0.998636663 -0.014407741 -8.525985718 0.052260093 0.011781088 0.998564005 241.251281738
0.997234762 -0.050688636 -0.054346446 62.364036560 0.050391428 0.998706222 -0.006826056 -8.542457581 0.054622136 0.004068585 0.998498797 242.105361938
0.997267663 -0.047077276 -0.056929100 62.311882019 0.047275491 0.998879611 0.002139319 -8.565556526 0.056764606 -0.004824825 0.998375952 242.964889526
0.997467816 -0.039722297 -0.058991972 62.253730774 0.040145576 0.999175787 0.006007013 -8.566534996 0.058704738 -0.008360069 0.998240411 243.830017090
0.997606337 -0.034202978 -0.060097676 62.189926147 0.034830738 0.999348760 0.009428994 -8.557899475 0.059736036 -0.011499670 0.998147964 244.751602173
0.997750878 -0.026743544 -0.061465532 62.123439789 0.027424671 0.999571145 0.010264479 -8.561062813 0.061164666 -0.011927065 0.998056412 245.636199951
0.997775495 -0.025285726 -0.061682448 62.057937622 0.025618065 0.999661207 0.004602893 -8.562730789 0.061545163 -0.006172839 0.998085201 246.531768799
0.997761250 -0.024183204 -0.062351335 62.004970551 0.023935186 0.999702334 -0.004721709 -8.570011139 0.062446963 0.003218747 0.998043120 247.417968750
0.997812092 -0.022948785 -0.062003300 61.943954468 0.022344684 0.999696016 -0.010419011 -8.575547218 0.062223557 0.009010770 0.998021543 248.337036133
0.997865200 -0.021306459 -0.061733522 61.884098053 0.020694250 0.999730289 -0.010539494 -8.589205742 0.061941430 0.009239466 0.998037040 249.264251709
0.998000562 -0.016920239 -0.060898293 61.825546265 0.016668510 0.999850333 -0.004639305 -8.606486320 0.060967673 0.003614945 0.998133183 250.214813232
0.998154461 -0.013199021 -0.059273992 61.759544373 0.013218155 0.999912620 -0.000069278 -8.615159988 0.059269726 -0.000714342 0.998241723 251.165573120
0.998293102 -0.009441018 -0.057635080 61.690086365 0.009749842 0.999939561 0.005079399 -8.623109818 0.057583641 -0.005632662 0.998324811 252.143966675
0.998407245 -0.004987205 -0.056197088 61.638469696 0.005536624 0.999938369 0.009625189 -8.629462242 0.056145620 -0.009921000 0.998373270 253.083847046
0.998477519 -0.005125263 -0.054921586 61.573425293 0.005713832 0.999927878 0.010564875 -8.623956680 0.054863475 -0.010862603 0.998434782 254.089218140
0.998515069 -0.005564895 -0.054191697 61.521232605 0.005772068 0.999976635 0.003667204 -8.632514000 0.054170024 -0.003974557 0.998523831 255.071289062
0.998499572 -0.006597220 -0.054361012 61.466049194 0.006206221 0.999953687 -0.007358315 -8.634650230 0.054407038 0.007009898 0.998494208 256.053314209
0.998427510 -0.009092437 -0.055315811 61.411582947 0.008572039 0.999916792 -0.009637772 -8.643187523 0.055398840 0.009148448 0.998422384 257.062500000
0.998329699 -0.008034988 -0.057212241 61.352176666 0.008071613 0.999967337 0.000409073 -8.653722763 0.057207089 -0.000870184 0.998361945 258.103698730
0.998272121 -0.007482454 -0.058282346 61.290729523 0.008100859 0.999913275 0.010381467 -8.664775848 0.058199614 -0.010835665 0.998246133 259.145996094
0.998211205 -0.007331001 -0.059334807 61.224388123 0.008030445 0.999900937 0.011558229 -8.665274620 0.059244197 -0.012014039 0.998171210 260.194702148
0.998114884 -0.008226578 -0.060819030 61.164489746 0.008609827 0.999944687 0.006042084 -8.660268784 0.060765959 -0.006554336 0.998130500 261.226867676
0.998046219 -0.010539615 -0.061584502 61.097393036 0.010606741 0.999943435 0.000763159 -8.663582802 0.061572976 -0.001414879 0.998101592 262.276092529
0.997978628 -0.009260304 -0.062872514 61.028606415 0.009223127 0.999957085 -0.000881528 -8.669018745 0.062877983 0.000299865 0.998021185 263.320190430
0.997951567 -0.009318929 -0.063291363 60.953952789 0.009413349 0.999954998 0.001193786 -8.682714462 0.063277386 -0.001787124 0.997994363 264.386566162
0.997932553 -0.008989477 -0.063638143 60.873962402 0.009233441 0.999951124 0.003540554 -8.688064575 0.063603207 -0.004120833 0.997966766 265.458618164
0.997907102 -0.005729426 -0.064409427 60.807163239 0.006108632 0.999965131 0.005692041 -8.694649696 0.064374574 -0.006073581 0.997907341 266.511779785
0.997877121 -0.004728280 -0.064952850 60.731098175 0.005327200 0.999944866 0.009050758 -8.699815750 0.064906470 -0.009377562 0.997847259 267.580474854
0.997832954 -0.004867103 -0.065617725 60.661617279 0.005638109 0.999917150 0.011569911 -8.703325272 0.065555975 -0.011914798 0.997777760 268.636871338
0.997857451 -0.004597928 -0.065263689 60.594448090 0.005324234 0.999925792 0.010959229 -8.714850426 0.065208457 -0.011283228 0.997807860 269.687622070
0.997833073 -0.008346924 -0.065264650 60.525295258 0.008772722 0.999942064 0.006240328 -8.716897964 0.065208778 -0.006799355 0.997848451 270.750183105
0.997780561 -0.008539223 -0.066038102 60.452762604 0.008639530 0.999961913 0.001233483 -8.719377518 0.066025048 -0.001801283 0.997816324 271.810699463
0.997722387 -0.008371124 -0.066932626 60.381885529 0.008502615 0.999962449 0.001679878 -8.738809586 0.066916049 -0.002245154 0.997756064 272.862335205
0.997590125 -0.010904187 -0.068520144 60.317127228 0.010922807 0.999940336 -0.000102921 -8.751140594 0.068517178 -0.000645759 0.997649729 273.918304443
0.997528791 -0.010711962 -0.069437459 60.228324890 0.010402943 0.999934316 -0.004810433 -8.765015602 0.069484428 0.004076192 0.997574687 274.970520020
0.997434974 -0.009939130 -0.070885345 60.151832581 0.009536257 0.999936402 -0.006019607 -8.775678635 0.070940666 0.005328185 0.997466326 276.036773682
0.997394681 -0.008569571 -0.071626976 60.082221985 0.008716744 0.999960482 0.001742391 -8.791144371 0.071609221 -0.002362206 0.997429967 277.061584473
0.997378588 -0.008069864 -0.071908467 59.999866486 0.008869597 0.999902248 0.010809176 -8.803020477 0.071814209 -0.011418639 0.997352660 278.115142822
0.997403502 -0.006491309 -0.071722709 59.918533325 0.007305949 0.999911666 0.011101685 -8.809288979 0.071644306 -0.011596862 0.997362852 279.157226562
0.997470677 -0.004978701 -0.070904903 59.848110199 0.005316012 0.999975443 0.004569317 -8.812108040 0.070880406 -0.004934691 0.997472644 280.182495117
0.997547269 -0.002012003 -0.069967330 59.766361237 0.002071181 0.999997556 0.000773250 -8.818723679 0.069965601 -0.000916268 0.997548997 281.224822998
0.997653008 0.000182449 -0.068472393 59.682323456 -0.000230961 0.999999702 -0.000700587 -8.830180168 0.068472244 0.000714757 0.997652769 282.264038086
0.997723460 0.003399100 -0.067352049 59.609920502 -0.003240066 0.999991715 0.002470342 -8.845596313 0.067359887 -0.002246493 0.997726202 283.298858643
0.997751355 0.005187587 -0.066822886 59.538570404 -0.004933868 0.999979973 0.003961368 -8.855673790 0.066842094 -0.003622766 0.997757018 284.344757080
0.997765899 0.008263915 -0.066294633 59.469429016 -0.007841529 0.999947309 0.006629032 -8.862553596 0.066345915 -0.006094371 0.997778058 285.369934082
0.997802913 0.008995900 -0.065638408 59.388828278 -0.008748182 0.999953508 0.004060422 -8.875456810 0.065671884 -0.003477284 0.997835219 286.396118164
0.997767985 0.009355981 -0.066117562 59.318943024 -0.009337177 0.999956250 0.000593433 -8.883165359 0.066120222 0.000025243 0.997811675 287.421569824
0.997745097 0.011079576 -0.066196240 59.245391846 -0.011223313 0.999935389 -0.001799888 -8.896704674 0.066172019 0.002538770 0.997804999 288.440368652
0.997732997 0.012936389 -0.066041492 59.163635254 -0.012912023 0.999916315 0.000795792 -8.909002304 0.066046260 0.000058741 0.997816563 289.478302002
0.997779727 0.014387014 -0.065027945 59.103527069 -0.014137506 0.999890804 0.004295488 -8.921186447 0.065082647 -0.003366618 0.997874200 290.473785400
0.997751832 0.016748944 -0.064890519 59.032573700 -0.016227713 0.999831736 0.008551278 -8.927390099 0.065022826 -0.007479029 0.997855723 291.499450684
0.997686923 0.018328371 -0.065459237 58.956924438 -0.017822627 0.999806702 0.008301734 -8.934581757 0.065598741 -0.007115875 0.997820735 292.525115967
0.997751594 0.014961914 -0.065329604 58.878639221 -0.014481350 0.999864519 0.007823369 -8.941341400 0.065437801 -0.006859718 0.997833073 293.537902832
0.997712612 0.008149860 -0.067104995 58.829658508 -0.007781000 0.999953151 0.005756293 -8.949274063 0.067148767 -0.005220982 0.997729301 294.550201416
0.997578621 0.008165466 -0.069066934 58.756309509 -0.007856424 0.999957860 0.004744979 -8.953466415 0.069102772 -0.004190871 0.997600734 295.554931641
0.997369707 0.011347429 -0.071588449 58.667999268 -0.011285405 0.999935508 0.001270822 -8.967610359 0.071598247 -0.000459575 0.997433424 296.552368164
0.997266591 0.006466539 -0.073603965 58.599777222 -0.006239577 0.999975026 0.003313086 -8.969244957 0.073623553 -0.002844772 0.997282028 297.567169189
0.996980488 0.011318332 -0.076823235 58.533145905 -0.010351562 0.999862313 0.012970916 -8.979855537 0.076959461 -0.012136510 0.996960342 298.553833008
0.996697366 0.016087119 -0.079596162 58.439468384 -0.014554681 0.999698102 0.019795548 -8.982189178 0.079890579 -0.018571673 0.996630609 299.559387207
0.996432662 0.017018858 -0.082657650 58.351211548 -0.015426884 0.999683738 0.019860517 -8.975969315 0.082969509 -0.018514518 0.996380091 300.562652588
0.996214449 0.014002796 -0.085794672 58.270118713 -0.012706298 0.999796987 0.015639152 -8.975318909 0.085996248 -0.014489817 0.996190071 301.555633545
0.995976269 0.008807082 -0.089183286 58.185146332 -0.008194142 0.999940217 0.007236601 -8.979900360 0.089241691 -0.006476703 0.995988965 302.549560547
0.995682299 0.005855360 -0.092641354 58.092880249 -0.005857507 0.999982834 0.000248732 -8.982990265 0.092641219 0.000294990 0.995699525 303.541198730
0.995378613 0.002562902 -0.095993795 58.001693726 -0.002442066 0.999996066 0.001376260 -8.990310669 0.095996946 -0.001135477 0.995380998 304.522705078
0.994925976 0.001496450 -0.100598581 57.900661469 -0.001118549 0.999992132 0.003812821 -8.999255180 0.100603491 -0.003680950 0.994919777 305.514923096
0.994373381 0.002623043 -0.105899617 57.789672852 -0.002658363 0.999996424 -0.000192372 -9.012608528 0.105898730 0.000472809 0.994376779 306.496337891
0.993834734 0.001050064 -0.110866934 57.679893494 -0.001606856 0.999986529 -0.004932941 -9.026738167 0.110860258 0.005080676 0.993822992 307.473205566
0.993300319 0.004641057 -0.115468398 57.552124023 -0.005186148 0.999976754 -0.004420725 -9.036163330 0.115445197 0.004989944 0.993301332 308.482788086
0.992782116 0.005961597 -0.119783588 57.424903870 -0.005527939 0.999976933 0.003952298 -9.054377556 0.119804382 -0.003261614 0.992792130 309.479949951
0.992091537 0.009172916 -0.125180647 57.294368744 -0.008450990 0.999944448 0.006296906 -9.060561180 0.125231445 -0.005189207 0.992114007 310.479949951
0.991419315 0.010460332 -0.130300909 57.155979156 -0.009443664 0.999919951 0.008417934 -9.063008308 0.130378544 -0.007115185 0.991438746 311.469757080
0.990877151 0.013186180 -0.134121761 57.018901825 -0.012339989 0.999898374 0.007138495 -9.069391251 0.134202257 -0.005418311 0.990939140 312.440093994
0.990323484 0.023405893 -0.136790335 56.865791321 -0.022456849 0.999711871 0.008477234 -9.068639755 0.136949345 -0.005323324 0.990563750 313.410705566
0.989867091 0.035316974 -0.137534723 56.698955536 -0.034581970 0.999371946 0.007730666 -9.076923370 0.137721375 -0.002896110 0.990466774 314.382232666
0.989393711 0.044777203 -0.138185188 56.541660309 -0.043879945 0.998991311 0.009534295 -9.084765434 0.138472721 -0.003369612 0.990360498 315.357574463
0.989373863 0.049046941 -0.136871278 56.387924194 -0.048800718 0.998795211 0.005155908 -9.091260910 0.136959255 0.001578296 0.990575433 316.319885254
0.989409268 0.050896671 -0.135936826 56.270320892 -0.051089622 0.998691916 0.002071174 -9.092295647 0.135864437 0.004895723 0.990715325 317.287750244
0.989777088 0.051359240 -0.133054644 56.125186920 -0.051824979 0.998656154 -0.000037236 -9.100998878 0.132873923 0.006932409 0.991108716 318.260192871
0.990204215 0.054042384 -0.128743842 55.987087250 -0.053977013 0.998534143 0.003999430 -9.108636856 0.128771260 0.002988954 0.991669834 319.245544434
0.990957558 0.052466914 -0.123492368 55.861438751 -0.052058078 0.998622656 0.006537269 -9.114462852 0.123665266 -0.000049382 0.992323995 320.231567383
0.991618276 0.054094013 -0.117333069 55.746543884 -0.053201884 0.998526216 0.010724438 -9.121296883 0.117740266 -0.004392209 0.993034720 321.212860107
0.992218614 0.057064526 -0.110660896 55.628204346 -0.055721350 0.998330712 0.015195145 -9.120362282 0.111343279 -0.008910731 0.993742049 322.205474854
0.992421210 0.064481951 -0.104605004 55.511371613 -0.062969729 0.997858465 0.017698610 -9.121181488 0.105522238 -0.010977528 0.994356334 323.187103271
0.992720425 0.068635359 -0.098971240 55.404300690 -0.067801841 0.997629464 0.011764867 -9.115965843 0.099544108 -0.004968793 0.995020747 324.175048828
0.993098557 0.071156181 -0.093231462 55.299736023 -0.071111955 0.997461081 0.003800643 -9.117581367 0.093265191 0.002855457 0.995637238 325.157958984
0.993550062 0.071484685 -0.088024214 55.204208374 -0.071892217 0.997411311 -0.001464155 -9.119605064 0.087691687 0.007782967 0.996117234 326.151580811
0.994361818 0.066493593 -0.082602695 55.117546082 -0.066661716 0.997775376 0.000724092 -9.127307892 0.082467079 0.004786427 0.996582270 327.157501221
0.995015323 0.061260585 -0.078686699 55.042770386 -0.061004251 0.998121440 0.005659659 -9.142393112 0.078885600 -0.000831225 0.996883333 328.172271729
0.995744944 0.053723924 -0.074871413 54.971839905 -0.053466976 0.998554826 0.005433513 -9.148984909 0.075055122 -0.001407245 0.997178376 329.176330566
0.996014416 0.051568281 -0.072773665 54.897777557 -0.051583476 0.998667300 0.001671856 -9.156837463 0.072762899 0.002088726 0.997347057 330.183532715
0.996182680 0.053461272 -0.069007263 54.823471069 -0.053488713 0.998567402 0.001451390 -9.157725334 0.068985991 0.002245260 0.997615099 331.197296143
0.996395350 0.054805711 -0.064750485 54.745025635 -0.054689460 0.998497009 0.003567810 -9.164348602 0.064848706 -0.000013780 0.997895122 332.208526611
0.996368349 0.058793012 -0.061591569 54.677242279 -0.058819331 0.998267651 0.001387272 -9.180037498 0.061566435 0.002240542 0.998100460 333.219177246
0.996271849 0.062945612 -0.058993578 54.604137421 -0.063177809 0.998000145 -0.002077230 -9.186691284 0.058744848 0.005796571 0.998256207 334.226196289
0.996436834 0.061732128 -0.057470083 54.543033600 -0.061707173 0.998091877 0.002210479 -9.197040558 0.057496879 0.001343713 0.998344779 335.234191895
0.996597230 0.060144756 -0.056360960 54.489536285 -0.059634969 0.998163044 0.010685170 -9.211573601 0.056900088 -0.007287727 0.998353302 336.263641357
0.996579170 0.061577819 -0.055119693 54.418910980 -0.060968667 0.998059273 0.012667227 -9.211213112 0.055792741 -0.009263321 0.998399377 337.276031494
0.996420979 0.063970566 -0.055254381 54.357959747 -0.063676961 0.997945607 0.007059895 -9.222760201 0.055592488 -0.003516197 0.998447359 338.274475098
0.996412873 0.064460188 -0.054829780 54.291057587 -0.064605385 0.997910500 -0.000877870 -9.227161407 0.054658625 0.004417020 0.998495340 339.263793945
0.996529579 0.062459730 -0.055023834 54.245018005 -0.062675461 0.998031557 -0.002202094 -9.235106468 0.054777980 0.005643095 0.998482585 340.276885986
0.996722102 0.059972990 -0.054298155 54.188781738 -0.059869226 0.998199940 0.003537002 -9.246926308 0.054412540 -0.000274620 0.998518527 341.282958984
0.996995091 0.055980872 -0.053543765 54.130493164 -0.055662438 0.998422086 0.007421284 -9.262208939 0.053874727 -0.004418607 0.998537898 342.294067383
0.997139871 0.052839827 -0.054037269 54.080814362 -0.052633293 0.998600185 0.005239074 -9.265571594 0.054238457 -0.002379930 0.998525202 343.289855957
0.997225165 0.051302761 -0.053944327 54.029403687 -0.051088296 0.998679817 0.005347999 -9.271659851 0.054147478 -0.002577235 0.998529613 344.278045654
0.997281611 0.050906036 -0.053272847 53.970264435 -0.050468683 0.998680234 0.009523835 -9.277221680 0.053687360 -0.006809335 0.998534560 345.258392334
0.997396648 0.050202951 -0.051764540 53.908359528 -0.049633097 0.998692572 0.012236748 -9.281795502 0.052311182 -0.009635657 0.998584330 346.222290039
0.997547209 0.047553424 -0.051363830 53.854850769 -0.047172841 0.998849750 0.008597325 -9.291405678 0.051713578 -0.006153260 0.998642981 347.181762695
0.997736990 0.043794740 -0.051018517 53.822841644 -0.043550581 0.999033868 0.005888121 -9.298057556 0.051227096 -0.003652910 0.998680353 348.106445312
0.997967184 0.039027426 -0.050382078 53.783180237 -0.038850375 0.999234974 0.004489081 -9.305312157 0.050518733 -0.002522593 0.998719931 349.033020020
0.998140633 0.036744591 -0.048632529 53.731555939 -0.036585175 0.999321878 0.004164360 -9.311822891 0.048752569 -0.002377388 0.998808086 349.955383301
0.998302162 0.035947826 -0.045832373 53.692420959 -0.035839941 0.999352515 0.003173758 -9.325222969 0.045916788 -0.001525740 0.998944104 350.856323242
0.998203218 0.042203046 -0.042534586 53.638000488 -0.042091694 0.999107599 0.003510464 -9.338936806 0.042644780 -0.001713804 0.999088824 351.747863770
0.998228550 0.045809742 -0.037964080 53.598247528 -0.045649730 0.998944640 0.005071482 -9.344157219 0.038156338 -0.003329448 0.999266207 352.627136230
0.998202920 0.050137736 -0.032818977 53.559967041 -0.050029807 0.998739302 0.004102123 -9.350831985 0.032983273 -0.002452825 0.999452889 353.489654541
0.998234451 0.052872509 -0.027065143 53.532978058 -0.052908216 0.998599172 -0.000604279 -9.365068436 0.026995281 0.002035180 0.999633491 354.333526611
0.998350620 0.053356629 -0.021191377 53.501422882 -0.053445335 0.998564124 -0.003641604 -9.376877785 0.020966645 0.004768178 0.999768794 355.174774170
0.998516977 0.052110907 -0.015755933 53.491569519 -0.052131303 0.998639822 -0.000886249 -9.390030861 0.015688319 0.001706312 0.999875486 355.984893799
0.998734772 0.049281783 -0.010009471 53.484424591 -0.049217839 0.998766661 0.006537568 -9.405320168 0.010319309 -0.006036652 0.999928534 356.791961670
0.998974025 0.045027792 -0.004837109 53.486217499 -0.044953801 0.998884559 0.014448361 -9.415305138 0.005482291 -0.014216091 0.999883890 357.576599121
0.999163389 0.040888999 -0.000745647 53.483993530 -0.040872201 0.999040186 0.015752377 -9.421045303 0.001389030 -0.015708724 0.999875665 358.365997314
0.999113917 0.042076927 0.000965475 53.479232788 -0.042085309 0.999046564 0.011608285 -9.427386284 -0.000476114 -0.011638631 0.999932170 359.106353760
0.999140084 0.041418843 0.001901780 53.480121613 -0.041430689 0.999119043 0.006682762 -9.435734749 -0.001623313 -0.006755807 0.999975860 359.820922852
0.999283671 0.037795845 0.001902825 53.485832214 -0.037802331 0.999279141 0.003496395 -9.439156532 -0.001769304 -0.003565822 0.999992073 360.518981934
0.999464035 0.032670964 0.002071858 53.493320465 -0.032670841 0.999466181 -0.000093863 -9.450699806 -0.002073818 0.000026123 0.999997854 361.201446533
0.999480784 0.032167118 0.001870076 53.491020203 -0.032156389 0.999467671 -0.005509554 -9.468317032 -0.002046307 0.005446558 0.999983072 361.879333496
0.999443769 0.033341549 0.000689535 53.485179901 -0.033332467 0.999388993 -0.010517236 -9.478520393 -0.001039774 0.010488402 0.999944448 362.552581787
0.999427557 0.033804152 -0.001334222 53.478668213 -0.033817749 0.999355972 -0.012002445 -9.491466522 0.000927631 0.012040695 0.999927104 363.227081299
0.999567807 0.029094117 -0.004214204 53.476711273 -0.029126531 0.999544919 -0.007846120 -9.498519897 0.003984011 0.007965473 0.999960363 363.901824951
0.999680936 0.023785705 -0.008502734 53.474979401 -0.023783181 0.999717057 0.000397649 -9.514275551 0.008509787 -0.000195300 0.999963760 364.580261230
0.999693573 0.020302072 -0.014163468 53.466205597 -0.020229194 0.999781489 0.005269906 -9.522867203 0.014267363 -0.004981776 0.999885798 365.249572754
0.999560416 0.018438688 -0.023215702 53.451282501 -0.018350035 0.999823511 0.004025892 -9.525865555 0.023285836 -0.003598114 0.999722362 365.911315918
0.999236465 0.018351130 -0.034492370 53.417457581 -0.018296372 0.999830782 0.001902531 -9.534814835 0.034521449 -0.001269993 0.999403179 366.560943604
0.998682678 0.019313699 -0.047538538 53.377563477 -0.019337051 0.999813020 -0.000031312 -9.543849945 0.047529045 0.000950526 0.998869419 367.220916748
0.997946799 0.016040329 -0.062006965 53.330642700 -0.016165772 0.999868155 -0.001521886 -9.548353195 0.061974380 0.002521152 0.998074532 367.868408203
0.996883810 0.015629921 -0.077319689 53.265663147 -0.015701951 0.999876678 -0.000323689 -9.551074982 0.077305093 0.001536750 0.997006297 368.524536133
0.995551229 0.021065991 -0.091836780 53.186763763 -0.021018619 0.999777973 0.001483115 -9.564685822 0.091847636 0.000453765 0.995772958 369.193420410
0.993917942 0.028995961 -0.106237143 53.090862274 -0.028817995 0.999579549 0.003210233 -9.567177773 0.106285557 -0.000129167 0.994335651 369.868988037
0.992236793 0.032796238 -0.119960852 52.984123230 -0.032624487 0.999461889 0.003395896 -9.572910309 0.120007671 0.000544128 0.992772818 370.545410156
0.990656853 0.033931848 -0.132089585 52.879562378 -0.034053236 0.999419093 0.001340507 -9.571350098 0.132058337 0.003170095 0.991236866 371.243286133
0.989155889 0.039380211 -0.141491398 52.771949768 -0.039802119 0.999207556 -0.000151914 -9.576283455 0.141373292 0.005781923 0.989939451 371.966674805
0.987965405 0.047728438 -0.147126973 52.643882751 -0.048685286 0.998809934 -0.002907286 -9.580376625 0.146813124 0.010035217 0.989113331 372.679565430
0.987118542 0.054160554 -0.150544479 52.509651184 -0.055595133 0.998439133 -0.005333758 -9.588269234 0.150020614 0.013634590 0.988588870 373.411010742
0.987155020 0.051070485 -0.151382759 52.400314331 -0.052405775 0.998614132 -0.004841465 -9.594720840 0.150925711 0.012712606 0.988463342 374.161682129
0.987298906 0.054571420 -0.149207309 52.275672913 -0.055250172 0.998472452 -0.000404631 -9.594835281 0.148957297 0.008643219 0.988805830 374.936553955
0.987614393 0.061586745 -0.144308180 52.142494202 -0.061213206 0.998099923 0.007031360 -9.598059654 0.144467026 0.001889292 0.989507794 375.720642090
0.988215983 0.064887971 -0.138631716 52.029151917 -0.063862212 0.997888505 0.011839295 -9.602646828 0.139107227 -0.002846452 0.990273237 376.521026611
0.989525557 0.058597684 -0.131929725 51.929458618 -0.058153097 0.998281538 0.007223607 -9.605558395 0.132126287 0.000524178 0.991232753 377.334869385
0.990979135 0.054918960 -0.122246712 51.824104309 -0.055479676 0.998459101 -0.001185018 -9.603533745 0.121993266 0.007956535 0.992499053 378.158905029
0.991926014 0.057548013 -0.113008663 51.735889435 -0.058522105 0.998271942 -0.005318457 -9.604249954 0.112507313 0.011889020 0.993579745 378.992401123
0.992984354 0.058512505 -0.102753840 51.645965576 -0.059175797 0.998241723 -0.003416087 -9.605054855 0.102373287 0.009472661 0.994700968 379.844665527
0.994060099 0.059476525 -0.091143094 51.562297821 -0.059559379 0.998223126 0.001812978 -9.619560242 0.091088973 0.003626217 0.995836139 380.725433350
0.995072961 0.060504586 -0.078542791 51.490646362 -0.060436528 0.998166740 0.003245484 -9.624617577 0.078595169 0.001517359 0.996905446 381.606048584
0.995851815 0.061907783 -0.066682674 51.419391632 -0.062218659 0.998059154 -0.002593414 -9.634589195 0.066392705 0.006731561 0.997770846 382.513610840
0.996610463 0.059315249 -0.057002205 51.377449036 -0.060058072 0.998129725 -0.011406410 -9.642652512 0.056219019 0.014791190 0.998308897 383.419494629
0.997282386 0.055396076 -0.048571113 51.334068298 -0.056343388 0.998242736 -0.018355321 -9.653017998 0.047468949 0.021042099 0.998651028 384.343170166
0.997697473 0.053838365 -0.041245215 51.290611267 -0.054626156 0.998340666 -0.018216601 -9.671178818 0.040196024 0.020427724 0.998982966 385.289550781
0.998048067 0.051374104 -0.035507303 51.257900238 -0.051857121 0.998572230 -0.012818372 -9.692989349 0.034798075 0.014634658 0.999287188 386.245727539
0.998407483 0.047772892 -0.030003959 51.235122681 -0.048004083 0.998822391 -0.007032542 -9.710815430 0.029632661 0.008461655 0.999525011 387.231933594
0.998659074 0.045279656 -0.025096873 51.217174530 -0.045375384 0.998964667 -0.003257823 -9.725173950 0.024923377 0.004392235 0.999679744 388.220153809
0.998777926 0.044693958 -0.021097539 51.188503265 -0.044801593 0.998985052 -0.004656623 -9.735923767 0.020868003 0.005596136 0.999766588 389.204833984
0.998875141 0.042759266 -0.020494882 51.173240662 -0.042909704 0.999054730 -0.006957354 -9.742733002 0.020178016 0.007828957 0.999765754 390.216461182
0.999042869 0.038395159 -0.020955849 51.146976471 -0.038508333 0.999245644 -0.005023908 -9.753662109 0.020747148 0.005826075 0.999767780 391.233398438
0.999039173 0.037238970 -0.023109347 51.125598907 -0.037270606 0.999304771 -0.000939610 -9.766875267 0.023058290 0.001800007 0.999732494 392.271636963
0.998956263 0.038129359 -0.025150148 51.087501526 -0.038148716 0.999272048 -0.000290035 -9.774870872 0.025120782 0.001249178 0.999683619 393.322448730
0.998785198 0.040645041 -0.027857795 51.044036865 -0.040717833 0.999168575 -0.002050508 -9.783272743 0.027751289 0.003182326 0.999609768 394.381347656
0.998793185 0.037479322 -0.031740680 51.012813568 -0.037529588 0.999295056 -0.000989119 -9.787340164 0.031681232 0.002179140 0.999495625 395.451416016
0.998785317 0.034552258 -0.035129353 50.963626862 -0.034474179 0.999401569 0.002826016 -9.793134689 0.035205975 -0.001611528 0.999378800 396.533447266
0.998765230 0.030956252 -0.038854536 50.920703888 -0.030845582 0.999518216 0.003444711 -9.802613258 0.038942453 -0.002241967 0.999238968 397.602172852
0.998677373 0.027758388 -0.043277290 50.869445801 -0.027871827 0.999609470 -0.002019901 -9.818196297 0.043204319 0.003223446 0.999061048 398.672973633
0.998579741 0.023972839 -0.047579851 50.823852539 -0.024378939 0.999670982 -0.007973165 -9.832560539 0.047373056 0.009121788 0.998835623 399.728576660
0.998411357 0.023854738 -0.051045958 50.773796082 -0.024195846 0.999688804 -0.006074787 -9.852548599 0.050885160 0.007300236 0.998677850 400.779266357
0.998227298 0.026222549 -0.053429238 50.710369110 -0.026210397 0.999656022 0.000928249 -9.867131233 0.053435199 0.000473798 0.998571217 401.848999023
0.998024404 0.029814888 -0.055302463 50.647300720 -0.029399030 0.999533117 0.008318230 -9.878905296 0.055524651 -0.006675958 0.998435020 402.913818359
0.997888744 0.032091390 -0.056463905 50.575786591 -0.031686306 0.999465406 0.008055164 -9.884593964 0.056692220 -0.006249025 0.998372138 403.976409912
0.997754753 0.032557100 -0.058528114 50.507965088 -0.032328892 0.999465585 0.004842056 -9.885219574 0.058654476 -0.002939036 0.998274028 405.037261963
0.997613370 0.033719622 -0.060254224 50.435184479 -0.033535842 0.999429286 0.004059051 -9.890935898 0.060356703 -0.002028688 0.998174787 406.097717285
0.997507095 0.033957571 -0.061858896 50.364921570 -0.033688735 0.999417841 0.005384030 -9.905126572 0.062005717 -0.003286660 0.998070359 407.157714844
0.997325957 0.035872504 -0.063671604 50.290924072 -0.035818838 0.999356329 0.001984473 -9.917307854 0.063701808 0.000301477 0.997968912 408.207519531
0.997266352 0.036997437 -0.063960746 50.210403442 -0.037255734 0.999301672 -0.002850015 -9.927008629 0.063810639 0.005225128 0.997948349 409.254119873
0.997259617 0.037175592 -0.063963100 50.143878937 -0.037467357 0.999292195 -0.003367634 -9.941370010 0.063792631 0.005754934 0.997946560 410.292083740
0.997300506 0.037462730 -0.063152373 50.069778442 -0.037498116 0.999296486 0.000625206 -9.955170631 0.063131370 0.001744577 0.998003721 411.337005615
0.997379482 0.036885280 -0.062239088 49.991294861 -0.036463838 0.999303818 0.007894004 -9.969253540 0.062486932 -0.005603841 0.998030066 412.381347656
0.997394085 0.036470138 -0.062249161 49.926071167 -0.035693649 0.999271035 0.013541006 -9.972650528 0.062697627 -0.011283820 0.997968793 413.437957764
0.997457564 0.035016447 -0.062066760 49.861667633 -0.034235869 0.999321282 0.013595941 -9.971093178 0.062500715 -0.011436464 0.997979403 414.477203369
0.997496903 0.034834716 -0.061534014 49.795459747 -0.034414582 0.999376595 0.007874691 -9.969944954 0.061769966 -0.005737312 0.998073936 415.502380371
0.997420609 0.038306411 -0.060701966 49.721172333 -0.038214426 0.999265969 0.002675982 -9.979324341 0.060759917 -0.000349389 0.998152375 416.526550293
0.997201920 0.042903673 -0.061217736 49.657646179 -0.043048494 0.999072433 -0.001048126 -9.992875099 0.061115984 0.003680524 0.998123884 417.553009033
0.997303665 0.041060384 -0.060822733 49.590957642 -0.041384537 0.999134958 -0.004078814 -10.010666847 0.060602643 0.006584936 0.998140275 418.573883057
0.997439444 0.038682453 -0.060151339 49.526714325 -0.039163627 0.999209404 -0.006840700 -10.026849747 0.059839167 0.009178928 0.998165846 419.588623047
0.997676432 0.034203224 -0.058923114 49.464733124 -0.034523468 0.999394119 -0.004425278 -10.042948723 0.058736052 0.006449225 0.998252690 420.599578857
0.997743905 0.032048430 -0.058991767 49.416538239 -0.031911358 0.999485373 0.003264433 -10.061130524 0.059066027 -0.001374561 0.998253107 421.609405518
0.997878492 0.028647816 -0.058462214 49.358211517 -0.028253395 0.999572158 0.007562252 -10.073222160 0.058653843 -0.005894452 0.998260975 422.607879639
0.997884929 0.029344643 -0.058005258 49.296073914 -0.029064506 0.999561489 0.005667425 -10.088657379 0.058146130 -0.003969544 0.998300195 423.583038330
0.997886479 0.030061772 -0.057609145 49.229766846 -0.030032253 0.999547958 0.001378300 -10.100333214 0.057624541 0.000354745 0.998338282 424.547882080
0.997613847 0.035592217 -0.059158932 49.168350220 -0.035726622 0.999360859 -0.001215395 -10.114657402 0.059077863 0.003326043 0.998247862 425.486511230
0.997382820 0.036724061 -0.062280323 49.103542328 -0.036847364 0.999320567 -0.000832022 -10.128879547 0.062207453 0.003124709 0.998058379 426.421234131
0.997116387 0.036168341 -0.066713884 49.035686493 -0.036163840 0.999345064 0.001275540 -10.148103714 0.066716328 0.001140769 0.997771323 427.345733643
0.996739507 0.037646476 -0.071365923 48.956207275 -0.037579607 0.999291062 0.002279885 -10.162640572 0.071401156 0.000409452 0.997447610 428.249572754
0.996379614 0.035452098 -0.077271126 48.892578125 -0.035299134 0.999371171 0.003344962 -10.170957565 0.077341117 -0.000605248 0.997004509 429.119598389
0.995901346 0.033089586 -0.084175952 48.819061279 -0.032655060 0.999445319 0.006534094 -10.177857399 0.084345475 -0.003758542 0.996429503 429.992401123
0.995266318 0.034876160 -0.090711363 48.729270935 -0.033997510 0.999359012 0.011213868 -10.189699173 0.091044314 -0.008076825 0.995814085 430.852355957
0.994577765 0.036489077 -0.097384058 48.631828308 -0.035285100 0.999278426 0.014057442 -10.195661545 0.097826734 -0.010545013 0.995147586 431.692749023
0.993792892 0.038058095 -0.104533695 48.541545868 -0.036861364 0.999231100 0.013357142 -10.199021339 0.104961671 -0.009420978 0.994431615 432.518554688
0.993062854 0.037968803 -0.111286081 48.445503235 -0.036961243 0.999255002 0.011103624 -10.202526093 0.111624762 -0.006913325 0.993726373 433.320587158
0.992340922 0.038874008 -0.117253415 48.338195801 -0.038224053 0.999238849 0.007787668 -10.210983276 0.117466904 -0.003246121 0.993071496 434.100982666
0.991391242 0.039754197 -0.124751575 48.242210388 -0.039409917 0.999209464 0.005227369 -10.220244408 0.124860764 -0.000265919 0.992174268 434.863037109
0.990288079 0.040227778 -0.133083478 48.135276794 -0.040239334 0.999186695 0.002603820 -10.222298622 0.133079976 0.002776658 0.991101384 435.608947754
0.988948166 0.041331291 -0.142384261 48.011810303 -0.041458849 0.999138057 0.002071959 -10.233673096 0.142347172 0.003854027 0.989809275 436.385498047
0.987521112 0.040693752 -0.152138188 47.897720337 -0.040566955 0.999169052 0.003938605 -10.239403725 0.152172044 0.002282327 0.988351405 437.105224609
0.986092687 0.042204779 -0.160748184 47.766822815 -0.041715674 0.999108911 0.006417808 -10.245256424 0.160875812 0.000377165 0.986974597 437.812500000
0.984532595 0.045597125 -0.169163972 47.642097473 -0.044721290 0.998959064 0.008985918 -10.253564835 0.169397622 -0.001281699 0.985546947 438.491729736
0.983062565 0.050570395 -0.176155046 47.504497528 -0.049328759 0.998717248 0.011423280 -10.261909485 0.176506758 -0.002540289 0.984296143 439.141357422
0.981686413 0.059903163 -0.180840924 47.369476318 -0.058210157 0.998196721 0.014659424 -10.268033028 0.181392953 -0.003864180 0.983403087 439.784393311
0.981213808 0.068864450 -0.180214047 47.236671448 -0.066967145 0.997617126 0.016598396 -10.262699127 0.180927664 -0.004218156 0.983487368 440.397644043
0.981771767 0.076798812 -0.173856780 47.117992401 -0.074636646 0.997030735 0.018950252 -10.265568733 0.174795911 -0.005628737 0.984588623 440.989318848
0.983403087 0.080929168 -0.162384778 47.015537262 -0.078769103 0.996698081 0.019707272 -10.267694473 0.163443491 -0.006589286 0.986530662 441.557952881
0.985719800 0.083703548 -0.146116942 46.936500549 -0.082086645 0.996478975 0.017071210 -10.272764206 0.147031382 -0.004833182 0.989120007 442.109161377
0.988558590 0.087574750 -0.122811019 46.853199005 -0.086678572 0.996156275 0.012631512 -10.276491165 0.123445168 -0.001841906 0.992349684 442.657135010
0.991293430 0.092264526 -0.093939550 46.835269928 -0.091732122 0.995733738 0.009979323 -10.282306671 0.094459511 -0.001275164 0.995527864 443.159362793
0.993872225 0.094854750 -0.056749713 46.821750641 -0.094503708 0.995485246 0.008843880 -10.287700653 0.057332385 -0.003426629 0.998349249 443.679870605
0.995433688 0.094715513 -0.011864983 46.839843750 -0.094644584 0.995490551 0.006404803 -10.292818069 0.012418112 -0.005252600 0.999909103 444.180664062
0.994982004 0.091748424 0.039913338 46.892421722 -0.091919243 0.995763421 0.002462104 -10.309262276 -0.039518349 -0.006118553 0.999200106 444.663146973
0.991041064 0.092835709 0.096016407 46.970142365 -0.092968337 0.995664239 -0.003101098 -10.328152657 -0.095887996 -0.005853171 0.995374918 445.135803223
0.983097255 0.095707953 0.156076118 47.074428558 -0.095311634 0.995396852 -0.010038601 -10.333887100 -0.156318456 -0.005006948 0.987694025 445.562225342
0.971216798 0.090399444 0.220376670 47.215118408 -0.089207061 0.995894372 -0.015377766 -10.354269028 -0.220862031 -0.004724008 0.975293636 446.004119873
0.954979360 0.078824855 0.286008835 47.393211365 -0.075951837 0.996887326 -0.021142911 -10.366973877 -0.286785156 -0.001531848 0.957993686 446.412811279
0.932601154 0.071322024 0.353791237 47.589908600 -0.066275708 0.997452676 -0.026375826 -10.385006905 -0.354771197 0.001150365 0.934952438 446.795104980
0.904866636 0.067114033 0.420371354 47.818458557 -0.058813080 0.997733474 -0.032694723 -10.404532433 -0.421612829 0.004861031 0.906762898 447.148651123
0.872086704 0.064937837 0.485023558 48.066085815 -0.054508362 0.997878671 -0.035594285 -10.433544159 -0.486306071 0.004603461 0.873776376 447.485412598
0.834999442 0.058841217 0.547095716 48.340858459 -0.047407072 0.998261929 -0.035010457 -10.459405899 -0.548204839 0.003297508 0.836337566 447.824249268
0.794960380 0.052082989 0.604421496 48.646923065 -0.040733337 0.998642027 -0.032478780 -10.485702515 -0.605292320 0.001199242 0.796002388 448.143310547
0.750591576 0.044329450 0.659277797 48.966995239 -0.032544535 0.999016285 -0.030121127 -10.509186745 -0.659964502 0.001152774 0.751295924 448.431518555
0.702858567 0.036466226 0.710394263 49.301994324 -0.024526777 0.999333620 -0.027031569 -10.534656525 -0.710906625 0.001575688 0.703284621 448.697418213
0.654734552 0.033276759 0.755125999 49.648963928 -0.018054193 0.999433875 -0.028388927 -10.549089432 -0.755643249 0.004954022 0.654964685 448.902679443
0.601978898 0.031024296 0.797909081 50.007919312 -0.010852410 0.999470532 -0.030673856 -10.574216843 -0.798438251 0.009805775 0.601996779 449.110656738
0.547871947 0.028894229 0.836063087 50.384933472 -0.004331569 0.999487936 -0.031703696 -10.586833954 -0.836551011 0.013748100 0.547716498 449.294921875
0.492547393 0.026818860 0.869872332 50.762313843 -0.004424603 0.999589324 -0.028312799 -10.603944778 -0.870274425 0.010096557 0.492463827 449.454650879
0.433778286 0.025875179 0.900648057 51.137969971 -0.009140166 0.999662519 -0.024317646 -10.627298355 -0.900973320 0.002316395 0.433868408 449.616088867
0.376031756 0.029178809 0.926147282 51.535034180 -0.011213346 0.999574184 -0.026939357 -10.638755798 -0.926538944 -0.000255155 0.376198828 449.737701416
0.320463359 0.030080862 0.946783185 51.948959351 -0.001656428 0.999511957 -0.031195480 -10.654829025 -0.947259486 0.008428730 0.320356786 449.824096680
0.268966496 0.028446803 0.962729394 52.400222778 0.011048147 0.999406874 -0.032617178 -10.680890083 -0.963086247 0.019409306 0.268492699 449.899658203
0.222456753 0.030674195 0.974459887 52.818481445 0.013994182 0.999301493 -0.034650855 -10.704194069 -0.974842131 0.021345085 0.221872091 449.951110840
0.180348396 0.035879765 0.982948244 53.283599854 0.010600377 0.999205530 -0.038418122 -10.720186234 -0.983545780 0.017348271 0.179824769 450.014648438
0.142321348 0.041614696 0.988945305 53.767791748 0.006139301 0.999059498 -0.042923819 -10.737841606 -0.989801466 0.012180408 0.141932011 450.071014404
0.109880030 0.044154771 0.992963672 54.256652832 0.006756583 0.998956501 -0.045168936 -10.756269455 -0.993921936 0.011672209 0.109467030 450.101684570
0.083654940 0.042829614 0.995573938 54.780609131 0.012612435 0.998950362 -0.044034652 -10.778259277 -0.996414959 0.016240329 0.083026946 450.131652832
0.064158022 0.042261824 0.997044504 55.313507080 0.017319137 0.998905241 -0.043455154 -10.811187744 -0.997789502 0.020055946 0.063355803 450.142608643
0.049767673 0.043654904 0.997806370 55.858276367 0.022147194 0.998750389 -0.044800844 -10.834661484 -0.998515308 0.024328245 0.048738658 450.161376953
0.043558359 0.043596786 0.998099208 56.421752930 0.024685550 0.998695433 -0.044700138 -10.859165192 -0.998745918 0.026585691 0.042425334 450.175567627
0.043005824 0.042345326 0.998177052 57.005401611 0.023936128 0.998770893 -0.043401789 -10.879226685 -0.998788059 0.025759021 0.041939378 450.203918457
0.045630813 0.040381409 0.998142004 57.600250244 0.022734292 0.998881876 -0.041450664 -10.906741142 -0.998699784 0.024583483 0.044661701 450.233062744
0.048019946 0.038434282 0.998106658 58.213287354 0.021265063 0.998993576 -0.039491523 -10.938571930 -0.998619974 0.023121182 0.047154307 450.269836426
0.050386906 0.038084645 0.998003483 58.839019775 0.022999447 0.998963416 -0.039282475 -10.969694138 -0.998465002 0.024932854 0.049458802 450.311096191
0.053046405 0.038665652 0.997843206 59.490051270 0.023288144 0.998930454 -0.039945804 -11.002787590 -0.998320460 0.025356898 0.052089214 450.344360352
0.055366695 0.038755510 0.997713685 60.147888184 0.023914706 0.998908281 -0.040129028 -11.027209282 -0.998179674 0.026081840 0.054379404 450.384002686
0.058019996 0.037727825 0.997602403 60.823181152 0.023567911 0.998955369 -0.039149702 -11.054834366 -0.998037338 0.025782874 0.057070255 450.430572510
0.061276913 0.038910959 0.997362077 61.514373779 0.023929905 0.998895347 -0.040441006 -11.088194847 -0.997833908 0.026344880 0.060278118 450.468750000
0.063902259 0.042881522 0.997034550 62.216033936 0.022363532 0.998763978 -0.044389240 -11.124025345 -0.997705698 0.025133789 0.062864244 450.517944336
0.066440463 0.049309921 0.996571243 62.933563232 0.022624066 0.998446882 -0.050911050 -11.158720016 -0.997533917 0.025929047 0.065221667 450.569519043
0.069032967 0.053298295 0.996189594 63.665802002 0.021219380 0.998267472 -0.054879900 -11.191970825 -0.997388661 0.024927046 0.067782402 450.623962402
0.071051002 0.051013496 0.996167362 64.423187256 0.018896949 0.998443305 -0.052477859 -11.234628677 -0.997293711 0.022553127 0.069976389 450.683105469
0.072655857 0.046186697 0.996287227 65.196289062 0.015584867 0.998752594 -0.047437549 -11.278207779 -0.997235417 0.018973622 0.071845412 450.749237061
0.074203551 0.040226184 0.996431470 65.978668213 0.014527172 0.999036491 -0.041413177 -11.318268776 -0.997137308 0.017548338 0.073547721 450.816314697
0.075972915 0.039774399 0.996316373 66.772064209 0.013808529 0.999066293 -0.040937141 -11.358974457 -0.997014344 0.016867779 0.075352728 450.879425049
0.077426553 0.039657388 0.996209025 67.581665039 0.013094886 0.999081969 -0.040789507 -11.399533272 -0.996912062 0.016203437 0.076836169 450.942138672
0.079144239 0.037735969 0.996148825 68.402435303 0.013275059 0.999154747 -0.038904551 -11.435003281 -0.996774912 0.016303010 0.078576386 451.011291504
0.080498874 0.034631569 0.996152997 69.242431641 0.015506660 0.999231756 -0.035991699 -11.469827652 -0.996634185 0.018344300 0.079900026 451.077056885
0.081000030 0.032504402 0.996183991 70.085235596 0.017015381 0.999277353 -0.033988863 -11.514876366 -0.996568918 0.019703550 0.080388367 451.149963379
0.081183493 0.036222029 0.996040821 70.939819336 0.017829539 0.999126732 -0.037787471 -11.551774025 -0.996539712 0.020826668 0.080466747 451.225677490
0.081119716 0.045538548 0.995663524 71.801208496 0.014229177 0.998800993 -0.046841342 -11.599905014 -0.996602833 0.017967230 0.080374420 451.298553467
0.080396235 0.055389121 0.995222807 72.675109863 0.013003042 0.998311579 -0.056611445 -11.643045425 -0.996678174 0.017492274 0.079540253 451.373657227
0.078646421 0.058435589 0.995188534 73.565246582 0.010824495 0.998171628 -0.059466183 -11.694139481 -0.996843874 0.015449222 0.077870071 451.448791504
0.076083541 0.054025196 0.995636761 74.484313965 0.007740769 0.998468995 -0.054770403 -11.746740341 -0.997071385 0.011874123 0.075548887 451.527465820
0.073205531 0.046414308 0.996236265 75.407012939 0.004204325 0.998893201 -0.046847038 -11.803520203 -0.997308016 0.007617967 0.072929382 451.603912354
0.070156097 0.040356610 0.996719480 76.328735352 0.005214688 0.999152839 -0.040822186 -11.851639748 -0.997522473 0.008061510 0.069886208 451.668884277
0.067847908 0.038702317 0.996944904 77.248687744 0.008445939 0.999189258 -0.039364245 -11.905327797 -0.997660100 0.011090922 0.067466021 451.726409912
0.065685093 0.038770139 0.997087002 78.185455322 0.010242563 0.999166071 -0.039525732 -11.949313164 -0.997787893 0.012808980 0.065233231 451.790405273
0.064170599 0.041356158 0.997081697 79.127777100 0.015399389 0.998980939 -0.042426016 -11.995256424 -0.997820139 0.018076954 0.063468337 451.848144531
0.064566076 0.041172441 0.997063756 80.064758301 0.015985714 0.998977602 -0.042286646 -12.045333862 -0.997785449 0.018669060 0.063841879 451.901580811
0.064220130 0.041003752 0.997093141 81.023956299 0.012698217 0.999041021 -0.041901723 -12.093222618 -0.997855127 0.015352243 0.063637853 451.975646973
0.064441741 0.041185342 0.997071266 81.983276367 0.009622389 0.999075890 -0.041890051 -12.141551971 -0.997875094 0.012293676 0.063985884 452.048156738
0.065057516 0.040737826 0.997049630 82.951446533 0.008397534 0.999108613 -0.041369893 -12.190590858 -0.997846186 0.011064180 0.064657390 452.114501953
0.065884113 0.039297994 0.997053266 83.918121338 0.006322003 0.999187648 -0.039799877 -12.237503052 -0.997807384 0.008925556 0.065582156 452.183197021
0.066336513 0.040240176 0.996985555 84.883605957 0.003449196 0.999171257 -0.040557891 -12.289764404 -0.997791350 0.006129269 0.066142738 452.258453369
0.066455483 0.043551613 0.996838450 85.851104736 0.002458364 0.999036789 -0.043811545 -12.338965416 -0.997786343 0.005362110 0.066284418 452.335784912
0.067130983 0.047466230 0.996614635 86.818237305 0.002460377 0.998856843 -0.047738753 -12.390956879 -0.997741282 0.005656802 0.066937447 452.404754639
0.067855537 0.047132056 0.996581256 87.787994385 0.001969415 0.998875260 -0.047374643 -12.443751335 -0.997693241 0.005177312 0.067686379 452.473846436
0.068433642 0.046463806 0.996573150 88.754791260 0.003427296 0.998898029 -0.046807554 -12.503662109 -0.997649848 0.006618764 0.068198979 452.533874512
0.068997562 0.043284975 0.996677458 89.729888916 0.003341751 0.999042630 -0.043619044 -12.556033134 -0.997611344 0.006340260 0.068786860 452.605163574
0.068165064 0.039215736 0.996903121 90.699066162 0.005884951 0.999193966 -0.039708253 -12.606556892 -0.997656822 0.008573446 0.067879379 452.674865723
0.068024278 0.033095162 0.997134745 91.687072754 0.006892236 0.999410212 -0.033640880 -12.660758972 -0.997659981 0.009160887 0.067756057 452.736938477
0.066655099 0.031452425 0.997280300 92.658508301 0.005781214 0.999474108 -0.031908013 -12.708497047 -0.997759402 0.007892324 0.066438198 452.805786133
0.065223336 0.032398924 0.997344553 93.625122070 0.004856846 0.999450624 -0.032784965 -12.749874115 -0.997858882 0.006982293 0.065030158 452.880493164
0.063397288 0.036423694 0.997323513 94.595397949 0.006091974 0.999301016 -0.036883168 -12.793257713 -0.997969806 0.008413963 0.063131034 452.945434570
0.061617851 0.039181136 0.997330487 95.562805176 0.008046903 0.999177217 -0.039750848 -12.840790749 -0.998067439 0.010474783 0.061251879 453.008331299
0.059866369 0.040100385 0.997400701 96.532287598 0.008958608 0.999130964 -0.040707670 -12.886285782 -0.998166323 0.011372345 0.059455097 453.069213867
0.059333324 0.038224433 0.997506261 97.519012451 0.012934403 0.999153256 -0.039056912 -12.931922913 -0.998154581 0.015219529 0.058788657 453.124877930
0.059445322 0.035441577 0.997602284 98.478393555 0.016032817 0.999206722 -0.036453947 -12.988409042 -0.998102903 0.018161392 0.058829904 453.179992676
0.060133398 0.036410905 0.997526169 99.442810059 0.015832091 0.999173999 -0.037425458 -13.038561821 -0.998064876 0.018043449 0.059507310 453.239135742
0.061034977 0.041301023 0.997280896 100.393310547 0.014034706 0.999009252 -0.042231552 -13.090865135 -0.998037100 0.016574148 0.060394824 453.299163818
0.061340630 0.047903329 0.996966779 101.339782715 0.010330060 0.998763680 -0.048625253 -13.145164490 -0.998063505 0.013281434 0.060769975 453.372406006
0.062210798 0.056266300 0.996475875 102.283630371 0.005238291 0.998377502 -0.056700714 -13.198429108 -0.998049438 0.008747235 0.061815143 453.432861328
0.062213182 0.058042821 0.996373832 103.223907471 0.003697393 0.998287261 -0.058385156 -13.262864113 -0.998056173 0.007316319 0.061892033 453.504669189
0.062615037 0.051699147 0.996697843 104.174407959 0.006056644 0.998619378 -0.052179314 -13.323308945 -0.998019397 0.009303856 0.062215507 453.568298340
0.063079953 0.041308865 0.997153342 105.120330811 0.004028011 0.999124348 -0.041645337 -13.380510330 -0.998000443 0.006643536 0.062858284 453.622009277
0.062994599 0.032741651 0.997476757 106.055297852 0.007259616 0.999420226 -0.033263922 -13.436994553 -0.997987568 0.009336749 0.062720358 453.690551758
0.064717293 0.034836035 0.997295439 106.979248047 0.010706162 0.999308705 -0.035601113 -13.478469849 -0.997846246 0.012981215 0.064299583 453.750885010
0.064763784 0.037155561 0.997208774 107.894927979 0.014344489 0.999168694 -0.038160197 -13.525980949 -0.997797608 0.016775852 0.064176977 453.808776855
0.064995110 0.042876523 0.996964097 108.809143066 0.013273880 0.998950958 -0.043827340 -13.576190948 -0.997797430 0.016082149 0.064357817 453.876281738
0.065688312 0.047661167 0.996701419 109.715545654 0.010351735 0.998772323 -0.048442442 -13.628361702 -0.997786582 0.013499697 0.065114260 453.952667236
0.067354321 0.052044287 0.996370912 110.653533936 0.008126991 0.998576820 -0.052708901 -13.684053421 -0.997696102 0.011647675 0.066835523 454.002593994
0.068147302 0.055247266 0.996144533 111.567687988 0.006247852 0.998422384 -0.055801027 -13.744041443 -0.997655809 0.010026461 0.067694604 454.069091797
0.069204390 0.055659566 0.996048629 112.469909668 0.002421650 0.998430014 -0.055960897 -13.809042931 -0.997599661 0.006284825 0.068960965 454.144470215
0.071759105 0.053667434 0.995977283 113.376922607 -0.000304945 0.998552561 -0.053784236 -13.862745285 -0.997422099 0.003555797 0.071671605 454.225463867
0.076751351 0.046768263 0.995952785 114.284027100 -0.000707573 0.998901606 -0.046852205 -13.921903610 -0.997049987 0.002891262 0.076700151 454.283569336
0.082780480 0.040541582 0.995742917 115.186126709 0.000988881 0.999168336 -0.040763263 -13.973591805 -0.996567428 0.004359078 0.082671583 454.363403320
0.090530574 0.037861127 0.995173812 116.085235596 0.000698543 0.999274433 -0.038080685 -14.020398140 -0.995893538 0.004142641 0.090438485 454.449310303
0.099003911 0.034299091 0.994495809 116.987854004 0.004996370 0.999376059 -0.034964807 -14.064607620 -0.995074570 0.008430522 0.098770738 454.538085938
0.109360635 0.032990552 0.993454635 117.882171631 0.006247448 0.999406517 -0.033875935 -14.108508110 -0.993982613 0.009911253 0.109089613 454.633850098
0.119637489 0.035426807 0.992185414 118.771514893 0.001296306 0.999356747 -0.035839174 -14.154072762 -0.992816865 0.005573886 0.119514585 454.756744385
0.129942775 0.039976869 0.990715265 119.627807617 -0.001380722 0.999193192 -0.040137868 -14.197942734 -0.991520524 0.003847726 0.129893184 454.880462646
0.140213847 0.044148933 0.989136457 120.498489380 -0.003162270 0.999020278 -0.044141822 -14.243762016 -0.990116179 0.003061377 0.140216053 455.015350342
0.149797559 0.043233193 0.987771034 121.363128662 -0.006268405 0.999064982 -0.042776894 -14.292956352 -0.988696814 0.000216124 0.149928510 455.161315918
0.159421086 0.038156800 0.986473083 122.238357544 -0.010164392 0.999263227 -0.037008889 -14.333923340 -0.987158418 -0.004126896 0.159691513 455.312713623
0.168828905 0.034507707 0.985041201 123.109893799 -0.010752366 0.999391973 -0.033167563 -14.381431580 -0.985586762 -0.004991876 0.169097304 455.471984863
0.177769661 0.036323052 0.983401597 123.968658447 -0.012253834 0.999322772 -0.034695990 -14.422925949 -0.983995914 -0.005882541 0.178094387 455.635284424
0.186004162 0.043817051 0.981571496 124.820571899 -0.013109006 0.999026895 -0.042112146 -14.467535019 -0.982461572 -0.005034391 0.186397552 455.795715332
0.192943931 0.046518326 0.980106592 125.671646118 -0.013232294 0.998908103 -0.044805788 -14.514518738 -0.981120706 -0.004324046 0.193348825 455.972717285
0.200507343 0.044556640 0.978678465 126.532409668 -0.012526856 0.999000192 -0.042915389 -14.554079056 -0.979612172 -0.003654910 0.200865030 456.162658691
0.207903028 0.036867205 0.977454543 127.378341675 -0.012669349 0.999307096 -0.034996685 -14.599617004 -0.978067458 -0.005107792 0.208226025 456.346252441
0.215782583 0.028611856 0.976022124 128.222595215 -0.010002603 0.999582946 -0.027091123 -14.642017365 -0.976390183 -0.003916970 0.215978801 456.533508301
0.225183845 0.031343531 0.973812103 129.060607910 -0.011993483 0.999495864 -0.029396834 -14.676666260 -0.974242568 -0.005059702 0.225446224 456.736633301
0.234908104 0.039232060 0.971225560 129.879318237 -0.013716610 0.999219418 -0.037045248 -14.713024139 -0.971920848 -0.004619690 0.235262871 456.943603516
0.244463384 0.044022508 0.968658745 130.702346802 -0.012027627 0.999029696 -0.042367324 -14.755529404 -0.969583988 -0.001293406 0.244755626 457.156219482
0.253879905 0.039355464 0.966434717 131.540298462 -0.009991508 0.999225259 -0.038066030 -14.798801422 -0.967184126 0.000008060 0.254076481 457.377014160
0.264631689 0.030834474 0.963856518 132.371231079 -0.007036624 0.999523818 -0.030043555 -14.843877792 -0.964323938 0.001168183 0.264722645 457.610809326
0.276662827 0.025089946 0.960639477 133.185989380 -0.002514221 0.999674559 -0.025385372 -14.884384155 -0.960963786 0.004607930 0.276635885 457.852905273
0.288684249 0.027903499 0.957017660 134.002151489 0.000480653 0.999570847 -0.029289201 -14.916304588 -0.957424223 0.008915324 0.288546920 458.089843750
0.299665630 0.034139600 0.953433275 134.795074463 0.004382920 0.999299765 -0.037159499 -14.954685211 -0.954034269 0.015314248 0.299306154 458.340972900
0.309511840 0.040100999 0.950049698 135.579162598 0.009185924 0.998937666 -0.045157168 -14.993995667 -0.950851262 0.022703767 0.308814645 458.596435547
0.318631947 0.042645529 0.946918726 136.394821167 0.008116285 0.998828053 -0.047714401 -15.044105530 -0.947843790 0.022888796 0.317912400 458.861663818
0.326473892 0.042816695 0.944236040 137.181060791 0.003180549 0.998918056 -0.046395965 -15.091523170 -0.945200980 0.018150264 0.325984538 459.146789551
0.333578467 0.037158348 0.941989779 137.970489502 0.002758018 0.999180138 -0.040390994 -15.142646790 -0.942718327 0.016071592 0.333202541 459.438232422
0.340687513 0.030223772 0.939690709 138.761978149 0.004610251 0.999417424 -0.033816256 -15.181607246 -0.940165341 0.015852984 0.340349674 459.725280762
0.346807361 0.023749035 0.937635779 139.545639038 0.003712352 0.999636769 -0.026692545 -15.225946426 -0.937929153 0.012738007 0.346593261 460.027587891
0.353864849 0.025355948 0.934952796 140.328094482 -0.001423552 0.999645889 -0.026571635 -15.263553619 -0.935295463 0.008071814 0.353775620 460.329528809
0.360780954 0.031696625 0.932111859 141.090835571 -0.001363893 0.999439180 -0.033458199 -15.299953461 -0.932649672 0.010799784 0.360621870 460.632019043
0.368827641 0.036353465 0.928786635 141.860916138 0.002220400 0.999197543 -0.039991140 -15.334354401 -0.929495156 0.016812116 0.368450940 460.937988281
0.375245869 0.038974714 0.926105738 142.613739014 -0.001520941 0.999140143 -0.041432075 -15.373999596 -0.926924229 0.014138666 0.374982476 461.265686035
0.381784499 0.035375584 0.923574090 143.386184692 -0.004119937 0.999322474 -0.036573879 -15.415576935 -0.924242198 0.010158271 0.381671548 461.592315674
0.389219224 0.030748986 0.920631886 144.153778076 -0.002300014 0.999472022 -0.032409854 -15.457943916 -0.921142340 0.010497074 0.389084399 461.922363281
0.396619141 0.032761533 0.917398453 144.906631470 0.000522033 0.999354720 -0.035913993 -15.503105164 -0.917983115 0.014723089 0.396346092 462.245788574
0.403274596 0.039474010 0.914227307 145.649291992 -0.000713101 0.999082386 -0.042823285 -15.547109604 -0.915078819 0.016617611 0.402932703 462.585418701
0.410427749 0.045219101 0.910771251 146.388015747 -0.000640460 0.998783827 -0.049300242 -15.587693214 -0.911892891 0.019650875 0.409957528 462.931640625
0.418293178 0.045270044 0.907183230 147.130279541 -0.002281607 0.998806417 -0.048790179 -15.635225296 -0.908309162 0.018338764 0.417897224 463.273193359
0.426908851 0.043306418 0.903257072 147.866989136 -0.005285715 0.998955071 -0.045396429 -15.687403679 -0.904279172 0.014605778 0.426691711 463.636444092
0.435578465 0.043529067 0.899097741 148.598312378 -0.007593000 0.998972237 -0.044685893 -15.734449387 -0.900118828 0.012637367 0.435461342 464.002258301
0.443931520 0.045025587 0.894928753 149.320312500 -0.010985182 0.998935163 -0.044809125 -15.781918526 -0.895993412 0.010061226 0.443953395 464.382659912
0.452610314 0.046164632 0.890512645 150.019165039 -0.012301516 0.998887181 -0.045530483 -15.825108528 -0.891623557 0.009652912 0.452674568 464.729370117
0.461152911 0.044877451 0.886185169 150.733001709 -0.013156215 0.998956203 -0.043742083 -15.870794296 -0.887223244 0.008512951 0.461261988 465.106201172
0.469367564 0.044873446 0.881861985 151.431961060 -0.015793923 0.998974741 -0.042426467 -15.912137032 -0.882861674 0.005985550 0.469595075 465.486267090
0.477314293 0.045457959 0.877556145 152.130676270 -0.017774252 0.998956203 -0.042078912 -15.956935883 -0.878552914 0.004486967 0.477624059 465.882263184
0.485557199 0.049380500 0.872809112 152.818237305 -0.019127993 0.998764455 -0.045865420 -16.008556366 -0.873995602 0.005575197 0.485901833 466.277923584
0.493948162 0.054337751 0.867791772 153.482849121 -0.018811340 0.998479605 -0.051813472 -16.051668167 -0.869287848 0.009268843 0.494219363 466.666870117
0.502012253 0.057557777 0.862943113 154.153488159 -0.019544052 0.998283207 -0.055215236 -16.098453522 -0.864639640 0.010853323 0.502275348 467.066864014
0.509439766 0.054450277 0.858781934 154.817153931 -0.021006178 0.998485506 -0.050846942 -16.142545700 -0.860249937 0.007863733 0.509811997 467.472015381
0.517564058 0.045686048 0.854423881 155.490798950 -0.020611478 0.998949468 -0.040928505 -16.187522888 -0.855396152 0.003572183 0.517961979 467.885406494
0.525431275 0.035302509 0.850103319 156.145614624 -0.018361222 0.999376655 -0.030152736 -16.231733322 -0.850637913 0.000234256 0.525751948 468.298797607
0.533423901 0.030582648 0.845295072 156.791213989 -0.016595110 0.999532163 -0.025690572 -16.269115448 -0.845685303 -0.000323794 0.533681929 468.709533691
0.541508377 0.030959750 0.840125084 157.431610107 -0.015499154 0.999519467 -0.026843563 -16.302856445 -0.840552449 0.001514786 0.541728020 469.123168945
0.549080491 0.035991237 0.834994197 158.034820557 -0.017519806 0.999348462 -0.031554714 -16.334533691 -0.835585833 0.002697144 0.549353361 469.533508301
0.556455255 0.039235298 0.829950690 158.631591797 -0.018852100 0.999223471 -0.034597818 -16.364599228 -0.830663681 0.003605823 0.556762815 469.944213867
0.563582897 0.041684799 0.825007141 159.217773438 -0.020476481 0.999124050 -0.036494341 -16.400382996 -0.825805724 0.003674344 0.563942790 470.348388672
0.569621921 0.042202961 0.820822716 159.778503418 -0.023007229 0.999108255 -0.035403389 -16.435415268 -0.821584821 0.001281694 0.570084929 470.753265381
0.574251533 0.041590784 0.817621768 160.323806763 -0.024804316 0.999134123 -0.033402797 -16.473241806 -0.818303049 -0.001098943 0.574785948 471.158081055
0.578726828 0.042234153 0.814427197 160.858169556 -0.026397822 0.999104917 -0.033052955 -16.505805969 -0.815094173 -0.002370468 0.579323709 471.535034180
0.581138015 0.042453717 0.812696934 161.378479004 -0.027242256 0.999093533 -0.032710504 -16.534227371 -0.813348949 -0.003130380 0.581767797 471.908264160
0.582054138 0.043879692 0.811965227 161.874725342 -0.028891666 0.999028444 -0.033277962 -16.571325302 -0.812636614 -0.004089454 0.582756400 472.281066895
0.581800103 0.047505230 0.811943293 162.345642090 -0.030589990 0.998864532 -0.036522295 -16.603723526 -0.812756360 -0.003588659 0.582592726 472.615783691
0.579352498 0.051998377 0.813416839 162.809738159 -0.033689275 0.998637855 -0.039843753 -16.638561249 -0.814380586 -0.004319841 0.580315113 472.957946777
0.575198472 0.053912025 0.816235363 163.271972656 -0.034779750 0.998535335 -0.041443683 -16.672574997 -0.817274153 -0.004550121 0.576231003 473.276611328
0.568305254 0.054503560 0.821010649 163.708236694 -0.035943970 0.998495698 -0.041405581 -16.697414398 -0.822032332 -0.005979375 0.569409370 473.584259033
0.558997393 0.050778035 0.827613175 164.128646851 -0.036453586 0.998663008 -0.036650803 -16.725616455 -0.828367770 -0.009681757 0.560101092 473.865661621
0.548071265 0.044376928 0.835253656 164.539520264 -0.036096979 0.998916149 -0.029386420 -16.746421814 -0.835652471 -0.014044280 0.549079061 474.133148193
0.536366343 0.037796751 0.843138516 164.932464600 -0.033133537 0.999169588 -0.023713361 -16.769487381 -0.843334675 -0.015217114 0.537173271 474.371337891
0.523511469 0.032088883 0.851414144 165.296203613 -0.028765446 0.999386489 -0.019978711 -16.794450760 -0.851532936 -0.014032221 0.524113357 474.592956543
0.511029005 0.029127857 0.859069884 165.660369873 -0.023647208 0.999523818 -0.019823276 -16.819700241 -0.859238207 -0.010184335 0.511474371 474.769866943
0.495522201 0.029378509 0.868098319 165.993621826 -0.020534858 0.999544740 -0.022105396 -16.844932556 -0.868352473 -0.006872560 0.495899856 474.960021973
0.478865802 0.032927666 0.877270401 166.342575073 -0.014977886 0.999457300 -0.029338049 -16.863986969 -0.877760351 0.000909334 0.479099154 475.126037598
0.459797204 0.040188570 0.887114167 166.686599731 -0.015075065 0.999184728 -0.037452154 -16.883014679 -0.887896061 0.003847097 0.460028172 475.294067383
0.436789215 0.045877405 0.898393273 167.027130127 -0.017780762 0.998943865 -0.042367309 -16.908061981 -0.899388194 0.002531469 0.437143683 475.456939697
0.410792410 0.048997495 0.910411477 167.382019043 -0.020905359 0.998798549 -0.044321571 -16.920829773 -0.911489308 -0.000825504 0.411323190 475.597412109
0.380688667 0.047802955 0.923466921 167.744247437 -0.019168727 0.998856246 -0.043803375 -16.935619354 -0.924504638 -0.001026228 0.381169617 475.727722168
0.347703576 0.046018049 0.936474562 168.103179932 -0.016954070 0.998940110 -0.042792711 -16.955017090 -0.937451243 -0.000997876 0.348115206 475.835754395
0.312615275 0.043150876 0.948899329 168.464538574 -0.011496230 0.999066353 -0.041644771 -16.977392197 -0.949810386 0.002110032 0.312819481 475.917968750
0.275148094 0.039557397 0.960587740 168.806228638 -0.004711622 0.999196649 -0.039797746 -16.997699738 -0.961390376 0.006424347 0.275113404 475.995208740
0.236941218 0.037762187 0.970789909 169.165267944 -0.000236595 0.999246538 -0.038811367 -17.022352219 -0.971524000 0.008966333 0.236771643 476.052124023
0.196962714 0.039790072 0.979603112 169.517059326 0.000229684 0.999174178 -0.040631197 -17.048982620 -0.980410874 0.008227827 0.196790874 476.092651367
0.154209614 0.044055086 0.987055540 169.874038696 -0.004080719 0.999025345 -0.043951795 -17.074056625 -0.988029778 0.002749894 0.154239058 476.129150391
0.108863831 0.048932076 0.992851734 170.228912354 -0.007011338 0.998800695 -0.048456494 -17.092405319 -0.994032085 -0.001686054 0.109076321 476.147521973
0.062012076 0.051245544 0.996758997 170.599822998 -0.004886883 0.998684645 -0.051040515 -17.112508774 -0.998063445 -0.001705912 0.062180936 476.135101318
0.012683213 0.054320365 0.998443007 170.982696533 -0.002623739 0.998521686 -0.054291315 -17.130407333 -0.999916136 -0.001931064 0.012806952 476.113220215
-0.037241936 0.056212034 0.997724116 171.371643066 0.003552656 0.998417795 -0.056118511 -17.153499603 -0.999300063 0.001454618 -0.037382722 476.050750732
-0.091025829 0.054311763 0.994366348 171.741394043 0.005430019 0.998523891 -0.054041773 -17.178447723 -0.995833695 0.000480231 -0.091186404 476.013305664
-0.143811584 0.049078252 0.988387346 172.140014648 0.004536004 0.998791695 -0.048934881 -17.203813553 -0.989594698 -0.002554074 -0.143860459 475.930664062
-0.196793556 0.043534514 0.979478121 172.550140381 0.001967542 0.999029219 -0.044008188 -17.222570419 -0.980443180 -0.006733356 -0.196688175 475.827484131
-0.250511169 0.038330022 0.967354774 172.953430176 0.000446602 0.999220371 -0.039477002 -17.254600525 -0.968113780 -0.009457402 -0.250333071 475.696807861
-0.304026365 0.035433181 0.952004611 173.356964111 0.001286529 0.999322414 -0.036783475 -17.274087906 -0.952662885 -0.009958360 -0.303865910 475.523193359
-0.358587623 0.032135818 0.932942986 173.769042969 0.002184021 0.999433398 -0.033586677 -17.307521820 -0.933493733 -0.010006193 -0.358454704 475.325897217
-0.414569378 0.030635430 0.909501970 174.169555664 0.001276231 0.999451756 -0.033083547 -17.322366714 -0.910016894 -0.012554687 -0.414381146 475.129577637
-0.468742132 0.030016951 0.882825017 174.593200684 -0.000131565 0.999420106 -0.034051158 -17.335037231 -0.883335173 -0.016077358 -0.468466401 474.874908447
-0.520906925 0.029521102 0.853103042 175.024780273 -0.000424945 0.999392688 -0.034842841 -17.346059799 -0.853613555 -0.018512394 -0.520578027 474.580932617
-0.568458438 0.028028537 0.822234690 175.454772949 0.000796093 0.999437749 -0.033518698 -17.369068146 -0.822711885 -0.018399402 -0.568161130 474.238769531
-0.611274958 0.029038310 0.790885508 175.907226562 0.003781508 0.999422371 -0.033772267 -17.374044418 -0.791409373 -0.017653400 -0.611031651 473.866821289
-0.647018075 0.027923422 0.761963129 176.344360352 0.006580958 0.999496460 -0.031040037 -17.412620544 -0.762446225 -0.015069018 -0.646875978 473.470916748
-0.675862789 0.028365029 0.736481667 176.783386230 0.009144229 0.999504983 -0.030103598 -17.427442551 -0.736970961 -0.013611340 -0.675787568 473.041534424
-0.698409915 0.028794600 0.715118468 177.237060547 0.011578561 0.999514163 -0.028937902 -17.442840576 -0.715604305 -0.011930474 -0.698403955 472.568542480
-0.716707468 0.028447784 0.696793377 177.696411133 0.012559455 0.999532104 -0.027889211 -17.464931488 -0.697260737 -0.011237063 -0.716729522 472.083038330
-0.730787158 0.029397195 0.681972146 178.171569824 0.014403910 0.999513865 -0.027650269 -17.483985901 -0.682453454 -0.010383395 -0.730855346 471.558624268
-0.742630839 0.030440670 0.669009209 178.644042969 0.015765656 0.999484241 -0.027977066 -17.501918793 -0.669515789 -0.010229258 -0.742727757 471.022216797
-0.752764583 0.031114314 0.657554150 179.137145996 0.016836628 0.999465585 -0.028018482 -17.522747040 -0.658074558 -0.010020324 -0.752886176 470.455200195
-0.761037350 0.031329989 0.647950947 179.632690430 0.016870214 0.999451101 -0.028511308 -17.546451569 -0.648488581 -0.010767099 -0.761148214 469.858673096
-0.768297434 0.031799011 0.639302850 180.130981445 0.018277701 0.999447882 -0.027747016 -17.567041397 -0.639832199 -0.009632972 -0.768454432 469.247985840
-0.774102569 0.031489164 0.632276714 180.651550293 0.019510558 0.999474406 -0.025889680 -17.588354111 -0.632759631 -0.007705194 -0.774310112 468.619506836
-0.777807593 0.030746561 0.627749920 181.179992676 0.021096837 0.999517083 -0.022815507 -17.610952377 -0.628148258 -0.004502539 -0.778080702 467.960937500
-0.780229330 0.030709609 0.624739528 181.734497070 0.022918589 0.999526918 -0.020509878 -17.636985779 -0.625073850 -0.001684257 -0.780564070 467.279357910
-0.781742454 0.032620899 0.622747660 182.280517578 0.023375906 0.999461889 -0.023009973 -17.658020020 -0.623163164 -0.003430582 -0.782084346 466.597503662
-0.782881737 0.034447182 0.621216238 182.832885742 0.022561952 0.999381244 -0.026983401 -17.686676025 -0.621761382 -0.007108959 -0.783174515 465.901245117
-0.784427404 0.034863882 0.619240224 183.425109863 0.020676160 0.999333858 -0.030071877 -17.707134247 -0.619876146 -0.010785691 -0.784625769 465.182525635
-0.785527587 0.034579281 0.617859960 184.016601562 0.022289438 0.999370694 -0.027592910 -17.736526489 -0.618425250 -0.007903240 -0.785804033 464.421722412
-0.787171006 0.031390004 0.615935743 184.619689941 0.022267779 0.999499261 -0.022479197 -17.765533447 -0.616332948 -0.003979448 -0.787475824 463.661254883
-0.788620710 0.030138398 0.614141345 185.226257324 0.022805205 0.999544501 -0.019767469 -17.789974213 -0.614457369 -0.001583412 -0.788948774 462.888580322
-0.789684296 0.031402495 0.612709343 185.846862793 0.024561591 0.999506712 -0.019570623 -17.813690186 -0.613021672 -0.000405495 -0.790066004 462.099151611
-0.789773345 0.032744572 0.612524033 186.440551758 0.025996456 0.999463737 -0.019910567 -17.842823029 -0.612847507 0.000198618 -0.790201068 461.323272705
-0.789975405 0.035277650 0.612122595 187.051025391 0.028314412 0.999377310 -0.021054588 -17.864536285 -0.612484157 0.000699280 -0.790482402 460.543487549
-0.789659739 0.037977271 0.612369120 187.672302246 0.030618094 0.999278128 -0.022489693 -17.895917892 -0.612781167 0.000990374 -0.790252447 459.748291016
-0.788869739 0.039447811 0.613293409 188.299133301 0.031144660 0.999221623 -0.024210328 -17.928848267 -0.613771081 0.000002022 -0.789484262 458.953002930
-0.787671208 0.040083408 0.614790559 188.929260254 0.031664804 0.999196351 -0.024577055 -17.961544037 -0.615281582 0.000108582 -0.788307428 458.157196045
-0.785945773 0.041705985 0.616887569 189.556640625 0.033994969 0.999128103 -0.024236880 -17.994779587 -0.617360532 0.001922203 -0.786678195 457.345001221
-0.784664512 0.041633662 0.618521512 190.186218262 0.035002504 0.999126017 -0.022848140 -18.030260086 -0.618932188 0.003721681 -0.785436034 456.550781250
-0.783742905 0.040819921 0.619742870 190.820739746 0.035059884 0.999154508 -0.021472588 -18.064886093 -0.620095372 0.004899124 -0.784511447 455.765747070
-0.782617211 0.041286860 0.621132493 191.454101562 0.036045242 0.999129593 -0.020995991 -18.105337143 -0.621458709 0.005957044 -0.783424258 454.972839355
-0.781485438 0.041838855 0.622518957 192.092224121 0.036531150 0.999105752 -0.021289108 -18.137727737 -0.622852981 0.006104205 -0.782315016 454.172027588
-0.780500889 0.042084571 0.623736560 192.723266602 0.037089441 0.999091268 -0.020999232 -18.169301987 -0.624053538 0.006744119 -0.781352520 453.391754150
-0.779234886 0.042123742 0.625315130 193.365905762 0.037425049 0.999085724 -0.020665318 -18.203992844 -0.625613928 0.007299317 -0.780098915 452.599487305
-0.778288245 0.044135496 0.626354337 193.997680664 0.038065925 0.999008298 -0.023094708 -18.239864349 -0.626752496 0.005868418 -0.779196501 451.816497803
-0.777157307 0.046110962 0.627615035 194.633178711 0.038331542 0.998928666 -0.025926610 -18.273908615 -0.628138125 0.003908398 -0.778092265 451.035583496
-0.776702404 0.045739263 0.628205121 195.280151367 0.037188649 0.998950064 -0.026753582 -18.313962936 -0.628769219 0.002582531 -0.777587891 450.251708984
-0.776008725 0.044091165 0.629179299 195.906127930 0.036956839 0.999018252 -0.024427146 -18.353586197 -0.629638612 0.004296801 -0.776876330 449.474395752
-0.775609612 0.041631117 0.629838645 196.539978027 0.035955235 0.999116421 -0.021762896 -18.386411667 -0.630188167 0.005766486 -0.776421189 448.695922852
-0.775454044 0.040646430 0.630094647 197.164672852 0.035291765 0.999155939 -0.021020632 -18.424795151 -0.630417287 0.005936624 -0.776234031 447.933807373
-0.775641680 0.040842947 0.629850864 197.805114746 0.035248753 0.999149799 -0.021382565 -18.461261749 -0.630188704 0.005616251 -0.776421785 447.157043457
-0.776066303 0.039222285 0.629430473 198.454223633 0.032166623 0.999226868 -0.022605404 -18.495201111 -0.629830480 0.002703360 -0.776727915 446.381896973
-0.776270032 0.038987048 0.629194081 199.088500977 0.031246722 0.999238551 -0.023365561 -18.527694702 -0.629625916 0.001522270 -0.776897192 445.617309570
-0.776271582 0.039004501 0.629190981 199.708129883 0.031703558 0.999236584 -0.022829566 -18.570055008 -0.629601061 0.002225649 -0.776915550 444.841888428
-0.777194738 0.039373744 0.628027022 200.343505859 0.032438252 0.999220371 -0.022502545 -18.608287811 -0.628423452 0.002883239 -0.777866125 444.063873291
-0.777721047 0.039863139 0.627344549 200.970886230 0.033297546 0.999198616 -0.022212664 -18.645881653 -0.627727270 0.003613780 -0.778425097 443.299163818
-0.778130531 0.040104054 0.626821160 201.587463379 0.034036629 0.999185503 -0.021675168 -18.683305740 -0.627179861 0.004468772 -0.778861761 442.538787842
-0.778404117 0.042153191 0.626346946 202.202819824 0.035390507 0.999102890 -0.023257507 -18.719047546 -0.626765430 0.004062999 -0.779197693 441.772644043
-0.778375268 0.042720806 0.626344025 202.819519043 0.035111781 0.999082804 -0.024509665 -18.750694275 -0.626816630 0.002914336 -0.779161334 441.008300781
-0.778296709 0.040607724 0.626582563 203.433959961 0.034316409 0.999166012 -0.022128796 -18.786846161 -0.626958549 0.004279297 -0.779041052 440.251922607
-0.777674794 0.037218262 0.627564192 204.052246094 0.033688653 0.999278843 -0.017516308 -18.819665909 -0.627763569 0.007519802 -0.778367758 439.487579346
-0.777282119 0.033833459 0.628242075 204.672119141 0.031843945 0.999388814 -0.014422874 -18.853103638 -0.628346086 0.008795065 -0.777884483 438.742523193
-0.776410699 0.033569723 0.629333019 205.294433594 0.031511813 0.999399185 -0.014433462 -18.877887726 -0.629439414 0.008625131 -0.777001977 437.985473633
-0.774862409 0.034217823 0.631203353 205.908203125 0.032299321 0.999372661 -0.014525953 -18.910427094 -0.631304443 0.009131825 -0.775481582 437.245697021
-0.772576094 0.034333244 0.633993268 206.528015137 0.030005084 0.999395549 -0.017557409 -18.935270309 -0.634212852 0.005458586 -0.773139238 436.485198975
-0.770851016 0.036163572 0.635988474 207.156005859 0.029962627 0.999340594 -0.020508250 -18.963912964 -0.636310756 0.003247083 -0.771426320 435.735046387
-0.769227505 0.036471345 0.637933671 207.788757324 0.030412376 0.999328017 -0.020461077 -18.992753983 -0.638251185 0.003661859 -0.769819736 434.977813721
-0.767995834 0.037259612 0.639370024 208.425476074 0.031758960 0.999293685 -0.020086249 -19.017696381 -0.639666796 0.004879568 -0.768636823 434.212921143
-0.766923904 0.039595254 0.640515327 209.076354980 0.032350123 0.999211133 -0.023034472 -19.049922943 -0.640922070 0.003055062 -0.767599821 433.455108643
-0.765866637 0.043836474 0.641503692 209.720336914 0.035135485 0.999035895 -0.026321162 -19.079389572 -0.642039061 0.002381046 -0.766668439 432.688690186
-0.765275717 0.043724634 0.642215967 210.375915527 0.035992213 0.999036074 -0.025129428 -19.114528656 -0.642695665 0.003883835 -0.766111851 431.912170410
-0.765446544 0.041114729 0.642184794 211.053161621 0.033523995 0.999149442 -0.024010122 -19.152254105 -0.642625749 0.003150138 -0.766173840 431.129547119
-0.765502453 0.040176533 0.642177641 211.721618652 0.030589886 0.999192536 -0.026048036 -19.186805725 -0.642705679 -0.000295693 -0.766113400 430.327758789
-0.766381145 0.037915323 0.641266584 212.402282715 0.026427086 0.999272406 -0.027499523 -19.220466614 -0.641842663 -0.004128304 -0.766825557 429.532958984
-0.767390132 0.033699315 0.640294492 213.089904785 0.022829212 0.999420702 -0.025239773 -19.259717941 -0.640774131 -0.004751334 -0.767714977 428.729797363
-0.767957211 0.030629158 0.639768481 213.779663086 0.020873062 0.999522209 -0.022797164 -19.296249390 -0.640161037 -0.004153318 -0.768229604 427.914794922
-0.768117547 0.031766687 0.639520347 214.451538086 0.024557257 0.999495268 -0.020152280 -19.330337524 -0.639837742 0.000225547 -0.768509984 427.102325439
-0.768424511 0.032642655 0.639107585 215.137939453 0.027087849 0.999462247 -0.018479107 -19.361946106 -0.639367104 0.003112252 -0.768895507 426.286407471
-0.768604279 0.034923080 0.638770819 215.821594238 0.030338338 0.999375165 -0.018133404 -19.392948151 -0.639005005 0.005441834 -0.769183517 425.470825195
-0.768405676 0.036281817 0.638933837 216.497131348 0.031858549 0.999322414 -0.018432187 -19.432224274 -0.639169693 0.006192109 -0.769040823 424.648620605
-0.768266678 0.037009954 0.639059246 217.178588867 0.031919502 0.999300182 -0.019499548 -19.466529846 -0.639333725 0.005417602 -0.768910408 423.839843750
-0.767582297 0.037349768 0.639861226 217.866516113 0.031962328 0.999289215 -0.019987935 -19.498056412 -0.640152991 0.005109068 -0.768230438 423.029968262
-0.766435981 0.037671003 0.641215265 218.556030273 0.031812605 0.999279857 -0.020681903 -19.533840179 -0.641532600 0.004547375 -0.767082453 422.215332031
-0.765442014 0.037356224 0.642419994 219.234558105 0.030839065 0.999296010 -0.021363625 -19.573085785 -0.642765820 0.003459017 -0.766055226 421.416748047
-0.764673591 0.037731625 0.643312275 219.921936035 0.030440198 0.999284923 -0.022427414 -19.608358383 -0.643698514 0.002432903 -0.765275359 420.621337891
-0.763279915 0.037397016 0.644984901 220.613342285 0.029803308 0.999298632 -0.022671117 -19.648609161 -0.645380378 0.001918278 -0.763859153 419.809051514
-0.762151837 0.039536808 0.646189928 221.274108887 0.030783836 0.999217629 -0.024828486 -19.686592102 -0.646666050 0.000969131 -0.762772560 419.017242432
-0.761546850 0.040653009 0.646833658 221.957946777 0.029871924 0.999171853 -0.027627619 -19.726596832 -0.647421122 -0.001717560 -0.762130618 418.234283447
-0.760639787 0.040151689 0.647931218 222.626037598 0.028056385 0.999186099 -0.028981790 -19.769811630 -0.648567557 -0.003866094 -0.761147261 417.463073730
-0.760105252 0.039130978 0.648620784 223.284118652 0.027072370 0.999225497 -0.028557247 -19.805496216 -0.649235904 -0.004146809 -0.760576010 416.698883057
-0.759467602 0.037509322 0.649462819 223.952148438 0.026673919 0.999292314 -0.026521610 -19.854608536 -0.649998009 -0.002818586 -0.759930611 415.919738770
-0.759345770 0.034694184 0.649761856 224.620788574 0.024643157 0.999394476 -0.024563620 -19.895627975 -0.650220633 -0.002640097 -0.759740949 415.153137207
-0.759522200 0.031472716 0.649719894 225.290039062 0.021721248 0.999498904 -0.023024049 -19.936077118 -0.650118947 -0.003374546 -0.759825230 414.387725830
-0.759931684 0.032005657 0.649214566 225.934204102 0.023478786 0.999486804 -0.021790883 -19.979042053 -0.649578810 -0.001316812 -0.760293245 413.644836426
-0.760594487 0.031787869 0.648448944 226.571655273 0.024631515 0.999494433 -0.020105224 -20.010276794 -0.648760200 0.000680359 -0.760993004 412.901367188
-0.761590600 0.029667523 0.647379100 227.205383301 0.023924876 0.999557734 -0.017661123 -20.047317505 -0.647616744 0.002037921 -0.761963487 412.170837402
-0.762749195 0.029418403 0.646025062 227.812438965 0.024595657 0.999561667 -0.016477987 -20.079624176 -0.646226704 0.003320842 -0.763138413 411.457214355
-0.764630198 0.029472359 0.643794954 228.427368164 0.024810866 0.999559402 -0.016291266 -20.117603302 -0.643991470 0.003516314 -0.765024543 410.741088867
-0.767138839 0.029949984 0.640781820 229.003662109 0.025017602 0.999546409 -0.016767688 -20.147418976 -0.640993357 0.003167682 -0.767540097 410.056579590
-0.770413876 0.029730005 0.636850774 229.566955566 0.024785412 0.999553680 -0.016678497 -20.183195114 -0.637062371 0.002935265 -0.770806789 409.382690430
-0.774429917 0.030300824 0.631933630 230.102539062 0.024589950 0.999539256 -0.017792486 -20.213710785 -0.632181585 0.001760182 -0.774818182 408.730834961
-0.779271126 0.031424634 0.625898898 230.621459961 0.025540002 0.999504745 -0.018383944 -20.242645264 -0.626166642 0.001659384 -0.779687762 408.086456299
-0.785409212 0.032602917 0.618118167 231.110046387 0.027779160 0.999462306 -0.017419629 -20.273212433 -0.618353724 0.003489270 -0.785892606 407.463836670
-0.793129921 0.032808654 0.608168304 231.572082520 0.028469145 0.999453664 -0.016789764 -20.304538727 -0.608386874 0.003997568 -0.793630719 406.860046387
-0.802104354 0.033248108 0.596257746 232.010986328 0.028526973 0.999442339 -0.017354846 -20.329921722 -0.596502244 0.003089029 -0.802605510 406.262573242
-0.813469529 0.033059716 0.580667615 232.420288086 0.027458455 0.999452949 -0.018435713 -20.354539871 -0.580959439 0.000947347 -0.813932180 405.686187744
-0.827069283 0.034931701 0.561013937 232.795288086 0.028425092 0.999389350 -0.020321880 -20.379926682 -0.561381221 -0.000860729 -0.827557206 405.120605469
-0.842801929 0.035986014 0.537019789 233.139038086 0.029194720 0.999350011 -0.021148682 -20.405382156 -0.537431777 -0.002146003 -0.843304634 404.560485840
-0.860984206 0.036045130 0.507352889 233.449218750 0.029658940 0.999346375 -0.020667458 -20.435174942 -0.507766247 -0.002746804 -0.861490488 404.012329102
-0.880665183 0.036201462 0.472354025 233.727661133 0.030169740 0.999337792 -0.020340780 -20.460189819 -0.472777605 -0.003662617 -0.881174088 403.463165283
-0.901707530 0.038652558 0.430615783 233.967590332 0.033258032 0.999245644 -0.020051271 -20.485279083 -0.431065977 -0.003758946 -0.902312875 402.906829834
-0.923287868 0.040370099 0.381981879 234.171356201 0.035759300 0.999176621 -0.019165158 -20.503532410 -0.382441074 -0.004035552 -0.923971295 402.337249756
-0.943664074 0.040088300 0.328468204 234.335632324 0.037647087 0.999195933 -0.013790892 -20.519386292 -0.328756958 -0.000648097 -0.944414496 401.787078857
-0.962322950 0.039153919 0.269076318 234.467712402 0.038637936 0.999227226 -0.007215419 -20.532335281 -0.269150913 0.003452992 -0.963092089 401.206848145
-0.978293538 0.039125744 0.203497306 234.551361084 0.039939877 0.999202073 -0.000106161 -20.552097321 -0.203339085 0.008023800 -0.979075670 400.633666992
-0.990338206 0.039869428 0.132821202 234.589996338 0.040866077 0.999153197 0.004785032 -20.562042236 -0.132517949 0.010166678 -0.991128802 400.050476074
-0.997391105 0.041884534 0.058793064 234.598297119 0.042429373 0.999067068 0.008048942 -20.571773529 -0.058401089 0.010522496 -0.998237729 399.497833252
-0.998915315 0.043956127 -0.015360228 234.549667358 0.043794919 0.998983443 0.010678431 -20.571575165 0.015813997 0.009994149 -0.999825001 398.939453125
-0.994916201 0.045578733 -0.089802288 234.468246460 0.044505633 0.998912215 0.013917008 -20.568737030 0.090338923 0.009849548 -0.995862365 398.392669678
-0.985496283 0.047647249 -0.162872419 234.340545654 0.045442689 0.998818219 0.017236540 -20.560251236 0.163501203 0.009585182 -0.986496806 397.862335205
-0.970710039 0.051402181 -0.234691605 234.174041748 0.047775060 0.998634875 0.021118293 -20.557912827 0.235456750 0.009287329 -0.971840620 397.358367920
-0.950788140 0.053873509 -0.305122852 233.971023560 0.048365057 0.998501897 0.025589315 -20.549226761 0.306044340 0.009572730 -0.951969385 396.843933105
-0.926342607 0.056263190 -0.372457445 233.722900391 0.048504177 0.998367012 0.030177534 -20.536394119 0.373547107 0.009888985 -0.927558899 396.341461182
-0.898199439 0.061044812 -0.435329437 233.443344116 0.050317526 0.998079240 0.036139056 -20.522636414 0.436699361 0.010555375 -0.899545789 395.837707520
-0.868833899 0.062182136 -0.491183192 233.131317139 0.047812946 0.997982681 0.041766871 -20.502691269 0.492789477 0.012803561 -0.870054364 395.403594971
-0.837589264 0.065010771 -0.542418659 232.785140991 0.046421237 0.997772634 0.047904048 -20.483291626 0.544324756 0.014944172 -0.838741541 394.944000244
-0.805248380 0.066020384 -0.589251161 232.421539307 0.043689452 0.997686923 0.052077673 -20.461551666 0.591326356 0.016191393 -0.806270123 394.494079590
-0.772504091 0.066559397 -0.631512046 232.035125732 0.040429231 0.997629166 0.055691503 -20.439229965 0.633721650 0.017490363 -0.773363590 394.050994873
-0.739428878 0.065205269 -0.670069635 231.667312622 0.035204638 0.997681856 0.058236923 -20.410032272 0.672313690 0.019472498 -0.740010381 393.616516113
-0.709610701 0.066607438 -0.701438904 231.232116699 0.033038266 0.997572184 0.061304603 -20.377998352 0.703819215 0.020328071 -0.710088491 393.207641602
-0.682402968 0.066438451 -0.727950990 230.777801514 0.028120594 0.997509778 0.064679414 -20.347368240 0.730435431 0.023667000 -0.682571888 392.794952393
-0.656284094 0.065886840 -0.751631677 230.299423218 0.022618970 0.997450292 0.067685254 -20.311000824 0.754174769 0.027419619 -0.656101108 392.404052734
-0.627992988 0.064602464 -0.775533080 229.797821045 0.016243452 0.997419477 0.069932520 -20.275842667 0.778049588 0.031319793 -0.627421856 392.010101318
-0.596671343 0.061294444 -0.800141513 229.289123535 0.008152723 0.997490287 0.070332713 -20.236330032 0.802444339 0.035442177 -0.595673680 391.586578369
-0.567054510 0.059322700 -0.821541429 228.746002197 0.002782328 0.997535348 0.070110604 -20.193758011 0.823675752 0.037470728 -0.565822005 391.225952148
-0.536782742 0.058078278 -0.841719210 228.185211182 -0.001229019 0.997573137 0.069615908 -20.154800415 0.843719661 0.038403109 -0.535408735 390.878540039
-0.508255601 0.057017289 -0.859316885 227.602783203 -0.004319959 0.997624636 0.068749376 -20.115806580 0.861195564 0.038654462 -0.506801963 390.554229736
-0.480996490 0.057463899 -0.874837279 226.977905273 -0.004184730 0.997687817 0.067834184 -20.077974319 0.876712561 0.036288965 -0.479643941 390.245971680
-0.452594280 0.056529656 -0.889922917 226.343383789 -0.005039655 0.997810483 0.065945938 -20.025005341 0.891702294 0.034331657 -0.451318383 389.919006348
-0.425944805 0.057646487 -0.902910948 225.680328369 -0.004068812 0.997835994 0.065626442 -19.981397629 0.904740155 0.031627007 -0.424788475 389.629882812
-0.399925590 0.057772998 -0.914725125 224.998046875 -0.003960227 0.997893214 0.064757250 -19.936723709 0.916539192 0.029520588 -0.398854256 389.350036621
-0.374399304 0.058004651 -0.925451756 224.292175293 -0.001287124 0.998008072 0.063072994 -19.893516541 0.927266896 0.024805646 -0.373578906 389.082763672
-0.349736094 0.058929775 -0.934993029 223.571746826 0.003671159 0.998098254 0.061533898 -19.846416473 0.936841071 0.018088115 -0.349287271 388.817474365
-0.326265454 0.061567441 -0.943271339 222.820007324 0.011040061 0.998056829 0.061324693 -19.798357010 0.945213974 0.009594342 -0.326311111 388.580780029
-0.304995894 0.066174239 -0.950051785 222.043701172 0.015544555 0.997795999 0.064509496 -19.751638412 0.952226758 0.004907001 -0.305352330 388.350860596
-0.285111785 0.071067221 -0.955856085 221.234893799 0.020184398 0.997471511 0.068140723 -19.700304031 0.958281815 0.000134341 -0.285825372 388.130615234
-0.267321110 0.072983660 -0.960839808 220.417572021 0.020593815 0.997332573 0.070026070 -19.646680832 0.963387549 -0.001067919 -0.268110991 387.910278320
-0.251235247 0.071070105 -0.965313435 219.586151123 0.018820975 0.997470856 0.068539269 -19.592657089 0.967743099 -0.000948665 -0.251937389 387.702056885
-0.234767675 0.066916756 -0.969745517 218.734802246 0.017027806 0.997757673 0.064727433 -19.534576416 0.971902430 -0.001316733 -0.235380650 387.497985840
-0.217182040 0.064851679 -0.973974526 217.871826172 0.013130826 0.997894406 0.063516401 -19.484836578 0.976042867 0.001005525 -0.217576265 387.296112061
-0.200037956 0.065725923 -0.977581322 216.979461670 0.010460613 0.997833908 0.064947076 -19.428171158 0.979732454 0.002765770 -0.200292230 387.116516113
-0.183972836 0.068159387 -0.980565429 216.067108154 0.012301922 0.997674406 0.067040570 -19.372451782 0.982854486 0.000270797 -0.184383512 386.951812744
-0.169448376 0.068481945 -0.983157039 215.126190186 0.015125628 0.997646093 0.066884264 -19.318792343 0.985423148 -0.003537441 -0.170085430 386.786590576
-0.157944441 0.064945728 -0.985310018 214.181121826 0.019509595 0.997845173 0.062644608 -19.259311676 0.987255335 -0.009328636 -0.158871174 386.642181396
-0.148404241 0.058959909 -0.987167656 213.214416504 0.021379763 0.998179138 0.056403492 -19.205158234 0.988695681 -0.012734898 -0.149394512 386.503997803
-0.139064670 0.054613482 -0.988776207 212.232818604 0.024130760 0.998368502 0.051749472 -19.159379959 0.989989281 -0.016663397 -0.140155673 386.367065430
-0.131857634 0.053318787 -0.989833713 211.227874756 0.025219360 0.998409569 0.050421227 -19.110591888 0.990947843 -0.018314550 -0.132992625 386.233673096
-0.128049016 0.055175263 -0.990231931 210.201660156 0.023707477 0.998336256 0.052561171 -19.063602448 0.991484523 -0.016745495 -0.129144073 386.101928711
-0.124557257 0.057801012 -0.990527332 209.126708984 0.024405470 0.998178184 0.055178512 -19.008922577 0.991912186 -0.017301401 -0.125741005 385.977783203
-0.120292664 0.058597274 -0.991007686 208.086334229 0.026322840 0.998093724 0.055821095 -18.964019775 0.992389560 -0.019371273 -0.121605754 385.847961426
-0.116617799 0.058885857 -0.991429627 207.036346436 0.024198487 0.998112917 0.056436438 -18.911115646 0.992882013 -0.017409598 -0.117822766 385.718872070
-0.114121079 0.058381293 -0.991750062 205.975769043 0.022650873 0.998165250 0.056152493 -18.855449677 0.993208706 -0.016055822 -0.115234137 385.581054688
-0.111537814 0.058573578 -0.992032468 204.838806152 0.023721274 0.998133957 0.056266762 -18.796154022 0.993477046 -0.017256401 -0.112719178 385.473144531
-0.108530998 0.057480350 -0.992429912 203.756713867 0.024010876 0.998187244 0.055188008 -18.744564056 0.993803144 -0.017839506 -0.109714389 385.359252930
-0.105439782 0.056601923 -0.992813528 202.678497314 0.019998034 0.998297572 0.054790724 -18.699155807 0.994224608 -0.014077195 -0.106392145 385.230072021
-0.103110671 0.056889419 -0.993041694 201.581787109 0.018433550 0.998300910 0.055276696 -18.646350861 0.994499087 -0.012605668 -0.103984118 385.117675781
-0.100645661 0.057769399 -0.993243933 200.493072510 0.016235119 0.998275280 0.056416936 -18.596202850 0.994790018 -0.010447320 -0.101410031 384.992797852
-0.097817779 0.057465252 -0.993543923 199.406829834 0.015580083 0.998297632 0.056206290 -18.548748016 0.995082438 -0.009981529 -0.098546505 384.880676270
-0.094833016 0.057493560 -0.993831635 198.299835205 0.012999467 0.998317242 0.056512628 -18.493797302 0.995408356 -0.007560027 -0.095420718 384.774505615
-0.091286659 0.058504824 -0.994104683 197.193664551 0.010682086 0.998272836 0.057769217 -18.443344116 0.995767474 -0.005345557 -0.091753960 384.659912109
-0.088705420 0.058005858 -0.994367599 196.080200195 0.008848686 0.998309374 0.057446435 -18.389648438 0.996018708 -0.003703038 -0.089068770 384.552093506
-0.086861730 0.057872258 -0.994538009 194.962097168 0.008553504 0.998317778 0.057345152 -18.334461212 0.996183634 -0.003525684 -0.087210655 384.456848145
-0.084654927 0.058552347 -0.994688511 193.842956543 0.007454060 0.998281240 0.058129441 -18.277168274 0.996382475 -0.002493528 -0.084945798 384.356140137
-0.081739306 0.061604664 -0.994747937 192.719024658 0.005562572 0.998100519 0.061355203 -18.222419739 0.996638179 -0.000518223 -0.081926703 384.244293213
-0.078913450 0.061718270 -0.994969130 191.596954346 0.003782398 0.998093009 0.061612055 -18.167919159 0.996874332 0.001098648 -0.078996301 384.140747070
-0.076415539 0.060008459 -0.995268583 190.464447021 0.001336594 0.998192549 0.060082130 -18.112541199 0.997075140 0.003260941 -0.076357603 384.060119629
-0.073875546 0.059381831 -0.995498002 189.342834473 0.000252840 0.998226762 0.059525840 -18.058317184 0.997267485 0.004145801 -0.073759556 383.972595215
-0.071180105 0.060259067 -0.995641649 188.223937988 -0.001670839 0.998164892 0.060531233 -18.002964020 0.997462094 0.005972174 -0.070948839 383.884246826
-0.068335056 0.059868217 -0.995864689 187.103393555 -0.001976647 0.998187780 0.060143519 -17.947912216 0.997660637 0.006078373 -0.068092823 383.799957275
-0.066359162 0.060353458 -0.995968878 185.969482422 -0.000679370 0.998166025 0.060531870 -17.903192520 0.997795641 0.004693473 -0.066196442 383.728027344
-0.064250827 0.062070683 -0.996001661 184.852355957 -0.001304969 0.998057663 0.062283002 -17.846645355 0.997933030 0.005301475 -0.064045072 383.646423340
-0.062946677 0.063856587 -0.995971918 183.729553223 -0.003113535 0.997933567 0.064179130 -17.790676117 0.998012006 0.007140858 -0.062617779 383.575225830
-0.061240315 0.064389825 -0.996044040 182.618347168 -0.004084449 0.997892499 0.064760447 -17.730522156 0.998114824 0.008034235 -0.060848236 383.499633789
-0.059488416 0.065679044 -0.996065915 181.501190186 -0.004936955 0.997801542 0.066088341 -17.682819366 0.998216748 0.008849027 -0.059033394 383.426605225
-0.058166981 0.067264460 -0.996038377 180.398559570 -0.004033930 0.997703493 0.067612492 -17.624647141 0.998298883 0.007950745 -0.057762027 383.363708496
-0.056223631 0.069255292 -0.996013403 179.288543701 -0.002964358 0.997575343 0.069531240 -17.558710098 0.998413861 0.006861838 -0.055882096 383.292907715
-0.054841042 0.070806265 -0.995981455 178.187774658 -0.002469538 0.997469842 0.071048059 -17.499263763 0.998492062 0.006355957 -0.054527402 383.224975586
-0.053641438 0.071338899 -0.996008873 177.097229004 -0.001822113 0.997436106 0.071539268 -17.432888031 0.998558760 0.005652296 -0.053373933 383.168884277
-0.052107096 0.070303380 -0.996163905 176.000183105 -0.001916868 0.997510016 0.070498660 -17.371824265 0.998639762 0.005582984 -0.051842570 383.107879639
-0.050486088 0.068452314 -0.996376336 174.908355713 -0.002916455 0.997634053 0.068686508 -17.314544678 0.998720646 0.006373585 -0.050166965 383.044311523
-0.050060272 0.067011774 -0.996495724 173.819152832 -0.002891108 0.997732639 0.067240201 -17.254680634 0.998742163 0.006247029 -0.049752951 382.984741211
-0.049591184 0.067322180 -0.996498108 172.738616943 -0.001676196 0.997718692 0.067488059 -17.193281174 0.998768210 0.005017144 -0.049365282 382.923889160
-0.049626350 0.069358341 -0.996356845 171.651275635 -0.000515037 0.997583926 0.069469430 -17.137367249 0.998767912 0.003960663 -0.049470782 382.872253418
-0.049774289 0.070869520 -0.996243000 170.574523926 0.001441733 0.997483373 0.070885733 -17.077159882 0.998759508 0.002091969 -0.049751282 382.820587158
-0.049657464 0.071564727 -0.996199191 169.508300781 0.002036265 0.997434795 0.071551993 -17.016708374 0.998764336 0.001524557 -0.049675822 382.763397217
-0.049545884 0.071471021 -0.996211410 168.446136475 0.001105658 0.997439682 0.071504153 -16.955928802 0.998771250 0.002441262 -0.049498081 382.695465088
-0.049954057 0.070722222 -0.996244431 167.371612549 0.000086015 0.997490048 0.070806339 -16.890247345 0.998751521 0.003451363 -0.049834728 382.639343262
-0.049632668 0.070517398 -0.996275127 166.311981201 -0.001157771 0.997499645 0.070661761 -16.826694489 0.998766959 0.004660578 -0.049426913 382.576904297
-0.049543500 0.070211247 -0.996301174 165.260620117 -0.002061100 0.997516751 0.070399411 -16.765111923 0.998769939 0.005541308 -0.049275756 382.513885498
-0.048996925 0.069854610 -0.996353269 164.213684082 -0.002433065 0.997539997 0.070057467 -16.706615448 0.998796046 0.005856787 -0.048706532 382.446380615
-0.049241662 0.070365004 -0.996305168 163.168273926 0.000032680 0.997515380 0.070448861 -16.653661728 0.998786867 0.003436455 -0.049121618 382.419647217
-0.048633099 0.070195846 -0.996346951 162.129913330 0.000450038 0.997528791 0.070257142 -16.594518661 0.998816550 0.002968434 -0.048544526 382.360290527
-0.048294425 0.070093185 -0.996370733 161.091125488 0.000537717 0.997536361 0.070149124 -16.541656494 0.998833001 0.002852050 -0.048213124 382.315856934
-0.047092438 0.069545761 -0.996466637 160.061889648 0.000474699 0.997574806 0.069600672 -16.481618881 0.998890460 0.002804644 -0.047011256 382.262268066
-0.045286655 0.068417534 -0.996628344 159.025024414 -0.000029453 0.997651875 0.068489134 -16.428159714 0.998974025 0.003131001 -0.045178294 382.209960938
-0.043080568 0.065181009 -0.996943116 158.006835938 -0.000347724 0.997868478 0.065256536 -16.375324249 0.999071538 0.003157947 -0.042966008 382.158203125
-0.040650010 0.062007651 -0.997247577 156.994110107 -0.000363697 0.998071492 0.062073711 -16.320705414 0.999173462 0.002885988 -0.040549040 382.113708496
-0.037918329 0.060968004 -0.997419238 155.993652344 0.001789592 0.998139560 0.060944002 -16.272893906 0.999279261 0.000525926 -0.037956953 382.074157715
-0.035535455 0.061895054 -0.997449934 155.003295898 0.001179586 0.998082161 0.061892264 -16.225999832 0.999367774 0.001022787 -0.035540223 382.043670654
-0.032333136 0.063601285 -0.997451603 154.018005371 0.003571560 0.997974277 0.063518845 -16.182823181 0.999470890 -0.001508707 -0.032494783 382.006774902
-0.029553056 0.066004612 -0.997381568 153.045623779 0.005157887 0.997814178 0.065880410 -16.135833740 0.999549925 -0.003197416 -0.029828906 381.977630615
-0.026140928 0.066054948 -0.997473598 152.093627930 0.004948752 0.997810841 0.065947592 -16.089088440 0.999646127 -0.003212324 -0.026410580 381.947204590
-0.022606134 0.066298120 -0.997543871 151.151519775 0.005521514 0.997791767 0.066189475 -16.047489166 0.999729276 -0.004011670 -0.022922277 381.924316406
-0.018661857 0.065539971 -0.997675419 150.249450684 0.005295350 0.997841656 0.065451846 -15.998978615 0.999811828 -0.004061588 -0.018968582 381.903137207
-0.014817715 0.064861849 -0.997784317 149.354583740 0.006616468 0.997878313 0.064769700 -15.955069542 0.999868393 -0.005642071 -0.015215397 381.889312744
-0.012313724 0.065971456 -0.997745633 148.473541260 0.007027606 0.997802258 0.065888472 -15.912286758 0.999899566 -0.006200430 -0.012750268 381.883239746
-0.010791898 0.064827949 -0.997838259 147.629852295 0.010224448 0.997851193 0.064718224 -15.881167412 0.999889612 -0.009503923 -0.011431575 381.871398926
-0.011862874 0.063640490 -0.997902453 146.794372559 0.014683029 0.997876108 0.063464269 -15.844358444 0.999821901 -0.013899367 -0.012772083 381.864440918
-0.014255881 0.062629372 -0.997935176 145.978851318 0.016751692 0.997911334 0.062388584 -15.801634789 0.999758184 -0.015827708 -0.015275240 381.847290039
-0.017411351 0.064174838 -0.997786820 145.189300537 0.019644802 0.997767389 0.063830793 -15.768413544 0.999655426 -0.018489946 -0.018633127 381.821228027
-0.023622036 0.067383215 -0.997447550 144.396423340 0.022551062 0.997507930 0.066853233 -15.728432655 0.999466658 -0.020914296 -0.025082707 381.816711426
-0.031594753 0.068911716 -0.997122347 143.635559082 0.026207469 0.997334480 0.068095967 -15.694384575 0.999157131 -0.023980571 -0.033316612 381.785217285
-0.042591453 0.068944402 -0.996711016 142.890716553 0.028485116 0.997294426 0.067767538 -15.662366867 0.998686552 -0.025505114 -0.044440150 381.751953125
-0.054356933 0.067880929 -0.996211708 142.170166016 0.030379049 0.997337162 0.066300042 -15.628286362 0.998059452 -0.026660109 -0.056274295 381.693572998
-0.068099499 0.068708330 -0.995309949 141.464477539 0.032062750 0.997261167 0.066649295 -15.594437599 0.997163355 -0.027373603 -0.070115924 381.634368896
-0.083474278 0.070154756 -0.994037390 140.806182861 0.033411715 0.997155011 0.067569032 -15.560795784 0.995949626 -0.027572211 -0.085580826 381.570434570
-0.101604819 0.072835274 -0.992154956 140.158325195 0.035498921 0.996946514 0.069551647 -15.531610489 0.994191289 -0.028153652 -0.103880167 381.488159180
-0.124796748 0.075799249 -0.989282787 139.545715332 0.039451174 0.996668100 0.071388416 -15.499889374 0.991397798 -0.030119335 -0.127371192 381.403686523
-0.155260801 0.078394160 -0.984758139 138.959289551 0.045080122 0.996370077 0.072211057 -15.474647522 0.986844480 -0.033181470 -0.158231258 381.302246094
-0.192351937 0.080089875 -0.978052199 138.410766602 0.050553333 0.996149361 0.071629539 -15.439870834 0.980022848 -0.035665710 -0.195660114 381.173889160
-0.235742927 0.081076384 -0.968427539 137.892272949 0.052782368 0.996111155 0.070545308 -15.424289703 0.970380962 -0.034485340 -0.239105582 381.019836426
-0.284408927 0.081694312 -0.955216050 137.389129639 0.055646788 0.996089637 0.068621561 -15.398445129 0.957086742 -0.033638127 -0.287842751 380.819335938
-0.338283658 0.082083665 -0.937457383 136.945709229 0.057212826 0.996139705 0.066576488 -15.375379562 0.939303339 -0.031112844 -0.341674089 380.624908447
-0.395977497 0.082284510 -0.914566100 136.496185303 0.060297202 0.996157408 0.063518643 -15.350259781 0.916278362 -0.029993828 -0.399417400 380.384490967
-0.456213474 0.082997471 -0.885991514 136.088012695 0.064139038 0.996118248 0.060287502 -15.327487946 0.887556016 -0.029322680 -0.459765911 380.141113281
-0.516896129 0.086990558 -0.851616740 135.695343018 0.071453653 0.995736182 0.058342591 -15.311148643 0.853060842 -0.030694067 -0.520907998 379.866577148
-0.578184128 0.090426557 -0.810879946 135.311981201 0.075878955 0.995491683 0.056909636 -15.292425156 0.812370420 -0.028624477 -0.582438946 379.556762695
-0.637195826 0.091252513 -0.765280664 134.957946777 0.078413256 0.995489001 0.053413443 -15.270773888 0.766702592 -0.025973327 -0.641476750 379.214660645
-0.692885756 0.088262066 -0.715625525 134.650604248 0.076565579 0.995874763 0.048694186 -15.262266159 0.716971278 -0.021052785 -0.696785212 378.850158691
-0.741948485 0.088847436 -0.664543986 134.390502930 0.077851363 0.995892644 0.046228405 -15.259563446 0.665921748 -0.017436560 -0.745817900 378.443969727
-0.787662983 0.089402944 -0.609585345 134.146224976 0.078503042 0.995914519 0.044626664 -15.234424591 0.611084640 -0.012703531 -0.791463375 378.035156250
-0.829577327 0.091495514 -0.550845206 133.913925171 0.079363793 0.995789409 0.045878381 -15.219410896 0.552723467 -0.005657502 -0.833345652 377.605804443
-0.866840839 0.090308823 -0.490338176 133.725311279 0.076588847 0.995905459 0.048025478 -15.209466934 0.492667615 0.004076006 -0.870208144 377.153106689
-0.898735881 0.085639216 -0.430046320 133.554962158 0.072292693 0.996260643 0.047313381 -15.199332237 0.432490110 0.011433025 -0.901566267 376.685791016
-0.924538255 0.083359495 -0.371861011 133.415054321 0.071438074 0.996395350 0.045747716 -15.193380356 0.374334097 0.015730470 -0.927160621 376.215393066
-0.944942474 0.080292396 -0.317233533 133.284317017 0.071163155 0.996651053 0.040280797 -15.176515579 0.319405347 0.015487693 -0.947491765 375.726287842
-0.960509300 0.077946290 -0.267108083 133.182022095 0.071261168 0.996855795 0.034645971 -15.164753914 0.268968761 0.014243340 -0.963043809 375.221557617
-0.972301245 0.071643189 -0.222480953 133.100845337 0.067304447 0.997366190 0.027032919 -15.153369904 0.223831698 0.011310183 -0.974562407 374.701843262
-0.980689764 0.065396063 -0.184314147 133.035018921 0.062795945 0.997827649 0.019915344 -15.138308525 0.185216144 0.007956588 -0.982665896 374.171600342
-0.986717939 0.055457573 -0.152683660 132.992355347 0.053459544 0.998422503 0.017163621 -15.128692627 0.153394654 0.008773254 -0.988126159 373.644104004
-0.990702152 0.050984539 -0.126135126 132.950744629 0.049121544 0.998633504 0.017838439 -15.122879028 0.126872241 0.011476626 -0.991852880 373.084320068
-0.993437886 0.052042499 -0.101848610 132.904449463 0.050287835 0.998540044 0.019722311 -15.118102074 0.102726310 0.014471142 -0.994604588 372.516204834
-0.995109081 0.056146763 -0.081276774 132.864883423 0.054571480 0.998278856 0.021476798 -15.111286163 0.082342744 0.016936358 -0.996460438 371.921630859
-0.996376038 0.056141645 -0.063898385 132.839004517 0.054842241 0.998254538 0.021912321 -15.105284691 0.065017052 0.018328581 -0.997715950 371.330841064
-0.997333527 0.053623680 -0.049507990 132.826416016 0.052754883 0.998432517 0.018692521 -15.096027374 0.050432749 0.016030883 -0.998599172 370.726989746
-0.998145103 0.048163913 -0.037244484 132.825897217 0.047609776 0.998743773 0.015625330 -15.093251228 0.037950274 0.013823141 -0.999184370 370.109832764
-0.998341799 0.050323475 -0.027952861 132.819305420 0.049981650 0.998668134 0.012796009 -15.085468292 0.028559573 0.011377659 -0.999527454 369.478057861
-0.998296857 0.054818843 -0.019962551 132.804824829 0.054589126 0.998438299 0.011876317 -15.081050873 0.020582421 0.010766350 -0.999730349 368.828460693
-0.998283982 0.056785915 -0.014319105 132.799591064 0.056627784 0.998332322 0.011217400 -15.075893402 0.014932215 0.010387288 -0.999834776 368.165344238
-0.998323441 0.056744102 -0.011428073 132.796173096 0.056621376 0.998337388 0.010790678 -15.078005791 0.012021380 0.010125512 -0.999876618 367.477172852
-0.998325229 0.056986731 -0.009996329 132.805053711 0.056897823 0.998339772 0.008963741 -15.071617126 0.010490547 0.008379957 -0.999910116 366.781463623
-0.998215437 0.059490640 -0.005215913 132.793151855 0.059456956 0.998210430 0.006391580 -15.064165115 0.005586817 0.006070050 -0.999966145 366.051788330
-0.997859716 0.065393299 -0.000369007 132.792297363 0.065390646 0.997847199 0.005007123 -15.059255600 0.000695645 0.004972275 -0.999987602 365.317810059
-0.997532248 0.070007309 0.005371484 132.794372559 0.070023283 0.997541308 0.002844914 -15.057167053 -0.005159113 0.003214022 -0.999981761 364.566040039
-0.997448921 0.070452526 0.011505668 132.812988281 0.070499331 0.997504890 0.003713659 -15.065872192 -0.011215325 0.004515326 -0.999927044 363.797576904
-0.997454405 0.069253184 0.016996440 132.839035034 0.069319524 0.997588873 0.003344566 -15.061883926 -0.016723838 0.004514237 -0.999850035 363.008636475
-0.997251511 0.070111863 0.023951627 132.844055176 0.070171408 0.997533560 0.001653470 -15.057943344 -0.023776624 0.003329645 -0.999711752 362.194305420
-0.997093916 0.070652261 0.028499456 132.875045776 0.070674673 0.997499406 -0.000221515 -15.061464310 -0.028443841 0.001793318 -0.999593854 361.369750977
-0.997109056 0.069140956 0.031515203 132.909866333 0.069082841 0.997606635 -0.002930611 -15.062463760 -0.031642400 -0.000744979 -0.999499083 360.522491455
-0.996856213 0.071288817 0.034581855 132.948684692 0.071196698 0.997454703 -0.003889479 -15.067657471 -0.034771111 -0.001415137 -0.999394417 359.661895752
-0.996328115 0.076862998 0.037715815 132.978454590 0.076835565 0.997041404 -0.002178528 -15.073349953 -0.037771679 0.000727387 -0.999286175 358.779113770
-0.996078014 0.078342460 0.041126031 133.004455566 0.078465380 0.996915877 0.001380907 -15.084306717 -0.040891010 0.004602461 -0.999153137 357.907745361
-0.995742321 0.081044205 0.043920364 133.046401978 0.081299730 0.996681452 0.004060484 -15.083889008 -0.043445535 0.007613910 -0.999026775 356.994750977
-0.995486856 0.082642689 0.046653051 133.097030640 0.082952723 0.996542156 0.004745629 -15.080953598 -0.046099544 0.008594207 -0.998900056 356.054260254
-0.995757818 0.077742226 0.049223077 133.150756836 0.078122564 0.996926606 0.005847879 -15.081666946 -0.048617169 0.009668503 -0.998770833 355.107360840
-0.996197581 0.070392802 0.051335506 133.213638306 0.070951089 0.997437954 0.009133085 -15.077765465 -0.050561078 0.012740667 -0.998639703 354.142150879
-0.996543288 0.064265959 0.052643612 133.281295776 0.065036751 0.997797370 0.013060247 -15.071691513 -0.051688328 0.016438870 -0.998528004 353.152374268
-0.996792316 0.059993658 0.052976694 133.340087891 0.060802665 0.998054504 0.013792261 -15.069244385 -0.052046180 0.016969139 -0.998500824 352.158142090
-0.996856332 0.060212109 0.051495984 133.404754639 0.060716312 0.998120725 0.008282059 -15.064092636 -0.050900526 0.011382670 -0.998638868 351.148223877
-0.996818542 0.061002463 0.051298652 133.456848145 0.061277471 0.998113513 0.003803855 -15.067195892 -0.050969835 0.006935205 -0.998676181 350.153045654
-0.996577263 0.064734995 0.051414348 133.507934570 0.065026581 0.997875452 0.004017176 -15.069032669 -0.051045064 0.007346725 -0.998669386 349.134002686
-0.996432900 0.066972166 0.051344760 133.557952881 0.067395315 0.997704804 0.006552935 -15.075321198 -0.050788049 0.009989956 -0.998659611 348.101562500
-0.996591926 0.064841278 0.050990093 133.611145020 0.065171398 0.997862339 0.004836625 -15.076177597 -0.050567485 0.008143238 -0.998687387 347.075836182
-0.996846557 0.061146621 0.050577756 133.671463013 0.061478924 0.998095632 0.005039279 -15.073362350 -0.050173301 0.008132854 -0.998707533 346.028625488
-0.996900320 0.060118876 0.050749864 133.727767944 0.060489722 0.998151958 0.005801955 -15.074002266 -0.050307266 0.008853815 -0.998694539 344.974426270
-0.996852756 0.060627762 0.051081017 133.788162231 0.060979251 0.998124719 0.005349472 -15.082900047 -0.050660897 0.008447517 -0.998680353 343.926422119
-0.996666193 0.063618749 0.051081769 133.855957031 0.063794538 0.997961402 0.001816628 -15.085876465 -0.050862063 0.005069309 -0.998692870 342.863098145
-0.996334672 0.067103796 0.053050905 133.903640747 0.067196317 0.997739792 -0.000039670 -15.095590591 -0.052933659 0.003525301 -0.998591781 341.810607910
-0.996110916 0.068740733 0.055116296 133.961883545 0.068782263 0.997631013 -0.001145384 -15.109346390 -0.055064462 0.002650094 -0.998479366 340.746459961
-0.996119499 0.067417435 0.056578673 134.027694702 0.067406617 0.997723401 -0.002101734 -15.118106842 -0.056591559 0.001720199 -0.998396158 339.675689697
-0.996169448 0.065299563 0.058159307 134.096862793 0.065543823 0.997847021 0.002300228 -15.133794785 -0.057883888 0.006103400 -0.998304725 338.613555908
-0.996321201 0.062938854 0.058169000 134.169982910 0.063367859 0.997974753 0.005558481 -15.144336700 -0.057701349 0.009224074 -0.998291612 337.552673340
-0.996440053 0.061247062 0.057933606 134.234954834 0.061527018 0.998100758 0.003059298 -15.154897690 -0.057636201 0.006612888 -0.998315930 336.485443115
-0.996455908 0.061773881 0.057092026 134.303833008 0.061848983 0.998085439 -0.000452329 -15.165685654 -0.057010662 0.003080358 -0.998368740 335.441070557
-0.996217728 0.065730989 0.056833677 134.363662720 0.065790698 0.997833133 -0.000821805 -15.176080704 -0.056764543 0.002920431 -0.998383522 334.382415771
-0.995887756 0.070731029 0.056611527 134.417343140 0.071156338 0.997449875 0.005530130 -15.185432434 -0.056076005 0.009535657 -0.998381138 333.318817139
-0.995867968 0.071877323 0.055506106 134.479019165 0.072602771 0.997298479 0.011162976 -15.191452980 -0.054553792 0.015146745 -0.998396158 332.258300781
-0.996070385 0.069239520 0.055225816 134.533493042 0.069989242 0.997478485 0.011756698 -15.197026253 -0.054272532 0.015575711 -0.998404741 331.188873291
-0.996200681 0.068158723 0.054210581 134.593460083 0.068683468 0.997607410 0.007874195 -15.199470520 -0.053544182 0.011567649 -0.998498559 330.134796143
-0.996609688 0.063147187 0.052742079 134.666366577 0.063461259 0.997975051 0.004299819 -15.208938599 -0.052363757 0.007632320 -0.998598933 329.083740234
-0.996882558 0.059948355 0.051296521 134.734863281 0.060213491 0.998178899 0.003637674 -15.216070175 -0.050985031 0.006715077 -0.998676777 328.039489746
-0.996976614 0.058963533 0.050609339 134.796981812 0.059471156 0.998193145 0.008582414 -15.217166901 -0.050011843 0.011566260 -0.998681903 326.979156494
-0.997125506 0.056460451 0.050529119 134.855255127 0.057161074 0.998286366 0.012528665 -15.223330498 -0.049735155 0.015380949 -0.998644114 325.911834717
-0.997191310 0.056077663 0.049648009 134.911788940 0.056658227 0.998339832 0.010363376 -15.222577095 -0.048984431 0.013147235 -0.998713136 324.866546631
-0.997042656 0.058770958 0.049522407 134.963150024 0.059144709 0.998230696 0.006114543 -15.220438957 -0.049075432 0.009025446 -0.998754501 323.794158936
-0.996972442 0.060789492 0.048482548 135.021179199 0.061087329 0.998121440 0.004683913 -15.220418930 -0.048106737 0.007631402 -0.998813033 322.733276367
-0.996991873 0.060838062 0.048020601 135.079986572 0.061351027 0.998073101 0.009280245 -15.223659515 -0.047363479 0.012198442 -0.998803258 321.654022217
-0.996808052 0.063444160 0.048462536 135.122482300 0.064201407 0.997835517 0.014230439 -15.228826523 -0.047454800 0.017296379 -0.998723626 320.567047119
-0.996613145 0.066463396 0.048423823 135.174362183 0.067226723 0.997635126 0.014307364 -15.222277641 -0.047358394 0.017514281 -0.998724341 319.471343994
-0.996335745 0.071161993 0.047449585 135.231887817 0.071800806 0.997348070 0.011895226 -15.212528229 -0.046477266 0.015258554 -0.998803020 318.381744385
-0.996197343 0.073233791 0.047201592 135.290145874 0.073912390 0.997182667 0.012792954 -15.207099915 -0.046131734 0.016233087 -0.998803616 317.292968750
-0.996017456 0.075558901 0.047331177 135.332244873 0.076325044 0.996976197 0.014591856 -15.211015701 -0.046085514 0.018146297 -0.998772740 316.165466309
-0.995804787 0.077989765 0.047858648 135.380447388 0.078754045 0.996791601 0.014294451 -15.203801155 -0.046590276 0.018003544 -0.998751879 315.049041748
-0.995643139 0.079725094 0.048358709 135.436096191 0.080309220 0.996717215 0.010255782 -15.197860718 -0.047382317 0.014094749 -0.998777390 313.929840088
-0.995508432 0.081656113 0.047908254 135.491897583 0.082037672 0.996610880 0.006049601 -15.196507454 -0.047251899 0.009952711 -0.998833418 312.829162598
-0.995557189 0.080814473 0.048328105 135.549850464 0.081098326 0.996698320 0.003938678 -15.198486328 -0.047850240 0.007840506 -0.998824120 311.703979492
-0.995793819 0.077833898 0.048340037 135.622802734 0.078210659 0.996919096 0.005949096 -15.204790115 -0.047728065 0.009704779 -0.998813391 310.570983887
-0.995698690 0.078572236 0.049097441 135.667343140 0.079148836 0.996813536 0.009909376 -15.207141876 -0.048162393 0.013752758 -0.998744845 309.412994385
-0.995835781 0.076689430 0.049294125 135.729812622 0.077438883 0.996906042 0.013475322 -15.204242706 -0.048108198 0.017236490 -0.998693466 308.262695312
-0.995820761 0.077264987 0.048700523 135.794509888 0.078168206 0.996796608 0.016920224 -15.196619987 -0.047237176 0.020656336 -0.998670340 307.118652344
-0.995834827 0.077734217 0.047653086 135.851989746 0.078711361 0.996716738 0.018981047 -15.188305855 -0.046021152 0.022652823 -0.998683691 305.943572998
-0.995806456 0.078648023 0.046738621 135.903610229 0.079461299 0.996712685 0.015802054 -15.179701805 -0.045342177 0.019449694 -0.998782396 304.785369873
-0.995838642 0.079200141 0.045088921 135.971343994 0.079781882 0.996748865 0.011249454 -15.175729752 -0.044051372 0.014799918 -0.998919725 303.630615234
-0.995857477 0.078987718 0.045042966 136.022705078 0.079586342 0.996759892 0.011652603 -15.174245834 -0.043976605 0.015189136 -0.998917103 302.476196289
-0.995883703 0.078681417 0.044996921 136.079544067 0.079326086 0.996767521 0.012722822 -15.170591354 -0.043850418 0.016239882 -0.998906136 301.298767090
-0.995922923 0.078114517 0.045121565 136.150787354 0.078606270 0.996863067 0.009226200 -15.172972679 -0.044259321 0.012735420 -0.998939037 300.125732422
-0.995814204 0.079065144 0.045854636 136.198120117 0.079388246 0.996829867 0.005265426 -15.174657822 -0.045292959 0.008883705 -0.998934269 298.941497803
-0.995700479 0.080099531 0.046529945 136.260299683 0.080373563 0.996756613 0.004045741 -15.182722092 -0.046054967 0.007768123 -0.998908877 297.763702393
-0.995664716 0.080060214 0.047350351 136.322097778 0.080412984 0.996745944 0.005589772 -15.189001083 -0.046748750 0.009373122 -0.998862743 296.583862305
-0.995612621 0.079522818 0.049314957 136.374908447 0.080105901 0.996736586 0.009959111 -15.198596954 -0.048362046 0.013865834 -0.998733759 295.386322021
-0.995538712 0.079210721 0.051274855 136.437515259 0.080013536 0.996698320 0.013795268 -15.200115204 -0.050012827 0.017836399 -0.998589635 294.205352783
-0.995707512 0.076210447 0.052526578 136.509796143 0.076940708 0.996963203 0.012020838 -15.205359459 -0.051450953 0.016010668 -0.998547435 293.042877197
-0.995739818 0.075556740 0.052855615 136.562347412 0.075834155 0.997115135 0.003259929 -15.211494446 -0.052456822 0.007254301 -0.998597026 291.867462158
-0.995951295 0.072250590 0.053492069 136.635925293 0.072034478 0.997384310 -0.005959668 -15.221258163 -0.053782742 -0.002082265 -0.998550773 290.711669922
-0.995842695 0.072828427 0.054711390 136.708450317 0.072610438 0.997342527 -0.005964340 -15.245341301 -0.055000372 -0.001966926 -0.998484373 289.559356689
-0.995783567 0.072358325 0.056389015 136.781219482 0.072464243 0.997371018 -0.000166898 -15.266963005 -0.056252845 0.003919992 -0.998409033 288.390594482
-0.995626211 0.073883928 0.057183836 136.844879150 0.074323349 0.997218490 0.005593271 -15.271598816 -0.056611527 0.009818900 -0.998348117 287.222381592
-0.995696187 0.072444409 0.057802573 136.922943115 0.073243737 0.997243941 0.011829111 -15.279001236 -0.056786310 0.016011875 -0.998257995 286.080139160
-0.995653629 0.072829083 0.058052108 136.992340088 0.073767081 0.997174680 0.014179136 -15.279376984 -0.056855440 0.018399840 -0.998213053 284.921417236
-0.995769858 0.071687669 0.057480261 137.070617676 0.072551101 0.997278988 0.013075333 -15.275225639 -0.056386515 0.017190274 -0.998261333 283.770172119
-0.995821714 0.072004184 0.056165513 137.133331299 0.072869882 0.997249842 0.013518082 -15.276591301 -0.055037688 0.017554374 -0.998329878 282.621490479
-0.995826602 0.072365403 0.055613037 137.199325562 0.073228002 0.997222066 0.013630003 -15.275218964 -0.054472212 0.017645549 -0.998359442 281.475463867
-0.995808125 0.073359497 0.054632928 137.269622803 0.073902451 0.997233510 0.007982569 -15.274545670 -0.053896192 0.011986613 -0.998474717 280.336791992
-0.995983005 0.071958341 0.053294815 137.332626343 0.071990512 0.997404456 -0.001318326 -15.283857346 -0.053251352 0.002523690 -0.998578191 279.182373047
-0.996115088 0.070914395 0.052211903 137.404998779 0.070816346 0.997482419 -0.003727962 -15.298984528 -0.052344821 -0.000016023 -0.998629093 278.039154053
-0.996378183 0.067657165 0.051510554 137.479400635 0.067823015 0.997696280 0.001476558 -15.315043449 -0.051291987 0.004964811 -0.998671412 276.894073486
-0.996886492 0.059787106 0.051411010 137.542327881 0.060373757 0.998126388 0.009933393 -15.324470520 -0.050720796 0.013006341 -0.998628259 275.754241943
-0.997097254 0.057090256 0.050380416 137.613449097 0.058145370 0.998113155 0.019730702 -15.326270103 -0.049158923 0.022602811 -0.998535395 274.611724854
-0.997083664 0.058234684 0.049329016 137.673995972 0.059563600 0.997888148 0.025911259 -15.321235657 -0.047715906 0.028773898 -0.998446584 273.480743408
-0.997209787 0.056428246 0.048873723 137.732788086 0.057742618 0.997995198 0.025911333 -15.308749199 -0.047313608 0.028661130 -0.998468876 272.327972412
-0.996805549 0.063745350 0.048120953 137.782775879 0.064570040 0.997788370 0.015780907 -15.302485466 -0.047008570 0.018837664 -0.998717070 271.211578369
-0.996257067 0.072688214 0.046780739 137.831359863 0.072756357 0.997349739 -0.000246703 -15.304438591 -0.046674687 0.003157816 -0.998905182 270.114624023
-0.996124506 0.074650779 0.046511438 137.879257202 0.074388251 0.997202277 -0.007352304 -15.315000534 -0.046930164 -0.003863906 -0.998890758 269.001342773
-0.996036887 0.075348504 0.047260359 137.934463501 0.075439788 0.997150362 0.000148218 -15.335430145 -0.047114514 0.003712942 -0.998882771 267.888732910
-0.996017575 0.074621290 0.048792403 137.988830566 0.075325146 0.997077525 0.012747109 -15.345495224 -0.047698602 0.016371639 -0.998727560 266.763977051
-0.996148705 0.072969496 0.048614662 138.045974731 0.074089184 0.997016788 0.021640187 -15.343528748 -0.046890564 0.025158664 -0.998583317 265.635864258
-0.996345639 0.070126250 0.048761543 138.110488892 0.071571529 0.997026742 0.028551849 -15.329936981 -0.046614327 0.031937446 -0.998402238 264.521606445
-0.996505618 0.067226283 0.049570281 138.169586182 0.068920411 0.997066379 0.033296291 -15.320758820 -0.047186475 0.036596347 -0.998215437 263.416625977
-0.996652842 0.064942442 0.049656264 138.230667114 0.066512428 0.997314870 0.030645367 -15.305261612 -0.047532745 0.033845548 -0.998296142 262.322692871
-0.996835351 0.062191889 0.049517341 138.290100098 0.063387334 0.997725129 0.022947690 -15.293666840 -0.047977533 0.026013834 -0.998509884 261.234558105
-0.996912837 0.061645806 0.048628341 138.345153809 0.062425695 0.997941613 0.014683980 -15.275294304 -0.047623038 0.017674305 -0.998709083 260.139739990
-0.996960163 0.062157072 0.046982534 138.399291992 0.062615409 0.998002827 0.008346034 -15.269842148 -0.046369940 0.011262491 -0.998861074 259.057983398
-0.997015953 0.063053668 0.044535562 138.448135376 0.063220501 0.997996807 0.002346241 -15.276077271 -0.044298410 0.005154801 -0.999005079 257.975616455
-0.996964693 0.064999826 0.042858392 138.488540649 0.065134488 0.997874975 0.001751752 -15.292737961 -0.042653453 0.004537994 -0.999079823 256.887329102
-0.997044325 0.064666852 0.041486721 138.530654907 0.065023094 0.997857094 0.007294476 -15.302896500 -0.040926110 0.009970510 -0.999112606 255.799560547
-0.997120619 0.063471906 0.041497048 138.575149536 0.064232908 0.997785509 0.017268680 -15.304869652 -0.040309075 0.019884430 -0.998989463 254.727478027
-0.997379661 0.059176639 0.041621566 138.632080078 0.060320541 0.997819602 0.026785538 -15.306930542 -0.039945737 0.029225979 -0.998774529 253.667465210
-0.997623563 0.054583944 0.042045537 138.691406250 0.055875219 0.997981727 0.030173361 -15.292325974 -0.040313698 0.032450959 -0.998659968 252.607574463
-0.997869849 0.049263999 0.042762764 138.742248535 0.050436541 0.998367965 0.026787514 -15.281276703 -0.041373312 0.028887259 -0.998726010 251.567031860
-0.997956276 0.046792954 0.043515906 138.794525146 0.047676727 0.998672485 0.019497488 -15.277120590 -0.042545792 0.021532338 -0.998862505 250.550384521
-0.997758150 0.049986575 0.044496875 138.845123291 0.050454263 0.998681664 0.009449596 -15.271875381 -0.043965861 0.011673469 -0.998964906 249.549240112
-0.997513533 0.052630410 0.046869759 138.883987427 0.052897505 0.998589933 0.004475797 -15.279284477 -0.046568103 0.006943961 -0.998890996 248.561843872
-0.997179985 0.057133984 0.048661008 138.928955078 0.057385031 0.998344958 0.003776606 -15.288397789 -0.048364699 0.006558368 -0.998808265 247.589019775
-0.996914387 0.060042739 0.050564941 138.981735229 0.060604647 0.998115182 0.009652272 -15.299717903 -0.049890086 0.012686957 -0.998674273 246.621536255
-0.996652722 0.062492043 0.052706469 139.026168823 0.063314155 0.997894406 0.014073542 -15.310742378 -0.051716004 0.017363500 -0.998510838 245.674575806
-0.996417880 0.065046094 0.054046199 139.073364258 0.065801881 0.997756600 0.012322386 -15.318913460 -0.053123429 0.015834583 -0.998462677 244.758697510
-0.996257901 0.066310324 0.055438623 139.115188599 0.066704951 0.997758687 0.005296323 -15.323236465 -0.054963168 0.008974533 -0.998448253 243.873504639
-0.996154189 0.067678154 0.055648129 139.165161133 0.067869112 0.997693062 0.001546569 -15.330274582 -0.055415083 0.005317410 -0.998449445 242.977645874
-0.996325016 0.063524283 0.057459164 139.218734741 0.063683234 0.997969747 0.000937636 -15.345262527 -0.057282943 0.004593375 -0.998347640 242.118728638
-0.996482015 0.060696591 0.057793189 139.283264160 0.060891081 0.998143137 0.001608545 -15.359947205 -0.057588242 0.005121975 -0.998327494 241.269332886
-0.996410728 0.060923684 0.058770154 139.333709717 0.061112437 0.998129904 0.001418107 -15.374816895 -0.058573853 0.005004604 -0.998270512 240.433639526
-0.996546626 0.056586914 0.060771286 139.389190674 0.056861021 0.998378217 0.002789247 -15.383493423 -0.060514893 0.006235131 -0.998147964 239.611831665
-0.996906519 0.048259918 0.062035352 139.458938599 0.048829708 0.998777449 0.007700995 -15.391193390 -0.061587859 0.010706340 -0.998044252 238.811279297
-0.996866465 0.045871407 0.064444810 139.516189575 0.046975866 0.998772204 0.015727837 -15.398218155 -0.063644223 0.018705904 -0.997797370 238.033462524
-0.996683717 0.046426486 0.066833951 139.575210571 0.047795232 0.998675883 0.019027792 -15.410002708 -0.065862060 0.022159029 -0.997582912 237.272628784
-0.996527672 0.046229076 0.069250196 139.624160767 0.047482032 0.998734891 0.016556831 -15.409863472 -0.068397179 0.019787477 -0.997461915 236.534301758
-0.996452093 0.044511829 0.071431018 139.682373047 0.045444790 0.998900771 0.011488613 -15.406054497 -0.070841119 0.014694016 -0.997379661 235.834976196
-0.996142626 0.047208294 0.073971301 139.732910156 0.047891833 0.998824418 0.007493287 -15.409673691 -0.073530599 0.011007002 -0.997232437 235.166183472
-0.995923877 0.045668170 0.077782489 139.777862549 0.046593480 0.998862624 0.010122140 -15.415971756 -0.077231765 0.013705037 -0.996918917 234.494018555
-0.995940208 0.043961544 0.078554079 139.833923340 0.045349870 0.998843372 0.015976949 -15.418977737 -0.077760853 0.019474501 -0.996781945 233.863388062
-0.996246219 0.036941595 0.078288518 139.898147583 0.038583562 0.999063849 0.019564983 -15.417410851 -0.077492468 0.022512186 -0.996738911 233.244140625
-0.996397853 0.034875534 0.077300891 139.945449829 0.036554135 0.999123275 0.020407245 -15.416372299 -0.076521404 0.023159396 -0.996799111 232.655334473
-0.996762633 0.030849643 0.074248925 139.993515015 0.032589957 0.999219060 0.022342330 -15.429843903 -0.073501691 0.024689766 -0.996989608 232.095993042
-0.997202873 0.030460980 0.068256475 140.029678345 0.031982895 0.999261081 0.021316009 -15.428202629 -0.067556731 0.023439420 -0.997440219 231.525787354
-0.997758389 0.028554194 0.060524050 140.060211182 0.029707663 0.999392092 0.018244447 -15.424320221 -0.059966303 0.020001573 -0.998000145 230.994232178
-0.998473644 0.025334205 0.049077071 140.092788696 0.026110936 0.999542713 0.015250721 -15.423922539 -0.048668262 0.016508892 -0.998678446 230.483993530
-0.999188781 0.022258012 0.033564121 140.108901978 0.022764841 0.999631345 0.014794563 -15.419248581 -0.033222452 0.015546641 -0.999327183 229.972854614
-0.999667883 0.021785066 0.013791176 140.111267090 0.022007141 0.999627173 0.016161079 -15.416642189 -0.013433964 0.016459210 -0.999774575 229.489303589
-0.999605179 0.026297666 -0.009909596 140.087036133 0.026112765 0.999490619 0.018347858 -15.412600517 0.010387054 0.018081846 -0.999782681 229.024978638
-0.998759866 0.032699373 -0.037542831 140.045135498 0.031983111 0.999297738 0.019523282 -15.420296669 0.038154863 0.018298335 -0.999104261 228.586059570
-0.996900320 0.034759257 -0.070580237 139.995635986 0.033524465 0.999264717 0.018605065 -15.421295166 0.071175039 0.016181231 -0.997332573 228.144760132
-0.993485093 0.035034403 -0.108444430 139.936248779 0.033160225 0.999268711 0.019038333 -15.421607971 0.109032117 0.015318257 -0.993920326 227.708206177
-0.988414407 0.036790099 -0.147253305 139.850402832 0.034162197 0.999209404 0.020336416 -15.418348312 0.147885069 0.015070309 -0.988889813 227.279754639
-0.981366873 0.043884613 -0.187064350 139.737945557 0.040745921 0.998957336 0.020592682 -15.405664444 0.187773004 0.012586868 -0.982131720 226.859558105
-0.972234130 0.050689176 -0.228454903 139.609603882 0.047217794 0.998671353 0.020639008 -15.400217056 0.229197547 0.009278808 -0.973335862 226.440277100
-0.961434484 0.057519704 -0.268952340 139.445739746 0.053978987 0.998330653 0.020547973 -15.388997078 0.269685268 0.005237753 -0.962934375 226.061706543
-0.948002219 0.060902506 -0.312382698 139.314575195 0.056133084 0.998128831 0.024246754 -15.402821541 0.313274860 0.005450971 -0.949646950 225.711761475
-0.932941198 0.062252425 -0.354606688 139.146301270 0.056188241 0.998044610 0.027383547 -15.393896103 0.355618000 0.005622509 -0.934614778 225.323333740
-0.915758252 0.067546174 -0.396011233 138.949157715 0.059656233 0.997698784 0.032221477 -15.381999969 0.397276372 0.005882540 -0.917680383 224.964843750
-0.895248413 0.070661418 -0.439929187 138.728698730 0.060475197 0.997478187 0.037148960 -15.368980408 0.441444755 0.006652740 -0.897264004 224.607696533
-0.870311260 0.073011369 -0.487060398 138.491668701 0.061568011 0.997321486 0.039486844 -15.347471237 0.488638788 0.004378502 -0.872475266 224.252990723
-0.842687249 0.074783787 -0.533184588 138.219802856 0.061259475 0.997193217 0.043045729 -15.326768875 0.534907162 0.003611478 -0.844903231 223.896881104
-0.812373638 0.077336602 -0.577986598 137.932144165 0.060210858 0.996993363 0.048773419 -15.318343163 0.580020785 0.004821170 -0.814587712 223.560379028
-0.778037906 0.076098450 -0.623591542 137.635955811 0.055112787 0.997077107 0.052913159 -15.303075790 0.625795484 0.006800565 -0.779957771 223.222381592
-0.741328239 0.077113777 -0.666698039 137.321380615 0.052639872 0.996997714 0.056785602 -15.289892197 0.669075370 0.007001865 -0.743161798 222.928802490
-0.700925350 0.072983094 -0.709491134 136.972198486 0.046164129 0.997307301 0.056983072 -15.267085075 0.711739480 0.007187827 -0.702407122 222.616043091
-0.658739805 0.069386408 -0.749164581 136.592163086 0.042469908 0.997579932 0.055050485 -15.244868279 0.751171350 0.004446988 -0.660092473 222.326339722
-0.615247011 0.064857833 -0.785661817 136.195556641 0.039070927 0.997893810 0.051781766 -15.218782425 0.787365496 0.001162042 -0.616485238 222.048477173
-0.570729733 0.061275665 -0.818848670 135.763992310 0.035650607 0.998120606 0.049842730 -15.197084427 0.820363879 -0.000745728 -0.571841598 221.779724121
-0.525211811 0.060408983 -0.848824978 135.319122314 0.032838177 0.998172939 0.050719090 -15.181670189 0.850338042 -0.001235612 -0.526235938 221.539169312
-0.479684830 0.057761125 -0.875537574 134.855850220 0.027054122 0.998330116 0.051039748 -15.144454956 0.877023637 0.000796098 -0.480446577 221.307144165
-0.434832454 0.059238609 -0.898560822 134.363586426 0.023318965 0.998240054 0.054525536 -15.117358208 0.900209367 0.002755965 -0.435448527 221.099060059
-0.390619874 0.061440695 -0.918499529 133.854003906 0.022766586 0.998109758 0.057083845 -15.085878372 0.920270681 0.001386981 -0.391280293 220.916046143
-0.346440434 0.063398488 -0.935927153 133.324096680 0.022736341 0.997987986 0.059186380 -15.049687386 0.937796354 -0.000775004 -0.347184777 220.744155884
-0.303712249 0.064922519 -0.950549364 132.776153564 0.020162081 0.997890234 0.061713874 -15.021535873 0.952550530 -0.000421794 -0.304380536 220.592758179
-0.265656233 0.062146764 -0.962062836 132.221405029 0.014269853 0.998064280 0.060532015 -14.997187614 0.963962376 0.002352206 -0.266028881 220.460418701
-0.230325937 0.056977823 -0.971444011 131.654724121 0.012077712 0.998374820 0.055693805 -14.962240219 0.973038554 0.001094911 -0.230639815 220.335632324
-0.199469686 0.053587969 -0.978437722 131.061904907 0.014326016 0.998556316 0.051769268 -14.929141998 0.979799390 -0.003690720 -0.199949384 220.240066528
-0.172492385 0.051950462 -0.983639956 130.448699951 0.019363588 0.998594105 0.049344636 -14.897359848 0.984820485 -0.010535229 -0.173255801 220.158752441
-0.148299932 0.052560065 -0.987544894 129.802078247 0.022649895 0.998505235 0.049742077 -14.859973907 0.988683164 -0.014991048 -0.149268746 220.077072144
-0.126472712 0.053740282 -0.990513384 129.201416016 0.025374409 0.998379946 0.050927185 -14.834157944 0.991645515 -0.018692797 -0.127631426 220.005218506
-0.109008670 0.053355813 -0.992607951 128.533157349 0.023806607 0.998412132 0.051053364 -14.804886818 0.993755817 -0.018065371 -0.110105872 219.943298340
-0.093781233 0.053879134 -0.994133890 127.837554932 0.025434926 0.998338342 0.051707610 -14.766731262 0.995267928 -0.020436516 -0.094995856 219.888061523
-0.081518531 0.055050947 -0.995150328 127.140792847 0.026509812 0.998239875 0.053050291 -14.725532532 0.996319234 -0.022056669 -0.082834482 219.835754395
-0.071684599 0.058042794 -0.995737195 126.413635254 0.030172810 0.997974694 0.056001045 -14.686422348 0.996971011 -0.026029781 -0.073290706 219.789031982
-0.063914180 0.060544655 -0.996117115 125.665298462 0.030755602 0.997803330 0.058673762 -14.656931877 0.997481346 -0.026886094 -0.065635920 219.748229980
-0.056546688 0.059591919 -0.996619999 124.907119751 0.027991056 0.997919381 0.058081448 -14.615604401 0.998007596 -0.024612131 -0.058097124 219.697540283
-0.048697710 0.055273194 -0.997283161 124.112869263 0.030017959 0.998097599 0.053852562 -14.566609383 0.998362541 -0.027313918 -0.050264239 219.662567139
-0.041496396 0.050579496 -0.997857749 123.291580200 0.034870990 0.998182714 0.049145851 -14.522793770 0.998530090 -0.032756917 -0.043184757 219.640609741
-0.034515977 0.043338683 -0.998464108 122.454071045 0.036040399 0.998463452 0.042092778 -14.483565331 0.998754144 -0.034532174 -0.036024928 219.605163574
-0.030253291 0.038454771 -0.998802304 121.607711792 0.040195808 0.998498142 0.037225552 -14.444991112 0.998733759 -0.039021473 -0.031753540 219.581893921
-0.028852224 0.036836207 -0.998904824 120.739059448 0.043780215 0.998408377 0.035553362 -14.410462379 0.998624563 -0.042706471 -0.030418992 219.571716309
-0.026499391 0.040240314 -0.998838603 119.825378418 0.043360490 0.998295307 0.039068062 -14.373584747 0.998708010 -0.042274851 -0.028199077 219.535522461
-0.025913835 0.046761416 -0.998569965 118.911697388 0.039490268 0.998173535 0.045718048 -14.334149361 0.998883963 -0.038249068 -0.027713180 219.501464844
-0.026293755 0.056328285 -0.998066008 117.962463379 0.037029047 0.997780859 0.055336673 -14.289294243 0.998968244 -0.035502426 -0.028321147 219.465530396
-0.027318239 0.062900841 -0.997645855 116.975265503 0.035243627 0.997458398 0.061923958 -14.249489784 0.999005318 -0.033469003 -0.029465675 219.443054199
-0.026557446 0.061295461 -0.997766435 116.010848999 0.034597274 0.997576714 0.060362950 -14.198119164 0.999048531 -0.032916915 -0.028613806 219.406555176
-0.026870608 0.052238442 -0.998273194 115.053253174 0.037493266 0.997983634 0.051214091 -14.149409294 0.998935699 -0.036052372 -0.028775096 219.378631592
-0.026798964 0.046490669 -0.998559356 114.062210083 0.039495923 0.998187184 0.045413382 -14.101199150 0.998860478 -0.038221993 -0.028586507 219.352935791
-0.026289821 0.045606073 -0.998613596 113.074874878 0.042124871 0.998121977 0.044474639 -14.064115524 0.998766482 -0.040897239 -0.028161645 219.325653076
-0.027305484 0.049662907 -0.998392701 112.067153931 0.045041908 0.997811854 0.048402138 -14.030268669 0.998611867 -0.043647867 -0.029482722 219.306091309
-0.028522611 0.051529020 -0.998264313 111.070373535 0.044096045 0.997763097 0.050243244 -13.989156723 0.998620272 -0.042586442 -0.030730963 219.268463135
-0.030889869 0.057154633 -0.997887552 110.060089111 0.045471363 0.997410476 0.055719752 -13.942650795 0.998488128 -0.043654133 -0.033408761 219.239379883
-0.034375906 0.063332111 -0.997400463 109.065002441 0.046634186 0.997004688 0.061699718 -13.895514488 0.998320520 -0.044391971 -0.037226439 219.201049805
-0.037711143 0.066916123 -0.997045696 108.044570923 0.044502687 0.996877968 0.065221645 -13.845230103 0.998297274 -0.041911628 -0.040571332 219.151428223
-0.041072130 0.060783971 -0.997305632 107.044448853 0.043765310 0.997299254 0.058981199 -13.798236847 0.998197317 -0.041224908 -0.043621421 219.106872559
-0.044531703 0.054995153 -0.997493148 106.059677124 0.044548098 0.997599721 0.053012248 -13.749615669 0.998014271 -0.042075701 -0.046874762 219.051147461
-0.047599196 0.052247819 -0.997499228 105.066741943 0.044557329 0.997748017 0.050134655 -13.706745148 0.997872293 -0.042059533 -0.049819946 218.995788574
-0.049713492 0.056754101 -0.997149706 104.069335938 0.047416721 0.997392535 0.054403935 -13.667413712 0.997637331 -0.044576958 -0.052274942 218.936676025
-0.052262783 0.063691378 -0.996600270 103.073120117 0.047517966 0.996992290 0.061224546 -13.625477791 0.997502267 -0.044156659 -0.055132031 218.877777100
-0.054560065 0.067712091 -0.996212125 102.071075439 0.047862254 0.996728539 0.065125920 -13.577605247 0.997362912 -0.044127692 -0.057622433 218.820098877
-0.055811644 0.065319367 -0.996302545 101.083587646 0.048576634 0.996853650 0.062634319 -13.530467987 0.997259080 -0.044901308 -0.058809042 218.760070801
-0.055879593 0.059792478 -0.996645570 100.110351562 0.047406752 0.997238278 0.057170056 -13.483347893 0.997311473 -0.044053093 -0.058559775 218.696105957
-0.056315422 0.054913975 -0.996901810 99.132553101 0.048157595 0.997473478 0.052225031 -13.443329811 0.997251034 -0.045067318 -0.058817625 218.634796143
-0.056326151 0.049058814 -0.997206330 98.166397095 0.050276767 0.997664273 0.046241503 -13.411130905 0.997145653 -0.047531705 -0.058661103 218.581542969
-0.055963397 0.045027602 -0.997416973 97.195281982 0.050263006 0.997842968 0.042226661 -13.374198914 0.997166872 -0.047770031 -0.058105946 218.526947021
-0.054302216 0.050047699 -0.997269571 96.195098877 0.051796179 0.997539699 0.047240913 -13.330878258 0.997180283 -0.049089469 -0.056760907 218.463577271
-0.053136230 0.057786528 -0.996913850 95.217147827 0.055446532 0.996954858 0.054833561 -13.294632912 0.997046769 -0.052361768 -0.056178451 218.412719727
-0.051537275 0.059949324 -0.996870100 94.243087769 0.055551089 0.996823251 0.057074565 -13.257313728 0.997124851 -0.052435748 -0.054703832 218.359497070
-0.050737858 0.057753164 -0.997040868 93.278991699 0.053587731 0.997045875 0.055026472 -13.209107399 0.997273445 -0.050637234 -0.053682923 218.307266235
-0.049692154 0.056761026 -0.997150540 92.324600220 0.058296368 0.996846497 0.053838588 -13.174311638 0.997061968 -0.055454899 -0.052844405 218.259704590
-0.048830271 0.054852039 -0.997299969 91.368820190 0.059721358 0.996864736 0.051904008 -13.134984970 0.997020185 -0.057025619 -0.051953077 218.211791992
-0.047389388 0.052839674 -0.997478068 90.415512085 0.059424378 0.996980309 0.049990121 -13.096610069 0.997107446 -0.056905515 -0.050386190 218.154907227
-0.047934771 0.055048335 -0.997332454 89.462554932 0.062704086 0.996676683 0.051998403 -13.059526443 0.996880412 -0.060044296 -0.051227212 218.111740112
-0.049391627 0.060857642 -0.996923685 88.512817383 0.066437058 0.996131420 0.057517726 -13.016127586 0.996567428 -0.063391790 -0.053243756 218.067306519
-0.050725937 0.063161246 -0.996713459 87.566452026 0.065224074 0.996077120 0.059801470 -12.976952553 0.996580601 -0.061976228 -0.054646611 218.012603760
-0.051611781 0.061983626 -0.996742010 86.622070312 0.064592101 0.996189415 0.058604673 -12.935673714 0.996576369 -0.061356962 -0.055418730 217.960144043
-0.053213477 0.062417049 -0.996630609 85.690826416 0.064328365 0.996185839 0.058954496 -12.889130592 0.996509075 -0.060974445 -0.057025671 217.907623291
-0.053761721 0.066408537 -0.996343076 84.741729736 0.062154256 0.996073902 0.063036807 -12.844937325 0.996617496 -0.058537997 -0.057678223 217.849304199
-0.054907680 0.068583786 -0.996133208 83.825851440 0.059413835 0.996094942 0.065306202 -12.806614876 0.996722162 -0.055598278 -0.058768153 217.792510986
-0.056188345 0.066266254 -0.996218681 82.917648315 0.058667772 0.996290028 0.062962048 -12.753548622 0.996695042 -0.054908197 -0.059867501 217.742889404
-0.056381702 0.065154321 -0.996281147 82.033355713 0.059919052 0.996290565 0.061763991 -12.717938423 0.996609688 -0.056213863 -0.060076594 217.686309814
-0.057119727 0.064802982 -0.996262074 81.164306641 0.061033808 0.996251404 0.061302990 -12.676877022 0.996500134 -0.057304062 -0.060860753 217.638153076
-0.056951404 0.063555852 -0.996352077 80.321441650 0.059214659 0.996429861 0.060176127 -12.636539459 0.996619523 -0.055571534 -0.060511470 217.584838867
-0.057246327 0.062777542 -0.996384501 79.499053955 0.058335830 0.996526182 0.059434853 -12.602770805 0.996654451 -0.054722492 -0.060709596 217.533508301
-0.057462931 0.063531809 -0.996324182 78.697174072 0.058867447 0.996452332 0.060144816 -12.570258141 0.996610641 -0.055194970 -0.060999036 217.480560303
-0.057504058 0.065909505 -0.996167243 77.909347534 0.056870263 0.996414363 0.062642999 -12.531871796 0.996724129 -0.053050064 -0.061046243 217.436614990
-0.056228042 0.067422673 -0.996138871 77.160964966 0.054670423 0.996428311 0.064356342 -12.500912666 0.996920049 -0.050840706 -0.059713244 217.384689331
-0.053880572 0.068550795 -0.996191561 76.425323486 0.053489167 0.996406555 0.065672547 -12.466345787 0.997113705 -0.049746983 -0.057353616 217.345565796
-0.050568342 0.070326909 -0.996241391 75.726440430 0.054850142 0.996207714 0.067540385 -12.430142403 0.997213244 -0.051228583 -0.054234028 217.312744141
-0.046732545 0.072161600 -0.996297657 75.064117432 0.056834076 0.995963633 0.069471553 -12.396697044 0.997289419 -0.053377077 -0.050645113 217.278244019
-0.043920040 0.073732480 -0.996310532 74.420364380 0.056673616 0.995850742 0.071200132 -12.363258362 0.997426271 -0.053337410 -0.047916532 217.254974365
-0.040000439 0.074885651 -0.996389687 73.810821533 0.056547672 0.995759130 0.072568156 -12.346182823 0.997598469 -0.053440772 -0.044065356 217.241363525
-0.034208417 0.073355019 -0.996719182 73.235260010 0.055912986 0.995881259 0.071374379 -12.315240860 0.997849643 -0.053287942 -0.038169026 217.218109131
-0.028105497 0.070544377 -0.997112751 72.689987183 0.056962412 0.995998800 0.068859994 -12.288154602 0.997980773 -0.054862607 -0.032011390 217.211914062
-0.021476388 0.067230098 -0.997506499 72.183395386 0.057872705 0.996147037 0.065892488 -12.259785652 0.998093128 -0.056313269 -0.025284529 217.204391479
-0.012776256 0.065116592 -0.997795999 71.679351807 0.060076632 0.996124625 0.064238280 -12.237835884 0.998112142 -0.059123497 -0.016638756 217.193817139
-0.003179908 0.064460821 -0.997915328 71.202499390 0.059133563 0.996186018 0.064160712 -12.209685326 0.998245180 -0.058806267 -0.006979585 217.205780029
0.010875404 0.064588770 -0.997852862 70.722610474 0.054228663 0.996405065 0.065086104 -12.183831215 0.998469472 -0.054820068 0.007333755 217.199859619
0.027262926 0.063841060 -0.997587681 70.255355835 0.049504690 0.996647835 0.065133825 -12.155673027 0.998401761 -0.051161006 0.024011135 217.221939087
0.047473192 0.063186079 -0.996872127 69.787643433 0.045883909 0.996805787 0.065366976 -12.126084328 0.997818232 -0.048843570 0.044422328 217.250152588
0.071438789 0.063322052 -0.995433092 69.324813843 0.044292711 0.996797025 0.066587560 -12.109904289 0.996461213 -0.048847370 0.068405271 217.293334961
0.098414242 0.062293712 -0.993193984 68.877578735 0.044528026 0.996763587 0.066929832 -12.088231087 0.994148910 -0.050811820 0.095321953 217.356826782
0.129653692 0.059705667 -0.989760280 68.430465698 0.042914629 0.996912301 0.065758720 -12.059032440 0.990630329 -0.051001057 0.126691163 217.422790527
0.163691163 0.057098351 -0.984857857 67.986694336 0.038170613 0.997209430 0.064158708 -12.033969879 0.985772908 -0.048094843 0.161054850 217.504882812
0.201363564 0.053526983 -0.978053033 67.531066895 0.032512061 0.997590363 0.061289884 -11.998790741 0.978976905 -0.044140071 0.199138105 217.590728760
0.240420163 0.053392321 -0.969199300 67.100463867 0.025881015 0.997778475 0.061386775 -11.988987923 0.970323741 -0.039842483 0.238504231 217.709945679
0.282305896 0.052518941 -0.957885861 66.671737671 0.018973975 0.997999310 0.060310256 -11.954460144 0.959136903 -0.035200845 0.280744612 217.830993652
0.322365880 0.051582526 -0.945208728 66.305557251 0.014047781 0.998143613 0.059262358 -11.938608170 0.946510971 -0.032382250 0.321042836 218.002914429
0.364823043 0.048630130 -0.929806113 65.902450562 0.008122254 0.998430848 0.055406190 -11.917387009 0.931041539 -0.027765580 0.363855600 218.177261353
0.407475591 0.046046920 -0.912054420 65.512786865 -0.002490280 0.998780251 0.049312878 -11.888454437 0.913212717 -0.017822526 0.407093287 218.368209839
0.450735450 0.044084288 -0.891568363 65.120796204 -0.005897623 0.998905063 0.046410073 -11.871873856 0.892638087 -0.015660532 0.450501919 218.587493896
0.493316114 0.043159749 -0.868778825 64.730247498 -0.005073506 0.998894095 0.046742830 -11.840864182 0.869835436 -0.018651240 0.492989480 218.844238281
0.535776258 0.043481529 -0.843239784 64.341156006 -0.003763245 0.998786211 0.049111184 -11.823612213 0.844351709 -0.023139291 0.535289526 219.126174927
0.577619195 0.046925988 -0.814956486 63.958641052 -0.007623734 0.998612881 0.052097607 -11.801129341 0.816270769 -0.023879567 0.577175736 219.428878784
0.619082808 0.049149122 -0.783786237 63.576568604 -0.011041007 0.998485744 0.053891484 -11.775701523 0.785248101 -0.024709506 0.618688047 219.749710083
0.658470273 0.052398533 -0.750780523 63.268089294 -0.016627969 0.998342752 0.055092897 -11.775110245 0.752423108 -0.023793075 0.658250272 220.066909790
0.697018147 0.051825471 -0.715178251 62.938896179 -0.019698083 0.998392224 0.053150706 -11.759136200 0.716782928 -0.022959366 0.696918309 220.432510376
0.734707355 0.052061792 -0.676383555 62.616901398 -0.025843812 0.998475075 0.048781149 -11.739452362 0.677891731 -0.018359538 0.734932423 220.815567017
0.769328356 0.050035883 -0.636891186 62.328453064 -0.031159459 0.998680532 0.040820174 -11.726173401 0.638093352 -0.011558934 0.769872308 221.212173462
0.801254869 0.047600839 -0.596426725 62.052894592 -0.036173549 0.998860776 0.031122651 -11.711800575 0.597228706 -0.003362307 0.802063942 221.623840332
0.830526114 0.039787933 -0.555556774 61.823417664 -0.031174298 0.999202311 0.024957173 -11.697793961 0.556106627 -0.003408492 0.831103981 222.066101074
0.859083891 0.028697109 -0.511029720 61.586585999 -0.020967249 0.999562025 0.020883160 -11.686620712 0.511405170 -0.007225500 0.859309316 222.485305786
0.881757438 0.021848248 -0.471196860 61.388076782 -0.014574208 0.999711692 0.019081268 -11.679533958 0.471477926 -0.009957732 0.881821692 222.950302124
0.901552439 0.021645978 -0.432128131 61.194869995 -0.014684391 0.999703169 0.019440543 -11.676809311 0.432420671 -0.011181131 0.901602685 223.421417236
0.918693781 0.024889233 -0.394185632 61.016822815 -0.018446311 0.999627292 0.020126168 -11.678224564 0.394539624 -0.011218513 0.918810427 223.895568848
0.934059560 0.026046336 -0.356166214 60.852901459 -0.020370627 0.999598861 0.019677635 -11.674489975 0.356535852 -0.011124754 0.934215426 224.374450684
0.947346270 0.022016846 -0.319453210 60.719715118 -0.016429754 0.999661446 0.020174246 -11.675463676 0.319789231 -0.013863459 0.947387278 224.865310669
0.958860576 0.017761851 -0.283321291 60.586631775 -0.012976543 0.999739826 0.018757982 -11.668083191 0.283580750 -0.014309759 0.958841562 225.377151489
0.968251348 0.018775964 -0.249272481 60.479423523 -0.015163040 0.999750435 0.016406324 -11.669212341 0.249518320 -0.012105716 0.968294382 225.877502441
0.975882590 0.022583509 -0.217124820 60.377388000 -0.020350428 0.999714553 0.012515544 -11.664499283 0.217345491 -0.007795118 0.976063609 226.384414673
0.982235193 0.020962244 -0.186479419 60.299198151 -0.019841440 0.999772131 0.007874900 -11.671487808 0.186601996 -0.004034984 0.982427299 226.887207031
0.987458289 0.014058304 -0.157252803 60.238819122 -0.014131650 0.999899924 0.000651697 -11.674102783 0.157246232 0.001578718 0.987558186 227.414077759
0.991512239 0.010016245 -0.129627004 60.193656921 -0.010820949 0.999926269 -0.005504995 -11.679253578 0.129562303 0.006860957 0.991547525 227.932266235
0.994534016 0.008343119 -0.104079418 60.155128479 -0.009242726 0.999923944 -0.008164152 -11.680581093 0.104003385 0.009081503 0.994535506 228.458160400
0.996523798 0.009482590 -0.082767382 60.120067596 -0.010108884 0.999923348 -0.007151131 -11.683495522 0.082693227 0.007962958 0.996543229 228.986831665
0.997754157 0.006172441 -0.066697799 60.097183228 -0.006368291 0.999976039 -0.002724166 -11.685905457 0.066679381 0.003142798 0.997769475 229.517822266
0.998453259 0.003705323 -0.055473488 60.082942963 -0.003506382 0.999987066 0.003683137 -11.694337845 0.055486418 -0.003482928 0.998453379 230.067108154
0.998926342 0.003190361 -0.046217170 60.063716888 -0.002790068 0.999958038 0.008723064 -11.703143120 0.046243060 -0.008584750 0.998893321 230.600891113
0.999191403 0.007022423 -0.039588798 60.039394379 -0.006574241 0.999912977 0.011439756 -11.711800575 0.039665688 -0.011170239 0.999150574 231.142272949
0.999354541 0.007643614 -0.035101000 60.015796661 -0.007238646 0.999905944 0.011649853 -11.712513924 0.035186745 -0.011388250 0.999315858 231.692520142
0.999373198 -0.000934689 -0.035387821 60.005714417 0.001377315 0.999921083 0.012485533 -11.712911606 0.035373360 -0.012526448 0.999295652 232.229598999
0.999112427 -0.009963621 -0.040928315 59.998817444 0.010440524 0.999879897 0.011454964 -11.710903168 0.040809266 -0.011872110 0.999096394 232.770858765
0.998646796 -0.013315118 -0.050271694 59.966484070 0.013837782 0.999853611 0.010063090 -11.718380928 0.050130341 -0.010745122 0.998684883 233.296279907
0.997939348 -0.012983669 -0.062836483 59.923168182 0.013592538 0.999864638 0.009271965 -11.715903282 0.062707596 -0.010106967 0.997980773 233.834564209
0.996851861 -0.013862424 -0.078065604 59.862094879 0.014618970 0.999851465 0.009128014 -11.720953941 0.077927470 -0.010240516 0.996906459 234.363815308
0.995057106 -0.016907610 -0.097854376 59.806797028 0.017717693 0.999815524 0.007415360 -11.727182388 0.097710952 -0.009112461 0.995173097 234.900131226
0.992330849 -0.020560049 -0.121888541 59.753280640 0.021708781 0.999731481 0.008103835 -11.723488808 0.121689193 -0.010687738 0.992510736 235.408721924
0.988730848 -0.017726168 -0.148650929 59.649818420 0.019726042 0.999733508 0.011989843 -11.728023529 0.148398772 -0.014787022 0.988817036 235.927703857
0.983630002 -0.013314693 -0.179707438 59.525974274 0.016387912 0.999743581 0.015627416 -11.729053497 0.179453284 -0.018316625 0.983595967 236.447357178
0.976353109 -0.010854502 -0.215909183 59.391311646 0.014498283 0.999777853 0.015299737 -11.734912872 0.215695158 -0.018068258 0.976293564 236.947189331
0.966852665 -0.007584766 -0.255222172 59.227493286 0.011325422 0.999848843 0.013190058 -11.745479584 0.255083561 -0.015643341 0.966792464 237.429504395
0.954280555 -0.003569169 -0.298891068 59.057826996 0.007149443 0.999915183 0.010885935 -11.739190102 0.298826873 -0.012525140 0.954225123 237.895645142
0.938650846 0.002257884 -0.344861537 58.846294403 0.001148551 0.999952555 0.009673057 -11.739618301 0.344867021 -0.009475715 0.938603759 238.351486206
0.919181287 0.012209041 -0.393645436 58.618293762 -0.009936394 0.999920130 0.007810884 -11.735581398 0.393709362 -0.003268202 0.919229150 238.782455444
0.895558715 0.025417643 -0.444216818 58.363594055 -0.024168288 0.999671996 0.008476007 -11.734872818 0.444286525 0.003145198 0.895879209 239.176086426
0.867339909 0.039413694 -0.496153295 58.076789856 -0.038040753 0.999193251 0.012874321 -11.730516434 0.496260434 0.007707632 0.868139505 239.576568604
0.835244715 0.049395353 -0.547655404 57.773197174 -0.048043191 0.998703897 0.016805291 -11.723896027 0.547775686 0.012274578 0.836535215 239.950759888
0.798575878 0.056645755 -0.599222779 57.455982208 -0.053859077 0.998292923 0.022593426 -11.717955589 0.599479675 0.014231017 0.800263524 240.305709839
0.758009791 0.061798364 -0.649308920 57.113536835 -0.052320197 0.998054445 0.033911299 -11.703330994 0.650141299 0.008266877 0.759768367 240.667022705
0.714300573 0.068855889 -0.696443498 56.741230011 -0.051541932 0.997621477 0.045769226 -11.684579849 0.697938502 0.003203062 0.716150582 240.994476318
0.667796612 0.076154880 -0.740437746 56.351234436 -0.050105736 0.997095287 0.057362318 -11.661460876 0.742655396 -0.001206183 0.669672668 241.295211792
0.618403077 0.084590144 -0.781295180 55.942222595 -0.054985017 0.996410847 0.064359330 -11.633432388 0.783935130 0.003159513 0.620834708 241.556732178
0.567669153 0.086232170 -0.818728149 55.539741516 -0.054155603 0.996256471 0.067381211 -11.610778809 0.821473598 0.006088485 0.570214033 241.750350952
0.511528850 0.079874583 -0.855545640 55.115066528 -0.046990912 0.996780515 0.064964652 -11.580995560 0.857980311 0.006971574 0.513635337 241.964904785
0.453232527 0.069532059 -0.888676405 54.677352905 -0.032515075 0.997579157 0.061469898 -11.542087555 0.890799165 0.001035214 0.454396188 242.166229248
0.393784881 0.063216269 -0.917026281 54.210845947 -0.020920785 0.997990310 0.059813917 -11.506953239 0.918964505 -0.004368908 0.394316018 242.330734253
0.334069312 0.064223215 -0.940357924 53.746017456 -0.016364262 0.997920752 0.062341027 -11.478654861 0.942406476 -0.005437962 0.334425628 242.465362549
0.278634548 0.067872941 -0.957995951 53.252380371 -0.016721923 0.997691274 0.065821722 -11.450556755 0.960251689 -0.002320675 0.279126167 242.560333252
0.227136254 0.070672862 -0.971295357 52.749771118 -0.017889015 0.997497857 0.068396077 -11.421194077 0.973698735 0.001840275 0.227832198 242.635925293
0.179111063 0.070349514 -0.981310487 52.232040405 -0.017474329 0.997510314 0.068321422 -11.390645981 0.983673692 0.004910622 0.179894388 242.699157715
0.135023057 0.068661168 -0.988460720 51.719070435 -0.014411732 0.997626722 0.067329235 -11.356639862 0.990737736 0.005154422 0.135692120 242.740371704
0.095920920 0.065689981 -0.993219137 51.201446533 -0.012024683 0.997823656 0.064833224 -11.327611923 0.995316505 0.005724270 0.096502066 242.766906738
0.064141452 0.062506221 -0.995981455 50.699996948 -0.012498201 0.998008549 0.061828554 -11.302207947 0.997862637 0.008482202 0.064794898 242.762039185
0.037871242 0.060235932 -0.997465491 50.170394897 -0.016539752 0.998082578 0.059645228 -11.272724152 0.999145746 0.014238993 0.038794935 242.753234863
0.018473685 0.058232505 -0.998132229 49.628051758 -0.020557487 0.998113573 0.057850938 -11.245380402 0.999618113 0.019450365 0.019635916 242.734054565
0.003860056 0.056490187 -0.998395741 49.057205200 -0.022442827 0.998156548 0.056389887 -11.216158867 0.999740720 0.022189151 0.005120695 242.716217041
-0.008945346 0.054691717 -0.998463213 48.502273560 -0.020949783 0.998273730 0.054869030 -11.182592392 0.999740541 0.021408413 -0.007784128 242.718627930
-0.018503785 0.052747834 -0.998436511 47.909805298 -0.019098863 0.998406529 0.053100206 -11.150106430 0.999646425 0.020051546 -0.017466784 242.701919556
-0.023912907 0.051915672 -0.998365223 47.292343140 -0.019472452 0.998437047 0.052385814 -11.119976997 0.999524474 0.020693310 -0.022864699 242.675155640
-0.026787877 0.051894948 -0.998293340 46.656890869 -0.020944716 0.998403192 0.052462686 -11.085170746 0.999421835 0.022314321 -0.025658131 242.650299072
-0.027708411 0.052676164 -0.998227239 46.013397217 -0.022301272 0.998329461 0.053300593 -11.062021255 0.999367297 0.023738606 -0.026487350 242.626190186
-0.027032137 0.053583089 -0.998197556 45.327941895 -0.021912957 0.998290658 0.054181512 -11.030618668 0.999394536 0.023338092 -0.025811791 242.611541748
-0.026008844 0.053783335 -0.998214066 44.632675171 -0.020611981 0.998310506 0.054325588 -10.996478081 0.999449372 0.021988101 -0.024856329 242.593704224
-0.024827600 0.052157514 -0.998330295 43.919860840 -0.017674904 0.998459041 0.052603804 -10.959678650 0.999535620 0.018951410 -0.023867488 242.577865601
-0.023818016 0.049693480 -0.998480618 43.186630249 -0.014518187 0.998641312 0.050047800 -10.919580460 0.999611080 0.015688157 -0.023064137 242.563308716
-0.022855997 0.048529483 -0.998560250 42.412246704 -0.013295057 0.998718083 0.048841465 -10.876224518 0.999650419 0.014392233 -0.022181511 242.545379639
-0.022439599 0.047848385 -0.998602569 41.638015747 -0.013578732 0.998747289 0.048160449 -10.837217331 0.999656022 0.014640456 -0.021761775 242.530120850
-0.022277713 0.047944341 -0.998601615 40.835067749 -0.013325288 0.998746455 0.048248570 -10.798748970 0.999663115 0.014381523 -0.021610975 242.510330200
-0.021496534 0.048974853 -0.998568654 40.020568848 -0.011321018 0.998723507 0.049226157 -10.758687973 0.999704778 0.012363004 -0.020914555 242.481094360
-0.020911455 0.049404595 -0.998560071 39.184051514 -0.007671644 0.998740971 0.049574211 -10.731805801 0.999752104 0.008697255 -0.020506144 242.467117310
-0.020779967 0.048384015 -0.998612702 38.332595825 -0.005599960 0.998807013 0.048509959 -10.690292358 0.999768436 0.006600224 -0.020484209 242.446731567
-0.021696568 0.047931999 -0.998615086 37.474548340 -0.003677107 0.998839498 0.048022665 -10.650201797 0.999758005 0.004713932 -0.021495223 242.427307129
-0.023569584 0.049545296 -0.998493850 36.586059570 -0.002493957 0.998765171 0.049617637 -10.607809067 0.999719203 0.003659661 -0.023416877 242.402282715
-0.026042223 0.052491620 -0.998281777 35.665451050 0.000207328 0.998620689 0.052504033 -10.572484970 0.999660850 0.001160349 -0.026017189 242.373489380
-0.029095531 0.054194514 -0.998106539 34.744537354 0.001622986 0.998530388 0.054170225 -10.527193069 0.999575436 -0.000043808 -0.029140830 242.341964722
-0.032794595 0.051949602 -0.998111129 33.812438965 0.001684791 0.998649716 0.051922280 -10.488966942 0.999460757 0.000021161 -0.032837868 242.312255859
-0.035801172 0.047051787 -0.998250782 32.852340698 0.000231621 0.998891413 0.047073677 -10.442420959 0.999359012 0.001454066 -0.035772324 242.265121460
-0.038433671 0.043583911 -0.998310208 31.886062622 0.001062048 0.999049604 0.043575298 -10.397291183 0.999260604 0.000614508 -0.038443446 242.223052979
-0.040728092 0.046153121 -0.998103797 30.902023315 0.002011845 0.998934388 0.046109434 -10.353649139 0.999168277 -0.000130085 -0.040777564 242.182983398
-0.042136073 0.052460704 -0.997733831 29.892105103 0.003339509 0.998622358 0.052366398 -10.304422379 0.999106526 -0.001125438 -0.042253256 242.132339478
-0.043226123 0.058109969 -0.997373879 28.851501465 0.006675677 0.998301506 0.057874687 -10.265404701 0.999042988 -0.004156450 -0.043540597 242.087112427
-0.044153571 0.058832884 -0.997290969 27.819671631 0.009374945 0.998244882 0.058474105 -10.206240654 0.998980880 -0.006767711 -0.044627666 242.040679932
-0.045291781 0.056825548 -0.997356415 26.758972168 0.009055398 0.998363137 0.056471694 -10.150348663 0.998932898 -0.006473760 -0.045732260 241.986053467
-0.045723796 0.054793499 -0.997450292 25.701202393 0.007919192 0.998483062 0.054487213 -10.102901459 0.998922765 -0.005407636 -0.046088457 241.923248291
-0.046007156 0.053275872 -0.997519433 24.604156494 0.007008403 0.998569429 0.053008713 -10.043384552 0.998916566 -0.004552235 -0.046314716 241.876983643
-0.045437574 0.053421210 -0.997537851 23.523300171 0.003014181 0.998571873 0.053339295 -9.992858887 0.998962700 -0.000583158 -0.045533657 241.815582275
-0.044937611 0.051610932 -0.997655869 22.433227539 -0.001654533 0.998659372 0.051737379 -9.947532654 0.998988569 0.003975603 -0.044791937 241.754058838
-0.044754267 0.050606612 -0.997715414 21.343582153 -0.003476856 0.998702168 0.050812624 -9.899322510 0.998991966 0.005742993 -0.044520259 241.699417114
-0.044222355 0.050205972 -0.997759402 20.258392334 -0.005231557 0.998711109 0.050485734 -9.854359627 0.999008060 0.007452428 -0.043902636 241.643447876
-0.043258548 0.050914358 -0.997765660 19.179367065 -0.004158418 0.998682737 0.051141445 -9.820257187 0.999055207 0.006361434 -0.042989850 241.594985962
-0.042934775 0.050850917 -0.997783065 18.105606079 -0.002940614 0.998693109 0.051023837 -9.775576591 0.999073684 0.005124785 -0.042729139 241.547790527
-0.042302608 0.052615456 -0.997718573 17.013534546 0.000368590 0.998613119 0.052647009 -9.735992432 0.999104917 0.001859347 -0.042263269 241.496627808
-0.041864276 0.054386262 -0.997642040 15.932052612 0.008679699 0.998499513 0.054068781 -9.690440178 0.999085665 -0.006395683 -0.042273521 241.458282471
-0.042349458 0.053998772 -0.997642517 14.854995728 0.010565555 0.998506725 0.053597040 -9.642067909 0.999046981 -0.008270838 -0.042856812 241.416778564
-0.043218613 0.053865857 -0.997612476 13.773864746 0.013667771 0.998483896 0.053320792 -9.594360352 0.998972178 -0.011330687 -0.043889284 241.358825684
-0.046037316 0.056161121 -0.997359753 12.708816528 0.016363360 0.998326778 0.055460256 -9.549981117 0.998805702 -0.013766914 -0.046879292 241.315475464
-0.049290061 0.060714323 -0.996937573 11.635955811 0.013485628 0.998100162 0.060118385 -9.505582809 0.998693585 -0.010481095 -0.050015211 241.260070801
-0.051656723 0.063103877 -0.996669233 10.572784424 0.011616929 0.997972071 0.062584274 -9.454965591 0.998597324 -0.008345338 -0.052285075 241.181610107
-0.055049300 0.062012743 -0.996556103 9.501907349 0.007782022 0.998065829 0.061676815 -9.404962540 0.998453319 -0.004359957 -0.055425406 241.116058350
-0.057240844 0.057488598 -0.996703982 8.439666748 0.005082658 0.998344541 0.057291336 -9.349721909 0.998347580 -0.001786503 -0.057438374 241.046264648
-0.058881521 0.053948171 -0.996806264 7.399627686 0.001376893 0.998542130 0.053960789 -9.302536011 0.998264134 0.001804793 -0.058869958 240.970672607
-0.060171843 0.053382318 -0.996759593 6.361450195 -0.000264128 0.998568058 0.053495120 -9.267337799 0.998187959 0.003482178 -0.060071588 240.902099609
-0.061591148 0.055007838 -0.996584535 5.332717896 -0.003168492 0.998464346 0.055307418 -9.222860336 0.998096466 0.006564118 -0.061322212 240.829040527
-0.062337041 0.059372187 -0.996287644 4.303771973 -0.005970989 0.998188972 0.059859097 -9.181766510 0.998037338 0.009680263 -0.061869740 240.754180908
-0.063534617 0.061237153 -0.996099174 3.299789429 -0.010623975 0.998017550 0.062032726 -9.136432648 0.997923195 0.014523755 -0.062758088 240.676010132
-0.064456344 0.060909342 -0.996060073 2.299102783 -0.014868886 0.997966111 0.061988089 -9.092279434 0.997809887 0.018805820 -0.063419580 240.604370117
-0.065890193 0.058767181 -0.996095002 1.322998047 -0.021209415 0.997956157 0.060279958 -9.047883987 0.997601628 0.025098434 -0.064509153 240.528182983
-0.066139817 0.058822613 -0.996075034 0.363021851 -0.024382455 0.997867465 0.060547467 -9.004005432 0.997512460 0.028291348 -0.064564466 240.454406738
-0.066535115 0.058348037 -0.996076643 -0.577880859 -0.028005274 0.997786224 0.060318854 -8.964633942 0.997391045 0.031908717 -0.064753771 240.379348755
-0.066365957 0.058215629 -0.996095777 -1.501922607 -0.031128023 0.997689843 0.060382731 -8.930072784 0.997309804 0.035013840 -0.064400554 240.305206299
-0.066348672 0.058304884 -0.996091723 -2.410430908 -0.032998409 0.997617006 0.060592160 -8.892023087 0.997250855 0.036889635 -0.064266562 240.239059448
-0.065662384 0.060223736 -0.996023059 -3.299667358 -0.033625022 0.997476578 0.062528342 -8.850909233 0.997275352 0.037597042 -0.063471675 240.168823242
-0.066015959 0.061981283 -0.995891690 -4.184112549 -0.034117728 0.997345090 0.064333349 -8.810983658 0.997235119 0.038224589 -0.063726068 240.115402222
-0.065940619 0.061566155 -0.995922565 -5.024581909 -0.034914833 0.997341156 0.063965589 -8.776717186 0.997212648 0.038990386 -0.063615799 240.053100586
-0.066004038 0.060720317 -0.995970070 -5.849151611 -0.034881800 0.997396231 0.063118920 -8.740662575 0.997209430 0.038907342 -0.063714147 239.997512817
-0.066403747 0.059662994 -0.996007502 -6.651641846 -0.032488931 0.997552097 0.061921556 -8.704056740 0.997263789 0.036471043 -0.064302802 239.950729370
-0.066870689 0.059528444 -0.995984316 -7.415023804 -0.032507375 0.997558713 0.061805099 -8.670096397 0.997231960 0.036509782 -0.064772248 239.896606445
-0.066956758 0.060560603 -0.995916307 -8.166656494 -0.033060778 0.997473478 0.062878013 -8.637008667 0.997207999 0.037135869 -0.064785480 239.848831177
-0.066508293 0.060305126 -0.995961845 -8.880691528 -0.034383625 0.997440517 0.062690735 -8.612895966 0.997193336 0.038414229 -0.064264536 239.788803101
-0.065356135 0.060672514 -0.996015787 -9.570159912 -0.034876093 0.997401118 0.063045382 -8.582929611 0.997252345 0.038857542 -0.063070297 239.745666504
-0.062801242 0.062513508 -0.996066451 -10.231887817 -0.035058450 0.997282207 0.064800225 -8.550794601 0.997410238 0.038990073 -0.060438991 239.693664551
-0.059468865 0.064673699 -0.996133089 -10.861907959 -0.034909222 0.997153878 0.066824049 -8.521512032 0.997619748 0.038748164 -0.057041883 239.657852173
-0.055245876 0.066517472 -0.996254802 -11.465011597 -0.035603784 0.997012675 0.068542436 -8.497556686 0.997837961 0.039257117 -0.052712560 239.625717163
-0.049716592 0.068427317 -0.996416569 -12.033447266 -0.035834301 0.996885717 0.070247501 -8.475442886 0.998120308 0.039198358 -0.047109723 239.592117310
-0.043228030 0.069275305 -0.996660709 -12.568389893 -0.036577761 0.996814489 0.070872478 -8.447406769 0.998395562 0.039519276 -0.040556312 239.565216064
-0.036325932 0.068937235 -0.996959567 -13.063430786 -0.035484079 0.996899784 0.070226029 -8.420840263 0.998709977 0.037927199 -0.033767104 239.562393188
-0.028668761 0.067184247 -0.997328699 -13.527954102 -0.034072839 0.997093260 0.068147831 -8.398056030 0.999008179 0.035935529 -0.026296258 239.563217163
-0.019621849 0.065259591 -0.997675478 -13.956680298 -0.033287883 0.997271657 0.065887861 -8.374011993 0.999253273 0.034503333 -0.017395973 239.557113647
-0.010370493 0.063447900 -0.997931421 -14.353088379 -0.033410236 0.997405708 0.063761689 -8.354346275 0.999388039 0.034002353 -0.008223772 239.557708740
-0.001247048 0.062700011 -0.998031735 -14.719070435 -0.033583503 0.997466803 0.062706485 -8.340279579 0.999435246 0.033595584 0.000861764 239.564086914
0.008083880 0.061868686 -0.998051703 -15.061645508 -0.033443853 0.997542560 0.061566245 -8.320091248 0.999408007 0.032880988 0.010133147 239.576507568
0.017645776 0.057217300 -0.998205841 -15.379272461 -0.031589180 0.997894764 0.056641050 -8.320752144 0.999345243 0.030533021 0.019416094 239.586914062
0.027392387 0.051466722 -0.998298943 -15.636108398 -0.029684344 0.998275161 0.050650988 -8.316055298 0.999183893 0.028246399 0.028872848 239.615982056
0.038238168 0.049016476 -0.998065770 -15.903335571 -0.028036581 0.998455644 0.047961477 -8.307126999 0.998875260 0.026148390 0.039553404 239.633529663
0.048523843 0.049020391 -0.997618437 -16.151657104 -0.027980777 0.998469651 0.047701243 -8.297016144 0.998430073 0.025599485 0.049821258 239.658615112
0.059826732 0.047623418 -0.997072101 -16.388015747 -0.027928758 0.998550117 0.046018220 -8.289473534 0.997817993 0.025093868 0.061070025 239.679977417
0.071973503 0.043987568 -0.996436179 -16.622421265 -0.027498070 0.998734832 0.042102832 -8.279324532 0.997027516 0.024369780 0.073092043 239.710891724
0.086426377 0.040545456 -0.995432913 -16.854598999 -0.027960123 0.998876631 0.038258143 -8.274522781 0.995865881 0.024525909 0.087462962 239.735931396
0.102783501 0.037768781 -0.993986428 -17.080718994 -0.028420918 0.998982430 0.035019740 -8.269060135 0.994297624 0.024650557 0.103752315 239.777954102
0.121224761 0.036041461 -0.991970599 -17.306579590 -0.029118743 0.999039650 0.032739818 -8.262572289 0.992197931 0.024916058 0.122157812 239.818771362
0.140659750 0.035391286 -0.989425302 -17.528335571 -0.030300271 0.999046624 0.031427857 -8.254983902 0.989594281 0.025559215 0.141597986 239.863540649
0.160017252 0.036623240 -0.986434579 -17.741287231 -0.028549045 0.999065161 0.032461010 -8.250446320 0.986701310 0.022967445 0.160913229 239.923156738
0.180904269 0.040756669 -0.982655823 -17.927291870 -0.027263515 0.998964846 0.036413960 -8.252906799 0.983122706 0.020203212 0.181828201 239.980194092
0.203339458 0.043965161 -0.978120744 -18.145126343 -0.027166050 0.998860061 0.039249871 -8.248957634 0.978731334 0.018590627 0.204302013 240.039276123
0.226010501 0.043694369 -0.973144472 -18.351196289 -0.029745784 0.998837233 0.037939593 -8.248942375 0.973670661 0.020372197 0.227047384 240.104598999
0.252519310 0.037768420 -0.966854513 -18.562698364 -0.030267688 0.999057233 0.031121165 -8.240963936 0.967118382 0.021405753 0.253424406 240.177642822
0.281417727 0.031892300 -0.959055245 -18.792297363 -0.028188899 0.999290943 0.024958760 -8.239923477 0.959171236 0.020010874 0.282117188 240.275802612
0.312781572 0.029624002 -0.949362993 -19.038955688 -0.024995638 0.999424100 0.022950931 -8.232314110 0.949496150 0.016551303 0.313341916 240.383331299
0.346246362 0.030895282 -0.937634766 -19.287292480 -0.019724024 0.999476373 0.025649361 -8.235006332 0.937936246 0.009612932 0.346674442 240.512298584
0.382732213 0.034677409 -0.923208296 -19.546691895 -0.018640338 0.999381721 0.029810945 -8.230913162 0.923671305 0.005799302 0.383141994 240.654479980
0.422464192 0.040851004 -0.905458570 -19.820945740 -0.020681836 0.999158204 0.035428766 -8.224957466 0.906143665 0.003759158 0.422953427 240.804321289
0.463249326 0.046649843 -0.884999454 -20.111167908 -0.025803404 0.998900235 0.039147068 -8.217102051 0.885852396 0.004701140 0.463943541 240.984390259
0.506239951 0.050716333 -0.860900164 -20.411468506 -0.030674333 0.998696506 0.040796433 -8.205734253 0.861847043 0.005754748 0.507135749 241.185424805
0.550420642 0.053436797 -0.833175600 -20.724998474 -0.033061698 0.998561919 0.042202517 -8.190933228 0.834232569 0.004317061 0.551395833 241.414718628
0.593811989 0.054130711 -0.802780986 -21.005668640 -0.031866297 0.998533785 0.043758832 -8.186876297 0.803972661 -0.000402867 0.594666243 241.684234619
0.638215065 0.052340545 -0.768076837 -21.271018982 -0.030535417 0.998622119 0.042678367 -8.186513901 0.769252360 -0.003784434 0.638933897 241.975921631
0.683088541 0.050372995 -0.728596330 -21.546880722 -0.031836011 0.998724043 0.039201278 -8.179618835 0.729641378 -0.003582346 0.683820665 242.288543701
0.727809668 0.046012189 -0.684233904 -21.813362122 -0.033322018 0.998940825 0.031730916 -8.163000107 0.684969187 -0.000294021 0.728572011 242.626022339
0.770508170 0.043722074 -0.635928929 -22.075672150 -0.036481094 0.999034345 0.024485247 -8.140962601 0.636385381 0.004333298 0.771359086 243.003494263
0.811791897 0.044984005 -0.582211614 -22.318218231 -0.041151650 0.998956621 0.019804647 -8.125629425 0.582495034 0.007881717 0.812796056 243.375717163
0.848742545 0.044938043 -0.526893497 -22.541000366 -0.041117176 0.998974264 0.018967878 -8.119302750 0.527205408 0.005565524 0.849719644 243.808074951
0.881697774 0.042524405 -0.469894409 -22.766334534 -0.038490549 0.999093354 0.018193064 -8.112045288 0.470242023 0.002045710 0.882535100 244.280853271
0.909552038 0.039166458 -0.413740307 -22.927629471 -0.035049532 0.999231637 0.017539969 -8.115933418 0.414109409 -0.001452113 0.910225987 244.768173218
0.933130085 0.037180662 -0.357611269 -23.084405899 -0.033974562 0.999306381 0.015246127 -8.115242004 0.357930094 -0.002076934 0.933746099 245.286163330
0.952370107 0.036015619 -0.302810222 -23.214933395 -0.034800939 0.999349952 0.009407989 -8.106832504 0.302952230 0.001578190 0.953004479 245.827346802
0.967875063 0.036510557 -0.248766705 -23.335941315 -0.036585558 0.999321163 0.004323428 -8.098086357 0.248755679 0.004916729 0.968553782 246.392593384
0.979621172 0.037681445 -0.197287783 -23.426973343 -0.037937041 0.999277055 0.002485065 -8.098193169 0.197238803 0.005050092 0.980342448 246.994857788
0.987969100 0.038139589 -0.149874792 -23.498514175 -0.038286537 0.999264956 0.001905863 -8.098831177 0.149837330 0.003855253 0.988703132 247.615463257
0.993340611 0.035438225 -0.109628931 -23.547122955 -0.035511117 0.999368429 0.001288058 -8.103711128 0.109605342 0.002613566 0.993971765 248.268768311
0.996533036 0.031520918 -0.076995634 -23.576578140 -0.031571165 0.999501348 0.000564873 -8.106390953 0.076975048 0.001867928 0.997031271 248.946517944
0.998308003 0.026271386 -0.051874053 -23.592823029 -0.026329178 0.999653220 -0.000430920 -8.100406647 0.051844746 0.001795992 0.998653531 249.649856567
0.999182761 0.021817258 -0.034026112 -23.590982437 -0.021841422 0.999761403 -0.000338566 -8.103633881 0.034010608 0.001081468 0.999420881 250.360626221
0.999550998 0.020127766 -0.022196176 -23.614896774 -0.020148532 0.999796748 -0.000712312 -8.111694336 0.022177327 0.001159213 0.999753356 251.115264893
0.999728084 0.017564520 -0.015337093 -23.620721817 -0.017583512 0.999844790 -0.001104333 -8.118844986 0.015315315 0.001373712 0.999881744 251.875411987
0.999787569 0.016642280 -0.012157451 -23.627088547 -0.016675735 0.999857426 -0.002655647 -8.116823196 0.012111521 0.002857818 0.999922574 252.672454834
0.999805868 0.016691210 -0.010472504 -23.633445740 -0.016728407 0.999854028 -0.003474329 -8.123461723 0.010412985 0.003648843 0.999939144 253.481521606
0.999814034 0.016693886 -0.009651627 -23.641843796 -0.016721517 0.999856293 -0.002789181 -8.127110481 0.009603678 0.002950053 0.999949515 254.308349609
0.999797225 0.017854750 -0.009312416 -23.659238815 -0.017867502 0.999839544 -0.001287854 -8.126241684 0.009287927 0.001453983 0.999955833 255.157882690
0.999807298 0.017049693 -0.009729068 -23.673254013 -0.017032003 0.999853134 0.001898137 -8.129865646 0.009760002 -0.001732065 0.999950886 256.027801514
0.999782920 0.017641051 -0.011085331 -23.688951492 -0.017600151 0.999837995 0.003776389 -8.128491402 0.011150154 -0.003580466 0.999931395 256.915374756
0.999776840 0.016613625 -0.013047407 -23.703411102 -0.016570255 0.999856830 0.003425101 -8.135818481 0.013102442 -0.003208137 0.999908984 257.828308105
0.999754608 0.015293325 -0.016025838 -23.723510742 -0.015297333 0.999882996 -0.000127477 -8.137962341 0.016022014 0.000372598 0.999871552 258.764831543
0.999708891 0.015089133 -0.018825401 -23.743616104 -0.015224882 0.999858975 -0.007088597 -8.140940666 0.018715784 0.007373149 0.999797642 259.701049805
0.999609828 0.018063927 -0.021304600 -23.777278900 -0.018332360 0.999754131 -0.012472470 -8.147043228 0.021074060 0.012858167 0.999695241 260.661193848
0.999516726 0.020163285 -0.023657991 -23.801059723 -0.020445041 0.999722183 -0.011728733 -8.155750275 0.023414928 0.012206754 0.999651313 261.645507812
0.999468207 0.021657385 -0.024376806 -23.831258774 -0.021743573 0.999758184 -0.003276173 -8.160370827 0.024299959 0.003804469 0.999697447 262.681884766
0.999503076 0.020342279 -0.024077756 -23.868732452 -0.020205339 0.999778330 0.005917122 -8.160781860 0.024192788 -0.005427682 0.999692559 263.726318359
0.999543667 0.017395824 -0.024695307 -23.895750046 -0.017201530 0.999819577 0.008058435 -8.164279938 0.024831034 -0.007629961 0.999662519 264.791961670
0.999571145 0.013589828 -0.025939947 -23.914110184 -0.013556086 0.999907017 0.001476205 -8.161763191 0.025957596 -0.001123927 0.999662399 265.858764648
0.999566317 0.012069451 -0.026861710 -23.947799683 -0.012253270 0.999902546 -0.006689129 -8.166002274 0.026778359 0.007015372 0.999616802 266.949676514
0.999546647 0.011089591 -0.027990622 -23.981410980 -0.011418016 0.999867499 -0.011600926 -8.175110817 0.027858265 0.011915264 0.999540865 268.066986084
0.999513030 0.013002806 -0.028365709 -24.010641098 -0.013306550 0.999855876 -0.010545774 -8.193548203 0.028224496 0.010918089 0.999541998 269.180877686
0.999493778 0.014821475 -0.028151568 -24.059818268 -0.014918604 0.999883473 -0.003243300 -8.208999634 0.028100217 0.003661640 0.999598384 270.325317383
0.999467611 0.015612185 -0.028649023 -24.099956512 -0.015439926 0.999861419 0.006224146 -8.216909409 0.028742224 -0.005778493 0.999570131 271.481781006
0.999436975 0.015592180 -0.029709617 -24.130743027 -0.015270064 0.999822497 0.011038407 -8.217144012 0.029876454 -0.010578523 0.999497592 272.653594971
0.999450028 0.013600674 -0.030243089 -24.166606903 -0.013350891 0.999875188 0.008445832 -8.210019112 0.030354185 -0.008037414 0.999506891 273.831939697
0.999439001 0.012542182 -0.031053538 -24.212261200 -0.012451023 0.999917567 0.003127185 -8.211996078 0.031090200 -0.002738782 0.999512851 275.019378662
0.999406278 0.011205534 -0.032581225 -24.245635986 -0.011254521 0.999935806 -0.001320520 -8.215519905 0.032564338 0.001686422 0.999468207 276.203002930
0.999369979 0.012006808 -0.033398032 -24.291900635 -0.012135548 0.999919713 -0.003654651 -8.221659660 0.033351470 0.004057652 0.999435425 277.403350830
0.999364793 0.010685385 -0.033996686 -24.333938599 -0.010706799 0.999942601 -0.000447872 -8.235094070 0.033989947 0.000811583 0.999421835 278.610198975
0.999333084 0.012198680 -0.034417707 -24.384145737 -0.012073525 0.999919713 0.003841838 -8.244032860 0.034461811 -0.003423733 0.999400139 279.827697754
0.999308884 0.010178166 -0.035750609 -24.419498444 -0.010085248 0.999945283 0.002778406 -8.253917694 0.035776932 -0.002415932 0.999356866 281.046386719
0.999289513 0.009012832 -0.036596268 -24.469619751 -0.009104259 0.999955833 -0.002332392 -8.260076523 0.036573630 0.002663916 0.999327421 282.271423340
0.999259055 0.008703062 -0.037490707 -24.511404037 -0.008904552 0.999946773 -0.005210776 -8.279610634 0.037443362 0.005540753 0.999283373 283.495239258
0.999219239 0.009946660 -0.038236432 -24.573610306 -0.010181466 0.999930441 -0.005951078 -8.295547485 0.038174581 0.006335734 0.999251008 284.701049805
0.999200404 0.012315577 -0.038038258 -24.635746002 -0.012466945 0.999915302 -0.003744722 -8.315947533 0.037988916 0.004215948 0.999269247 285.932159424
0.999163985 0.014832329 -0.038096815 -24.686306000 -0.014815494 0.999889970 0.000724200 -8.338177681 0.038103364 -0.000159171 0.999273777 287.161376953
0.999150217 0.017848674 -0.037151750 -24.739536285 -0.017681554 0.999832034 0.004822070 -8.349909782 0.037231576 -0.004161072 0.999297976 288.391174316
0.999156773 0.019686645 -0.036029462 -24.791488647 -0.019489774 0.999793172 0.005807277 -8.355845451 0.036136337 -0.005100174 0.999333858 289.640167236
0.999233305 0.018524280 -0.034492098 -24.844732285 -0.018374948 0.999820411 0.004641495 -8.364503860 0.034571882 -0.004004146 0.999394178 290.884521484
0.999255836 0.018872654 -0.033639442 -24.891920090 -0.018865660 0.999821901 0.000525339 -8.378370285 0.033643365 0.000109682 0.999433875 292.117004395
0.999303222 0.017461216 -0.032988019 -24.911392212 -0.017609650 0.999836028 -0.004214456 -8.393507957 0.032909021 0.004792427 0.999446869 293.344421387
0.999339104 0.017236942 -0.032003935 -24.954050064 -0.017450826 0.999827147 -0.006415762 -8.410409927 0.031887814 0.006970017 0.999467134 294.590454102
0.999365151 0.017752035 -0.030889571 -24.995878220 -0.017901871 0.999829233 -0.004580936 -8.432780266 0.030802974 0.005131010 0.999512315 295.832916260
0.999344170 0.020446472 -0.029885840 -25.038415909 -0.020490127 0.999789417 -0.001155159 -8.444088936 0.029855926 0.001766766 0.999552667 297.077026367
0.999325991 0.021951303 -0.029423619 -25.077787399 -0.021925258 0.999758899 0.001207533 -8.455849648 0.029443031 -0.000561598 0.999566317 298.332641602
0.999289632 0.024513837 -0.028623180 -25.127775192 -0.024350671 0.999685287 0.006035217 -8.463513374 0.028762119 -0.005333936 0.999572039 299.596618652
0.999234080 0.027279181 -0.028055057 -25.171434402 -0.026979918 0.999575555 0.010990851 -8.475143433 0.028342970 -0.010225510 0.999545932 300.855041504
0.999139965 0.030773260 -0.027791735 -25.219215393 -0.030528920 0.999491811 0.009173822 -8.476618767 0.028059918 -0.008317481 0.999571621 302.109680176
0.999038815 0.033621617 -0.028125510 -25.254758835 -0.033530802 0.999430835 0.003694556 -8.476212502 0.028233720 -0.002747934 0.999597549 303.362060547
0.998923481 0.036875073 -0.028144261 -25.307010651 -0.036918055 0.999317765 -0.001008911 -8.481760979 0.028087856 0.002046857 0.999603391 304.614532471
0.998785973 0.040047504 -0.028683117 -25.348100662 -0.040164016 0.999186993 -0.003497372 -8.497861862 0.028519737 0.004645155 0.999582410 305.879150391
0.998709381 0.041610315 -0.029122371 -25.395761490 -0.041743450 0.999120414 -0.003978305 -8.508447647 0.028931217 0.005188839 0.999567926 307.132171631
0.998653114 0.042326327 -0.030007962 -25.435953140 -0.042344887 0.999103069 0.000017095 -8.537001610 0.029981770 0.001253612 0.999549687 308.418487549
0.998711586 0.040844422 -0.030115489 -25.479129791 -0.040764976 0.999163508 0.003247502 -8.547489166 0.030222939 -0.002015661 0.999541163 309.683837891
0.998692930 0.040674727 -0.030950960 -25.517354965 -0.040534716 0.999164939 0.005137982 -8.557970047 0.031134099 -0.003876678 0.999507725 310.953521729
0.998728037 0.039342657 -0.031534944 -25.560583115 -0.039173886 0.999214709 0.005952163 -8.568711281 0.031744350 -0.004709246 0.999484956 312.217712402
0.998702824 0.039416946 -0.032233752 -25.600301743 -0.039241958 0.999211431 0.006043738 -8.569745064 0.032446563 -0.004770983 0.999462068 313.493103027
0.998723507 0.038499556 -0.032696858 -25.652528763 -0.038323477 0.999247372 0.005995087 -8.582210541 0.032903057 -0.004734378 0.999447346 314.749603271
0.998645961 0.039412491 -0.033953506 -25.695934296 -0.039206378 0.999208570 0.006715273 -8.583584785 0.034191303 -0.005374987 0.999400854 316.013336182
0.998656452 0.038884863 -0.034252368 -25.749837875 -0.038650665 0.999224842 0.007473482 -8.592064857 0.034516424 -0.006139564 0.999385297 317.277709961
0.998598099 0.040025663 -0.034637898 -25.803190231 -0.039880771 0.999192595 0.004864146 -8.599177361 0.034804624 -0.003475941 0.999388099 318.549438477
0.998538196 0.041089129 -0.035116494 -25.847032547 -0.041114308 0.999154449 0.000005095 -8.604217529 0.035087012 0.001438703 0.999383211 319.798095703
0.998605490 0.039452236 -0.035079084 -25.889039993 -0.039438855 0.999221385 0.001073548 -8.617795944 0.035094127 0.000311428 0.999383986 321.056304932
0.998557150 0.041199170 -0.034441587 -25.946090698 -0.041045312 0.999143958 0.005162696 -8.635428429 0.034624800 -0.003741581 0.999393404 322.318786621
0.998629391 0.040101744 -0.033633277 -25.997894287 -0.039851710 0.999172986 0.008072014 -8.644106865 0.033929165 -0.006720607 0.999401629 323.572052002
0.998640239 0.040437952 -0.032900389 -26.046463013 -0.040123343 0.999143004 0.010167371 -8.649753571 0.033283342 -0.008833473 0.999406934 324.845855713
0.998672307 0.039840806 -0.032654103 -26.085391998 -0.039500657 0.999159038 0.010996699 -8.658151627 0.033064760 -0.009692241 0.999406219 326.101257324
0.998818398 0.035809759 -0.032855112 -26.130989075 -0.035527166 0.999326885 0.009145263 -8.659919739 0.033160485 -0.007967208 0.999418259 327.354431152
0.998892486 0.033932950 -0.032594342 -26.178041458 -0.033743881 0.999410450 0.006333511 -8.662936211 0.032790039 -0.005226637 0.999448597 328.603973389
0.998973250 0.030859912 -0.033168472 -26.216838837 -0.030710045 0.999515712 0.005018492 -8.674019814 0.033307280 -0.003994734 0.999437153 329.854461670
0.999022663 0.028542962 -0.033749752 -26.265518188 -0.028348580 0.999578714 0.006224187 -8.680892944 0.033913191 -0.005261346 0.999410927 331.106689453
0.999088287 0.025364943 -0.034339890 -26.306024551 -0.025036393 0.999636889 0.009964091 -8.690553665 0.034580160 -0.009095259 0.999360561 332.347442627
0.999136150 0.021823641 -0.035364263 -26.348016739 -0.021360165 0.999681652 0.013431073 -8.690891266 0.035646118 -0.012664084 0.999284208 333.588745117
0.999183595 0.017669728 -0.036330752 -26.389217377 -0.017245743 0.999779880 0.011950579 -8.695664406 0.036533918 -0.011314272 0.999268353 334.819061279
0.999207914 0.013671278 -0.037371002 -26.430788040 -0.013376061 0.999877393 0.008138286 -8.700583458 0.037477680 -0.007631963 0.999268293 336.039276123
0.999194324 0.011897050 -0.038329028 -26.478841782 -0.011651580 0.999910176 0.006621296 -8.706554413 0.038404357 -0.006169368 0.999243259 337.253112793
0.999178529 0.010696812 -0.039087944 -26.533985138 -0.010389193 0.999913514 0.008064594 -8.716378212 0.039170828 -0.007651878 0.999203205 338.464569092
0.999182403 0.008741922 -0.039473362 -26.591773987 -0.008304345 0.999902368 0.011235750 -8.723137856 0.039567731 -0.010898763 0.999157429 339.655639648
0.999171019 0.006975081 -0.040108345 -26.632171631 -0.006371270 0.999864757 0.015162646 -8.731608391 0.040208682 -0.014894535 0.999080300 340.816070557
0.999158144 0.004204027 -0.040808376 -26.679748535 -0.003471749 0.999831975 0.017998617 -8.737635612 0.040877186 -0.017841790 0.999004841 341.968322754
0.999138296 0.001497004 -0.041478090 -26.729921341 -0.000781312 0.999850631 0.017265551 -8.736957550 0.041497741 -0.017218266 0.998990238 343.109741211
0.999107659 0.000731830 -0.042230073 -26.773366928 -0.000083453 0.999882102 0.015353156 -8.737605095 0.042236332 -0.015335932 0.998989940 344.220703125
0.999077737 0.002365103 -0.042872224 -26.827083588 -0.001830684 0.999920189 0.012500354 -8.735718727 0.042898368 -0.012410340 0.999002337 345.322479248
0.999070048 0.002808503 -0.043025084 -26.880489349 -0.002376317 0.999946237 0.010092817 -8.741945267 0.043051116 -0.009981190 0.999023020 346.403137207
0.999086082 0.004302992 -0.042526741 -26.930032730 -0.003883243 0.999942958 0.009947931 -8.753787041 0.042567123 -0.009773698 0.999045789 347.485717773
0.999134779 0.006354668 -0.041100740 -26.981267929 -0.005904896 0.999921441 0.011055311 -8.758163452 0.041167762 -0.010803050 0.999093831 348.552917480
0.999188304 0.009139426 -0.039232150 -27.034868240 -0.008705014 0.999899030 0.011229438 -8.763956070 0.039330821 -0.010878807 0.999167025 349.603729248
0.999277294 0.009427252 -0.036824454 -27.078748703 -0.009091024 0.999915540 0.009287374 -8.773573875 0.036908895 -0.008945890 0.999278605 350.643127441
0.999378502 0.008320557 -0.034254495 -27.116897583 -0.008014983 0.999926925 0.009048355 -8.780923843 0.034327280 -0.008768182 0.999372184 351.655120850
0.999461174 0.008244247 -0.031771481 -27.150062561 -0.007942984 0.999922395 0.009596775 -8.787416458 0.031848133 -0.009339243 0.999449074 352.658447266
0.999552429 0.006393059 -0.029223854 -27.182491302 -0.006088464 0.999926329 0.010499952 -8.794025421 0.029288827 -0.010317325 0.999517739 353.636718750
0.999620914 0.004885279 -0.027096322 -27.203886032 -0.004578513 0.999924839 0.011371841 -8.804428101 0.027149839 -0.011243469 0.999568164 354.606048584
0.999680340 0.003739047 -0.025004651 -27.227775574 -0.003436731 0.999920607 0.012122436 -8.809775352 0.025047993 -0.012032627 0.999613822 355.548950195
0.999749184 0.000350032 -0.022392791 -27.247117996 -0.000024838 0.999894559 0.014520884 -8.817104340 0.022395512 -0.014516686 0.999643803 356.468750000
0.999789059 0.001022106 -0.020513361 -27.269807816 -0.000676066 0.999857485 0.016868854 -8.819279671 0.020527679 -0.016851427 0.999647260 357.355560303
0.999831438 0.001526216 -0.018296199 -27.277725220 -0.001199560 0.999839902 0.017851448 -8.824463844 0.018320514 -0.017826490 0.999673247 358.232116699
0.999863505 0.001986263 -0.016401147 -27.292903900 -0.001733325 0.999879599 0.015421801 -8.831790924 0.016429804 -0.015391268 0.999746561 359.068969727
0.999891639 0.003084561 -0.014392665 -27.308103561 -0.002941446 0.999946117 0.009954191 -8.837351799 0.014422594 -0.009910777 0.999846876 359.879272461
0.999912441 0.004069529 -0.012592423 -27.321718216 -0.003987470 0.999970675 0.006534829 -8.839920044 0.012618647 -0.006484045 0.999899387 360.670318604
0.999930859 0.004382761 -0.010911155 -27.334218979 -0.004300099 0.999961972 0.007587916 -8.842976570 0.010943996 -0.007540472 0.999911666 361.437103271
0.999942660 0.005006168 -0.009465700 -27.345655441 -0.004896447 0.999920964 0.011579312 -8.850162506 0.009522920 -0.011532300 0.999888182 362.185974121
0.999950349 0.005080701 -0.008570421 -27.352678299 -0.004966693 0.999899566 0.013271721 -8.862967491 0.008636991 -0.013228496 0.999875188 362.897460938
0.999922514 0.006913884 -0.010349767 -27.367553711 -0.006807759 0.999924242 0.010254178 -8.867453575 0.010419879 -0.010182925 0.999893844 363.577514648
0.999856710 0.007997236 -0.014919286 -27.382133484 -0.007898888 0.999946773 0.006639377 -8.875036240 0.014971589 -0.006520581 0.999866664 364.230682373
0.999746084 0.009221895 -0.020560678 -27.397834778 -0.009118069 0.999945223 0.005137774 -8.881471634 0.020606933 -0.004948996 0.999775410 364.849060059
0.999534190 0.013628111 -0.027306113 -27.426454544 -0.013491635 0.999895573 0.005176037 -8.889513016 0.027373802 -0.004805222 0.999613702 365.447052002
0.999249041 0.017330237 -0.034656495 -27.466026306 -0.017150652 0.999837935 0.005472494 -8.892601013 0.034745719 -0.004874003 0.999384284 366.026519775
0.998719573 0.020680539 -0.046168130 -27.506612778 -0.020395609 0.999769986 0.006634188 -8.905959129 0.046294712 -0.005684066 0.998911679 366.589508057
0.997850955 0.019360444 -0.062599264 -27.540088654 -0.018863851 0.999785781 0.008514229 -8.911690712 0.062750697 -0.007315069 0.998002410 367.115142822
0.996356666 0.018669993 -0.083215602 -27.602825165 -0.018016968 0.999800742 0.008591498 -8.912467003 0.083359428 -0.007060903 0.996494532 367.632629395
0.993688464 0.016587889 -0.110941708 -27.679069519 -0.015625935 0.999832451 0.009534718 -8.919184685 0.111081280 -0.007740971 0.993781149 368.136962891
0.988842130 0.016134793 -0.148090914 -27.779644012 -0.014577965 0.999826550 0.011592126 -8.921000481 0.148252264 -0.009303919 0.988905787 368.627929688
0.981234431 0.016873145 -0.192078933 -27.909414291 -0.014064467 0.999773443 0.015976679 -8.918449402 0.192304984 -0.012975379 0.981249452 369.083068848
0.969878316 0.017097771 -0.242989093 -28.068698883 -0.012542275 0.999715626 0.020282507 -8.912434578 0.243266776 -0.016623927 0.969816923 369.553863525
0.953734219 0.018474450 -0.300082862 -28.261610031 -0.011352620 0.999611378 0.025459263 -8.905966759 0.300436586 -0.020874644 0.953573346 370.004577637
0.932465911 0.020819567 -0.360657632 -28.493419647 -0.009874878 0.999433875 0.032162897 -8.901870728 0.361123055 -0.026429353 0.932143569 370.435638428
0.905633688 0.025684599 -0.423282325 -28.703836441 -0.009853492 0.999169111 0.039547130 -8.894440651 0.423946381 -0.031644404 0.905134261 370.803527832
0.873790681 0.033120755 -0.485173047 -28.969959259 -0.010989479 0.998768091 0.048389848 -8.886147499 0.486178070 -0.036950797 0.873078227 371.179077148
0.837299585 0.039154410 -0.545340538 -29.243000031 -0.010497805 0.998399854 0.055565190 -8.867770195 0.546643496 -0.040799834 0.836370885 371.522735596
0.796088278 0.043214958 -0.603635609 -29.542751312 -0.008923293 0.998176932 0.059692387 -8.858039856 0.605114758 -0.042133991 0.795022607 371.856719971
0.748331428 0.043393791 -0.661904156 -29.867967606 -0.001366170 0.997956634 0.063880503 -8.839942932 0.663323641 -0.046899516 0.746861577 372.192657471
0.694119453 0.046758723 -0.718339622 -30.224475861 0.001418405 0.997797370 0.066319995 -8.801312447 0.719858468 -0.047052898 0.692524314 372.506042480
0.635223866 0.051230479 -0.770627141 -30.625518799 0.002441121 0.997659385 0.068335555 -8.771647453 0.772324264 -0.045289572 0.633611977 372.774353027
0.571434140 0.058668323 -0.818548203 -31.043624878 0.002187883 0.997328818 0.073009565 -8.744142532 0.820645094 -0.043511048 0.569779396 373.008697510
0.503690362 0.058214087 -0.861920655 -31.493621826 0.014899543 0.996993124 0.076043896 -8.708760262 0.863755763 -0.051144797 0.501308441 373.235992432
0.431706071 0.053071715 -0.900451779 -31.966018677 0.028994367 0.996935308 0.072659217 -8.680987358 0.901548266 -0.057475455 0.428844273 373.421936035
0.355495095 0.047621656 -0.933464289 -32.461410522 0.036795851 0.997213960 0.064887039 -8.646773338 0.933953643 -0.057414632 0.352752388 373.577239990
0.279826343 0.042081054 -0.959128022 -32.984359741 0.040948886 0.997606575 0.055716150 -8.631413460 0.959177017 -0.054866064 0.277433395 373.658508301
0.203130305 0.038297717 -0.978402376 -33.517089844 0.043267053 0.997907698 0.048044067 -8.601572037 0.978195250 -0.052091796 0.201048255 373.727050781
0.131379008 0.035456963 -0.990697861 -34.066833496 0.047000378 0.998013556 0.041951627 -8.558908463 0.990217328 -0.052074742 0.129451573 373.765380859
0.066418111 0.038850401 -0.997035265 -34.600067139 0.045930322 0.998063445 0.041950144 -8.535064697 0.996734202 -0.048580404 0.064505100 373.754272461
0.009431422 0.048078470 -0.998799086 -35.164367676 0.044307888 0.997842312 0.048450809 -8.520462036 0.998973489 -0.044711638 0.007280827 373.720214844
-0.038288832 0.055744104 -0.997710705 -35.733337402 0.040690683 0.997701645 0.054182027 -8.506328583 0.998437941 -0.038522962 -0.040469170 373.655151367
-0.075640202 0.056533884 -0.995531380 -36.275817871 0.039962221 0.997761250 0.053624205 -8.485031128 0.996334195 -0.035727501 -0.077730060 373.583587646
-0.105895519 0.052428823 -0.992994249 -36.849060059 0.035418596 0.998174250 0.048925202 -8.456384659 0.993746400 -0.029989507 -0.107559085 373.491516113
-0.127673388 0.053577624 -0.990368247 -37.434936523 0.031247741 0.998261452 0.049976345 -8.430452347 0.991324067 -0.024566127 -0.129125595 373.385681152
-0.141213179 0.059007354 -0.988219142 -38.050628662 0.028562216 0.998049378 0.055512886 -8.399637222 0.989567161 -0.020386582 -0.142623067 373.267303467
-0.148943305 0.063499473 -0.986804724 -38.669067383 0.026741361 0.997829735 0.060172703 -8.366264343 0.988484025 -0.017426172 -0.150318146 373.167907715
-0.151483417 0.064557903 -0.986349523 -39.300354004 0.026569964 0.997770309 0.061224807 -8.339832306 0.988102794 -0.016932733 -0.152860999 373.061798096
-0.152314425 0.059010651 -0.986568809 -39.942443848 0.024848824 0.998129010 0.055865750 -8.313337326 0.988019645 -0.016005915 -0.153495789 372.950744629
-0.152748942 0.047803394 -0.987108350 -40.597656250 0.025951989 0.998678982 0.044347834 -8.275817871 0.987924337 -0.018843349 -0.153787732 372.846038818
-0.152182698 0.040649012 -0.987516165 -41.283081055 0.030239781 0.998877585 0.036456537 -8.240045547 0.987889707 -0.024314215 -0.153241158 372.743164062
-0.151368856 0.039885484 -0.987672448 -41.988983154 0.033866294 0.998808265 0.035144903 -8.205446243 0.987897158 -0.028128965 -0.152539253 372.639312744
-0.149714708 0.043478083 -0.987772942 -42.721832275 0.036402967 0.998597741 0.038437039 -8.179895401 0.988058984 -0.030203277 -0.151087403 372.533813477
-0.146703124 0.044837378 -0.988163888 -43.462951660 0.033955462 0.998611689 0.040270399 -8.154649734 0.988597631 -0.027645761 -0.148021936 372.409759521
-0.143025160 0.045311023 -0.988681257 -44.250244141 0.029686008 0.998698413 0.041475650 -8.123815536 0.989273727 -0.023417937 -0.144184113 372.296142578
-0.136758804 0.044713397 -0.989594936 -45.037353516 0.024487097 0.998828113 0.041746557 -8.091712952 0.990301847 -0.018523099 -0.137693405 372.177764893
-0.129534483 0.042649511 -0.990657389 -45.846099854 0.016562570 0.999028265 0.040844239 -8.062738419 0.991436720 -0.011117101 -0.130115032 372.062866211
-0.120230079 0.041666318 -0.991871417 -46.666229248 0.011853619 0.999107838 0.040533472 -8.030121803 0.992675364 -0.006883925 -0.120616794 371.959442139
-0.110265493 0.044429187 -0.992908716 -47.513580322 0.007792024 0.999008298 0.043836799 -7.996798515 0.993871689 -0.002903087 -0.110502362 371.860137939
-0.100345016 0.048637286 -0.993763208 -48.376464844 0.002464916 0.998813570 0.048635568 -7.964142799 0.994949639 0.002430795 -0.100345850 371.767303467
-0.089755774 0.051263005 -0.994643748 -49.256378174 -0.001759973 0.998664796 0.051629066 -7.926156998 0.995962322 0.006384550 -0.089545727 371.676422119
-0.080465436 0.050011165 -0.995502114 -50.157928467 -0.004314699 0.998713672 0.050521262 -7.881855011 0.996748209 0.008360501 -0.080146194 371.600433350
-0.071050644 0.048397120 -0.996298015 -51.074768066 -0.002023129 0.998813152 0.048663583 -7.835140228 0.997470737 0.005473214 -0.070868492 371.533752441
-0.064259529 0.049861331 -0.996686816 -52.009490967 -0.000005420 0.998750985 0.049964942 -7.785481453 0.997933269 0.003216120 -0.064178944 371.477416992
-0.059279323 0.054086313 -0.996775150 -52.966888428 0.001843406 0.998535335 0.054072194 -7.747871399 0.998239756 0.001367904 -0.059292197 371.423950195
-0.055972815 0.059343290 -0.996667325 -53.942077637 0.003265081 0.998237610 0.059253428 -7.699503899 0.998427093 0.000062375 -0.056067944 371.366058350
-0.053770781 0.062175039 -0.996615708 -54.926330566 0.005409908 0.998063147 0.061973453 -7.644841194 0.998538613 -0.002059241 -0.054003000 371.310852051
-0.052464724 0.061973333 -0.996698022 -55.918090820 0.004619285 0.998076856 0.061815925 -7.587674141 0.998612165 -0.001360885 -0.052650094 371.259277344
-0.051376581 0.058717374 -0.996951818 -56.918304443 0.000282139 0.998270869 0.058780529 -7.531753540 0.998679399 0.002738654 -0.051304221 371.195434570
-0.050874949 0.055274073 -0.997174382 -57.924285889 -0.001808499 0.998460531 0.055437639 -7.481779099 0.998703539 0.004623769 -0.050696611 371.140533447
-0.049707413 0.053406879 -0.997334898 -58.946960449 -0.002959163 0.998557031 0.053619813 -7.430400848 0.998759449 0.005616581 -0.049477696 371.086791992
-0.048046947 0.053084437 -0.997433484 -60.006011963 -0.004691594 0.998563766 0.053370591 -7.381608963 0.998834074 0.007243851 -0.047728896 371.028137207
-0.046490550 0.054390322 -0.997436881 -61.060913086 -0.004307998 0.998496354 0.054648891 -7.335017204 0.998909473 0.006837609 -0.046186328 370.978668213
-0.044448018 0.054413602 -0.997528732 -62.126556396 -0.005568330 0.998486519 0.054713968 -7.282642365 0.998996198 0.007986499 -0.044077754 370.924682617
-0.042133451 0.056153856 -0.997532725 -63.199432373 -0.008811528 0.998359621 0.056572579 -7.230422974 0.999073148 0.011173381 -0.041569471 370.871215820
-0.040293097 0.057232320 -0.997547567 -64.275421143 -0.011028878 0.998271942 0.057719361 -7.178725243 0.999127150 0.013327511 -0.039592266 370.820465088
-0.038487911 0.058364399 -0.997553170 -65.368438721 -0.009212988 0.998229682 0.058759436 -7.124762535 0.999216616 0.011451974 -0.037882090 370.775634766
-0.038011909 0.058043014 -0.997590184 -66.445312500 -0.010502132 0.998233318 0.058480605 -7.076937675 0.999222100 0.012699789 -0.037335277 370.730804443
-0.037680268 0.056167211 -0.997710228 -67.518280029 -0.009908805 0.998349071 0.056577403 -7.028118134 0.999240816 0.012017956 -0.037061453 370.679626465
-0.038366318 0.055671800 -0.997711837 -68.609191895 -0.010252525 0.998372376 0.056102917 -6.972578049 0.999211252 0.012381516 -0.037733078 370.636535645
-0.038846850 0.059443064 -0.997475624 -69.705139160 -0.010902400 0.998144388 0.059907515 -6.919083595 0.999185801 0.013202089 -0.038126588 370.588104248
-0.038970470 0.062988944 -0.997253060 -70.796081543 -0.012420760 0.997903585 0.063515410 -6.870380402 0.999163151 0.014861871 -0.038106441 370.536895752
-0.040135860 0.063027836 -0.997204542 -71.892120361 -0.016284877 0.997834742 0.063723117 -6.813452721 0.999061644 0.018796930 -0.039022565 370.484283447
-0.041249156 0.061490301 -0.997254968 -72.980987549 -0.015524060 0.997944534 0.062174935 -6.756072044 0.999028325 0.018046102 -0.040209770 370.434204102
-0.042915583 0.057227030 -0.997438431 -74.071319580 -0.011831260 0.998259068 0.057783164 -6.701948166 0.999008715 0.014280751 -0.042163849 370.385437012
-0.045237899 0.055301104 -0.997444451 -75.159484863 -0.011005249 0.998378396 0.055852015 -6.651064873 0.998915672 0.013503748 -0.044555902 370.331237793
-0.046740294 0.059193496 -0.997151673 -76.246704102 -0.010593354 0.998157203 0.059749734 -6.604804039 0.998850882 0.013355901 -0.046027064 370.268524170
-0.047557354 0.060591873 -0.997029126 -77.346893311 -0.009110699 0.998090625 0.061090957 -6.550672531 0.998827040 0.011988950 -0.046914458 370.213562012
-0.048764229 0.058456436 -0.997098327 -78.443084717 -0.009074572 0.998218775 0.058965929 -6.496486664 0.998769164 0.011923664 -0.048146963 370.154754639
-0.049898863 0.057999965 -0.997068763 -79.519714355 -0.012085019 0.998204231 0.058670819 -6.450700760 0.998681188 0.014977200 -0.049108267 370.102111816
-0.049154282 0.058412407 -0.997081757 -80.596954346 -0.014618336 0.998139381 0.059195027 -6.400347710 0.998684347 0.017485360 -0.048208952 370.030700684
-0.047820807 0.061154295 -0.996982157 -81.679351807 -0.016606500 0.997937381 0.062009435 -6.355372429 0.998717904 0.019521724 -0.046706676 369.963653564
-0.046531200 0.063176520 -0.996917069 -82.760284424 -0.017175311 0.997799873 0.064034127 -6.302397728 0.998769224 0.020101948 -0.045343757 369.931549072
-0.044035077 0.064435527 -0.996949792 -83.825805664 -0.016777119 0.997729421 0.065226957 -6.248527527 0.998889029 0.019598227 -0.042854071 369.878601074
-0.041132569 0.063659668 -0.997123718 -84.894012451 -0.016556442 0.997787774 0.064385042 -6.194311142 0.999016583 0.019157136 -0.039987564 369.831756592
-0.037401676 0.061526306 -0.997404456 -85.960968018 -0.016921893 0.997920692 0.062192705 -6.142867088 0.999157012 0.019204084 -0.036282778 369.784973145
-0.033693671 0.059087280 -0.997684121 -87.026214600 -0.019272828 0.998026788 0.059758458 -6.093251228 0.999246478 0.021241669 -0.032488465 369.750793457
-0.030182719 0.058172502 -0.997850239 -88.074676514 -0.020258591 0.998064339 0.058797762 -6.045816422 0.999339163 0.021989709 -0.028945804 369.715209961
-0.026019096 0.059305020 -0.997900844 -89.119262695 -0.022123223 0.997960091 0.059885383 -5.994140625 0.999416709 0.023634940 -0.024653912 369.672119141
-0.022450328 0.062352438 -0.997801781 -90.175048828 -0.023151651 0.997753143 0.062870309 -5.949212074 0.999480009 0.024512203 -0.020956397 369.652038574
-0.018708706 0.066860370 -0.997586966 -91.205596924 -0.023268474 0.997462213 0.067288384 -5.900049210 0.999554217 0.024471201 -0.017105460 369.627868652
-0.014977217 0.068962872 -0.997506857 -92.212310791 -0.021973353 0.997355044 0.069282301 -5.852770805 0.999646425 0.022956219 -0.013422251 369.607635498
-0.011073709 0.067893252 -0.997631192 -93.222045898 -0.021411542 0.997447431 0.068118416 -5.798456192 0.999709427 0.022115141 -0.009591699 369.601501465
-0.008098602 0.063892223 -0.997923970 -94.199981689 -0.019471256 0.997757375 0.064039573 -5.752129555 0.999777675 0.019949464 -0.006836414 369.593627930
-0.005369186 0.061671544 -0.998082161 -95.164489746 -0.016477412 0.997955501 0.061752360 -5.704496384 0.999849916 0.016777357 -0.004341960 369.588317871
-0.003065825 0.060577720 -0.998158753 -96.103637695 -0.013627013 0.998068273 0.060614079 -5.665978432 0.999902427 0.013787754 -0.002234340 369.585693359
-0.001638174 0.058858145 -0.998265088 -97.024871826 -0.010768481 0.998207450 0.058872420 -5.628455162 0.999940753 0.010846232 -0.001001477 369.581146240
-0.000546217 0.057051983 -0.998371124 -97.940429688 -0.008372594 0.998335958 0.057054557 -5.589076996 0.999964833 0.008390115 -0.000067592 369.586425781
0.000163913 0.057472739 -0.998347104 -98.824371338 -0.006789616 0.998324156 0.057470303 -5.551382065 0.999976993 0.006768968 0.000553846 369.581237793
0.000243783 0.058117229 -0.998309731 -99.713378906 -0.003872064 0.998302341 0.058115855 -5.520370483 0.999992490 0.003851354 0.000468373 369.584289551
-0.002143264 0.056722812 -0.998387694 -100.581268311 -0.000891178 0.998389482 0.056724828 -5.487652779 0.999997318 0.001011317 -0.002089262 369.583312988
-0.005711794 0.056252860 -0.998400331 -101.463409424 0.004441843 0.998408079 0.056227893 -5.447535515 0.999973893 -0.004113579 -0.005952597 369.579406738
-0.012939572 0.057845611 -0.998241723 -102.332427979 0.008550870 0.998295128 0.057737872 -5.410481453 0.999879777 -0.007788741 -0.013412118 369.567169189
-0.022354603 0.060406610 -0.997923493 -103.207458496 0.012634629 0.998110294 0.060134888 -5.371293068 0.999670267 -0.011264103 -0.023075581 369.551086426
-0.034068108 0.060991496 -0.997556865 -104.068603516 0.013046661 0.998078227 0.060577817 -5.329832077 0.999334455 -0.010951021 -0.034798384 369.508972168
-0.046898842 0.057380423 -0.997250378 -104.930664062 0.012815118 0.998301148 0.056838222 -5.291462898 0.998817563 -0.010114240 -0.047554612 369.461181641
-0.060503721 0.051177442 -0.996855140 -105.777526855 0.012750931 0.998642921 0.050495308 -5.254555702 0.998086572 -0.009655675 -0.061074257 369.399200439
-0.073437452 0.045898218 -0.996243119 -106.634002686 0.011848090 0.998910069 0.045147717 -5.221953392 0.997229457 -0.008488043 -0.073901296 369.323791504
-0.084387302 0.042611480 -0.995521486 -107.486236572 0.007803601 0.999082804 0.042102426 -5.188886642 0.996402442 -0.004215741 -0.084642410 369.241394043
-0.093034267 0.041387554 -0.994802415 -108.352630615 0.004735465 0.999142766 0.041125271 -5.159213066 0.995651722 -0.000884797 -0.093150496 369.145629883
-0.098365903 0.041310322 -0.994292557 -109.230621338 0.002842856 0.999145627 0.041230708 -5.126323700 0.995146275 0.001229060 -0.098399282 369.045501709
-0.101807833 0.040646352 -0.993973374 -110.119232178 -0.001276079 0.999158800 0.040989101 -5.104427338 0.994803250 0.005441401 -0.101670384 368.946960449
-0.102245569 0.038998723 -0.993994594 -111.003845215 -0.004897581 0.999199390 0.039706714 -5.071726799 0.994747281 0.008927998 -0.101972699 368.839477539
-0.101799130 0.037826844 -0.994085610 -111.909332275 -0.007126444 0.999223471 0.038752131 -5.044294834 0.994779468 0.011029229 -0.101450562 368.739990234
-0.099748611 0.038106468 -0.994282722 -112.811401367 -0.006334666 0.999221802 0.038931269 -5.016658306 0.994992495 0.010181789 -0.099429607 368.650451660
-0.097737551 0.042039685 -0.994323909 -113.731048584 -0.005721519 0.999067187 0.042802628 -4.983431816 0.995195806 0.009872465 -0.097405791 368.557922363
-0.095960498 0.051204078 -0.994067311 -114.672485352 -0.007176613 0.998614490 0.052131083 -4.945215225 0.995359302 0.012136566 -0.095460057 368.460021973
-0.092971563 0.066138312 -0.993469715 -115.635345459 -0.011744539 0.997649074 0.067515634 -4.896467209 0.995599568 0.017944874 -0.091976285 368.365509033
-0.088187218 0.071081437 -0.993564606 -116.609222412 -0.015118960 0.997240245 0.072686337 -4.837509155 0.995989263 0.021431657 -0.086869121 368.274261475
-0.082407951 0.062846780 -0.994615257 -117.571166992 -0.023479503 0.997610211 0.064981401 -4.781894684 0.996322155 0.028708046 -0.080735326 368.180999756
-0.074565411 0.051102441 -0.995905995 -118.555969238 -0.025869234 0.998250902 0.053159647 -4.712883949 0.996880651 0.029727185 -0.073112965 368.093231201
-0.069649696 0.052612826 -0.996183097 -119.570220947 -0.027190071 0.998137116 0.054617062 -4.654216766 0.997200847 0.030890351 -0.068089366 368.017913818
-0.063495398 0.063369326 -0.995968401 -120.626586914 -0.023528786 0.997609556 0.064973764 -4.599228859 0.997704923 0.027559442 -0.061852574 367.953338623
-0.058314323 0.066935524 -0.996051788 -121.677154541 -0.020868231 0.997449875 0.068251222 -4.543239594 0.998080194 0.024765860 -0.056768775 367.895385742
-0.054119945 0.056598783 -0.996929169 -122.732910156 -0.019648699 0.998138607 0.057734109 -4.477450371 0.998341203 0.022712922 -0.052907109 367.838256836
-0.050477505 0.047533102 -0.997593403 -123.800781250 -0.022586334 0.998556972 0.048721869 -4.423261642 0.998469710 0.024991337 -0.049331069 367.776519775
-0.046771169 0.048969839 -0.997704566 -124.901214600 -0.029729495 0.998286903 0.050392106 -4.369418144 0.998463094 0.032018155 -0.045235276 367.720947266
-0.041929364 0.054839592 -0.997614503 -126.019622803 -0.035336919 0.997786403 0.056334242 -4.314220428 0.998495579 0.037614673 -0.039898634 367.657470703
-0.036400437 0.050347436 -0.998068154 -127.129974365 -0.039308745 0.997884989 0.051771823 -4.270314693 0.998563826 0.041117329 -0.034344316 367.602416992
-0.030695915 0.037794709 -0.998813927 -128.260345459 -0.035689943 0.998606145 0.038883686 -4.222311974 0.998891354 0.036841184 -0.029304266 367.562377930
-0.025544643 0.031163104 -0.999187946 -129.395050049 -0.028563460 0.999083161 0.031890076 -4.184179306 0.999265611 0.029354883 -0.024631143 367.541015625
-0.019721746 0.037578717 -0.999099076 -130.558990479 -0.023224512 0.999006510 0.038033675 -4.144915581 0.999535739 0.023953674 -0.018829346 367.521820068
-0.014218450 0.050010215 -0.998647690 -131.746322632 -0.020454794 0.998524904 0.050295301 -4.106443405 0.999689817 0.021142239 -0.013174415 367.516387939
-0.007655978 0.055996235 -0.998401701 -132.914154053 -0.020679926 0.998208463 0.056143980 -4.054306030 0.999756932 0.021076703 -0.006484270 367.492004395
-0.002574563 0.055444695 -0.998458445 -134.091384888 -0.021809800 0.998221159 0.055487756 -4.000297546 0.999758840 0.021919033 -0.001360774 367.485778809
0.001466453 0.053373050 -0.998573661 -135.270477295 -0.021407265 0.998347461 0.053329527 -3.942699432 0.999769866 0.021298520 0.002606630 367.481445312
0.004429460 0.051354136 -0.998670816 -136.447921753 -0.018314773 0.998517156 0.051265009 -3.888603210 0.999822557 0.018063344 0.005363464 367.483886719
0.006795704 0.052241955 -0.998611331 -137.621627808 -0.016091902 0.998510778 0.052127186 -3.857982635 0.999847412 0.015715312 0.007626295 367.488403320
0.007540822 0.055274952 -0.998442769 -138.792999268 -0.016846912 0.998336375 0.055141829 -3.802568436 0.999829710 0.016404860 0.008459508 367.486022949
0.007726371 0.059571750 -0.998194277 -139.970565796 -0.017293487 0.998082578 0.059431236 -3.750291824 0.999820769 0.016803060 0.008741736 367.481567383
0.006701231 0.057569951 -0.998318970 -141.150207520 -0.014585683 0.998240829 0.057467539 -3.704425812 0.999871194 0.014176060 0.007529140 367.492950439
0.004345596 0.049057465 -0.998786509 -142.299118042 -0.007644643 0.998768389 0.049023315 -3.652501106 0.999961376 0.007422328 0.004715264 367.489410400
-0.001213431 0.043418560 -0.999056339 -143.477355957 0.000834076 0.999056637 0.043417566 -3.603456497 0.999999046 -0.000780610 -0.001248479 367.500823975
-0.008875012 0.047124498 -0.998849690 -144.643585205 0.008444206 0.998856843 0.047049809 -3.572751045 0.999925077 -0.008016927 -0.009262800 367.514648438
-0.016136050 0.053689841 -0.998427451 -145.809844971 0.011216168 0.998504162 0.053512707 -3.532369614 0.999807060 -0.010335055 -0.016714096 367.500976562
-0.023239970 0.054419793 -0.998247683 -146.968597412 0.006997568 0.998501718 0.054270733 -3.484228134 0.999705434 -0.005724054 -0.023585916 367.466918945
-0.028030515 0.052234601 -0.998241484 -148.135604858 0.000683139 0.998634517 0.052235991 -3.436011314 0.999606967 0.000782261 -0.028027892 367.414855957
-0.032273531 0.048320074 -0.998310447 -149.285446167 -0.004538978 0.998813272 0.048491154 -3.390032768 0.999468863 0.006096283 -0.032015920 367.358642578
-0.035024166 0.046984818 -0.998281419 -150.439270020 -0.005780172 0.998867989 0.047215223 -3.355869293 0.999369800 0.007423908 -0.034713030 367.305175781
-0.037669778 0.048518382 -0.998111665 -151.612808228 -0.005464664 0.998795688 0.048757870 -3.306003571 0.999275267 0.007291044 -0.037359238 367.271301270
-0.039084315 0.055031668 -0.997719467 -152.773178101 -0.001181766 0.998479068 0.055119865 -3.257696152 0.999235332 0.003333387 -0.038959861 367.223999023
-0.040932059 0.062122598 -0.997228980 -153.922286987 0.000855961 0.998067081 0.062139682 -3.210815430 0.999161661 0.001689911 -0.040906072 367.179229736
-0.042231083 0.064093813 -0.997050107 -155.063674927 0.000007492 0.997940242 0.064150728 -3.153608322 0.999108076 0.002701676 -0.042144656 367.127685547
-0.042332768 0.058583621 -0.997384548 -156.193344116 -0.004132899 0.998260617 0.058810491 -3.096838951 0.999095082 0.006611700 -0.042016983 367.067810059
-0.042739868 0.050269518 -0.997820854 -157.319259644 -0.006345612 0.998699546 0.050585598 -3.047303200 0.999066174 0.008493804 -0.042365313 367.008789062
-0.042866111 0.050117116 -0.997823179 -158.461517334 -0.002844895 0.998730838 0.050284930 -3.003432274 0.999076962 0.004994214 -0.042669177 366.959167480
-0.044836044 0.054441538 -0.997509956 -159.600067139 0.000098235 0.998514235 0.054491941 -2.956983566 0.998994529 0.002345206 -0.044774771 366.908325195
-0.047890782 0.060082324 -0.997044086 -160.742034912 0.004105151 0.998192668 0.059954368 -2.904920578 0.998844266 -0.001221761 -0.048050880 366.859313965
-0.051168680 0.064099021 -0.996630967 -161.871444702 0.007772692 0.997933447 0.063783735 -2.853046417 0.998659849 -0.004482776 -0.051561236 366.804260254
-0.053566933 0.066563845 -0.996343255 -162.996475220 0.007463645 0.997774601 0.066258200 -2.796588898 0.998536348 -0.003887102 -0.053944588 366.739379883
-0.055716515 0.065301649 -0.996308982 -164.111831665 0.004913301 0.997864783 0.065128863 -2.739538193 0.998434663 -0.001266426 -0.055918455 366.665985107
-0.058722138 0.062906720 -0.996290445 -165.234954834 -0.000166374 0.998011947 0.063025229 -2.682903290 0.998274446 0.003866730 -0.058594942 366.589385986
-0.061390519 0.058589622 -0.996392787 -166.342086792 -0.003395167 0.998257637 0.058908466 -2.631609917 0.998108089 0.006999333 -0.061084628 366.511718750
-0.062817454 0.055080317 -0.996503949 -167.449295044 -0.001704559 0.998468518 0.055296358 -2.584342957 0.998023570 0.005172172 -0.062627316 366.433044434
-0.063974142 0.054614570 -0.996455967 -168.557998657 -0.000964817 0.998497546 0.054788407 -2.534765244 0.997951031 0.004466444 -0.063825369 366.355224609
-0.066093922 0.059974935 -0.996009350 -169.678405762 0.001206640 0.998196065 0.060026538 -2.486013412 0.997812688 0.002765564 -0.066047072 366.283447266
-0.066852212 0.067096896 -0.995504320 -170.768875122 0.003068045 0.997745454 0.067041919 -2.437032700 0.997758210 0.001427648 -0.066907406 366.210266113
-0.067644596 0.068472765 -0.995357156 -171.861236572 0.002135283 0.997649848 0.068485372 -2.373872757 0.997707248 0.002507289 -0.067631841 366.131347656
-0.066876650 0.066497363 -0.995543003 -172.947296143 0.001713773 0.997782826 0.066531859 -2.318546295 0.997759879 0.002743292 -0.066842437 366.040588379
-0.066860080 0.063092783 -0.995765626 -174.031631470 -0.000110213 0.997998238 0.063241646 -2.267004013 0.997762442 0.004338078 -0.066719174 365.960510254
-0.067665458 0.063126713 -0.995709062 -175.110809326 -0.002656264 0.997981429 0.063451298 -2.210992813 0.997704566 0.006938325 -0.067361116 365.886047363
-0.067646980 0.065611757 -0.995549619 -176.188323975 -0.002414095 0.997821629 0.065925539 -2.159116745 0.997706473 0.006863016 -0.067341208 365.799713135
-0.067165375 0.063440442 -0.995722950 -177.244857788 0.002292551 0.997983694 0.063429840 -2.104476929 0.997739255 0.001977547 -0.067175388 365.721252441
-0.067513943 0.055108190 -0.996195257 -178.331115723 0.002710917 0.998479843 0.055050846 -2.049670219 0.997714639 0.001016094 -0.067560673 365.656311035
-0.067447066 0.052015755 -0.996366143 -179.392974854 0.006230098 0.998642564 0.051712871 -2.003561020 0.997703493 -0.002719581 -0.067679644 365.584991455
-0.068099141 0.056914572 -0.996053994 -180.462524414 0.008583312 0.998367965 0.056459967 -1.957427979 0.997641802 -0.004704570 -0.068476558 365.513244629
-0.067777753 0.060254134 -0.995879352 -181.525970459 0.007341697 0.998177767 0.059893537 -1.913366318 0.997673452 -0.003251999 -0.068096519 365.431701660
-0.066657186 0.056160882 -0.996194303 -182.581283569 0.004370723 0.998421550 0.055994000 -1.868827820 0.997766495 -0.000621694 -0.066797495 365.355895996
-0.064639211 0.049073141 -0.996701360 -183.632186890 -0.003300568 0.998774171 0.049389247 -1.821144104 0.997903228 0.006482163 -0.064398050 365.267333984
-0.061704755 0.047996566 -0.996939778 -184.691085815 -0.010102756 0.998761892 0.048709594 -1.772974014 0.998043358 0.013077454 -0.061143517 365.188537598
-0.058464170 0.051423561 -0.996964216 -185.755065918 -0.013741864 0.998536289 0.052310504 -1.732344627 0.998194933 0.016758433 -0.057671905 365.111145020
-0.054445148 0.053680051 -0.997072816 -186.832122803 -0.014023823 0.998414278 0.054518044 -1.685140610 0.998418272 0.016951015 -0.053606033 365.051727295
-0.050028443 0.052971315 -0.997342110 -187.902114868 -0.011498864 0.998495758 0.053609390 -1.636916161 0.998681664 0.014150286 -0.049344063 364.999389648
-0.045009613 0.051841371 -0.997640550 -188.985626221 -0.008660171 0.998594820 0.052281674 -1.591093063 0.998949051 0.010992918 -0.044497371 364.945678711
-0.040530324 0.049816169 -0.997935653 -190.044921875 -0.004428118 0.998737574 0.050036043 -1.553155899 0.999168456 0.006446954 -0.040258527 364.905578613
-0.036333323 0.047607701 -0.998205125 -191.122116089 0.000138665 0.998864830 0.047634121 -1.511574745 0.999339759 0.001592289 -0.036298633 364.868896484
-0.032057405 0.046421796 -0.998407423 -192.201904297 0.004883709 0.998916149 0.046288647 -1.471718788 0.999474108 -0.003392039 -0.032249331 364.832031250
-0.028777480 0.051712580 -0.998247266 -193.291641235 0.010345250 0.998622835 0.051433802 -1.426387787 0.999532282 -0.008846985 -0.029272795 364.808349609
-0.026542068 0.057811290 -0.997974694 -194.380386353 0.016206183 0.998220026 0.057394486 -1.381011963 0.999516368 -0.014649992 -0.027431726 364.782958984
-0.025093198 0.059929706 -0.997887194 -195.470550537 0.017051151 0.998081923 0.059512630 -1.332010269 0.999539733 -0.015521766 -0.026066899 364.748962402
-0.022959471 0.057841193 -0.998061776 -196.574523926 0.020238888 0.998147190 0.057380572 -1.275054932 0.999531507 -0.018882237 -0.024087548 364.732727051
-0.022028446 0.057992619 -0.998074114 -197.661041260 0.017195618 0.998190522 0.057619870 -1.224208832 0.999609649 -0.015893232 -0.022985816 364.696380615
-0.019355178 0.060607564 -0.997974157 -198.749130249 0.012119534 0.998101890 0.060380280 -1.172544479 0.999739349 -0.010926321 -0.020052910 364.657684326
-0.016248584 0.060542222 -0.998033524 -199.867385864 0.005146455 0.998156965 0.060465936 -1.119421005 0.999854922 -0.004153861 -0.016530156 364.620269775
-0.012234688 0.057982374 -0.998242676 -200.971878052 -0.000864516 0.998316348 0.057997253 -1.064662933 0.999924839 0.001572576 -0.012163997 364.592956543
-0.007521272 0.056182597 -0.998392344 -202.088623047 -0.005063598 0.998405457 0.056221489 -1.007946014 0.999959052 0.005478310 -0.007224798 364.567535400
-0.003351450 0.057352047 -0.998348534 -203.199768066 -0.009455478 0.998307526 0.057381440 -0.955238342 0.999949813 0.009632166 -0.002803445 364.561523438
0.001107812 0.058587015 -0.998281717 -204.324432373 -0.010358486 0.998229444 0.058572453 -0.898800850 0.999945760 0.010275801 0.001712739 364.556060791
0.005538702 0.060550790 -0.998149872 -205.450210571 -0.010819072 0.998110294 0.060488358 -0.844512939 0.999926269 0.010464019 0.006183326 364.551666260
0.009113371 0.062172089 -0.998023808 -206.589370728 -0.010215809 0.998018980 0.062078502 -0.784660339 0.999906301 0.009629878 0.009730458 364.558837891
0.011516213 0.063646108 -0.997906208 -207.725173950 -0.008641607 0.997941315 0.063548625 -0.723253250 0.999896467 0.007891669 0.012042522 364.569946289
0.013787627 0.063820750 -0.997866273 -208.854263306 -0.007654142 0.997938514 0.063719615 -0.668701172 0.999875784 0.006759257 0.014247715 364.574188232
0.015021086 0.063062511 -0.997896552 -210.009582520 -0.007926245 0.997985303 0.062948808 -0.609796524 0.999855816 0.006964009 0.015490651 364.597473145
0.016039848 0.064592227 -0.997782826 -211.143051147 -0.007373517 0.997891724 0.064480744 -0.551275253 0.999844193 0.006322907 0.016482294 364.613586426
0.017601192 0.066643812 -0.997621655 -212.278579712 -0.008271841 0.997751713 0.066506565 -0.492879868 0.999810934 0.007081568 0.018112898 364.628082275
0.019165039 0.066877626 -0.997577190 -213.436370850 -0.008267440 0.997736871 0.066729508 -0.432470322 0.999782264 0.006968531 0.019674599 364.655883789
0.020448506 0.064353943 -0.997717679 -214.561218262 -0.006743032 0.997912467 0.064228304 -0.370241165 0.999768198 0.005414267 0.020839751 364.675170898
0.021812618 0.064236276 -0.997696459 -215.688598633 -0.005037892 0.997928143 0.064141065 -0.310108185 0.999749541 0.003627191 0.022091031 364.701995850
0.023398578 0.064143769 -0.997666299 -216.841400146 -0.005155241 0.997933984 0.064040072 -0.250238419 0.999712884 0.003644764 0.023680925 364.725585938
0.025661647 0.061953571 -0.997749090 -217.979553223 -0.004180106 0.998075664 0.061866339 -0.192417145 0.999661922 0.002583105 0.025871217 364.755523682
0.028327703 0.059316818 -0.997837245 -219.105682373 -0.002892214 0.998238504 0.059258565 -0.134967804 0.999594569 0.001207297 0.028449357 364.787841797
0.032174468 0.060233723 -0.997665703 -220.213165283 -0.003783965 0.998182595 0.060142905 -0.087947845 0.999475181 0.001840061 0.032343924 364.811035156
0.035693169 0.063516766 -0.997342408 -221.322372437 -0.003780863 0.997979641 0.063422047 -0.037868500 0.999355733 0.001507073 0.035861254 364.849304199
0.039974272 0.066317469 -0.996997654 -222.423278809 -0.003629080 0.997798085 0.066225208 0.019775391 0.999194264 0.000970874 0.040126920 364.890380859
0.045493066 0.068493277 -0.996613801 -223.550704956 -0.006361124 0.997646332 0.068273865 0.072010040 0.998944402 0.003233590 0.045821726 364.936279297
0.050764143 0.068967164 -0.996326685 -224.633636475 -0.009302002 0.997602165 0.068581514 0.131050110 0.998667479 0.005786344 0.051283956 364.991119385
0.057843804 0.067497455 -0.996041358 -225.709869385 -0.010181183 0.997699797 0.067018583 0.184482574 0.998273849 0.006264262 0.058397949 365.045684814
0.065219104 0.065893821 -0.995693088 -226.768371582 -0.011950023 0.997797370 0.065250345 0.238010406 0.997799575 0.007642975 0.065862834 365.105102539
0.071692646 0.065425567 -0.995278656 -227.810150146 -0.011242361 0.997835994 0.064783856 0.288925171 0.997363389 0.006544754 0.072273076 365.178161621
0.076731682 0.065648794 -0.994888186 -228.835266113 -0.009567368 0.997832537 0.065105185 0.338764191 0.997005880 0.004522828 0.077193499 365.255615234
0.080202997 0.064864531 -0.994665921 -229.823211670 -0.007463706 0.997891545 0.064473063 0.381906509 0.996750712 0.002252951 0.080518067 365.339294434
0.082896054 0.063416220 -0.994538546 -230.813522339 -0.005294360 0.997987151 0.063194834 0.433212280 0.996544302 0.000026832 0.083064973 365.427062988
0.085779130 0.065456927 -0.994161606 -231.800979614 -0.004623605 0.997854888 0.065301158 0.475137711 0.996303439 -0.001004867 0.085897803 365.503723145
0.087988198 0.070754141 -0.993605614 -232.775115967 -0.001246514 0.997481227 0.070919745 0.524587631 0.996120811 -0.005001569 0.087854803 365.594268799
0.089926481 0.072985686 -0.993270576 -233.726623535 0.001185484 0.997302651 0.073389299 0.569082260 0.995947778 -0.007777152 0.089597404 365.681121826
0.091819882 0.064664923 -0.993673801 -234.666275024 0.002444137 0.997871578 0.065163955 0.617790222 0.995772660 -0.008412020 0.091466367 365.771484375
0.094657838 0.054332867 -0.994026184 -235.564941406 0.003428093 0.998485804 0.054903083 0.658844948 0.995504081 -0.008604627 0.094328225 365.853454590
0.097515643 0.056279529 -0.993641496 -236.469390869 -0.001504809 0.998407006 0.056401771 0.705390930 0.995232940 -0.004004817 0.097444952 365.930511475
0.102501929 0.068535835 -0.992369056 -237.347442627 -0.004969846 0.997646511 0.068386979 0.740015030 0.994720459 -0.002077877 0.102601290 366.013061523
0.108056009 0.077552266 -0.991115391 -238.205429077 -0.009476466 0.996987700 0.076978594 0.775283813 0.994099736 0.001074266 0.108465433 366.098388672
0.116623104 0.074810863 -0.990354717 -239.030181885 -0.013330800 0.997187138 0.073757164 0.819877625 0.993086815 0.004600430 0.117292345 366.183654785
0.125307977 0.072472870 -0.989467382 -239.845947266 -0.015542062 0.997349381 0.071081907 0.870866776 0.991996169 0.006471236 0.126102209 366.286254883
0.135459006 0.072756931 -0.988107920 -240.620269775 -0.014315108 0.997339725 0.071474247 0.911909103 0.990679562 0.004463041 0.136140168 366.397277832
0.148077607 0.070704706 -0.986445129 -241.375549316 -0.013205362 0.997493565 0.069514334 0.944684982 0.988887608 0.002732845 0.148640156 366.510314941
0.163063288 0.061886229 -0.984672785 -242.088806152 -0.012940628 0.998079121 0.060585823 0.974058151 0.986530781 0.002862956 0.163550913 366.635070801
0.179747343 0.053632982 -0.982249737 -242.775924683 -0.011470079 0.998558998 0.052424535 1.009178162 0.983646035 0.001843307 0.180103540 366.771179199
0.195845962 0.050349914 -0.979341149 -243.453765869 -0.007022538 0.998727441 0.049942251 1.042374611 0.980609417 -0.002903524 0.195950329 366.919006348
0.211388886 0.055280857 -0.975837529 -244.101684570 -0.000671742 0.998407245 0.056413915 1.060083389 0.977401853 -0.011269766 0.211089313 367.074554443
0.226275325 0.059871264 -0.972221732 -244.728927612 0.005487956 0.998014987 0.062736943 1.079738617 0.974048018 -0.019531334 0.225497603 367.235656738
0.239480078 0.060189869 -0.969033778 -245.340393066 0.011684699 0.997825563 0.064865895 1.105197906 0.970830977 -0.026856957 0.238256037 367.402954102
0.249260902 0.058452874 -0.966670811 -245.919464111 0.018215859 0.997717202 0.065027259 1.131454468 0.968265176 -0.033817496 0.247627079 367.567749023
0.256091774 0.056647781 -0.964991331 -246.485504150 0.022753652 0.997651577 0.064603470 1.154737473 0.966384768 -0.038501497 0.254201472 367.723205566
0.259456038 0.053497039 -0.964272141 -247.032394409 0.026366344 0.997700036 0.062445972 1.179619789 0.965394974 -0.041626319 0.257448792 367.883941650
0.261146426 0.051765844 -0.963910222 -247.566970825 0.030342326 0.997627437 0.061797060 1.202711105 0.964822233 -0.045385361 0.258956134 368.033966064
0.261297643 0.051803552 -0.963867188 -248.093139648 0.032397620 0.997525573 0.062395312 1.237899780 0.964714408 -0.047530752 0.258972764 368.176818848
0.258335710 0.052794039 -0.964611650 -248.598846436 0.034246095 0.997377574 0.063758910 1.263066292 0.965448081 -0.049505387 0.255850255 368.311645508
0.252780616 0.054031290 -0.966013849 -249.097778320 0.035211198 0.997264266 0.064993054 1.286487579 0.966882825 -0.050443485 0.250186563 368.444061279
0.245594025 0.055561874 -0.967779100 -249.569839478 0.033973467 0.997249365 0.065875277 1.303555489 0.968777239 -0.049057383 0.243030846 368.554260254
0.237531424 0.056518000 -0.969734311 -250.029327393 0.033537228 0.997233629 0.066335484 1.321815491 0.970800757 -0.048278961 0.234978855 368.658264160
0.227916181 0.055161797 -0.972117066 -250.470123291 0.033231564 0.997371614 0.064386107 1.348158836 0.973113596 -0.046979610 0.225484014 368.752136230
0.216257155 0.053758845 -0.974855363 -250.887893677 0.035912320 0.997369289 0.062967010 1.367692947 0.975675821 -0.048626393 0.213757634 368.838989258
0.201602936 0.052527703 -0.978057921 -251.299636841 0.038551547 0.997361600 0.061510909 1.384042740 0.978708446 -0.050106432 0.199046016 368.913574219
0.182331324 0.051246807 -0.981900811 -251.709716797 0.039631501 0.997446179 0.059417415 1.404370308 0.982438207 -0.049747862 0.179834723 368.974426270
0.160489559 0.052334931 -0.985649109 -252.116729736 0.039631572 0.997446358 0.059414394 1.421092987 0.986241579 -0.048598215 0.158005655 369.024322510
0.139262974 0.053775556 -0.988794267 -252.527191162 0.037104428 0.997539818 0.059477020 1.438302994 0.989560068 -0.044971589 0.136925042 369.056854248
0.118452370 0.055726130 -0.991394877 -252.929489136 0.034684096 0.997582495 0.060218014 1.454027176 0.992353857 -0.041518606 0.116233230 369.080505371
0.097658038 0.056766856 -0.993599892 -253.321456909 0.034258854 0.997588456 0.060361955 1.471435547 0.994630337 -0.039934430 0.095477760 369.109527588
0.077415287 0.057738673 -0.995325625 -253.724624634 0.033540349 0.997605741 0.060479674 1.490301132 0.996434629 -0.038065620 0.075293362 369.122161865
0.058495998 0.058107663 -0.996595204 -254.120346069 0.032654386 0.997658908 0.060086373 1.510295868 0.997753620 -0.036058024 0.056461632 369.125885010
0.040702999 0.058351848 -0.997466028 -254.520538330 0.030676300 0.997749686 0.059620239 1.527597427 0.998700321 -0.033025291 0.038821399 369.120422363
0.025236726 0.057986334 -0.997998476 -254.909347534 0.027427508 0.997900307 0.058674213 1.545822144 0.999305308 -0.028853357 0.023593307 369.116394043
0.013917625 0.056597289 -0.998300195 -255.307037354 0.023940200 0.998091698 0.056919239 1.562828064 0.999616623 -0.024691693 0.012536108 369.101837158
0.006118417 0.055524293 -0.998438597 -255.715698242 0.018584521 0.998278499 0.055629276 1.582935333 0.999808550 -0.018895866 0.005075991 369.092712402
0.001707196 0.055917103 -0.998434067 -256.130737305 0.014375901 0.998330832 0.055935908 1.603008270 0.999895334 -0.014448887 0.000900507 369.080444336
-0.000343323 0.056805369 -0.998385251 -256.555236816 0.011821779 0.998315752 0.056797352 1.621295929 0.999930084 -0.011783197 -0.001014233 369.074493408
0.000755847 0.057618260 -0.998338401 -256.984252930 0.009559521 0.998292625 0.057622857 1.641489029 0.999953985 -0.009587188 0.000203729 369.070617676
0.003703833 0.058236118 -0.998296022 -257.414489746 0.006171387 0.998282492 0.058258228 1.660999298 0.999974132 -0.006376651 0.003338039 369.068603516
0.007150233 0.058264401 -0.998275638 -257.845855713 0.004155656 0.998290777 0.058295049 1.679105759 0.999965906 -0.004565319 0.006895900 369.070892334
0.011152148 0.058553644 -0.998221934 -258.275024414 0.000334198 0.998283803 0.058561005 1.695732117 0.999937773 -0.000986683 0.011113465 369.076843262
0.018904507 0.057592653 -0.998161256 -258.707794189 -0.004005027 0.998335898 0.057526883 1.718664169 0.999813378 0.002910140 0.019103706 369.082366943
0.029091239 0.057045117 -0.997947812 -259.136413574 -0.007685146 0.998353481 0.056844279 1.739832878 0.999547362 0.006015695 0.029481769 369.091857910
0.040023506 0.057374068 -0.997550189 -259.566040039 -0.010464805 0.998319447 0.056998443 1.761375427 0.999143958 0.008157889 0.040556669 369.111236572
0.050754070 0.058341853 -0.997005761 -259.998901367 -0.012107114 0.998254836 0.057798620 1.787453651 0.998637855 0.009137343 0.051371872 369.142547607
0.061506212 0.060154501 -0.996292412 -260.415954590 -0.012432767 0.998150945 0.059499178 1.800947189 0.998029351 0.008727092 0.062140405 369.171203613
0.071892977 0.062864847 -0.995429337 -260.843811035 -0.016258284 0.997953057 0.061850011 1.815114975 0.997279942 0.011737385 0.072767913 369.204101562
0.084186792 0.067699067 -0.994147718 -261.265960693 -0.019845258 0.997605443 0.066253990 1.830642700 0.996252477 0.014151399 0.085328698 369.228485107
0.095643938 0.068948768 -0.993024826 -261.686492920 -0.022141822 0.997498751 0.067126796 1.861305237 0.995169342 0.015567106 0.096931398 369.271514893
0.107006609 0.066946216 -0.992001951 -262.095550537 -0.019943310 0.997674346 0.065177761 1.880544662 0.994058311 0.012809353 0.108092844 369.325897217
0.117492557 0.064934224 -0.990948617 -262.489685059 -0.017409734 0.997841299 0.063321687 1.895551682 0.992921174 0.009812320 0.118369401 369.389892578
0.127209246 0.063913077 -0.989814699 -262.869201660 -0.017462729 0.997911453 0.062191617 1.910678864 0.991722226 0.009373506 0.128059685 369.453369141
0.137013733 0.062615253 -0.988588274 -263.228454590 -0.020592174 0.997964561 0.060355153 1.928892136 0.990355194 0.012087693 0.138024211 369.494873047
0.145193517 0.060080700 -0.987577379 -263.579223633 -0.023183791 0.998087108 0.057311598 1.956209183 0.989131629 0.014574517 0.146308661 369.543395996
0.150710642 0.056693368 -0.986951053 -263.911895752 -0.023269370 0.998281062 0.053790893 1.967075348 0.988304138 0.014858860 0.151770830 369.608795166
0.154936075 0.052665707 -0.986519694 -264.236480713 -0.018538769 0.998557210 0.050396759 1.980994225 0.987750530 0.010480586 0.155688882 369.677917480
0.159678936 0.051797565 -0.985809088 -264.552703857 -0.011823959 0.998651147 0.050557110 1.984924316 0.987098157 0.003583261 0.160076022 369.711883545
0.158635497 0.051951315 -0.985969484 -264.874572754 -0.008055740 0.998649597 0.051323328 1.999036789 0.987304389 -0.000198990 0.158839822 369.774902344
0.153999746 0.052214380 -0.986690283 -265.195007324 -0.006749447 0.998635054 0.051793046 2.010340691 0.988047838 -0.001316500 0.154141963 369.823364258
0.143363714 0.051978257 -0.988304198 -265.508026123 -0.006598130 0.998647809 0.051565137 2.026700974 0.989648104 -0.000871614 0.143512845 369.873565674
0.128296793 0.052565500 -0.990341783 -265.823974609 -0.008225828 0.998616397 0.051939059 2.040906906 0.991701722 0.001482764 0.128551662 369.904541016
0.108769059 0.052597374 -0.992674649 -266.137420654 -0.008429472 0.998612106 0.051988345 2.049849510 0.994031370 0.002712998 0.109061420 369.933807373
0.086303234 0.051356964 -0.994944394 -266.452301025 -0.007835086 0.998674572 0.050869878 2.064788818 0.996238172 0.003405234 0.086591244 369.940093994
0.059181154 0.047603410 -0.997111678 -266.758331299 -0.005300109 0.998863220 0.047372460 2.087461472 0.998233259 0.002481240 0.059366167 369.947265625
0.028767169 0.046706546 -0.998494446 -267.083160400 -0.003611082 0.998906076 0.046621770 2.075074196 0.999579668 0.002264465 0.028904319 369.947937012
-0.002003193 0.043952584 -0.999031663 -267.398071289 -0.003144988 0.999028385 0.043958750 2.104780197 0.999993086 0.003229997 -0.001863003 369.908691406
-0.038338304 0.045872100 -0.998211443 -267.742065430 -0.004570061 0.998927295 0.046080522 2.114259720 0.999254405 0.006328535 -0.038087606 369.872192383
-0.077751398 0.047552112 -0.995838225 -268.093994141 -0.005913954 0.998822331 0.048156351 2.140132904 0.996955335 0.009633558 -0.077378631 369.810241699
-0.121778131 0.050228734 -0.991285682 -268.466796875 -0.002901394 0.998696446 0.050960675 2.152153015 0.992553174 0.009081998 -0.121473551 369.760498047
-0.167326093 0.050259259 -0.984619856 -268.841979980 0.000974655 0.998707712 0.050812740 2.164518356 0.985901237 0.007542626 -0.167158842 369.682159424
-0.214414120 0.051395148 -0.975389779 -269.215484619 0.004800340 0.998658061 0.051565968 2.174926758 0.976731122 0.006374265 -0.214372993 369.576568604
-0.258459449 0.050369047 -0.964708269 -269.558227539 0.005916859 0.998703539 0.050558794 2.212737083 0.966004193 0.007359345 -0.258422375 369.406311035
-0.308571458 0.050076354 -0.949882388 -269.955413818 0.006616470 0.998702109 0.050500691 2.232770920 0.951178432 0.009298193 -0.308502316 369.253082275
-0.358972073 0.049158953 -0.932053030 -270.347991943 0.010943128 0.998765051 0.048462883 2.240664482 0.933284402 0.007197238 -0.359066725 369.074157715
-0.411952376 0.044937074 -0.910096884 -270.765350342 0.014348010 0.998979270 0.042831179 2.275761604 0.911092639 0.004586321 -0.412176728 368.876190186
-0.462909341 0.043640517 -0.885330915 -271.146392822 0.020439848 0.999047279 0.038558636 2.298408508 0.886170149 -0.000246885 -0.463360310 368.649169922
-0.514056683 0.047703117 -0.856428921 -271.531250000 0.026218036 0.998859644 0.039899599 2.296938896 0.857355654 -0.001943235 -0.514721155 368.380737305
-0.565024495 0.052231982 -0.823419213 -271.932495117 0.033423744 0.998623967 0.040410619 2.309640884 0.824396908 -0.004688763 -0.565992832 368.080139160
-0.615865946 0.052375358 -0.786108136 -272.329193115 0.035176549 0.998620808 0.038975660 2.344869614 0.787065327 -0.003648791 -0.616858959 367.739288330
-0.664547205 0.055415090 -0.745189071 -272.716613770 0.038679343 0.998460531 0.039755743 2.354099274 0.746244907 -0.002403862 -0.665667534 367.357177734
-0.710933328 0.056568142 -0.700981021 -273.090850830 0.041833844 0.998396277 0.038141347 2.382587433 0.702014446 -0.002208782 -0.712159634 366.945495605
-0.753018975 0.063533053 -0.654924929 -273.432495117 0.049486384 0.997976959 0.039913520 2.378786087 0.656135798 -0.002354234 -0.754639626 366.503601074
-0.791756272 0.063070491 -0.607572377 -273.758605957 0.051477041 0.998006284 0.036518246 2.419523239 0.608664274 -0.002362478 -0.793424368 366.015716553
-0.827164769 0.064856775 -0.558204591 -274.078369141 0.054265670 0.997894168 0.035530984 2.435821533 0.559333563 -0.000901372 -0.828942299 365.496612549
-0.856956840 0.065173201 -0.511251092 -274.361663818 0.055558730 0.997873664 0.034079522 2.464345932 0.512385011 0.000800218 -0.858755589 364.946990967
-0.881497025 0.064871952 -0.467712313 -274.612701416 0.055032913 0.997881889 0.034686286 2.477626801 0.468971789 0.004836286 -0.883200049 364.378936768
-0.902917504 0.064433806 -0.424956739 -274.894042969 0.055386212 0.997898638 0.033625126 2.505624771 0.426230341 0.006823970 -0.904588938 363.780273438
-0.919607282 0.064651243 -0.387482733 -275.127929688 0.056170307 0.997869551 0.033185709 2.528812408 0.388802707 0.008752793 -0.921279550 363.141143799
-0.934125543 0.066176683 -0.350756675 -275.348724365 0.057704493 0.997735202 0.034564052 2.540485382 0.352249622 0.012046926 -0.935828686 362.476257324
-0.946605802 0.067059956 -0.315341860 -275.575531006 0.059679814 0.997671485 0.033013534 2.564945221 0.316821456 0.012431257 -0.948403835 361.795928955
-0.956197739 0.068499260 -0.284593999 -275.764770508 0.062576540 0.997593284 0.029863078 2.582534790 0.285954684 0.010746099 -0.958182931 361.082000732
-0.964122415 0.071882568 -0.255540907 -275.967681885 0.068297066 0.997402430 0.022889173 2.600410461 0.256522477 0.004615266 -0.966527343 360.337127686
-0.970481515 0.073858202 -0.229589283 -276.138305664 0.072148725 0.997268021 0.015843265 2.617427826 0.230132207 -0.001188981 -0.973158956 359.574829102
-0.975988746 0.077481449 -0.203574821 -276.296905518 0.076530606 0.996988237 0.012551131 2.627679825 0.203934178 -0.003329941 -0.978978992 358.789215088
-0.980394006 0.083999746 -0.178247169 -276.438415527 0.082910009 0.996464670 0.013567269 2.637479782 0.178756654 -0.001477206 -0.983892441 357.978515625
-0.984096766 0.088545896 -0.153991461 -276.561462402 0.087129883 0.996069551 0.015933627 2.644399643 0.154797047 0.002262973 -0.987943769 357.139373779
-0.987291098 0.088314593 -0.132125124 -276.675811768 0.086694062 0.996072710 0.017979063 2.655126572 0.133194044 0.006296103 -0.991070032 356.274902344
-0.989513397 0.088039510 -0.114510469 -276.764678955 0.086757220 0.996098697 0.016143652 2.662961960 0.115485005 0.006039747 -0.993291020 355.392669678
-0.991471767 0.080867164 -0.102198973 -276.840942383 0.079982825 0.996714950 0.012728258 2.679658890 0.102892548 0.004445544 -0.994682670 354.482574463
-0.992655873 0.074129820 -0.095597893 -276.916320801 0.073628530 0.997247219 0.008765478 2.684309006 0.095984519 0.001662371 -0.995381474 353.549316406
-0.993249297 0.070486993 -0.092129312 -276.985473633 0.070090115 0.997512162 0.007540409 2.692850113 0.092431612 0.001032151 -0.995718718 352.601440430
-0.993200660 0.072565474 -0.091032989 -277.069915771 0.072048925 0.997360945 0.008952151 2.696380615 0.091442361 0.002332452 -0.995807767 351.620880127
-0.993244410 0.073511153 -0.089787416 -277.156127930 0.072937176 0.997289717 0.009661536 2.709815979 0.090254299 0.003047425 -0.995914102 350.614807129
-0.993223548 0.076061711 -0.087872043 -277.266540527 0.075401723 0.997094631 0.010810655 2.710371017 0.088439018 0.004111694 -0.996073127 349.598815918
-0.993373990 0.075612828 -0.086554073 -277.352630615 0.074928299 0.997126758 0.011134948 2.721340179 0.087147325 0.004575814 -0.996185303 348.562347412
-0.993501425 0.075812735 -0.084898129 -277.439636230 0.075007476 0.997102857 0.012639494 2.729663849 0.085610397 0.006189358 -0.996309638 347.504150391
-0.993609905 0.075574420 -0.083834328 -277.528381348 0.074664764 0.997111261 0.013937836 2.736265182 0.084645502 0.007589299 -0.996382356 346.437042236
-0.993873358 0.073874444 -0.082214072 -277.615081787 0.072921783 0.997231722 0.014534622 2.748359680 0.083060220 0.008450372 -0.996509075 345.353912354
-0.994126558 0.072143778 -0.080669880 -277.697570801 0.070989937 0.997330725 0.017084666 2.764320374 0.081687100 0.011257571 -0.996594429 344.255767822
-0.994334102 0.071452931 -0.078705490 -277.783172607 0.070242196 0.997366667 0.018049154 2.775344849 0.079787895 0.012418441 -0.996734738 343.141357422
-0.994550228 0.070408881 -0.076894760 -277.854278564 0.069355190 0.997458994 0.016291916 2.787619591 0.077846460 0.010870077 -0.996906281 342.047760010
-0.994656205 0.071926646 -0.074066855 -277.952392578 0.071064942 0.997370481 0.014208072 2.796127319 0.074894033 0.008868589 -0.997152209 340.891357422
-0.994798064 0.073090866 -0.070953131 -278.030517578 0.072302848 0.997289777 0.013615049 2.804277420 0.071755968 0.008414112 -0.997386694 339.753509521
-0.994948030 0.073096305 -0.068815216 -278.095886230 0.072273165 0.997281194 0.014379594 2.816040039 0.069679216 0.009333453 -0.997525930 338.610015869
-0.995136142 0.074055724 -0.064960890 -278.185760498 0.073094301 0.997179151 0.017057089 2.824450493 0.066040814 0.012225854 -0.997742176 337.431579590
-0.995218635 0.075898983 -0.061477214 -278.257232666 0.074707486 0.996974647 0.021456495 2.840836525 0.062919751 0.016761094 -0.997877955 336.250946045
-0.995352626 0.077455677 -0.057220954 -278.326110840 0.075933211 0.996710598 0.028321618 2.860203743 0.059226401 0.023845019 -0.997959971 335.048187256
-0.995274067 0.081150487 -0.053329054 -278.397338867 0.079551414 0.996334314 0.031456556 2.878996849 0.055686280 0.027065497 -0.998081446 333.856018066
-0.995477080 0.080493793 -0.050460566 -278.456512451 0.079320461 0.996539593 0.024842165 2.897400856 0.052285593 0.020727251 -0.998417020 332.664886475
-0.995784521 0.077637389 -0.048842106 -278.512634277 0.077179357 0.996954322 0.011197815 2.907606125 0.049562719 0.007381009 -0.998743653 331.478485107
-0.996182203 0.072887026 -0.048047420 -278.554412842 0.072972916 0.997333944 -0.000033495 2.904809952 0.047916878 -0.003539527 -0.998845100 330.312652588
-0.996573567 0.069255069 -0.045223299 -278.599731445 0.069302902 0.997595549 0.000511166 2.891313553 0.045149960 -0.002624691 -0.998976827 329.122192383
-0.996822596 0.068122156 -0.041281104 -278.645233154 0.067736901 0.997646272 0.010662220 2.889517784 0.041910272 0.007832088 -0.999090672 327.931884766
-0.997069955 0.067252718 -0.036454625 -278.685180664 0.066530935 0.997570336 0.020664867 2.889575005 0.037755821 0.018178955 -0.999121785 326.740875244
-0.997331619 0.065929905 -0.031356651 -278.708862305 0.065221444 0.997603297 0.023104863 2.901775360 0.032804798 0.020998081 -0.999241352 325.556365967
-0.997455001 0.066638619 -0.025350099 -278.747039795 0.066090971 0.997574091 0.021860950 2.912715912 0.026745385 0.020129904 -0.999439478 324.383911133
-0.997564435 0.066801123 -0.020065313 -278.766082764 0.066399373 0.997591436 0.020062549 2.925064087 0.021357184 0.018681364 -0.999597311 323.207550049
-0.997664571 0.066637121 -0.014991243 -278.767364502 0.066322975 0.997586370 0.020558735 2.928436279 0.016325034 0.019516459 -0.999676228 322.027587891
-0.997722745 0.066844516 -0.009021482 -278.783996582 0.066645525 0.997559845 0.020801708 2.941129684 0.010389949 0.020153094 -0.999742985 320.848907471
-0.997720242 0.067399845 -0.003496698 -278.776306152 0.067310840 0.997505486 0.021260882 2.951752663 0.004920955 0.020977041 -0.999768138 319.691833496
-0.997574806 0.069564976 0.002418949 -278.774536133 0.069602154 0.997313321 0.022841513 2.955651283 -0.000823481 0.022954475 -0.999736547 318.512176514
-0.997442603 0.071035385 0.007899805 -278.766021729 0.071202278 0.997188389 0.023357082 2.968430519 -0.006218415 0.023859832 -0.999696016 317.366119385
-0.997319460 0.071911283 0.013536794 -278.742553711 0.072203405 0.997136235 0.022494176 2.976705551 -0.011880443 0.023411276 -0.999655604 316.209594727
-0.997014284 0.074812114 0.019125018 -278.722473145 0.075222388 0.996930301 0.021716377 2.989968300 -0.017441662 0.023090167 -0.999581218 315.051300049
-0.996909499 0.074592240 0.024656374 -278.691345215 0.075120129 0.996948600 0.021224894 3.000950813 -0.022997925 0.023011483 -0.999470949 313.895965576
-0.996632695 0.076361358 0.029873218 -278.662261963 0.077031329 0.996786833 0.021957448 3.002029419 -0.028100530 0.024184683 -0.999312520 312.723510742
-0.996384621 0.077650875 0.034468811 -278.620086670 0.078373298 0.996720910 0.020125464 3.008241653 -0.032793026 0.022754136 -0.999203086 311.577850342
-0.995916247 0.081338257 0.039177950 -278.589630127 0.082061112 0.996478736 0.017207522 3.016796112 -0.037640367 0.020352237 -0.999084115 310.432098389
-0.995611191 0.082786448 0.043643944 -278.535278320 0.083588831 0.996357203 0.016888902 3.023985863 -0.042086784 0.020462926 -0.998904467 309.292846680
-0.995091438 0.086020984 0.048923980 -278.483703613 0.087016650 0.996033311 0.018595282 3.024279594 -0.047130328 0.022761207 -0.998629451 308.156616211
-0.994524837 0.089186326 0.054463550 -278.429199219 0.090261966 0.995762289 0.017615266 3.022706985 -0.052661709 0.022434805 -0.998360395 307.018981934
-0.994161010 0.090430602 0.058877219 -278.357421875 0.091503337 0.995679736 0.015780710 3.032960892 -0.057195794 0.021076027 -0.998140574 305.890777588
-0.993804455 0.091193020 0.063535996 -278.286315918 0.092472553 0.995561600 0.017491773 3.041372299 -0.061658867 0.023258734 -0.997826338 304.757904053
-0.993344545 0.093130849 0.067774892 -278.211791992 0.094609462 0.995334327 0.018937040 3.042489052 -0.065695055 0.025223151 -0.997521043 303.633941650
-0.993127346 0.092957065 0.071116507 -278.121582031 0.094453186 0.995367169 0.017964894 3.047451973 -0.069117077 0.024558602 -0.997306466 302.512756348
-0.992957473 0.092024550 0.074611366 -278.028472900 0.093445837 0.995499313 0.015780149 3.047258377 -0.072823405 0.022641139 -0.997087717 301.371337891
-0.992841244 0.090818062 0.077577740 -277.939849854 0.092149362 0.995650232 0.013749635 3.046678543 -0.075991586 0.020799944 -0.996891499 300.261596680
-0.992596984 0.090753607 0.080717616 -277.843780518 0.092088439 0.995666444 0.012963374 3.049975395 -0.079191349 0.020300563 -0.996652842 299.134490967
-0.992277622 0.091197364 0.084072672 -277.757873535 0.092609890 0.995616972 0.013049171 3.050364494 -0.082514130 0.020734360 -0.996374249 297.979614258
-0.991916418 0.091904759 0.087497741 -277.658935547 0.093322113 0.995560765 0.012239597 3.053461075 -0.085984439 0.020306125 -0.996089816 296.833496094
-0.991418004 0.093702056 0.091160893 -277.558105469 0.095058031 0.995414913 0.010638583 3.054499626 -0.089746058 0.019212857 -0.995779395 295.691864014
-0.991125226 0.093498856 0.094492331 -277.443237305 0.094832763 0.995445788 0.009716184 3.055394173 -0.093153544 0.018590923 -0.995478153 294.560424805
-0.990854621 0.092988484 0.097776905 -277.328369141 0.094403394 0.995484471 0.009935264 3.050705910 -0.096411519 0.019074874 -0.995158792 293.428375244
-0.990738273 0.090861373 0.100907706 -277.199829102 0.092361517 0.995672405 0.010285692 3.045893669 -0.099536449 0.019510414 -0.994842887 292.284484863
-0.990482330 0.089429714 0.104629144 -277.076751709 0.090970941 0.995802939 0.010042399 3.046809196 -0.103291921 0.019465029 -0.994460702 291.138610840
-0.990266919 0.088103674 0.107746102 -276.949523926 0.089674063 0.995922863 0.009808101 3.039385796 -0.106442682 0.019374669 -0.994130135 289.972595215
-0.989959478 0.087687939 0.110867724 -276.812988281 0.089251697 0.995966494 0.009211755 3.039523125 -0.109612778 0.019014392 -0.993792772 288.826507568
-0.989443898 0.088799156 0.114525191 -276.678955078 0.090358429 0.995873153 0.008486133 3.042570114 -0.113298997 0.018744865 -0.993384361 287.658721924
-0.988981247 0.089485846 0.117934436 -276.535949707 0.091227017 0.995785415 0.009438351 3.037456512 -0.116592787 0.020093158 -0.992976546 286.507293701
-0.988523006 0.089013353 0.122060291 -276.399078369 0.090966254 0.995798528 0.010510150 3.029294968 -0.120611914 0.021492895 -0.992466927 285.350769043
-0.988227725 0.087663308 0.125384822 -276.244842529 0.089756370 0.995901525 0.011131344 3.027214050 -0.123895124 0.022254387 -0.992045879 284.196868896
-0.987901330 0.086118147 0.128976643 -276.088562012 0.088266164 0.996035933 0.011021162 3.025826454 -0.127516255 0.022272091 -0.991586566 283.040130615
-0.987518549 0.085000865 0.132597208 -275.941284180 0.087105252 0.996147513 0.010140884 3.028506279 -0.131224394 0.021564223 -0.991118073 281.881713867
-0.987273335 0.082445040 0.135995090 -275.771179199 0.084349126 0.996401787 0.008288815 3.028079987 -0.134822384 0.019654389 -0.990675092 280.722839355
-0.986953735 0.080535844 0.139414951 -275.607269287 0.082244918 0.996590734 0.006531893 3.026827812 -0.138413593 0.017912846 -0.990212560 279.542388916
-0.986761212 0.077304564 0.142570302 -275.424011230 0.078954108 0.996860564 0.005940807 3.023209572 -0.141663462 0.017118670 -0.989766836 278.377227783
-0.986187220 0.075888142 0.147226498 -275.256103516 0.077876881 0.996932626 0.007782711 3.012063980 -0.146184281 0.019140750 -0.989072204 277.195037842
-0.985741377 0.074489832 0.150881737 -275.067077637 0.076683313 0.997016966 0.008763696 3.008606911 -0.149778843 0.020208849 -0.988512993 276.011566162
-0.985027194 0.074354485 0.155541852 -274.879943848 0.076618001 0.997023404 0.008599872 3.003498077 -0.154439434 0.020388409 -0.987792015 274.819610596
-0.984347224 0.074451946 0.159742504 -274.683959961 0.076595671 0.997035563 0.007296090 2.998039246 -0.158725753 0.019417468 -0.987131834 273.638641357
-0.983498454 0.075676031 0.164328396 -274.488952637 0.077803589 0.996947229 0.006539924 2.991507530 -0.163331822 0.019217344 -0.986384034 272.451080322
-0.982709527 0.075224385 0.169185102 -274.280517578 0.077593759 0.996957421 0.007427383 2.986265182 -0.168111607 0.020426665 -0.985556483 271.270507812
-0.981966615 0.073736846 0.174082652 -274.067260742 0.076711625 0.996998966 0.010412749 2.979586601 -0.172792420 0.023579132 -0.984676123 270.090148926
-0.981092215 0.072746456 0.179350227 -273.845153809 0.076353610 0.996992350 0.013282705 2.972447872 -0.177844524 0.026725590 -0.983695865 268.906311035
-0.980342507 0.070315927 0.184349298 -273.605895996 0.074032068 0.997166574 0.013344621 2.976815224 -0.182888612 0.026730055 -0.982770443 267.732849121
-0.979108095 0.069361515 0.191144764 -273.395599365 0.073038094 0.997253954 0.012247990 2.973783970 -0.189770326 0.025952954 -0.981485486 266.517578125
-0.977972746 0.069768660 0.196727976 -273.155029297 0.073025964 0.997286260 0.009343214 2.979083061 -0.195542246 0.023503657 -0.980413675 265.326751709
-0.977081180 0.068814531 0.201438010 -272.905151367 0.071725041 0.997398615 0.007176651 2.977478981 -0.200420141 0.021460317 -0.979475141 264.149688721
-0.975787520 0.070637740 0.207000405 -272.652679443 0.073437937 0.997282565 0.005864854 2.971209526 -0.206023604 0.020924533 -0.978323340 262.952636719
-0.974719048 0.070423327 0.212045491 -272.390106201 0.073495992 0.997273445 0.006633612 2.971866131 -0.211000174 0.022050403 -0.977237225 261.754089355
-0.973782182 0.067758419 0.217156649 -272.109222412 0.071375437 0.997410297 0.008847035 2.965487480 -0.215994805 0.024114735 -0.976096749 260.541351318
-0.972698450 0.065828077 0.222541720 -271.839813232 0.070082195 0.997477591 0.011264400 2.963131905 -0.221238881 0.026553074 -0.974858284 259.333587646
-0.971691728 0.064146444 0.227378309 -271.550170898 0.068834499 0.997546732 0.012740117 2.967509270 -0.226003259 0.028030934 -0.973723412 258.111511230
-0.970556736 0.064235263 0.232149959 -271.260803223 0.069125123 0.997523546 0.012981523 2.961547375 -0.230741173 0.028646696 -0.972593546 256.906677246
-0.969205141 0.066648878 0.237064168 -270.960693359 0.071252920 0.997398734 0.010896537 2.960786343 -0.235721260 0.027452491 -0.971432924 255.691680908
-0.967459679 0.071073323 0.242838427 -270.667449951 0.075445428 0.997111619 0.008739817 2.961687565 -0.241515845 0.026776467 -0.970027447 254.490539551
-0.965727568 0.074049458 0.248770922 -270.360015869 0.078644797 0.996865869 0.008570412 2.953525066 -0.247356609 0.027841223 -0.968524337 253.292358398
-0.964073658 0.076280333 0.254446834 -270.047546387 0.081163995 0.996662498 0.008733945 2.944994450 -0.252931386 0.029072089 -0.967047334 252.094940186
-0.962611079 0.076568581 0.259840876 -269.722503662 0.081905670 0.996592283 0.009758470 2.936805248 -0.258208215 0.030676050 -0.965602279 250.922363281
-0.961218834 0.076047212 0.265095115 -269.397460938 0.082244620 0.996535778 0.012340121 2.931794643 -0.263238341 0.033664200 -0.964143515 249.718444824
-0.960002422 0.075995401 0.269481778 -269.061737061 0.082541570 0.996502459 0.013026823 2.931823254 -0.267549276 0.034749229 -0.962917566 248.535156250
-0.958922863 0.077358238 0.272915363 -268.721832275 0.083371855 0.996463299 0.010488699 2.930157185 -0.271138757 0.032811310 -0.961980939 247.344482422
-0.957647204 0.080654129 0.276418269 -268.379211426 0.085563406 0.996316254 0.005725082 2.926200390 -0.274938256 0.029133894 -0.961020470 246.156951904
-0.956681252 0.081336312 0.279545963 -268.030517578 0.085123129 0.996369421 0.001411814 2.915184021 -0.278416246 0.025146481 -0.960131526 244.983489990
-0.955597162 0.083130017 0.282707781 -267.696105957 0.087008342 0.996206880 0.001168057 2.889092445 -0.281538367 0.025714125 -0.959205508 243.823364258
-0.954418063 0.082750246 0.286773354 -267.339904785 0.087988332 0.996106863 0.005403411 2.876559258 -0.285209745 0.030389819 -0.957983375 242.629699707
-0.953527808 0.082066521 0.289913386 -266.978820801 0.088285163 0.996059716 0.008413561 2.869922161 -0.288080573 0.033617616 -0.957015872 241.440399170
-0.952492476 0.081202805 0.293537140 -266.610870361 0.087642923 0.996112823 0.008830503 2.866847515 -0.291679054 0.034137443 -0.955906868 240.256805420
-0.951457143 0.081504762 0.296793818 -266.242767334 0.087749824 0.996112347 0.007757174 2.860895634 -0.295007735 0.033424221 -0.954910159 239.090332031
-0.950351834 0.081248984 0.300383896 -265.862854004 0.087499887 0.996137083 0.007392306 2.853035450 -0.298622906 0.033308841 -0.953790069 237.909484863
-0.948971987 0.082358219 0.304416627 -265.487243652 0.088263355 0.996081054 0.005663234 2.842356682 -0.302757233 0.032243080 -0.952522278 236.735168457
-0.947296977 0.083883256 0.309180111 -265.095214844 0.089094669 0.996019363 0.002748374 2.831007481 -0.307718843 0.030149821 -0.950999618 235.562957764
-0.945463896 0.086836688 0.313938648 -264.726776123 0.091534220 0.995801926 0.000223494 2.813855171 -0.312601298 0.028947433 -0.949443340 234.422943115
-0.943685532 0.087514006 0.319059759 -264.332519531 0.092271425 0.995733857 -0.000205151 2.803694725 -0.317716569 0.029246500 -0.947734714 233.252624512
-0.942139983 0.086600423 0.323841512 -263.923339844 0.092296004 0.995729089 0.002239252 2.795353889 -0.322264493 0.031998958 -0.946109056 232.084594727
-0.940161347 0.086395465 0.329594612 -263.538696289 0.093938492 0.995553434 0.006996562 2.778544903 -0.327524573 0.037539516 -0.944096684 230.918426514
-0.938459277 0.087789364 0.334046960 -263.124816895 0.096401893 0.995299459 0.009257794 2.773132324 -0.331664026 0.040890820 -0.942511082 229.772186279
-0.936620593 0.089834720 0.338632435 -262.716705322 0.098724097 0.995073438 0.009080227 2.765795708 -0.336148411 0.041935902 -0.940875053 228.598846436
-0.935079098 0.091996327 0.342292368 -262.292663574 0.100481585 0.994913578 0.007098654 2.757265091 -0.339898288 0.041031878 -0.939566851 227.446289062
-0.933962941 0.094038144 0.344775647 -261.847930908 0.101480424 0.994831145 0.003558455 2.737526417 -0.342658937 0.038311444 -0.938678503 226.289855957
-0.932683468 0.093631104 0.348331451 -261.441833496 0.099835902 0.995003879 -0.000137837 2.728613853 -0.346604049 0.034647424 -0.937371492 225.150207520
-0.931849003 0.091452278 0.351132631 -261.003021240 0.097440131 0.995241225 -0.000619688 2.711880684 -0.349518329 0.033636954 -0.936325550 224.006561279
-0.931123018 0.087888636 0.353957385 -260.563049316 0.094502904 0.995523572 0.001408669 2.699079990 -0.352249116 0.034761641 -0.935260653 222.836120605
-0.930408239 0.085408419 0.356435120 -260.116271973 0.092612684 0.995697200 0.003160942 2.686466694 -0.354631484 0.035951376 -0.934314728 221.692352295
-0.929703712 0.084444866 0.358497322 -259.674743652 0.091719940 0.995779395 0.003302414 2.669486046 -0.356705368 0.035951618 -0.933524966 220.553222656
-0.928893209 0.084990412 0.360464156 -259.226898193 0.091697395 0.995785773 0.001511469 2.661322594 -0.358816624 0.034457613 -0.932772040 219.423004150
-0.927949190 0.084585376 0.362981796 -258.783294678 0.090723135 0.995876133 -0.000138024 2.642520905 -0.361496598 0.032802764 -0.931796312 218.279388428
-0.927326083 0.084828839 0.364514589 -258.327880859 0.090996236 0.995851219 -0.000257151 2.629499912 -0.363024086 0.032930989 -0.931197882 217.152221680
-0.926347136 0.083914019 0.367204636 -257.880157471 0.091216914 0.995827794 0.002545239 2.616673946 -0.365458995 0.035853051 -0.930136681 216.000732422
-0.925391078 0.082656130 0.369891316 -257.425628662 0.091217130 0.995814800 0.005680871 2.603317261 -0.367873698 0.038997449 -0.929057717 214.865325928
-0.924205780 0.083539903 0.372645825 -256.970489502 0.091646954 0.995783269 0.004060149 2.591979027 -0.370735288 0.037904266 -0.927964807 213.740814209
-0.922919273 0.083899833 0.375740886 -256.509918213 0.090837397 0.995865464 0.000752185 2.581544876 -0.374124259 0.034825530 -0.926724672 212.611846924
-0.921850204 0.083576515 0.378427416 -256.035156250 0.089760646 0.995962501 -0.001303333 2.566722870 -0.377008438 0.032766409 -0.925630212 211.488220215
-0.920060396 0.084377840 0.382582158 -255.572265625 0.090626419 0.995883524 -0.001695630 2.550394058 -0.381150365 0.033111967 -0.923919797 210.327667236
-0.918820977 0.083894826 0.385655195 -255.097045898 0.090658419 0.995881855 -0.000649526 2.531072140 -0.384121478 0.034366090 -0.922642827 209.211791992
-0.916953206 0.083518088 0.390156209 -254.625640869 0.091524392 0.995800972 0.001938153 2.512991428 -0.388356030 0.037486002 -0.920746803 208.071105957
-0.915713668 0.081196964 0.393542320 -254.136428833 0.089702681 0.995963335 0.003234139 2.499287128 -0.391691148 0.038263347 -0.919300914 206.952484131
-0.914215446 0.078055799 0.397639781 -253.650924683 0.086400568 0.996255696 0.003081192 2.488461971 -0.395910412 0.037173178 -0.917536497 205.838439941
-0.912942767 0.074499436 0.401230603 -253.153808594 0.082106285 0.996622026 0.001770888 2.472871304 -0.399743319 0.034560271 -0.915975690 204.729583740
-0.911661506 0.071988903 0.404587418 -252.653610229 0.078462653 0.996916890 -0.000582244 2.455943108 -0.403381944 0.031214193 -0.914499283 203.608062744
-0.910196900 0.069155328 0.408361942 -252.147872925 0.074575283 0.997211874 -0.002655332 2.439669609 -0.407406986 0.028036827 -0.912816405 202.498291016
-0.908376932 0.069253214 0.412377983 -251.648849487 0.074409775 0.997221410 -0.003561470 2.427549839 -0.411478788 0.027449796 -0.911006093 201.390441895
-0.906130910 0.068982422 0.417334586 -251.142944336 0.075264230 0.997162640 -0.001407603 2.412766457 -0.416247576 0.030134896 -0.908751845 200.292388916
-0.903885961 0.066929609 0.422505558 -250.626663208 0.074911296 0.997187555 0.002295538 2.394479036 -0.421163648 0.033725336 -0.906357646 199.194885254
-0.901592135 0.065507606 0.427598536 -250.107055664 0.074646190 0.997199357 0.004621783 2.381895781 -0.426098228 0.036085565 -0.903957009 198.102081299
-0.899542332 0.064398803 0.432060927 -249.583389282 0.073508509 0.997284889 0.004397647 2.365921497 -0.430604607 0.035716023 -0.901833773 197.036437988
-0.897311568 0.064644352 0.436638981 -249.059753418 0.073258445 0.997308791 0.002897692 2.356737614 -0.435276568 0.034587618 -0.899632454 195.965118408
-0.895190120 0.064590044 0.440979719 -248.520263672 0.072895624 0.997337759 0.001898807 2.342513561 -0.439683080 0.033845283 -0.897515297 194.877685547
-0.893081665 0.064257927 0.445282161 -247.982666016 0.072531946 0.997364879 0.001545860 2.326317549 -0.444009453 0.033677761 -0.895388961 193.809051514
-0.890950203 0.064505063 0.449496597 -247.447616577 0.072352983 0.997379065 0.000282304 2.310716867 -0.448300272 0.032773938 -0.893282175 192.734161377
-0.889152169 0.062977389 0.453257352 -246.905715942 0.070370272 0.997520804 -0.000554588 2.290746450 -0.452168554 0.031402733 -0.891379595 191.680480957
-0.887714267 0.061960619 0.456206411 -246.341567993 0.069291152 0.997596264 -0.000659658 2.277067423 -0.455150694 0.031025475 -0.889873862 190.614074707
-0.886079073 0.059956584 0.459640741 -245.795150757 0.067992225 0.997685432 0.000932593 2.261324883 -0.458520949 0.032078341 -0.888104677 189.574249268
-0.883840561 0.060036350 0.463919878 -245.246078491 0.069562063 0.997571707 0.003429905 2.245453835 -0.462587416 0.035302710 -0.885870695 188.502929688
-0.881924748 0.062094264 0.467282653 -244.687011719 0.072510056 0.997358322 0.004318972 2.235875607 -0.465780079 0.037691701 -0.884097457 187.453125000
-0.879788756 0.064478256 0.470972091 -244.122451782 0.075317092 0.997150898 0.004179786 2.218139172 -0.469360739 0.039149571 -0.882138371 186.396392822
-0.877711892 0.066464216 0.474556953 -243.556518555 0.077599481 0.996977031 0.003891404 2.206937313 -0.472863734 0.040240906 -0.880216122 185.351165771
-0.875490904 0.068191223 0.478399009 -242.988128662 0.080387063 0.996751010 0.005034441 2.195766449 -0.476501375 0.042864699 -0.878128171 184.296234131
-0.873511910 0.068351306 0.481980145 -242.414901733 0.081401549 0.996662199 0.006187112 2.185584784 -0.479948491 0.044638451 -0.876160264 183.254150391
-0.871599793 0.070823200 0.485075533 -241.840026855 0.083284639 0.996517122 0.004152582 2.167676926 -0.483091980 0.044018727 -0.874462605 182.221038818
-0.869402051 0.072042428 0.488825023 -241.263671875 0.082589366 0.996583641 0.000014440 2.160583496 -0.487153977 0.040384300 -0.872381806 181.187225342
-0.867462277 0.072009653 0.492264152 -240.672851562 0.082055494 0.996627033 -0.001191889 2.146036625 -0.490689576 0.039359055 -0.870445132 180.154541016
-0.865657210 0.069432363 0.495799035 -240.075042725 0.080826595 0.996726990 0.001538959 2.131947041 -0.494069427 0.041405957 -0.868435979 179.116058350
-0.863762975 0.067180037 0.499400377 -239.464523315 0.078203619 0.996936738 0.001151639 2.117759228 -0.497793227 0.040049654 -0.866370797 178.068786621
-0.861985922 0.067382582 0.502434433 -238.860137939 0.077277206 0.997008979 -0.001132874 2.107546806 -0.501007974 0.037850205 -0.864614844 177.035705566
-0.859839082 0.065862678 0.506299078 -238.246948242 0.074945398 0.997184634 -0.002441781 2.087982178 -0.505034506 0.035845250 -0.862354517 175.995361328
-0.857527494 0.066846639 0.510076761 -237.631393433 0.075126961 0.997164369 -0.004379077 2.073267698 -0.508923054 0.034565333 -0.860117793 174.955322266
-0.855348110 0.071053557 0.513158083 -237.010437012 0.078202046 0.996907890 -0.007685515 2.053124666 -0.512117445 0.033556223 -0.858259797 173.923461914
-0.852982521 0.073406644 0.516752124 -236.385391235 0.080215372 0.996735275 -0.009181783 2.031590462 -0.515739083 0.033619560 -0.856086135 172.894805908
-0.850201249 0.075667091 0.520992100 -235.749725342 0.083919622 0.996442199 -0.007772344 2.007906437 -0.519726634 0.037113402 -0.853526354 171.856628418
-0.847317576 0.078329943 0.525278866 -235.116119385 0.087284096 0.996153295 -0.007750747 1.983789444 -0.523865402 0.039281141 -0.850895166 170.806396484
-0.844407082 0.080105893 0.529679000 -234.468948364 0.089069150 0.995988011 -0.008635221 1.957174063 -0.528245687 0.039886419 -0.848154187 169.763214111
-0.842389226 0.080596104 0.532808304 -233.808914185 0.087936714 0.996058047 -0.011639195 1.932259321 -0.531646073 0.037048679 -0.846155882 168.728820801
-0.839870334 0.080506124 0.536783814 -233.145767212 0.088061817 0.996047437 -0.011601360 1.905167341 -0.535596132 0.037526518 -0.843640208 167.689300537
-0.837588906 0.077002406 0.540847003 -232.468200684 0.085742980 0.996276140 -0.009056710 1.878128290 -0.539530337 0.038788032 -0.841072202 166.649322510
-0.834991455 0.076426536 0.544929683 -231.791137695 0.087104440 0.996179581 -0.006245026 1.852865815 -0.543325126 0.042251252 -0.838458538 165.610534668
-0.832651377 0.074255370 0.548797131 -231.105163574 0.084183432 0.996425033 -0.007096381 1.830553174 -0.547362089 0.040290806 -0.835925698 164.573577881
-0.830613732 0.072279446 0.552138448 -230.410690308 0.080701716 0.996697009 -0.009071581 1.809472322 -0.550970435 0.037023541 -0.833703279 163.548126221
-0.828688383 0.068977684 0.555443883 -229.723495483 0.076085806 0.997048020 -0.010302850 1.781048298 -0.554514945 0.033723541 -0.831490397 162.544830322
-0.826819658 0.065356150 0.558657169 -229.036071777 0.073040813 0.997292161 -0.008569817 1.749319077 -0.557704508 0.033719085 -0.829354405 161.546081543
-0.824438453 0.064632997 0.562249362 -228.348114014 0.073193401 0.997290909 -0.007317874 1.721967816 -0.561199188 0.035119802 -0.826935649 160.529205322
-0.822287798 0.063246958 0.565546811 -227.652770996 0.071720950 0.997398317 -0.007262290 1.695959210 -0.564534724 0.034589857 -0.824684620 159.534881592
-0.819725871 0.063612469 0.569212914 -226.957687378 0.072407566 0.997349262 -0.007184499 1.673665643 -0.568161070 0.035325997 -0.822158933 158.518646240
-0.817730546 0.061055873 0.572353899 -226.256729126 0.070782371 0.997477829 -0.005278158 1.651877880 -0.571232617 0.036196459 -0.819989800 157.529479980
-0.815913677 0.057410672 0.575316310 -225.540557861 0.067137405 0.997734249 -0.004349370 1.626123905 -0.574262500 0.035076533 -0.817919493 156.523101807
-0.814195871 0.054899357 0.577988982 -224.825332642 0.063430145 0.997971475 -0.005438573 1.605733395 -0.577115119 0.032233860 -0.816026568 155.540374756
-0.812160730 0.053934958 0.580935717 -224.114898682 0.062936477 0.998006582 -0.004669912 1.582213163 -0.580029607 0.032769326 -0.813936234 154.547210693
-0.809941292 0.053665016 0.584051251 -223.402069092 0.063315451 0.997985959 -0.003895479 1.556467891 -0.583083987 0.033824351 -0.811707854 153.570495605
-0.807255149 0.057278793 0.587416828 -222.689010620 0.064463079 0.997882009 -0.008714998 1.533441305 -0.586671889 0.030831469 -0.809237719 152.581390381
-0.805320621 0.058933355 0.589903116 -221.977157593 0.063231640 0.997909307 -0.013372365 1.504329443 -0.589457870 0.026531499 -0.807363391 151.618194580
-0.803481579 0.057986382 0.592499316 -221.258270264 0.061173994 0.998018622 -0.014716188 1.477048397 -0.592178702 0.024421362 -0.805436730 150.662719727
-0.801625490 0.055229764 0.595269918 -220.531143188 0.060684938 0.998097658 -0.010882641 1.443275094 -0.594738543 0.027400116 -0.803452134 149.682952881
-0.799232841 0.054032423 0.598588228 -219.812133789 0.061373077 0.998081625 -0.008148180 1.415257454 -0.597880185 0.030224908 -0.801015735 148.724426270
-0.796552658 0.055185098 0.602045357 -219.090301514 0.063007042 0.997980118 -0.008114353 1.384608746 -0.601277053 0.031469584 -0.798420668 147.769927979
-0.793093681 0.056521371 0.606472015 -218.369079590 0.063564360 0.997928858 -0.009879819 1.360458493 -0.605774343 0.030714378 -0.795043707 146.821807861
-0.789886355 0.057134714 0.610586166 -217.636444092 0.064413950 0.997872710 -0.010045236 1.328257084 -0.609861255 0.031395670 -0.791886330 145.879852295
-0.787031412 0.053174719 0.614617407 -216.893035889 0.061332896 0.998086810 -0.007813133 1.303887367 -0.613856971 0.031547077 -0.788787007 144.933624268
-0.784581900 0.051285885 0.617900789 -216.148162842 0.061461300 0.998097897 -0.004801621 1.281530857 -0.616971731 0.034209713 -0.786241651 143.996551514
-0.781504393 0.051514938 0.621769488 -215.411132812 0.063313402 0.997988880 -0.003106678 1.261321306 -0.620679080 0.036938459 -0.783194184 143.059020996
-0.777885795 0.056593232 0.625852406 -214.663299561 0.068822004 0.997618020 -0.004670084 1.245130301 -0.624625921 0.039439619 -0.779927731 142.120178223
-0.774386406 0.058385864 0.630013406 -213.911437988 0.070628837 0.997486770 -0.005627061 1.224990726 -0.628758609 0.040139593 -0.776563883 141.189605713
-0.770984769 0.057301968 0.634270430 -213.143890381 0.071033403 0.997466803 -0.003769907 1.205055714 -0.632879734 0.042147845 -0.773102164 140.253967285
-0.767831206 0.053812593 0.638388574 -212.369232178 0.068613112 0.997642100 -0.001570269 1.185996771 -0.636967838 0.042596120 -0.769713044 139.338195801
-0.765114427 0.051751036 0.641811252 -211.582305908 0.066128723 0.997809768 -0.001622981 1.169682980 -0.640489578 0.041200392 -0.766860962 138.393188477
-0.762029052 0.054672565 0.645230889 -210.801422119 0.068130165 0.997668147 -0.004072843 1.154855609 -0.643948972 0.040856060 -0.763976932 137.479339600
-0.758993387 0.058140896 0.648497283 -210.024230957 0.069610603 0.997542441 -0.007963074 1.135509253 -0.647366583 0.039098367 -0.761175394 136.566925049
-0.755835891 0.061685417 0.651849031 -209.245819092 0.072671950 0.997304618 -0.010111376 1.107747555 -0.650715768 0.039728597 -0.758281469 135.641082764
-0.753273964 0.062319614 0.654747725 -208.451385498 0.073270090 0.997255564 -0.010624136 1.088527679 -0.653612912 0.039970536 -0.755772829 134.735107422
-0.750567079 0.061841838 0.657894075 -207.638275146 0.073385991 0.997253299 -0.010018121 1.065463185 -0.656706572 0.040760938 -0.753043890 133.800872803
-0.748087525 0.061568476 0.660737813 -206.824508667 0.073713250 0.997234583 -0.009465559 1.039710522 -0.659493327 0.041624069 -0.750557065 132.871673584
-0.745837569 0.061041985 0.663325310 -206.006683350 0.074377432 0.997196972 -0.008136900 1.016763449 -0.661962688 0.043267626 -0.748287082 131.959808350
-0.742640615 0.061389528 0.666870475 -205.194992065 0.075716905 0.997101367 -0.007469413 0.992372155 -0.665396035 0.044946276 -0.745136261 131.045501709
-0.739809752 0.064457104 0.669721723 -204.370071411 0.078239381 0.996889174 -0.009517895 0.969514132 -0.668251872 0.045357179 -0.742551446 130.124847412
-0.736224174 0.068227552 0.673289835 -203.546890259 0.079422556 0.996740520 -0.014157907 0.939336061 -0.672061205 0.043051004 -0.739243269 129.216888428
-0.733288288 0.068166934 0.676492274 -202.701690674 0.077558897 0.996853232 -0.016377732 0.913660586 -0.675479949 0.040458396 -0.736267686 128.294128418
-0.730351686 0.066822231 0.679794967 -201.854751587 0.075752988 0.996988177 -0.016614784 0.874668002 -0.678857803 0.039361861 -0.733214021 127.387481689
-0.727989674 0.063278891 0.682661593 -200.996307373 0.071253322 0.997322381 -0.016461696 0.840307295 -0.681875348 0.036657959 -0.730549216 126.484466553
-0.725237846 0.063003659 0.685609698 -200.141967773 0.069254816 0.997429311 -0.018400382 0.810561180 -0.685006499 0.034137119 -0.727736831 125.581451416
-0.722404599 0.061485190 0.688731611 -199.281982422 0.067909598 0.997532248 -0.017822996 0.778789639 -0.688127875 0.033896074 -0.724797249 124.689422607
-0.719172955 0.060443390 0.692197144 -198.416473389 0.068132289 0.997542799 -0.016319007 0.741921484 -0.691482723 0.035424791 -0.721524000 123.790557861
-0.716453552 0.058767315 0.695155263 -197.539642334 0.068077005 0.997579396 -0.014171015 0.708367944 -0.694305360 0.037171207 -0.718720078 122.898468018
-0.713090777 0.058544651 0.698623240 -196.658203125 0.067216367 0.997625768 -0.014992768 0.672818065 -0.697842240 0.036267709 -0.715332866 121.985809326
-0.710131049 0.058973294 0.701595545 -195.776184082 0.067597479 0.997593284 -0.015433826 0.639118254 -0.700817227 0.036466055 -0.712408423 121.097747803
-0.706750989 0.057420000 0.705128610 -194.884597778 0.066390283 0.997685432 -0.014700462 0.608907521 -0.704340637 0.036424119 -0.708927274 120.201080322
-0.703289628 0.056515440 0.708653510 -193.980468750 0.067098312 0.997662008 -0.012973572 0.574935973 -0.707729936 0.038425274 -0.705437422 119.295806885
-0.699883580 0.057281028 0.711956382 -193.073059082 0.065675251 0.997717381 -0.015710585 0.540753603 -0.711231172 0.035762332 -0.702047944 118.407379150
-0.696555018 0.059863303 0.715002120 -192.157928467 0.067286126 0.997571886 -0.017971240 0.502934277 -0.714341819 0.035591763 -0.698891640 117.519378662
-0.693099737 0.061217710 0.718237400 -191.247375488 0.068501115 0.997471750 -0.018914117 0.464245200 -0.717579424 0.036090694 -0.695540905 116.622528076
-0.689793110 0.060388077 0.721483707 -190.318603516 0.069387615 0.997442424 -0.017145960 0.434640318 -0.720673859 0.038234863 -0.692219138 115.729965210
-0.686681867 0.056781754 0.724737108 -189.378707886 0.067654476 0.997609735 -0.014058791 0.399654478 -0.723803043 0.039377790 -0.688882113 114.847061157
-0.684222341 0.053296611 0.727323294 -188.451248169 0.064770311 0.997825801 -0.012186378 0.362746090 -0.726391435 0.038770761 -0.686186790 113.977706909
-0.681601882 0.051077504 0.729938567 -187.504684448 0.059395794 0.998130918 -0.014381706 0.332403690 -0.729308844 0.033552676 -0.683361769 113.101577759
-0.679973364 0.049485218 0.731565177 -186.558349609 0.054739077 0.998361826 -0.016653394 0.296309412 -0.731190801 0.028721336 -0.681568146 112.243164062
-0.677743316 0.048012383 0.733729482 -185.598846436 0.051050931 0.998530507 -0.018184368 0.260383010 -0.733524323 0.025133237 -0.679198503 111.366256714
-0.675921321 0.047365565 0.735450029 -184.631774902 0.050947729 0.998548210 -0.017486082 0.222036839 -0.735210598 0.025650294 -0.677353263 110.486389160
-0.673898935 0.047075156 0.737322450 -183.668090820 0.050897103 0.998555183 -0.017234856 0.186797619 -0.737068474 0.025913022 -0.675321341 109.610015869
-0.672501564 0.047855251 0.738546908 -182.700485229 0.053118251 0.998454750 -0.016328275 0.147642016 -0.738187015 0.028249528 -0.674004316 108.731826782
-0.671387434 0.047563005 0.739579022 -181.733474731 0.053522740 0.998444378 -0.015623126 0.116554976 -0.739171624 0.029095123 -0.672888756 107.871887207
-0.669891596 0.046617381 0.740994036 -180.757690430 0.053468630 0.998464584 -0.014477340 0.077913910 -0.740531206 0.029921684 -0.671355486 106.982406616
-0.668674707 0.043368574 0.742289484 -179.783020020 0.049122099 0.998693287 -0.014098558 0.045759439 -0.741930962 0.027035465 -0.669931293 106.119461060
-0.667911172 0.042804074 0.743009090 -178.801391602 0.047741536 0.998752713 -0.014621057 0.013116360 -0.742708206 0.025706830 -0.669121623 105.247161865
-0.667348623 0.041666742 0.743579030 -177.817596436 0.042562623 0.998935640 -0.017776577 -0.022299528 -0.743528306 0.019785499 -0.668411732 104.379806519
-0.666355014 0.039870109 0.744567990 -176.844055176 0.041076664 0.999015868 -0.016733505 -0.061861992 -0.744502366 0.019433912 -0.667336941 103.511932373
-0.665722609 0.035731707 0.745343387 -175.861389160 0.039589230 0.999137342 -0.012538433 -0.099115551 -0.745148420 0.021160452 -0.666562915 102.649749756
-0.665556908 0.031231392 0.745693564 -174.868011475 0.036563110 0.999288797 -0.009218741 -0.129008755 -0.745451152 0.021129277 -0.666225433 101.770385742
-0.666073322 0.027026135 0.745396733 -173.878021240 0.033053759 0.999431133 -0.006700512 -0.154201478 -0.745153785 0.020175131 -0.666587710 100.902328491
-0.667163014 0.025386456 0.744479477 -172.893478394 0.030969866 0.999500275 -0.006329031 -0.179888844 -0.744268119 0.018833932 -0.667615771 100.038070679
-0.668557167 0.030876296 0.743019819 -171.919372559 0.036368944 0.999299645 -0.008801870 -0.205200136 -0.742771208 0.021138290 -0.669211984 99.167785645
-0.669473767 0.037925366 0.741866946 -170.944381714 0.043487180 0.998983979 -0.011825983 -0.230881363 -0.741561711 0.024344517 -0.670442820 98.282623291
-0.669666886 0.045674808 0.741255999 -169.969802856 0.055229723 0.998405993 -0.011624184 -0.262595445 -0.740605414 0.033155032 -0.671122074 97.386230469
-0.669829965 0.049991637 0.740829825 -169.002212524 0.062898025 0.997964978 -0.010473294 -0.291470349 -0.739845812 0.039581399 -0.671611309 96.495117188
-0.670985579 0.053502321 0.739537537 -168.034545898 0.067944005 0.997633576 -0.010528550 -0.320539236 -0.738350809 0.043182638 -0.673032999 95.600997925
-0.671937346 0.056213260 0.738471985 -167.064361572 0.070184886 0.997461021 -0.012066416 -0.348429739 -0.737275302 0.043721694 -0.674176693 94.709289551
-0.673082829 0.053431403 0.737634540 -166.097625732 0.066934288 0.997694612 -0.011192403 -0.378288448 -0.736532032 0.041839626 -0.675107598 93.833724976
-0.674929142 0.049781147 0.736201406 -165.148498535 0.064283669 0.997895122 -0.008543101 -0.412701428 -0.735077083 0.041559737 -0.676708579 92.975723267
-0.675986171 0.048944492 0.735287249 -164.176193237 0.060845803 0.998091936 -0.010499555 -0.443167448 -0.734398186 0.037641589 -0.677674413 92.096145630
-0.677259207 0.048658125 0.734133899 -163.210632324 0.057761572 0.998247385 -0.012876804 -0.467614412 -0.733473778 0.033683792 -0.678882837 91.217437744
-0.677550793 0.048148192 0.733898222 -162.259307861 0.055136949 0.998372138 -0.014595658 -0.503197253 -0.733406305 0.030575607 -0.679102540 90.349426270
-0.677733183 0.050732080 0.733555734 -161.296493530 0.057152878 0.998233438 -0.016233336 -0.538303614 -0.733083427 0.030922949 -0.679435372 89.460479736
-0.677679777 0.054140557 0.733361542 -160.337219238 0.058132123 0.998109221 -0.019967269 -0.575333357 -0.733055890 0.029100448 -0.679545760 88.574127197
-0.677823424 0.057305407 0.732988358 -159.401168823 0.061342184 0.997889698 -0.021290002 -0.625618577 -0.732661545 0.030532241 -0.679908276 87.702545166
-0.677026987 0.059593271 0.733541548 -158.452682495 0.065096460 0.997658610 -0.020969069 -0.668889403 -0.733073711 0.033554334 -0.679321170 86.815963745
-0.676421642 0.060343355 0.734038651 -157.498825073 0.069329739 0.997429430 -0.018108187 -0.710164666 -0.733244479 0.038641933 -0.678866506 85.930297852
-0.675548792 0.060835756 0.734801352 -156.544982910 0.072856136 0.997220755 -0.015580824 -0.748901248 -0.733707011 0.043009181 -0.678103447 85.047439575
-0.674472690 0.062904887 0.735615015 -155.588592529 0.075483628 0.997017860 -0.016048666 -0.786577821 -0.734430850 0.044702500 -0.677209616 84.156890869
-0.673617721 0.064343035 0.736273944 -154.634185791 0.075714096 0.996969700 -0.017854365 -0.817964077 -0.735191643 0.043719303 -0.676448226 83.289962769
-0.672914863 0.062853113 0.737044811 -153.680816650 0.074059814 0.997101724 -0.017414141 -0.858125448 -0.736003220 0.042867169 -0.675619483 82.422561646
-0.672969699 0.059728839 0.737254679 -152.716552734 0.071257330 0.997333527 -0.015755147 -0.892948031 -0.736229837 0.041932061 -0.675431371 81.556411743
-0.672780991 0.055711858 0.737741292 -151.754165649 0.068936981 0.997543156 -0.012464396 -0.928630173 -0.736623168 0.042471845 -0.674968719 80.688735962
-0.672431707 0.054235503 0.738169551 -150.786560059 0.067106545 0.997671545 -0.012171542 -0.961981535 -0.737110913 0.041351479 -0.674505472 79.814605713
-0.672532082 0.054548081 0.738055110 -149.810317993 0.066198133 0.997716248 -0.013417899 -0.993152738 -0.737101495 0.039833903 -0.674607158 78.940841675
-0.672206998 0.056825351 0.738179326 -148.866882324 0.067579381 0.997597277 -0.015255755 -1.028176785 -0.737272561 0.039630678 -0.674432158 78.068115234
-0.672487497 0.057842162 0.737844884 -147.902038574 0.067279547 0.997591257 -0.016884565 -1.062872291 -0.737044275 0.038287211 -0.674759269 77.198837280
-0.672543287 0.058766577 0.737720907 -146.935882568 0.067955114 0.997534692 -0.017511971 -1.093722701 -0.736931324 0.038354356 -0.674878716 76.309509277
-0.672394276 0.057433408 0.737961650 -145.975646973 0.068048872 0.997559488 -0.015634378 -1.131283045 -0.737058580 0.039704986 -0.674661517 75.439636230
-0.672438264 0.056012869 0.738030851 -145.005462646 0.067388020 0.997624159 -0.014315814 -1.173344612 -0.737079203 0.040107936 -0.674615264 74.555206299
-0.672819614 0.056298599 0.737661660 -144.040466309 0.066602334 0.997660816 -0.015394001 -1.207804441 -0.736802816 0.038772594 -0.674995422 73.679473877
-0.672745705 0.057768293 0.737615466 -143.075134277 0.065755807 0.997670412 -0.018162316 -1.246210575 -0.736946344 0.036283880 -0.674977064 72.793670654
-0.673436403 0.058465596 0.736929536 -142.116973877 0.063072190 0.997776866 -0.021522420 -1.285057187 -0.736549556 0.031985778 -0.675626874 71.932708740
-0.673718572 0.059601437 0.736580908 -141.157150269 0.063634314 0.997718990 -0.022528253 -1.326994538 -0.736243427 0.031694118 -0.675974488 71.059692383
-0.673487663 0.058222629 0.736902058 -140.188491821 0.062764138 0.997797370 -0.021473022 -1.375740170 -0.736529112 0.031789206 -0.675658584 70.177276611
-0.673292756 0.057252686 0.737155974 -139.216247559 0.063040182 0.997812212 -0.019918347 -1.417562366 -0.736683607 0.033059567 -0.675428987 69.271102905
-0.673438311 0.054670021 0.737219155 -138.251892090 0.061736561 0.997937143 -0.017608717 -1.456207752 -0.736661077 0.033654992 -0.675424218 68.398437500
-0.673372149 0.051710162 0.737493217 -137.286102295 0.060713362 0.998049259 -0.014544689 -1.502123356 -0.736806631 0.034981702 -0.675198078 67.519805908
-0.674082637 0.047102824 0.737152815 -136.342605591 0.057374485 0.998288512 -0.011323397 -1.534287691 -0.736424565 0.034660853 -0.675631523 66.662567139
-0.674711585 0.043310527 0.736809671 -135.384902954 0.053153340 0.998536050 -0.010021520 -1.570056677 -0.736165106 0.032402258 -0.676025987 65.804428101
-0.674810529 0.042042617 0.736792505 -134.419799805 0.049255978 0.998715580 -0.011876027 -1.598419189 -0.736345470 0.028277369 -0.676014662 64.924560547
-0.675189853 0.041407000 0.736481249 -133.467819214 0.045409124 0.998862803 -0.014528742 -1.630816460 -0.736245334 0.023633307 -0.676302314 64.072891235
-0.675183892 0.041152805 0.736500621 -132.513488770 0.042761818 0.998947144 -0.016615586 -1.662543416 -0.736408949 0.020275531 -0.676232696 63.196472168
-0.675208449 0.040183257 0.736531675 -131.552856445 0.040144082 0.999037087 -0.017703161 -1.699168324 -0.736533821 0.017614067 -0.676171422 62.333786011
-0.674957752 0.039557558 0.736795306 -130.594207764 0.039452109 0.999068260 -0.017497661 -1.745788336 -0.736800969 0.017257944 -0.675889492 61.456817627
-0.675113320 0.038367029 0.736715734 -129.636032104 0.038581435 0.999116302 -0.016677102 -1.777765155 -0.736704528 0.017164618 -0.675997019 60.587432861
-0.675138116 0.035494942 0.736836851 -128.686340332 0.037614834 0.999198854 -0.013668281 -1.819884062 -0.736731708 0.018488020 -0.675932407 59.726287842
-0.674849033 0.034980614 0.737126231 -127.731101990 0.038159873 0.999193668 -0.012481241 -1.851976395 -0.736968458 0.019705690 -0.675639749 58.852218628
-0.674860001 0.036476042 0.737043798 -126.783416748 0.038468216 0.999158561 -0.014225328 -1.887962341 -0.736942470 0.018752655 -0.675695300 57.997024536
-0.674574018 0.039442439 0.737152636 -125.836944580 0.040419441 0.999047101 -0.016467338 -1.925078630 -0.737099707 0.018686855 -0.675525427 57.140304565
-0.673952103 0.042821366 0.737533092 -124.886428833 0.043818239 0.998878181 -0.017954366 -1.961982250 -0.737474561 0.020217014 -0.675072432 56.255859375
-0.673964381 0.046128903 0.737322152 -123.936172485 0.047511954 0.998688996 -0.019051453 -2.004081726 -0.737234354 0.022191616 -0.675272465 55.395828247
-0.672788858 0.048315786 0.738255382 -122.976379395 0.048554122 0.998597562 -0.021105647 -2.040401459 -0.738239765 0.021645699 -0.674191236 54.508132935
-0.672623396 0.047116496 0.738483787 -122.013557434 0.049786553 0.998591006 -0.018365365 -2.081199169 -0.738308609 0.024413588 -0.674021482 53.639694214
-0.672410607 0.041687652 0.739003420 -121.049484253 0.048044115 0.998765409 -0.012626214 -2.113673687 -0.738617420 0.027014766 -0.673583269 52.758453369
-0.672247529 0.039412484 0.739276826 -120.087707520 0.048314407 0.998788774 -0.009313851 -2.140791416 -0.738748431 0.029456507 -0.673337460 51.891632080
-0.671941519 0.040587209 0.739491105 -119.128570557 0.050162286 0.998698413 -0.009233723 -2.174960136 -0.738903344 0.030890044 -0.673102856 51.026626587
-0.671725988 0.045287710 0.739414036 -118.169174194 0.052777987 0.998518884 -0.013210844 -2.201732874 -0.738917172 0.030150719 -0.673121333 50.161285400
-0.670764685 0.047772013 0.740130126 -117.205718994 0.054406233 0.998404145 -0.015135177 -2.233066320 -0.739672065 0.030115549 -0.672293305 49.270233154
-0.670509100 0.048026197 0.740345180 -116.244033813 0.056014583 0.998331368 -0.014030975 -2.265245438 -0.739783645 0.032062229 -0.672080398 48.401382446
-0.670221448 0.046978168 0.740672827 -115.263572693 0.058404878 0.998238146 -0.010465078 -2.296405554 -0.739859462 0.036244988 -0.671784282 47.523010254
-0.669490933 0.046632942 0.741354883 -114.306068420 0.061064344 0.998104632 -0.007638073 -2.325578690 -0.740305901 0.040156730 -0.671069622 46.651687622
-0.668632269 0.048975412 0.741978526 -113.338150024 0.063959874 0.997918546 -0.008231814 -2.354605198 -0.740837276 0.041952800 -0.670372963 45.771453857
-0.668138385 0.054016080 0.742074072 -112.371162415 0.064340487 0.997819722 -0.014702009 -2.380959034 -0.741250277 0.037922431 -0.670157075 44.904724121
-0.668178201 0.057989292 0.741737902 -111.411819458 0.063612826 0.997759938 -0.020700963 -2.414845467 -0.741276801 0.033352114 -0.670370340 44.041183472
-0.668368697 0.056502946 0.741681159 -110.438095093 0.059585609 0.997973382 -0.022332085 -2.452455521 -0.741439879 0.029267456 -0.670380950 43.175842285
-0.668907642 0.053167839 0.741441667 -109.463554382 0.058951873 0.998091459 -0.018387161 -2.497159958 -0.741004229 0.031410065 -0.670765400 42.303207397
-0.669381499 0.050906107 0.741172969 -108.485366821 0.059441932 0.998121023 -0.014869861 -2.535248280 -0.740537286 0.034103140 -0.671149611 41.432373047
-0.669135094 0.054107390 0.741168499 -107.532974243 0.062367879 0.997916102 -0.016544282 -2.573974848 -0.740519106 0.035154745 -0.671115279 40.558410645
-0.668760061 0.058827762 0.741147578 -106.565368652 0.065402120 0.997655034 -0.020173455 -2.610767841 -0.740596354 0.034981422 -0.671039224 39.677474976
-0.668517232 0.061550554 0.741145313 -105.596206665 0.067975029 0.997454822 -0.021522669 -2.654189110 -0.740583718 0.035991102 -0.670999646 38.795806885
-0.668753266 0.060361475 0.741030216 -104.619049072 0.066275626 0.997570813 -0.021446917 -2.698868275 -0.740524709 0.034769543 -0.671129227 37.916198730
-0.669372082 0.058546118 0.740616977 -103.643722534 0.064279310 0.997715712 -0.020774046 -2.748743057 -0.740141392 0.033700779 -0.671606302 37.044418335
-0.670035481 0.054293863 0.740341067 -102.664062500 0.062619679 0.997900903 -0.016509283 -2.792864799 -0.739683330 0.035298109 -0.672028899 36.172164917
-0.670020103 0.050803222 0.740602612 -101.665725708 0.062215567 0.997988522 -0.012172999 -2.827698231 -0.739731312 0.037920855 -0.671833038 35.270660400
-0.669962049 0.050871149 0.740650475 -100.702919006 0.062013790 0.997997642 -0.012451766 -2.859041214 -0.739800811 0.037588332 -0.671775222 34.391296387
-0.670013547 0.053392325 0.740426540 -99.725990295 0.061458010 0.997975707 -0.016350787 -2.890479088 -0.739800751 0.034549892 -0.671938658 33.517387390
-0.669717193 0.053709157 0.740671635 -98.746994019 0.059947960 0.998036206 -0.018166637 -2.932175159 -0.740192771 0.032235246 -0.671621680 32.632568359
-0.669442415 0.052532442 0.741004586 -97.759460449 0.058502078 0.998126626 -0.017908491 -2.964813709 -0.740557194 0.031361599 -0.671261668 31.748603821
-0.669484258 0.052009899 0.741003215 -96.788162231 0.059271429 0.998105466 -0.016504753 -3.004571438 -0.740457773 0.032870647 -0.671298623 30.883605957
-0.668784380 0.051737476 0.741654336 -95.804649353 0.059993464 0.998077989 -0.015526587 -3.040016174 -0.741032183 0.034110472 -0.670602918 29.997596741
-0.668866873 0.049708918 0.741718292 -94.817390442 0.058939181 0.998166919 -0.013745551 -3.088682175 -0.741041958 0.034522325 -0.670570612 29.136032104
-0.668674231 0.049517155 0.741905034 -93.862754822 0.058516338 0.998189926 -0.013882054 -3.125015736 -0.741249502 0.034130991 -0.670361519 28.257743835
-0.668549418 0.048805237 0.742064655 -92.876739502 0.056805633 0.998280287 -0.014478441 -3.163732529 -0.741495132 0.032473899 -0.670172095 27.381370544
-0.667982817 0.047404617 0.742665231 -91.906570435 0.054210350 0.998417318 -0.014970409 -3.203149796 -0.742199481 0.030260166 -0.669495463 26.503379822
-0.668233991 0.045472119 0.742560446 -90.921546936 0.051985156 0.998544514 -0.014366099 -3.243084908 -0.742132902 0.029002201 -0.669625282 25.637145996
-0.668352365 0.042679861 0.742619336 -89.943771362 0.050053120 0.998670220 -0.012348163 -3.282692909 -0.742158830 0.028917491 -0.669599891 24.763679504
-0.668346524 0.040227763 0.742761493 -88.964134216 0.047779210 0.998796225 -0.011102176 -3.315544605 -0.742313981 0.028068455 -0.669463992 23.891502380
-0.668428302 0.038615383 0.742773712 -87.999694824 0.047591858 0.998825431 -0.009098720 -3.347048521 -0.742252588 0.029268136 -0.669481039 23.034904480
-0.668170929 0.036529910 0.743110657 -87.033584595 0.045346890 0.998936534 -0.008331994 -3.379858255 -0.742624760 0.028130561 -0.669116855 22.178459167
-0.668133497 0.035396334 0.743199229 -86.056129456 0.043534581 0.999016225 -0.008442699 -3.408287287 -0.742766976 0.026714016 -0.669017196 21.309173584
-0.668525338 0.034466781 0.742890358 -85.088386536 0.042801656 0.999052882 -0.007834465 -3.435894728 -0.742456794 0.026559399 -0.669367313 20.451515198
-0.668882728 0.033577889 0.742609441 -84.117843628 0.042638227 0.999067664 -0.006768859 -3.466913939 -0.742144346 0.027135974 -0.669690847 19.582481384
-0.669534326 0.035122823 0.741950631 -83.156387329 0.044549484 0.998982012 -0.007088980 -3.491616249 -0.741444349 0.028307199 -0.670417428 18.718009949
-0.670062900 0.038224876 0.741319716 -82.211791992 0.047608905 0.998830140 -0.008470306 -3.520278931 -0.740776241 0.029617777 -0.671098828 17.860397339
-0.670872092 0.042264402 0.740368009 -81.263229370 0.052372567 0.998581946 -0.009548211 -3.546845436 -0.739721715 0.032369345 -0.672134280 16.985542297
-0.671436429 0.045230575 0.739680827 -80.319992065 0.055143051 0.998417914 -0.010996599 -3.578068972 -0.739007950 0.033404738 -0.672868371 16.126167297
-0.672359824 0.047363564 0.738707781 -79.366035461 0.058045149 0.998251438 -0.011172925 -3.613199711 -0.737945259 0.035366174 -0.673933387 15.261039734
-0.673312664 0.048087750 0.737792432 -78.418922424 0.061285805 0.998078585 -0.009122953 -3.643918276 -0.736813545 0.039073601 -0.674966097 14.397949219
-0.674613714 0.045664772 0.736757219 -77.472732544 0.061186396 0.998109281 -0.005838098 -3.678285599 -0.735630870 0.041141059 -0.676132321 13.543319702
-0.675713301 0.046510119 0.735695839 -76.536811829 0.063184485 0.997989058 -0.005059146 -3.705625296 -0.734451711 0.043066032 -0.677293181 12.693862915
-0.677069306 0.049129412 0.734277487 -75.610122681 0.063627914 0.997940838 -0.008100119 -3.730560303 -0.733163476 0.041236203 -0.678801179 11.844268799
-0.677821875 0.054864265 0.733176589 -74.671310425 0.065000884 0.997778833 -0.014571379 -3.755365372 -0.732347548 0.037780326 -0.679882526 10.979942322
-0.678236604 0.058316424 0.732526004 -73.759643555 0.066560902 0.997623682 -0.017792961 -3.792530298 -0.731822908 0.036689755 -0.680506587 10.136245728
-0.679103613 0.058710240 0.731691003 -72.841583252 0.068284236 0.997526705 -0.016664105 -3.829784632 -0.730859697 0.038646307 -0.681432962 9.289817810
-0.679022074 0.057647076 0.731851041 -71.924888611 0.070112959 0.997447491 -0.013515985 -3.863789558 -0.730762124 0.042134590 -0.681330681 8.427337646
-0.679216623 0.056999397 0.731721342 -71.011177063 0.070120223 0.997458816 -0.012611011 -3.901616096 -0.730580747 0.042742856 -0.681487441 7.579910278
-0.679669976 0.056602027 0.731331050 -70.093658447 0.070008457 0.997472584 -0.012137225 -3.934553385 -0.730169654 0.042950049 -0.681914687 6.728828430
-0.680365205 0.054796781 0.730821848 -69.178985596 0.069616154 0.997523904 -0.009984227 -3.969016075 -0.729559362 0.044084087 -0.682495356 5.896591187
-0.680126429 0.052072696 0.731243134 -68.286766052 0.067706294 0.997672617 -0.008072101 -4.007791996 -0.729961634 0.044019714 -0.682069182 5.050651550
-0.680660367 0.051070802 0.730816841 -67.394271851 0.066079564 0.997780800 -0.008182253 -4.034362793 -0.729612887 0.042722721 -0.682524562 4.240745544
-0.680293798 0.050814521 0.731176078 -66.513031006 0.065005176 0.997845531 -0.008865760 -4.064685822 -0.730051339 0.041498907 -0.682131410 3.410934448
-0.679982185 0.049146686 0.731579840 -65.643920898 0.062298346 0.998015702 -0.009141051 -4.094467640 -0.730577409 0.039360460 -0.681694627 2.617485046
-0.679117441 0.046567354 0.732551098 -64.778724670 0.060340803 0.998149574 -0.007511692 -4.128522873 -0.731545389 0.039101399 -0.680670738 1.829948425
-0.678165674 0.043348443 0.733629584 -63.929294586 0.058454592 0.998277783 -0.004950584 -4.155627251 -0.732580721 0.039526701 -0.679531693 1.036674500
-0.677504539 0.040331975 0.734412074 -63.095199585 0.055263273 0.998464406 -0.003851964 -4.181487083 -0.733439624 0.037976291 -0.678693056 0.290397644
-0.675628781 0.039798755 0.736167312 -62.252685547 0.052337233 0.998611748 -0.005953771 -4.209923267 -0.735382259 0.034506418 -0.676773787 -0.489028931
-0.674594522 0.041598018 0.737015486 -61.430297852 0.051066924 0.998648882 -0.009623065 -4.248081207 -0.736419976 0.031145448 -0.675807357 -1.252853394
-0.673749089 0.042761035 0.737722158 -60.607147217 0.049768642 0.998683393 -0.012434449 -4.272384167 -0.737282574 0.028337730 -0.674990177 -1.994049072
-0.672177792 0.043407060 0.739116192 -59.777973175 0.050714783 0.998634636 -0.012526364 -4.303930759 -0.738650739 0.029064173 -0.673461437 -2.757751465
-0.670916677 0.044544619 0.740193546 -58.973880768 0.053170558 0.998514593 -0.011896128 -4.334416866 -0.739623964 0.031375192 -0.672288537 -3.480545044
-0.669227719 0.047112927 0.741562426 -58.181461334 0.056888029 0.998307407 -0.012085491 -4.360478401 -0.740876615 0.034098078 -0.670775175 -4.200935364
-0.667874455 0.050224263 0.742577374 -57.394077301 0.061875273 0.998013556 -0.011850045 -4.390740395 -0.741697431 0.038032837 -0.669655442 -4.915794373
-0.666609645 0.050797112 0.743674159 -56.621387482 0.063550055 0.997915804 -0.011198670 -4.423091888 -0.742693067 0.039795395 -0.668448448 -5.605998993
-0.665495872 0.050564703 0.744687140 -55.851886749 0.063524365 0.997919798 -0.010990296 -4.456547737 -0.743693769 0.039991777 -0.667323589 -6.284362793
-0.662741303 0.051751718 0.747058272 -55.149883270 0.063523568 0.997898579 -0.012774484 -4.480449677 -0.746149480 0.038989626 -0.664636016 -6.935874939
-0.660446644 0.050229941 0.749191225 -54.424560547 0.062090177 0.997996271 -0.012175873 -4.510070324 -0.748301625 0.038475897 -0.662242055 -7.570663452
-0.657280803 0.046866380 0.752187192 -53.718242645 0.060229465 0.998138785 -0.009560765 -4.543339729 -0.751235306 0.039019726 -0.658880234 -8.183666229
-0.653692961 0.042951208 0.755540013 -53.014450073 0.056653637 0.998363912 -0.007738641 -4.565915585 -0.754636228 0.037745394 -0.655056834 -8.788215637
-0.649415851 0.041177712 0.759317696 -52.318244934 0.055259451 0.998448312 -0.006884403 -4.592591763 -0.758422971 0.037488639 -0.650683641 -9.378726959
-0.645251155 0.040398408 0.762901723 -51.649723053 0.053045589 0.998559952 -0.008012180 -4.619448662 -0.762126744 0.035298705 -0.646464944 -9.919376373
-0.638716817 0.041046459 0.768346429 -50.995864868 0.052202556 0.998586953 -0.009950999 -4.646020889 -0.767669201 0.033753779 -0.639957070 -10.457805634
-0.629601240 0.041857339 0.775790036 -50.328563690 0.050760664 0.998630285 -0.012685170 -4.665344715 -0.775258362 0.031393014 -0.630863667 -11.005332947
-0.618920565 0.042024583 0.784328699 -49.690383911 0.049155951 0.998682618 -0.014720361 -4.688329220 -0.783914030 0.029443685 -0.620170951 -11.494899750
-0.605759978 0.040140670 0.794634223 -49.045242310 0.047742601 0.998760760 -0.014057243 -4.718525887 -0.794213772 0.029422587 -0.606925726 -11.975891113
-0.590097308 0.038415257 0.806417584 -48.382743835 0.046933163 0.998810351 -0.013236834 -4.742413044 -0.805966675 0.030036708 -0.591198206 -12.463279724
-0.572317839 0.036699805 0.819210410 -47.736034393 0.044499759 0.998915970 -0.013661962 -4.772688866 -0.818823755 0.028635679 -0.573330522 -12.899841309
-0.552730083 0.034638807 0.832640171 -47.085655212 0.040028647 0.999086082 -0.014991005 -4.790545464 -0.832398474 0.025043478 -0.553611517 -13.301147461
-0.528866529 0.033346020 0.848049700 -46.439361572 0.038280122 0.999148130 -0.015414829 -4.811825275 -0.847841322 0.024311062 -0.529692411 -13.710403442
-0.502309442 0.031434026 0.864116609 -45.782333374 0.035275441 0.999252021 -0.015844315 -4.829406261 -0.863968313 0.022523347 -0.503042579 -14.080669403
-0.473636627 0.028960692 0.880244374 -45.113632202 0.031966347 0.999365926 -0.015679631 -4.850700855 -0.880140364 0.020711750 -0.474262118 -14.414188385
-0.440832973 0.026771143 0.897189975 -44.438095093 0.027625225 0.999486268 -0.016249940 -4.879170418 -0.897164047 0.017621567 -0.441346049 -14.729022980
-0.403271437 0.025530186 0.914724410 -43.783252716 0.022095568 0.999590933 -0.018157640 -4.903297901 -0.914813817 0.012888897 -0.403670669 -15.019748688
-0.362883091 0.023819698 0.931530356 -43.091098785 0.019442981 0.999649167 -0.017987410 -4.919714928 -0.931631982 0.011584401 -0.363218904 -15.274669647
-0.320609808 0.020421900 0.946991205 -42.403625488 0.012955121 0.999768555 -0.017174011 -4.944558144 -0.947122812 0.006762230 -0.320800185 -15.478923798
-0.277317882 0.018255819 0.960604787 -41.728485107 0.005287812 0.999833345 -0.017474795 -4.962789059 -0.960763693 0.000233426 -0.277368188 -15.648567200
-0.232069850 0.016708665 0.972555637 -41.036750793 -0.000080922 0.999852121 -0.017196933 -4.984394550 -0.972699165 -0.004069591 -0.232034206 -15.783294678
-0.182978034 0.016588125 0.982977092 -40.321548462 0.000018075 0.999857724 -0.016869629 -5.004961491 -0.983117044 -0.003069003 -0.182952285 -15.909225464
-0.132560134 0.014976832 0.991061807 -39.633300781 -0.001047414 0.999883175 -0.015250238 -5.021915913 -0.991174400 -0.003059626 -0.132528901 -15.980895996
-0.080699801 0.011249726 0.996674955 -38.940803528 -0.004221402 0.999923468 -0.011628196 -5.039586067 -0.996729493 -0.005145759 -0.080646157 -16.002910614
-0.027776241 0.009004104 0.999573648 -38.252830505 -0.005967840 0.999940097 -0.009173241 -5.053590298 -0.999596357 -0.006220093 -0.027720809 -15.990772247
0.025287271 0.010406989 0.999625981 -37.637668610 -0.006237179 0.999927998 -0.010252352 -5.082813740 -0.999660730 -0.005975594 0.025350332 -15.945583344
0.078706682 0.012384086 0.996820867 -36.968013763 -0.008828953 0.999892294 -0.011725129 -5.097653389 -0.996858716 -0.007878038 0.078807533 -15.863697052
0.131237805 0.015194532 0.991234481 -36.310279846 -0.010635177 0.999846578 -0.013918465 -5.111178398 -0.991293907 -0.008715324 0.131379306 -15.736454010
0.184673429 0.017593095 0.982642531 -35.663730621 -0.011629784 0.999808908 -0.015714789 -5.121121407 -0.982731164 -0.008525813 0.184842765 -15.607969284
0.236037254 0.017209535 0.971591711 -35.042823792 -0.014304406 0.999796391 -0.014234023 -5.136722565 -0.971638799 -0.010538280 0.236235380 -15.412837982
0.287184477 0.016823946 0.957727551 -34.415615082 -0.019225305 0.999745548 -0.011797152 -5.146283627 -0.957682312 -0.015024644 0.287434876 -15.203657150
0.335637450 0.015485431 0.941864014 -33.801921844 -0.023316147 0.999695122 -0.008127432 -5.160412788 -0.941702724 -0.019232767 0.335896194 -14.952026367
0.380533695 0.013943982 0.924661994 -33.212135315 -0.026883263 0.999630511 -0.004011023 -5.179597378 -0.924376309 -0.023331599 0.380767941 -14.672161102
0.422158718 0.015024166 0.906397521 -32.641227722 -0.029076694 0.999572575 -0.003026005 -5.191141129 -0.906055570 -0.025077585 0.422415137 -14.383695602
0.458478987 0.019845547 0.888483644 -32.081699371 -0.034996826 0.999378324 -0.004263332 -5.199546337 -0.888015926 -0.029139457 0.458888471 -14.061662674
0.487349689 0.027189678 0.872783422 -31.538194656 -0.041736133 0.999098063 -0.007819880 -5.208833694 -0.872208893 -0.032615591 0.488044918 -13.722829819
0.508738279 0.034886599 0.860214114 -31.001914978 -0.048934318 0.998735070 -0.011564220 -5.217144966 -0.859529436 -0.036210824 0.509801924 -13.365007401
0.524332106 0.039636746 0.850590944 -30.463214874 -0.052424673 0.998523712 -0.014213989 -5.223146439 -0.849898636 -0.037139095 0.525635958 -13.001193047
0.535319746 0.040392108 0.843683183 -29.925025940 -0.052676592 0.998508096 -0.014381021 -5.240827560 -0.843005359 -0.036743905 0.536648750 -12.653107643
0.541979671 0.039708480 0.839452982 -29.375028610 -0.051341984 0.998581767 -0.014087569 -5.247821808 -0.838821828 -0.035464004 0.543249726 -12.299997330
0.545596123 0.038352743 0.837170184 -28.845436096 -0.050331675 0.998648643 -0.012948557 -5.264962196 -0.836535454 -0.035071496 0.546789169 -11.946707726
0.546717227 0.036415029 0.836525142 -28.321914673 -0.047819089 0.998781204 -0.012225723 -5.280450821 -0.835950792 -0.033317853 0.547792196 -11.595565796
0.547325313 0.034909271 0.836191654 -27.789009094 -0.046016257 0.998873532 -0.011581176 -5.297990799 -0.835654020 -0.032139733 0.548315167 -11.249842644
0.547012091 0.033129055 0.836468935 -27.268676758 -0.043376934 0.998996019 -0.011199560 -5.312634468 -0.836000144 -0.030157160 0.547899961 -10.907456398
0.544994712 0.031365320 0.837852657 -26.763919830 -0.041198306 0.999094725 -0.010603374 -5.327432632 -0.837426782 -0.028739324 0.545793533 -10.576914787
0.541053295 0.030210879 0.840445459 -26.231908798 -0.039465539 0.999165654 -0.010509557 -5.344018936 -0.840061724 -0.027482402 0.541794181 -10.238896370
0.535664797 0.028874209 0.843936980 -25.728563309 -0.038031336 0.999226034 -0.010047919 -5.358591557 -0.843573928 -0.026713731 0.536348343 -9.920079231
0.529319823 0.026560284 0.848006546 -25.223501205 -0.035174370 0.999337494 -0.009344499 -5.378984451 -0.847692966 -0.024881868 0.529903412 -9.608838081
0.523361206 0.024616996 0.851755381 -24.726619720 -0.030989466 0.999471247 -0.009844721 -5.392456055 -0.851547301 -0.021243095 0.523847342 -9.306370735
0.517750740 0.023821132 0.855199814 -24.233009338 -0.027990185 0.999548793 -0.010896220 -5.408049107 -0.855073512 -0.018295674 0.518183947 -9.010627747
0.511865914 0.023285115 0.858749688 -23.756431580 -0.025584770 0.999602377 -0.011854310 -5.417932034 -0.858684301 -0.015903099 0.512258112 -8.732610703
0.505916834 0.023575976 0.862260044 -23.281953812 -0.024739996 0.999611795 -0.012815675 -5.437776089 -0.862227440 -0.014848644 0.506303668 -8.457106590
0.500414848 0.023361234 0.865470588 -22.833312988 -0.023358526 0.999636292 -0.013476813 -5.450618744 -0.865470707 -0.013472119 0.500778496 -8.201611519
0.494915545 0.022832362 0.868641078 -22.379026413 -0.021761846 0.999666870 -0.013877399 -5.466094971 -0.868668556 -0.012035089 0.495247543 -7.941059113
0.489172578 0.020586507 0.871944070 -21.934350967 -0.018081034 0.999745905 -0.013460187 -5.481009007 -0.871999621 -0.009181295 0.489420474 -7.699433327
0.483760595 0.018394502 0.875007093 -21.513021469 -0.015879463 0.999799013 -0.012238695 -5.497601032 -0.875056386 -0.007974041 0.483955503 -7.471251488
0.478608191 0.016591998 0.877871811 -21.107015610 -0.014257040 0.999836504 -0.011124344 -5.511162758 -0.877912819 -0.007191650 0.478766501 -7.253090858
0.473971963 0.016232045 0.880390346 -20.711339951 -0.016146680 0.999822199 -0.009741231 -5.523734093 -0.880391955 -0.009598312 0.474149764 -7.043646812
0.468630612 0.015388979 0.883260250 -20.329225540 -0.016476255 0.999826610 -0.008678114 -5.536687374 -0.883240640 -0.010485988 0.468802929 -6.836699486
0.463839769 0.014911440 0.885793626 -19.948669434 -0.015828766 0.999838233 -0.008542641 -5.549233437 -0.885777712 -0.010058603 0.464000762 -6.636520386
0.459921718 0.013774244 0.887852669 -19.602531433 -0.013426421 0.999873221 -0.008557045 -5.560819626 -0.887857974 -0.007985110 0.460048378 -6.464193344
0.456316113 0.012873697 0.889724672 -19.273521423 -0.011890918 0.999894261 -0.008369240 -5.572276115 -0.889738321 -0.006760623 0.456420958 -6.302329063
0.452449799 0.012849707 0.891697407 -18.956674576 -0.010506466 0.999903619 -0.009077990 -5.575864792 -0.891728103 -0.005261252 0.452541173 -6.144266129
0.449277401 0.013492068 0.893290401 -18.671054840 -0.009983309 0.999899328 -0.010081195 -5.584608078 -0.893336535 -0.004388740 0.449366868 -6.001832962
0.446698070 0.015554502 0.894549489 -18.401382446 -0.010827309 0.999869645 -0.011979141 -5.591456413 -0.894619226 -0.004334505 0.446808279 -5.871200562
0.444933593 0.017398970 0.895394564 -18.155868530 -0.011049432 0.999841809 -0.013937939 -5.605291367 -0.895495415 -0.003692145 0.445055425 -5.749053955
0.444347262 0.020194070 0.895627022 -17.922550201 -0.010428824 0.999794781 -0.017368734 -5.613048077 -0.895793974 -0.001622586 0.444466650 -5.636047363
0.445067704 0.022553725 0.895212948 -17.693967819 -0.008135989 0.999743342 -0.021142313 -5.622240543 -0.895460010 0.002126321 0.445136964 -5.521874428
0.447717428 0.023048133 0.893878043 -17.463462830 -0.005593077 0.999720395 -0.022975808 -5.630615711 -0.894157648 0.005287143 0.447721183 -5.410320282
0.452306509 0.022519076 0.891578317 -17.235008240 -0.004815006 0.999728262 -0.022807980 -5.637149811 -0.891849637 0.006023245 0.452292025 -5.288324356
0.460243583 0.021407722 0.887534618 -17.007549286 -0.005009280 0.999755919 -0.021516919 -5.648687363 -0.887778640 0.005457117 0.460238516 -5.169052124
0.470150948 0.024311047 0.882251203 -16.788274765 -0.007718594 0.999695599 -0.023434078 -5.658177376 -0.882552326 0.004207816 0.470195472 -5.044535637
0.480834186 0.028733818 0.876340568 -16.589372635 -0.009248301 0.999573469 -0.027700033 -5.669620037 -0.876762748 0.005214461 0.480894864 -4.913123131
0.493530214 0.031440623 0.869160235 -16.398767471 -0.009258799 0.999479651 -0.030897375 -5.678429604 -0.869679391 0.007201412 0.493564546 -4.781760216
0.509060919 0.032843769 0.860103726 -16.193803787 -0.009112127 0.999421358 -0.032770630 -5.686742306 -0.860682309 0.008844874 0.509065628 -4.662132263
0.525655270 0.032964073 0.850058794 -15.996850014 -0.009807125 0.999417365 -0.032691505 -5.690378189 -0.850641191 0.008847828 0.525672257 -4.526387691
0.542863488 0.033953995 0.839134395 -15.811984062 -0.011952925 0.999393523 -0.032705843 -5.696521282 -0.839735985 0.007724702 0.542940140 -4.384573460
0.561550260 0.034968365 0.826703489 -15.621814728 -0.012253192 0.999348462 -0.033947844 -5.702116966 -0.827351987 0.008933669 0.561612844 -4.238580227
0.582743227 0.037459582 0.811792552 -15.417179108 -0.012008052 0.999224901 -0.037488565 -5.706074238 -0.812567651 0.012098161 0.582741380 -4.086021900
0.603683472 0.037753802 0.796329677 -15.215623856 -0.010044486 0.999158978 -0.039755344 -5.721758366 -0.797160864 0.016000926 0.603554964 -3.911143780
0.625002325 0.036934774 0.779748619 -15.009400368 -0.009768046 0.999171853 -0.039498802 -5.735787392 -0.780561745 0.017070221 0.624845505 -3.724418640
0.646391630 0.038306229 0.762043595 -14.804996490 -0.014352093 0.999172688 -0.038052239 -5.734679699 -0.762870789 0.013659729 0.646406651 -3.513473988
0.668392539 0.037262995 0.742874742 -14.593338966 -0.019863572 0.999282360 -0.032252528 -5.747399807 -0.743543446 0.006801206 0.668653011 -3.285396576
0.690917909 0.032923806 0.722183228 -14.361994743 -0.021799950 0.999457002 -0.024708349 -5.766927242 -0.722604513 0.001327888 0.691260457 -3.036870003
0.712917507 0.027580421 0.700705349 -14.127252579 -0.018984396 0.999619126 -0.020030687 -5.773293495 -0.700990915 0.000977762 0.713169575 -2.781039238
0.735068083 0.025425654 0.677516401 -13.887751579 -0.018218847 0.999676466 -0.017749144 -5.779557228 -0.677748442 0.000703264 0.735293508 -2.507099390
0.756919026 0.025476472 0.653011978 -13.664357185 -0.019125450 0.999675393 -0.016832443 -5.777065754 -0.653228819 0.000251649 0.757160544 -2.215741634
0.777699471 0.025114549 0.628134370 -13.481552124 -0.022262443 0.999675155 -0.012406425 -5.799673557 -0.628241956 -0.004335335 0.778005958 -1.920341253
0.798409224 0.023552148 0.601654410 -13.267020226 -0.022293700 0.999705851 -0.009549875 -5.805128574 -0.601702332 -0.005788393 0.798699439 -1.595524669
0.818794191 0.021732379 0.573675692 -13.055191994 -0.020183276 0.999755204 -0.009066288 -5.810831070 -0.573732257 -0.004155231 0.819032371 -1.259392500
0.839081049 0.017733434 0.543717444 -12.838781357 -0.014377170 0.999842346 -0.010422744 -5.813522816 -0.543816507 0.000928411 0.839203656 -0.896200895
0.858513296 0.015499928 0.512557030 -12.636723518 -0.012031822 0.999876797 -0.010083833 -5.811469555 -0.512650132 0.002490112 0.858594000 -0.516548336
0.876807332 0.012484419 0.480679780 -12.445146561 -0.010567789 0.999921739 -0.006693704 -5.813555717 -0.480725735 0.000789367 0.876870692 -0.113397956
0.894191682 0.013621320 0.447477072 -12.261714935 -0.013458152 0.999903142 -0.003543944 -5.811818123 -0.447482020 -0.002853249 0.894288421 0.331845462
0.910890639 0.014074539 0.412407726 -12.076255798 -0.015034910 0.999886572 -0.000916043 -5.809605598 -0.412373841 -0.005366099 0.910998940 0.798025727
0.925999343 0.008876080 0.377420813 -11.899477005 -0.010893385 0.999935508 0.003210633 -5.807462692 -0.377367973 -0.007084434 0.926036298 1.289723396
0.940330744 0.000213834 0.340261757 -11.718730927 -0.003039724 0.999965191 0.007772014 -5.816975117 -0.340248257 -0.008342565 0.940298617 1.787880898
0.952966630 -0.008698612 0.302950352 -11.565524101 0.005931810 0.999931872 0.010051820 -5.816905499 -0.303017169 -0.007782006 0.952953339 2.322263241
0.964524269 -0.014867141 0.263575345 -11.419237137 0.012456104 0.999863923 0.010816276 -5.816822529 -0.263700277 -0.007149439 0.964578152 2.886060476
0.974430978 -0.016096523 0.224109650 -11.300600052 0.014242162 0.999849677 0.009888462 -5.810349941 -0.224235132 -0.006443818 0.974513769 3.462177038
0.982376575 -0.015137165 0.186298594 -11.212935448 0.013621924 0.999862909 0.009410864 -5.805366993 -0.186415508 -0.006707266 0.982448101 4.058712482
0.988271713 -0.015174300 0.151949808 -11.137206078 0.014124468 0.999868333 0.007986131 -5.799222469 -0.152050987 -0.005746258 0.988355935 4.699145794
0.992620468 -0.015900871 0.120215721 -11.058631897 0.015206619 0.999862015 0.006690259 -5.791543007 -0.120305516 -0.004812813 0.992725253 5.356894493
0.995547295 -0.018663457 0.092397571 -11.004385948 0.018106557 0.999812543 0.006861896 -5.787574768 -0.092508316 -0.005158340 0.995698571 6.044264317
0.997559130 -0.019423135 0.067071088 -10.970911026 0.019031916 0.999797940 0.006467007 -5.782979012 -0.067183144 -0.005174731 0.997727215 6.722356796
0.998856187 -0.018929223 0.043909222 -10.955296516 0.018719941 0.999811411 0.005172564 -5.778271198 -0.043998852 -0.004344669 0.999022126 7.433341980
0.999572456 -0.017335001 0.023545060 -10.953287125 0.017197449 0.999833941 0.006032018 -5.775586605 -0.023645716 -0.005624524 0.999704599 8.172657013
0.999862134 -0.015880786 0.004854128 -10.957417488 0.015838323 0.999837041 0.008664715 -5.773214340 -0.004990940 -0.008586639 0.999950707 8.942885399
0.999847353 -0.015088783 -0.008808523 -10.978754044 0.015188353 0.999820232 0.011348671 -5.767227650 0.008635703 -0.011480725 0.999896824 9.722992897
0.999792814 -0.009819243 -0.017830485 -11.005123138 0.010042776 0.999871552 0.012490612 -5.764240265 0.017705547 -0.012667092 0.999763012 10.527700424
0.999726295 -0.005063515 -0.022841673 -11.031228065 0.005287400 0.999938488 0.009751877 -5.755189419 0.022790888 -0.009869981 0.999691546 11.339595795
0.999705434 -0.004800172 -0.023789765 -11.064878464 0.005009365 0.999949217 0.008741645 -5.747138023 0.023746597 -0.008858242 0.999678791 12.163001060
0.999664783 -0.007324388 -0.024833726 -11.082015038 0.007527704 0.999938846 0.008103534 -5.738265038 0.024772855 -0.008287758 0.999658763 13.013056755
0.999642849 -0.008362086 -0.025381567 -11.097436905 0.008625242 0.999909997 0.010276306 -5.737247944 0.025293352 -0.010491558 0.999625027 13.905694008
0.999644041 -0.006475333 -0.025881698 -11.127918243 0.006729743 0.999929786 0.009754728 -5.735393047 0.025816714 -0.009925433 0.999617398 14.775856018
0.999638677 -0.004951890 -0.026419085 -11.161496162 0.005138834 0.999962211 0.007012913 -5.732386589 0.026383359 -0.007146142 0.999626338 15.672035217
0.999650776 -0.001617127 -0.026376203 -11.203641891 0.001749628 0.999985993 0.005001188 -5.730232239 0.026367744 -0.005045590 0.999639571 16.580928802
0.999623895 0.002197975 -0.027335105 -11.236092567 -0.002083731 0.999988973 0.004207196 -5.724415779 0.027344052 -0.004148655 0.999617457 17.538490295
0.999593318 0.002586762 -0.028399903 -11.265041351 -0.002415181 0.999978662 0.006074241 -5.720927238 0.028415009 -0.006003180 0.999578178 18.487829208
0.999552190 0.000784489 -0.029913494 -11.291364670 -0.000537632 0.999965727 0.008259531 -5.721022129 0.029918948 -0.008239750 0.999518394 19.438905716
0.999486983 0.000999830 -0.032012850 -11.331683159 -0.000694050 0.999954045 0.009561460 -5.716019630 0.032020941 -0.009534336 0.999441743 20.397680283
0.999353170 -0.000426947 -0.035958368 -11.365314484 0.000725557 0.999965370 0.008291669 -5.713506699 0.035953585 -0.008312396 0.999318898 21.380392075
0.999179542 -0.003502470 -0.040348556 -11.394406319 0.003813021 0.999963701 0.007622327 -5.718062401 0.040320393 -0.007769923 0.999156594 22.343055725
0.999008000 -0.005022389 -0.044246729 -11.442405701 0.005373253 0.999955058 0.007814357 -5.715127945 0.044205494 -0.008044355 0.998990059 23.333993912
0.998815298 -0.005024830 -0.048402142 -11.496827126 0.005536716 0.999930084 0.010447412 -5.709441662 0.048346262 -0.010703024 0.998773277 24.343423843
0.998620152 -0.005716798 -0.052202012 -11.550885201 0.006447119 0.999883533 0.013832621 -5.699485779 0.052116856 -0.014150087 0.998540759 25.353242874
0.998431861 -0.005099108 -0.055748034 -11.616418839 0.006102415 0.999822199 0.017841769 -5.690655231 0.055647146 -0.018153990 0.998285472 26.376914978
0.998243868 -0.003978971 -0.059104603 -11.680628777 0.005131471 0.999799430 0.019360371 -5.677392483 0.059015714 -0.019629665 0.998064041 27.424501419
0.998105645 -0.003252865 -0.061437272 -11.743901253 0.004266150 0.999856889 0.016369034 -5.672363281 0.061375234 -0.016600126 0.997976720 28.478277206
0.998025596 -0.001824669 -0.062782310 -11.826045990 0.002527527 0.999935031 0.011117559 -5.665119648 0.062757939 -0.011254292 0.997965336 29.520986557
0.997930467 -0.003141756 -0.064225428 -11.898715019 0.003715090 0.999954283 0.008809437 -5.651654720 0.064194821 -0.009029808 0.997896552 30.593168259
0.997810543 -0.002661485 -0.066083267 -11.960679054 0.003598943 0.999894500 0.014071027 -5.658731461 0.066038847 -0.014278049 0.997714877 31.668264389
0.997707069 -0.004181533 -0.067550600 -12.040316582 0.005569735 0.999776900 0.020375306 -5.652007580 0.067450330 -0.020704826 0.997507751 32.754245758
0.997549117 -0.009382147 -0.069337837 -12.104441643 0.010872698 0.999717176 0.021150893 -5.640568733 0.069119789 -0.021852944 0.997368991 33.835132599
0.997467399 -0.011832132 -0.070134349 -12.182579994 0.013132410 0.999749780 0.018107798 -5.626115799 0.069902547 -0.018982971 0.997373164 34.909793854
0.997411668 -0.011393330 -0.070993647 -12.261363029 0.012383129 0.999831975 0.013517571 -5.621855736 0.070827700 -0.014361707 0.997385144 35.999996185
0.997413456 -0.009837509 -0.071201064 -12.346852303 0.010714800 0.999871194 0.011949870 -5.614187717 0.071074329 -0.012681866 0.997390389 37.089965820
0.997537732 -0.005365049 -0.069926612 -12.433300018 0.006318342 0.999890029 0.013418720 -5.613160133 0.069846928 -0.013827499 0.997461855 38.175678253
0.997645080 -0.001326097 -0.068574771 -12.522693634 0.002370648 0.999882400 0.015153169 -5.612107754 0.068546608 -0.015280051 0.997530878 39.274940491
0.997708857 -0.000836125 -0.067648910 -12.600628853 0.002007369 0.999849260 0.017247442 -5.600916862 0.067624286 -0.017343720 0.997560084 40.385898590
0.997811437 -0.000582787 -0.066121109 -12.677445412 0.001892566 0.999803185 0.019747868 -5.592802525 0.066096589 -0.019829787 0.997616172 41.483432770
0.997877061 0.005692262 -0.064876340 -12.759449005 -0.004186439 0.999719203 0.023323016 -5.583837032 0.064990886 -0.023001904 0.997620702 42.591972351
0.998011112 0.008211772 -0.062501319 -12.842774391 -0.006759586 0.999703109 0.023410575 -5.568809032 0.062674999 -0.022941532 0.997770250 43.714073181
0.998115420 0.009579734 -0.060611691 -12.916368484 -0.008336940 0.999750495 0.020723972 -5.553240299 0.060795095 -0.020179601 0.997946262 44.836284637
0.998221517 0.012842645 -0.058213793 -12.993722916 -0.011855101 0.999780416 0.017277826 -5.539680004 0.058422904 -0.016556967 0.998154640 45.950424194
0.998314202 0.012326370 -0.056716699 -13.056150436 -0.011358070 0.999784708 0.017363371 -5.536356926 0.056918517 -0.016689910 0.998239338 47.072078705
0.998434484 0.011388417 -0.054762416 -13.120583534 -0.010343793 0.999759793 0.019321324 -5.527070522 0.054969303 -0.018724626 0.998312473 48.203769684
0.998556197 0.012224208 -0.052307714 -13.195123672 -0.011259397 0.999761760 0.018700000 -5.520866871 0.052523844 -0.018084047 0.998455942 49.325206757
0.998588920 0.013948735 -0.051240750 -13.250036240 -0.013244892 0.999813557 0.014049969 -5.512210369 0.051427178 -0.013351465 0.998587489 50.449604034
0.998627543 0.013442005 -0.050619714 -13.317503929 -0.012941311 0.999864161 0.010206099 -5.506146431 0.050750028 -0.009537005 0.998665869 51.585441589
0.998624384 0.012016867 -0.051038120 -13.379073143 -0.011436864 0.999866843 0.011641022 -5.504964352 0.051171213 -0.011041292 0.998628855 52.728588104
0.998654962 0.008817228 -0.051093057 -13.421964645 -0.008071184 0.999858022 0.014789633 -5.498496532 0.051216207 -0.014357358 0.998584390 53.861423492
0.998712122 0.004858548 -0.050502270 -13.485614777 -0.004052510 0.999862969 0.016050573 -5.492957592 0.050573334 -0.015825242 0.998594940 55.006301880
0.998739243 -0.000128079 -0.050199136 -13.535194397 0.000903603 0.999880612 0.015426551 -5.490099430 0.050191164 -0.015452461 0.998620093 56.149536133
0.998739123 -0.000876973 -0.050193492 -13.595729828 0.001635873 0.999884963 0.015080398 -5.478637218 0.050174493 -0.015143494 0.998625636 57.292282104
0.998764515 -0.005834088 -0.049350265 -13.648482323 0.006756256 0.999805272 0.018540069 -5.470970154 0.049232490 -0.018850585 0.998609424 58.446498871
0.998800993 -0.005798315 -0.048610706 -13.709561348 0.006999655 0.999673367 0.024579810 -5.457007408 0.048452307 -0.024890596 0.998515308 59.609424591
0.998834014 -0.006446338 -0.047844455 -13.761406898 0.007684664 0.999639034 0.025743686 -5.440265179 0.047661234 -0.026081339 0.998522997 60.776306152
0.998819232 -0.005233527 -0.048298575 -13.811273575 0.006209920 0.999778926 0.020087909 -5.435009003 0.048182767 -0.020364121 0.998630941 61.919902802
0.998845577 -0.002020619 -0.047994219 -13.877771378 0.002591645 0.999926567 0.011838571 -5.424276352 0.047966775 -0.011949289 0.998777449 63.088203430
0.998859167 0.003273836 -0.047640767 -13.953778267 -0.002872524 0.999959826 0.008489735 -5.422669888 0.047666647 -0.008343201 0.998828471 64.253196716
0.998861432 0.004188722 -0.047521848 -13.996595383 -0.003695781 0.999938488 0.010456049 -5.434460640 0.047562722 -0.010268513 0.998815477 65.422966003
0.998852313 0.006710788 -0.047423508 -14.066020012 -0.006147454 0.999908924 0.012014658 -5.434813023 0.047499817 -0.011709335 0.998802602 66.607398987
0.998810291 0.006738731 -0.048296377 -14.119914055 -0.006004126 0.999864340 0.015339311 -5.425166130 0.048393194 -0.015031085 0.998715281 67.785133362
0.998787701 0.005723920 -0.048890755 -14.181299210 -0.004892017 0.999841511 0.017118284 -5.421245098 0.048980992 -0.016858358 0.998657405 68.971061707
0.998777092 0.005042292 -0.049182668 -14.237059593 -0.004120363 0.999814212 0.018828409 -5.416430950 0.049268469 -0.018602733 0.998612344 70.158302307
0.998764455 0.006487534 -0.049269743 -14.305881500 -0.005377921 0.999729633 0.022620467 -5.408831596 0.049403176 -0.022327550 0.998529315 71.351158142
0.998753011 0.008519587 -0.049191881 -14.366055489 -0.007269625 0.999647558 0.025533173 -5.394791603 0.049392074 -0.025143726 0.998462915 72.531501770
0.998725891 0.009715291 -0.049519941 -14.431077957 -0.008708840 0.999751925 0.020499544 -5.388147354 0.049706817 -0.020042164 0.998562753 73.709365845
0.998716831 0.009526389 -0.049738836 -14.491373062 -0.008998055 0.999900818 0.010835297 -5.380458832 0.049837124 -0.010373841 0.998703480 74.876045227
0.998708904 0.009760752 -0.049852587 -14.553692818 -0.009421645 0.999930859 0.007032674 -5.382383347 0.049917787 -0.006553901 0.998731852 76.050369263
0.998709738 0.005793874 -0.050451100 -14.608318329 -0.005454449 0.999961555 0.006862901 -5.390892982 0.050488923 -0.006578863 0.998702943 77.228401184
0.998749316 -0.001301319 -0.049980938 -14.661878586 0.001488630 0.999992013 0.003710606 -5.398796558 0.049975712 -0.003780369 0.998743296 78.388183594
0.998747170 -0.000471551 -0.050038934 -14.724772453 0.000597633 0.999996662 0.002504759 -5.399946213 0.050037585 -0.002531526 0.998744130 79.559799194
0.998780370 -0.006317449 -0.048968136 -14.782678604 0.006729919 0.999943197 0.008262921 -5.410765648 0.048913155 -0.008582395 0.998766184 80.726966858
0.998785436 -0.007351612 -0.048720125 -14.837082863 0.008095292 0.999853432 0.015084632 -5.410106182 0.048602086 -0.015460714 0.998698533 81.906356812
0.998840928 -0.005020532 -0.047870371 -14.897681236 0.005962448 0.999791026 0.019553933 -5.410599232 0.047762197 -0.019816693 0.998662114 83.056335449
0.998869181 -0.002889041 -0.047455478 -14.962020874 0.003966353 0.999736190 0.022623088 -5.400609493 0.047377601 -0.022785731 0.998617113 84.213829041
0.998915136 0.001476816 -0.046543691 -15.026296616 -0.000335987 0.999699533 0.024509244 -5.389780045 0.046565905 -0.024467018 0.998615503 85.364944458
0.998945475 0.004985287 -0.045641053 -15.090459824 -0.003940904 0.999728978 0.022943988 -5.377210617 0.045743067 -0.022739926 0.998694360 86.511421204
0.998963058 0.009575902 -0.044509195 -15.159419060 -0.008825867 0.999816239 0.017017340 -5.375071049 0.044663969 -0.016606864 0.998864055 87.638854980
0.998941600 0.012156378 -0.044361595 -15.222609520 -0.011658854 0.999866426 0.011456741 -5.367594242 0.044494938 -0.010927410 0.998949826 88.770568848
0.999021292 0.008689516 -0.043369371 -15.276257515 -0.008181493 0.999895990 0.011877671 -5.369404316 0.043468069 -0.011511220 0.998988509 89.898292542
0.999047697 0.008185085 -0.042856570 -15.322031021 -0.007470456 0.999830842 0.016808579 -5.368912220 0.042986900 -0.016472414 0.998939812 91.022575378
0.999125361 0.003591172 -0.041660801 -15.366692543 -0.002644424 0.999737501 0.022758061 -5.361728191 0.041731592 -0.022627987 0.998872578 92.151954651
0.999143243 -0.001271883 -0.041365728 -15.411808968 0.002340244 0.999664664 0.025789030 -5.343865871 0.041319057 -0.025863742 0.998811185 93.285064697
0.999163449 -0.005715291 -0.040493220 -15.452229500 0.006707302 0.999679685 0.024404833 -5.328819752 0.040340766 -0.024656018 0.998881698 94.413520813
0.999189317 -0.008570468 -0.039335571 -15.505115509 0.009427841 0.999720871 0.021662885 -5.316324711 0.039138932 -0.022016171 0.998991191 95.537475586
0.999175489 -0.011094246 -0.039055318 -15.551707268 0.011768671 0.999784827 0.017081114 -5.306025028 0.038857412 -0.017526658 0.999091029 96.656883240
0.999190390 -0.012579472 -0.038214378 -15.593349457 0.013089102 0.999828339 0.013115278 -5.298670292 0.038042832 -0.013604852 0.999183476 97.770339966
