1341847980.722988 0.000000000 0.000000000 0.000000000 -0.000000000 -0.000000000 -0.000000000 1.000000000
1341847980.754743 -0.001870953 0.002235449 0.000617442 -0.000084438 0.000445432 -0.000259545 0.999999881
1341847980.786856 -0.006061408 -0.003314266 0.000755674 -0.001023821 0.000894790 -0.001081675 0.999998510
1341847980.822978 -0.002855503 0.000006631 0.000024585 0.000597628 0.000172246 -0.001728090 0.999998331
1341847980.854676 -0.004678383 0.000009019 -0.000487544 0.000603192 0.000789671 -0.002277467 0.999996960
1341847980.890728 -0.007456464 -0.000354020 -0.000953271 0.000641322 0.001330725 -0.002271730 0.999996364
1341847980.922978 -0.007006306 0.000993645 -0.001112481 0.001298679 0.000835897 -0.002628323 0.999995351
1341847980.954645 -0.006647882 0.001811988 -0.002767236 0.001241228 0.001152870 -0.003275326 0.999993205
1341847980.990699 -0.008131574 0.000400725 -0.002744004 0.000780425 0.001628636 -0.003138729 0.999993443
1341847981.022715 -0.011003600 0.000610123 -0.003482052 0.001060796 0.001944360 -0.003161204 0.999992549
1341847981.054711 -0.010798564 -0.000387402 -0.002706414 0.000690784 0.001797096 -0.003286810 0.999992788
1341847981.090715 -0.010274009 -0.000894755 -0.004104375 0.000822213 0.002234807 -0.003402292 0.999991357
1341847981.122985 -0.015375136 0.002556977 -0.004087597 0.001812850 0.003662393 -0.003047288 0.999987006
1341847981.158632 -0.016596824 0.003133537 -0.004441370 0.001571205 0.003869454 -0.001966533 0.999989390
1341847981.190636 -0.020440096 0.000533663 -0.005072588 0.000716469 0.004283284 -0.000162042 0.999990582
1341847981.222978 -0.024129706 0.001553312 -0.005919196 0.001801964 0.004509930 0.001710417 0.999986768
1341847981.258722 -0.025864897 0.001608263 -0.006070893 0.001791540 0.004013824 0.002842740 0.999986351
1341847981.290787 -0.025455803 0.000139971 -0.006578618 0.001447898 0.003813566 0.002997104 0.999987185
1341847981.322892 -0.026635312 0.001670032 -0.009357313 0.002175856 0.004848114 0.003120888 0.999981046
1341847981.358690 -0.032559548 0.000199254 -0.010172583 0.002025587 0.006364766 0.003615077 0.999971151
1341847981.390810 -0.039080642 0.000071930 -0.008750771 0.002125859 0.007091302 0.004638314 0.999961853
1341847981.426707 -0.044262875 0.001155227 -0.010555379 0.003028932 0.007130692 0.005849722 0.999952912
1341847981.458797 -0.047413442 0.001157335 -0.013553798 0.002952453 0.006909028 0.006389022 0.999951363
1341847981.490701 -0.048704818 0.000082534 -0.014471244 0.002573457 0.006966813 0.006481045 0.999951422
1341847981.527039 -0.052495804 0.002349663 -0.017324885 0.003553837 0.007542565 0.006084876 0.999946773
1341847981.558722 -0.055917546 0.002342052 -0.018542964 0.003239632 0.008223007 0.005535640 0.999945641
1341847981.594855 -0.066665992 0.001937452 -0.018602729 0.003729701 0.010728718 0.004780838 0.999924064
1341847981.626675 -0.074723840 0.007950425 -0.021842953 0.005922698 0.012109816 0.005654403 0.999893188
1341847981.658738 -0.077411093 0.009589707 -0.025157595 0.004682977 0.012153314 0.005086775 0.999902248
1341847981.694720 -0.082443535 0.006400522 -0.024072310 0.004009232 0.013051423 0.004751023 0.999895513
1341847981.726650 -0.086666249 0.015566403 -0.026492305 0.005224571 0.013457075 0.005769823 0.999879181
1341847981.758846 -0.096440516 0.014583169 -0.027011814 0.003725843 0.014445062 0.005875376 0.999871492
1341847981.794659 -0.100338414 0.021199174 -0.027807234 0.003559464 0.014440729 0.005611606 0.999873638
1341847981.826678 -0.103209883 0.023495754 -0.028880028 0.002027552 0.014699730 0.005455496 0.999875069
1341847981.862719 -0.114288405 0.017723976 -0.027294034 0.000929827 0.015721936 0.004722823 0.999864817
1341847981.894631 -0.122120313 0.024764687 -0.033586029 0.001705263 0.015270174 0.005125896 0.999868810
1341847981.926602 -0.122308560 0.025801696 -0.032220904 -0.001233370 0.013843941 0.004954122 0.999891162
1341847981.994808 -0.130180255 0.023567719 -0.030741153 -0.002522715 0.013837217 0.004130714 0.999892592
1341847982.062739 -0.144152775 0.022065712 -0.030869903 -0.000316686 0.014310588 0.001880452 0.999895811
1341847982.094786 -0.147559449 0.025341412 -0.033492502 0.000869682 0.013676110 0.000904787 0.999905705
1341847982.130710 -0.154844463 0.016004506 -0.030891085 0.000509443 0.013736941 -0.000127201 0.999905527
1341847982.162730 -0.158551261 0.022262486 -0.034957908 0.004966908 0.012009680 0.001400857 0.999914587
1341847982.194674 -0.151445091 0.020030478 -0.040057845 0.002884168 0.010011467 0.001521820 0.999944568
1341847982.230594 -0.149599358 0.013864304 -0.039056454 0.000317113 0.011269513 0.001118444 0.999935806
1341847982.262666 -0.154574305 0.011014233 -0.038703859 0.000955513 0.013854630 0.000188892 0.999903560
1341847982.294994 -0.160670251 0.009958827 -0.037835263 0.001311859 0.016935641 -0.000515149 0.999855638
1341847982.330655 -0.171180591 0.012161536 -0.036046293 0.003763429 0.019727187 0.002164252 0.999795973
1341847982.398909 -0.177682176 0.011202103 -0.038900919 0.008561340 0.016626194 0.007513647 0.999796867
1341847982.430770 -0.174864635 0.000783678 -0.043215998 0.007366913 0.016117526 0.007999293 0.999810994
1341847982.462624 -0.177394822 0.010154874 -0.041578405 0.010099074 0.019387228 0.008565572 0.999724388
1341847982.498616 -0.182141408 0.012703189 -0.042164754 0.010248486 0.022590950 0.009040095 0.999651432
1341847982.530757 -0.188238487 0.014370404 -0.039528996 0.009226839 0.024733219 0.009842189 0.999603093
1341847982.566660 -0.188771829 0.015910724 -0.041540213 0.007903303 0.025910154 0.010969614 0.999572933
1341847982.598726 -0.194781899 0.012501661 -0.038559645 0.004706955 0.029038692 0.012538230 0.999488592
1341847982.630723 -0.199956223 0.009369451 -0.036683165 0.003362728 0.031990796 0.012382707 0.999405801
1341847982.666620 -0.199566185 0.009197891 -0.037179764 0.002092209 0.033758055 0.013012030 0.999343216
1341847982.698638 -0.199420542 0.009246503 -0.037597828 0.000719495 0.036178630 0.013289943 0.999256730
1341847982.730674 -0.216876924 0.010325599 -0.032647669 0.000246755 0.042156424 0.013509467 0.999019682
1341847982.766706 -0.227168351 0.010495427 -0.030568758 0.000771430 0.045263764 0.014909343 0.998863518
1341847982.798737 -0.235420197 0.008235873 -0.028590802 0.000552702 0.047358520 0.016505968 0.998741448
1341847982.834747 -0.250039846 0.007558960 -0.025067080 0.001657185 0.050278384 0.016656054 0.998595059
1341847982.866670 -0.264751852 0.002095838 -0.024343336 0.003375224 0.052057028 0.018023815 0.998475790
1341847982.898700 -0.274515331 0.011583375 -0.025696052 0.006924571 0.051504370 0.020174969 0.998444974
1341847982.934803 -0.288330972 0.019959921 -0.024637392 0.007578006 0.050376076 0.021927455 0.998460889
1341847982.966708 -0.290709943 0.012597836 -0.027093096 0.004644089 0.047903419 0.022257309 0.998593211
1341847982.998783 -0.294123679 0.010185237 -0.028747980 0.003076113 0.048477210 0.020589449 0.998607337
1341847983.034693 -0.308946639 0.017004061 -0.026694421 0.003182531 0.050887596 0.021157755 0.998475194
1341847983.066707 -0.336349458 0.013856960 -0.021243412 0.001482882 0.054384824 0.022063432 0.998275161
1341847983.102757 -0.342459410 0.008455707 -0.020042539 -0.000475363 0.053828802 0.022557236 0.998295307
1341847983.134717 -0.355164617 0.006067039 -0.019145072 -0.000071840 0.054282125 0.024122044 0.998234272
1341847983.166651 -0.367287219 0.009922056 -0.018655546 0.001975667 0.053769439 0.025259120 0.998231947
1341847983.202653 -0.370243579 0.011251624 -0.020790450 0.002186791 0.051121242 0.026226053 0.998345673
1341847983.234717 -0.377269328 0.010978851 -0.021495257 0.001270713 0.050323516 0.026515735 0.998380125
1341847983.266753 -0.379644603 0.002993850 -0.027841767 -0.002842235 0.049968317 0.025369210 0.998424530
1341847983.302701 -0.399480969 0.006981127 -0.022104528 -0.004441894 0.054132238 0.024861202 0.998214364
1341847983.334718 -0.400703907 -0.001577797 -0.023845008 -0.007199939 0.055242818 0.024321266 0.998150766
1341847983.370887 -0.413889736 -0.001572742 -0.018969586 -0.006654243 0.058839962 0.024322227 0.997948945
1341847983.402670 -0.426680535 0.001115072 -0.019341327 -0.005034239 0.059781622 0.025510926 0.997872770
1341847983.434705 -0.437061101 0.008928981 -0.018443104 -0.004610927 0.058459129 0.028629681 0.997868598
1341847983.470674 -0.446270347 -0.007049909 -0.017476793 -0.008082248 0.058448583 0.027561311 0.997877181
1341847983.502767 -0.448993057 -0.016509200 -0.024282156 -0.008552018 0.060208876 0.024163179 0.997856677
1341847983.534806 -0.461646914 -0.005262576 -0.025968947 -0.005905600 0.064746529 0.022877378 0.997622013
1341847983.570684 -0.482591778 -0.000480308 -0.020972243 -0.005224175 0.068877533 0.023610668 0.997332036
1341847983.602741 -0.496214628 -0.005411134 -0.022332471 -0.005008535 0.069802351 0.024355566 0.997250915
1341847983.638729 -0.502909482 -0.005786723 -0.026980419 -0.003701553 0.070227467 0.024435224 0.997224867
1341847983.702857 -0.542586386 -0.001897923 -0.023465089 0.002344560 0.075675145 0.026462035 0.996778607
1341847983.738736 -0.548417389 -0.003890335 -0.031277116 0.002949745 0.073836200 0.028593015 0.996856034
1341847983.770707 -0.563812554 -0.004356590 -0.031047175 0.003968566 0.074150741 0.029555770 0.996801138
1341847983.806672 -0.571411133 -0.013831791 -0.037167799 0.003679030 0.074550547 0.028787406 0.996794939
1341847983.838719 -0.594425261 -0.003586232 -0.033529032 0.009518205 0.077429019 0.029568814 0.996513903
1341847983.870712 -0.609386802 0.003688226 -0.036902267 0.011986500 0.076288968 0.032686919 0.996477783
1341847983.906692 -0.635865867 0.008307684 -0.033142582 0.013258643 0.076362267 0.035422813 0.996362507
1341847983.938757 -0.636154056 0.005953127 -0.044203259 0.012431329 0.073035315 0.036379162 0.996588171
1341847983.970809 -0.650329232 0.001576842 -0.045729544 0.009852497 0.075089887 0.035042331 0.996512234
1341847984.006722 -0.663856268 0.003961347 -0.044707518 0.009097457 0.077444017 0.034039520 0.996373951
1341847984.038718 -0.676151454 -0.000551941 -0.047916140 0.006375608 0.079672113 0.034139059 0.996215999
1341847984.074737 -0.690409958 0.006729792 -0.053190459 0.004834765 0.082334206 0.033154611 0.996041417
1341847984.106759 -0.711520612 0.023608984 -0.035718318 0.003672705 0.087063111 0.031028334 0.995712698
1341847984.138698 -0.719769776 0.024968425 -0.034590624 0.003158412 0.087704889 0.030621078 0.995670795
1341847984.174831 -0.734217107 0.033466935 -0.036297832 0.001798648 0.088915974 0.028615510 0.995626390
1341847984.206711 -0.750037551 0.031628486 -0.029233336 -0.003102968 0.090824142 0.027421532 0.995484531
1341847984.238670 -0.759914994 0.036424477 -0.024629220 -0.002937790 0.089245632 0.029008420 0.995582819
1341847984.274795 -0.772541463 0.033712599 -0.022393867 -0.006051814 0.088343672 0.029329497 0.995639741
1341847984.306662 -0.787700176 0.037565820 -0.016802361 -0.007900205 0.089255787 0.028905401 0.995557964
1341847984.343094 -0.799625516 0.034564916 -0.009239824 -0.010267535 0.089246899 0.029290909 0.995525837
1341847984.406718 -0.815546930 0.043631468 0.001704449 -0.012538139 0.084800765 0.032671712 0.995783269
1341847984.442894 -0.833739221 0.035919566 0.014587871 -0.015191355 0.086524464 0.033556849 0.995568573
1341847984.474640 -0.838561058 0.031405915 0.019623991 -0.015822066 0.085950807 0.033359125 0.995615065
1341847984.506747 -0.850173354 0.032443933 0.030442705 -0.016258171 0.087206118 0.032268830 0.995534837
1341847984.542747 -0.855392218 0.026793920 0.034949545 -0.017528912 0.088703886 0.032182135 0.995383680
1341847984.574807 -0.867414296 0.026351620 0.048870806 -0.018801045 0.092354402 0.033256229 0.994993091
1341847984.610792 -0.881922722 0.020208057 0.062222604 -0.018279040 0.093418643 0.033195224 0.994905591
1341847984.642667 -0.887067080 0.018641055 0.072067730 -0.015311825 0.091682881 0.034191776 0.995083272
1341847984.674804 -0.898005188 0.017867105 0.082543850 -0.014419316 0.092104919 0.035227574 0.995021582
1341847984.710651 -0.905823171 0.009603442 0.097361468 -0.013754635 0.091630720 0.035412170 0.995068133
1341847984.743352 -0.914937854 0.005330849 0.108923756 -0.011096150 0.091219850 0.034976237 0.995154500
1341847984.778881 -0.921131134 0.005970367 0.118018232 -0.009764764 0.091553859 0.035480071 0.995119989
1341847984.810639 -0.935720980 0.006303335 0.136766583 -0.007534548 0.093833908 0.038150359 0.994828105
1341847984.842655 -0.940557122 -0.003095728 0.148877501 -0.005559596 0.093685031 0.039792262 0.994790852
1341847984.878779 -0.946078300 -0.007012577 0.157759845 -0.003473631 0.093870565 0.041205861 0.994725287
1341847984.910613 -0.954042435 -0.003125489 0.167493626 -0.001842619 0.093647338 0.044262476 0.994619370
1341847984.943053 -0.960234940 -0.009004845 0.180639282 -0.003136092 0.091870621 0.048029307 0.994607091
1341847984.979236 -0.961719990 -0.017910834 0.190428406 -0.005215752 0.089467391 0.050305001 0.994704902
1341847985.010633 -0.964773774 -0.024525458 0.200955480 -0.008289184 0.089629553 0.050513692 0.994658828
1341847985.046612 -0.973095179 -0.037857357 0.215373695 -0.012671166 0.093982235 0.050977994 0.994187117
1341847985.078667 -0.977136016 -0.045028429 0.227164492 -0.013799203 0.097353779 0.051070470 0.993842900
1341847985.110771 -0.980285883 -0.047968477 0.240314871 -0.014458490 0.100194089 0.052772664 0.993462265
1341847985.146824 -0.985314667 -0.054293565 0.253193319 -0.015228088 0.103259206 0.054012202 0.993070185
1341847985.178699 -0.990030944 -0.058702502 0.265397638 -0.015097182 0.106622621 0.055355884 0.992642701
1341847985.210840 -0.993449211 -0.069629051 0.277941197 -0.014755300 0.109056048 0.055892128 0.992353320
1341847985.246735 -0.995275080 -0.071569584 0.283473700 -0.013803511 0.111466259 0.055800118 0.992104411
1341847985.278902 -1.003435493 -0.079084456 0.296252221 -0.014421259 0.115709394 0.055951022 0.991601229
1341847985.314648 -1.008116841 -0.085971341 0.308205426 -0.012702891 0.118833676 0.056170892 0.991242707
1341847985.346842 -1.011100173 -0.085716896 0.315397710 -0.010753836 0.120364584 0.056546085 0.991059661
1341847985.378830 -1.014309049 -0.090237677 0.324388117 -0.012019630 0.121541232 0.056416560 0.990908861
1341847985.414650 -1.019659400 -0.101464733 0.337493747 -0.013994331 0.125111043 0.056692079 0.990422845
1341847985.446854 -1.018966675 -0.104026616 0.345899522 -0.012347922 0.126539320 0.057206556 0.990233719
1341847985.478685 -1.025912881 -0.108149506 0.357829601 -0.011947499 0.128717482 0.058590997 0.989876866
1341847985.514673 -1.028110027 -0.112998992 0.366489321 -0.012854801 0.130097538 0.058776200 0.989674091
1341847985.546814 -1.035171032 -0.120979957 0.379997343 -0.013974843 0.133871377 0.059640590 0.989103734
1341847985.582581 -1.039982796 -0.126131371 0.394143909 -0.012899023 0.137118995 0.060817685 0.988601685
1341847985.614773 -1.045296073 -0.129261032 0.407567561 -0.010843435 0.139397860 0.062160045 0.988224089
1341847985.647097 -1.048590422 -0.139694110 0.419056952 -0.010093896 0.141517326 0.064243980 0.987797439
1341847985.682842 -1.058661580 -0.139265761 0.434644252 -0.006426898 0.145346448 0.065817893 0.987168252
1341847985.714719 -1.063580036 -0.137012079 0.449422777 -0.000873718 0.146762013 0.069427773 0.986732006
1341847985.746954 -1.068698883 -0.150177002 0.459254533 0.000978045 0.148187160 0.071714759 0.986355245
1341847985.782765 -1.073225379 -0.153218240 0.469770074 0.004448633 0.150426373 0.073638432 0.985864937
1341847985.814703 -1.085731506 -0.158033654 0.482278109 0.011536248 0.154250905 0.076338418 0.985010743
1341847985.850739 -1.088275194 -0.155558288 0.487874687 0.020026151 0.154476956 0.079682015 0.984574378
1341847985.882782 -1.093000650 -0.158269152 0.493406445 0.019615579 0.154845715 0.081861146 0.984345853
1341847985.914968 -1.103188038 -0.181782544 0.509369969 0.013522740 0.159526050 0.085312575 0.983407557
1341847985.950751 -1.107171178 -0.197899923 0.517948985 0.010403385 0.164387941 0.084749341 0.982693255
1341847985.982712 -1.113445759 -0.197712660 0.530657470 0.012431596 0.169501722 0.084598847 0.981813490
1341847986.018756 -1.114889741 -0.198762074 0.540785372 0.014040391 0.171418250 0.087027654 0.981246650
1341847986.051991 -1.118792295 -0.206306413 0.550816119 0.012881328 0.172937676 0.089721367 0.980753183
1341847986.082612 -1.123526573 -0.216462329 0.562233508 0.011984342 0.174655885 0.091196224 0.980323911
1341847986.118719 -1.127138853 -0.225198507 0.569476187 0.010036319 0.177595228 0.090734862 0.979860425
1341847986.150636 -1.129078984 -0.231685624 0.578078032 0.007169995 0.181708947 0.091536745 0.979056418
1341847986.182648 -1.133059621 -0.236132652 0.593554497 0.007102546 0.186111435 0.092265069 0.978161216
1341847986.218674 -1.137823343 -0.242565840 0.602431118 0.008744039 0.189316794 0.092669405 0.977494299
1341847986.250584 -1.142123699 -0.249702424 0.612401128 0.009697281 0.192275122 0.094824351 0.976700902
1341847986.286733 -1.142762303 -0.257594317 0.624076068 0.010751911 0.195137843 0.096115492 0.975995600
1341847986.326156 -1.143499136 -0.264047086 0.635998309 0.013108589 0.198329881 0.097283013 0.975207448
1341847986.359210 -1.145817041 -0.270552248 0.645539224 0.015166895 0.201559916 0.099012636 0.974340916
1341847986.394467 -1.147623062 -0.275771648 0.657749951 0.015369422 0.204492062 0.101017602 0.973520517
1341847986.425858 -1.148125291 -0.282108694 0.669064164 0.015025707 0.207283199 0.102217466 0.972810149
1341847986.457691 -1.151263595 -0.289830178 0.680579185 0.013434174 0.211407974 0.103291333 0.971831799
1341847986.493735 -1.153919816 -0.292135835 0.695537984 0.013606122 0.214676470 0.104765967 0.970954716
1341847986.525772 -1.153576612 -0.297864258 0.706817210 0.014644457 0.215972021 0.106437862 0.970470309
1341847986.561706 -1.155409575 -0.305298865 0.718687117 0.012964699 0.218472928 0.106637537 0.969912350
1341847986.593712 -1.155642033 -0.314424962 0.733494759 0.010437692 0.221914008 0.106527440 0.969173431
1341847986.625740 -1.159651399 -0.319532841 0.749629200 0.012375524 0.226156414 0.107600808 0.968050778
1341847986.661920 -1.159119725 -0.321694463 0.758089542 0.014042511 0.227353752 0.109977916 0.967480183
1341847986.693739 -1.163892508 -0.325669676 0.772644758 0.014690950 0.229268461 0.114231393 0.966525376
1341847986.725896 -1.165191054 -0.329116881 0.785457969 0.015711088 0.229631618 0.119387768 0.965799689
1341847986.762616 -1.161190629 -0.335678518 0.788843274 0.013806601 0.228080168 0.123082206 0.965732694
1341847986.793794 -1.164031863 -0.345692754 0.799895704 0.008948173 0.230831653 0.125185177 0.964865506
1341847986.829823 -1.165491700 -0.349585265 0.818518162 0.007272018 0.234427020 0.127239555 0.963743329
1341847986.886746 -1.173924208 -0.356068790 0.841528952 0.006028255 0.237313122 0.133181021 0.962241650
1341847986.922699 -1.175452709 -0.360346794 0.854087293 0.004087005 0.238025457 0.136474296 0.961614251
1341847986.954690 -1.173533916 -0.368225068 0.863487899 0.001209561 0.238780349 0.137597948 0.961274862
1341847986.990631 -1.176941752 -0.374388605 0.876667261 -0.000433880 0.241942450 0.138879329 0.960300088
1341847987.022895 -1.177332282 -0.376474231 0.885609210 -0.000062225 0.243484974 0.141416013 0.959539771
1341847987.054629 -1.178795815 -0.377579719 0.896953285 -0.000942427 0.244413778 0.143989369 0.958920300
1341847987.091223 -1.180234790 -0.387905777 0.908990920 -0.004748011 0.245960906 0.145363361 0.958305955
1341847987.123199 -1.180505157 -0.398204535 0.918397605 -0.007713353 0.249269679 0.144375890 0.957580686
1341847987.190716 -1.186787248 -0.401293278 0.942022502 -0.010415105 0.260592550 0.142315969 0.954845130
1341847987.259261 -1.190243125 -0.407503426 0.963320971 -0.012564205 0.266657978 0.145463288 0.952667952
1341847987.290653 -1.191106319 -0.417202443 0.972105026 -0.015285265 0.271295398 0.144549713 0.951457083
1341847987.322780 -1.193923116 -0.420834273 0.983059824 -0.015542610 0.278196156 0.143124714 0.949673951
1341847987.390720 -1.201326132 -0.425486773 1.009040236 -0.010388719 0.291033536 0.137704805 0.946693718
1341847987.422820 -1.205166459 -0.429202139 1.017110229 -0.008469534 0.297208011 0.135971159 0.945043683
1341847987.458620 -1.208560467 -0.423918039 1.029184937 -0.003217745 0.302695513 0.136529341 0.943252325
1341847987.490754 -1.213406920 -0.421838909 1.038775921 0.003388966 0.306061924 0.138633668 0.941857398
1341847987.526761 -1.217471957 -0.421372741 1.038028359 0.003756686 0.307077169 0.140763178 0.941209495
1341847987.558679 -1.223213911 -0.426873028 1.059235215 0.002456481 0.313778818 0.142310604 0.938767612
1341847987.590776 -1.228893399 -0.422421187 1.071642399 0.008600335 0.318798721 0.144736007 0.936666906
1341847987.626925 -1.233428359 -0.417050689 1.075053453 0.011769784 0.320379257 0.148715109 0.935469151
1341847987.658922 -1.236461401 -0.418019891 1.085331559 0.010846597 0.322382152 0.151534706 0.934338987
1341847987.691638 -1.241576672 -0.416704834 1.095864773 0.011472677 0.324486434 0.153237894 0.933324754
1341847987.726721 -1.249390483 -0.416927397 1.115055680 0.012713123 0.326698035 0.155815959 0.932109535
1341847987.758741 -1.253791332 -0.417355567 1.124347806 0.013974754 0.327469796 0.160071194 0.931099117
1341847987.794708 -1.257081747 -0.418657094 1.133577824 0.013854127 0.327464342 0.163216099 0.930556655
1341847987.826748 -1.261793256 -0.418611437 1.144241810 0.015207947 0.327226192 0.166883245 0.929968655
1341847987.865879 -1.267872930 -0.420232117 1.155565023 0.015199350 0.327399760 0.168971881 0.929530442
1341847987.897796 -1.272647858 -0.419777155 1.167838097 0.017588558 0.327972889 0.171423212 0.928837240
1341847987.933722 -1.278054953 -0.423767328 1.179294944 0.018558690 0.327403218 0.172056094 0.928902268
1341847987.965806 -1.282443881 -0.429106474 1.189367294 0.019309085 0.328070909 0.168973565 0.929217219
1341847987.997794 -1.287904859 -0.428239405 1.195494771 0.021549737 0.328649223 0.166756377 0.929364145
1341847988.033757 -1.291780949 -0.435352683 1.208800077 0.020949166 0.330827922 0.162901685 0.929288507
1341847988.065746 -1.298328996 -0.434776217 1.217517138 0.025398308 0.332161605 0.160384417 0.929139614
1341847988.098165 -1.302161694 -0.439266294 1.223222017 0.026203591 0.332781911 0.154831260 0.929837048
1341847988.133763 -1.306226969 -0.442718655 1.232994676 0.027081462 0.335574836 0.151603743 0.929339826
1341847988.165801 -1.311631680 -0.436826855 1.239482760 0.032101374 0.336600870 0.152557582 0.928652644
1341847988.201710 -1.316021681 -0.434271127 1.243367791 0.032255348 0.334527493 0.156540871 0.928733528
1341847988.233777 -1.317519903 -0.441584945 1.254065514 0.027561670 0.334243149 0.157624304 0.928803802
1341847988.265702 -1.318864107 -0.444718987 1.264113545 0.026945718 0.336291820 0.157314226 0.928134680
1341847988.301776 -1.321916699 -0.439291209 1.270412326 0.029298911 0.337746441 0.158634424 0.927310109
1341847988.333739 -1.325029612 -0.438249558 1.277852058 0.027674021 0.337865859 0.162266612 0.926687837
1341847988.369715 -1.324819565 -0.441092551 1.287217736 0.025850192 0.338517427 0.164133638 0.926173806
1341847988.401745 -1.328796148 -0.435521662 1.295013785 0.029265504 0.339007378 0.168418601 0.925123096
1341847988.433996 -1.330868483 -0.439227819 1.302219152 0.027730772 0.338498026 0.171358600 0.924816966
1341847988.469742 -1.332261562 -0.445410639 1.309255600 0.026442800 0.340920895 0.169620603 0.924284995
1341847988.502496 -1.336829424 -0.439631581 1.311079621 0.029543106 0.343159318 0.170616701 0.923178673
1341847988.537778 -1.340925455 -0.434427917 1.316698790 0.030846188 0.343784600 0.175207883 0.922042847
1341847988.569700 -1.345211744 -0.434543997 1.321959138 0.029041627 0.342478693 0.177511200 0.922146857
1341847988.601796 -1.348325014 -0.438862264 1.324284077 0.024889242 0.343104243 0.176581159 0.922214210
1341847988.637768 -1.352078199 -0.440067530 1.330640793 0.021560621 0.346020877 0.174713716 0.921563804
1341847988.669807 -1.356920600 -0.438164890 1.335685611 0.020741152 0.347962916 0.173633859 0.921055377
1341847988.706192 -1.361775875 -0.439086139 1.338626385 0.018975215 0.349206299 0.173808530 0.920589805
1341847988.737940 -1.365857482 -0.440725535 1.344111323 0.018570738 0.350855201 0.176196069 0.919516563
1341847988.769740 -1.371869326 -0.441616476 1.347381592 0.019493056 0.351280063 0.179945379 0.918608725
1341847988.806051 -1.378015041 -0.446220249 1.349699736 0.019484140 0.351772308 0.182301909 0.917955756
1341847988.837897 -1.384055138 -0.449391305 1.349235892 0.017688185 0.352979749 0.183565393 0.917276561
1341847988.873917 -1.389772058 -0.453069299 1.354155064 0.015109710 0.356150091 0.183732316 0.916062951
1341847988.937824 -1.405063391 -0.454190373 1.358362794 0.015392291 0.360052437 0.186608419 0.913948953
1341847988.998737 -1.420682192 -0.458861470 1.364986777 0.013630557 0.362689734 0.192090064 0.911795974
1341847989.034678 -1.431527853 -0.460724950 1.364965081 0.012074277 0.362686604 0.194197640 0.911372602
1341847989.066658 -1.438469648 -0.468885660 1.370800853 0.007973709 0.364356160 0.193735793 0.910849869
1341847989.098821 -1.446756840 -0.473451018 1.376026154 0.009851673 0.365756541 0.193103269 0.910404503
1341847989.134676 -1.459198594 -0.477866858 1.375697851 0.013289726 0.365179390 0.193858847 0.910431921
1341847989.166672 -1.467375994 -0.482959807 1.380462289 0.015594370 0.365304023 0.194564357 0.910194755
1341847989.202743 -1.477898598 -0.487472147 1.385647416 0.018511482 0.364359647 0.194665298 0.910497010
1341847989.234728 -1.489749670 -0.491393626 1.386070490 0.021207821 0.361666113 0.195237905 0.911389053
1341847989.266651 -1.498077393 -0.498335063 1.387424231 0.020688651 0.360081077 0.192923859 0.912520707
1341847989.302773 -1.509278774 -0.501894236 1.388616085 0.020287784 0.358744740 0.189178944 0.913839161
1341847989.334871 -1.520455599 -0.506660342 1.389197588 0.018159589 0.357239097 0.184738472 0.915380955
1341847989.366685 -1.529415607 -0.512723446 1.390427589 0.013981654 0.356779277 0.179449499 0.916684747
1341847989.402777 -1.536258578 -0.522439063 1.394716620 0.008881522 0.358699411 0.173474297 0.917149127
1341847989.434824 -1.547948360 -0.522511184 1.397110581 0.012003023 0.359452397 0.170388401 0.917397261
1341847989.470712 -1.556762934 -0.526190042 1.394160151 0.010780558 0.358615249 0.168288663 0.918127418
1341847989.502614 -1.568361998 -0.530181766 1.392557502 0.008682432 0.359551132 0.168644458 0.917718172
1341847989.534687 -1.576905251 -0.530817628 1.395821691 0.011144826 0.359540790 0.170859396 0.917285800
1341847989.570705 -1.584318161 -0.540507972 1.393988967 0.007853431 0.358805209 0.170051351 0.917757988
1341847989.602804 -1.589699507 -0.546163738 1.397295594 0.005452481 0.361255258 0.169099718 0.916989744
1341847989.634745 -1.598661304 -0.550451279 1.397858381 0.006598374 0.365049332 0.166107133 0.916026175
1341847989.670627 -1.608296633 -0.549589813 1.396444559 0.007213878 0.367321104 0.165356025 0.915248930
1341847989.702606 -1.615306258 -0.552720070 1.398616195 0.005560904 0.368543863 0.165794373 0.914689481
1341847989.738929 -1.623684168 -0.557224929 1.399843693 0.004178972 0.371038318 0.164179027 0.913979411
1341847989.770735 -1.634339929 -0.556094646 1.400690913 0.004279298 0.373278290 0.164526463 0.913003922
1341847989.802890 -1.642705679 -0.559555590 1.402714610 0.002139505 0.374750078 0.164899036 0.912340999
1341847989.838780 -1.652367115 -0.560483456 1.404375672 0.002385455 0.376240790 0.166056424 0.911516607
1341847989.870960 -1.662349224 -0.565499485 1.408738017 0.002019909 0.379341751 0.164465025 0.910520196
1341847989.902718 -1.674735904 -0.566007018 1.407373667 0.004301682 0.381240517 0.164603472 0.909693837
1341847989.938921 -1.688687563 -0.564670801 1.407631755 0.007173188 0.380483985 0.168707982 0.909240425
1341847989.970730 -1.699807048 -0.570644796 1.408887148 0.007294050 0.379312843 0.169970512 0.909493625
1341847990.006923 -1.710875988 -0.580051243 1.409580112 0.004500345 0.381195009 0.168327421 0.909030318
1341847990.039001 -1.724085689 -0.578352392 1.409642339 0.005893511 0.383085608 0.168284506 0.908235133
1341847990.070686 -1.735994339 -0.579930365 1.411892295 0.007111005 0.383261919 0.167656392 0.908268154
1341847990.106701 -1.748805285 -0.584342360 1.411906719 0.006691934 0.383766323 0.167417005 0.908102572
1341847990.139194 -1.759751558 -0.585433364 1.413452029 0.007667508 0.384748399 0.168493688 0.907479882
1341847990.171055 -1.773377419 -0.586799860 1.415069699 0.010968324 0.384174466 0.169998527 0.907408535
1341847990.207022 -1.786440253 -0.588260591 1.413345575 0.013536618 0.381855965 0.171239272 0.908118963
1341847990.238920 -1.799224496 -0.592575788 1.412257791 0.012475873 0.381048292 0.172266781 0.908279061
1341847990.274709 -1.811696768 -0.594098568 1.417370439 0.014460198 0.381031930 0.173332110 0.908053696
1341847990.306743 -1.823653102 -0.598508120 1.416305184 0.014034996 0.380163223 0.172029868 0.908671975
1341847990.339079 -1.835421085 -0.600785136 1.416157246 0.012368933 0.380142242 0.171703547 0.908766687
1341847990.374663 -1.846193075 -0.600182295 1.420970082 0.013694110 0.380409956 0.172051713 0.908569753
1341847990.406760 -1.857857466 -0.604105175 1.419082642 0.012396173 0.379239440 0.171442509 0.909192681
1341847990.442575 -1.866995811 -0.604976237 1.423717380 0.010063204 0.379193127 0.174110100 0.908733726
1341847990.474644 -1.875507236 -0.607271314 1.428170919 0.010113583 0.379187971 0.174230203 0.908712327
1341847990.506783 -1.884800673 -0.608097792 1.427935243 0.009488903 0.379224777 0.173683673 0.908808351
1341847990.542835 -1.894423008 -0.607112944 1.430186749 0.008729695 0.380365759 0.177116200 0.907675922
1341847990.574711 -1.902539730 -0.607114077 1.433623910 0.010114295 0.380162567 0.180890173 0.907002151
1341847990.642783 -1.919234276 -0.613759875 1.438197017 0.006852533 0.382907361 0.181680664 0.905719101
1341847990.674787 -1.928248644 -0.614038706 1.441295385 0.007253365 0.385094345 0.184653565 0.904186308
1341847990.710795 -1.936591864 -0.614151180 1.442630529 0.009197378 0.384778827 0.188257471 0.903559566
1341847990.742712 -1.944294333 -0.616016150 1.442354083 0.008682663 0.384128660 0.192395270 0.902969539
1341847990.774671 -1.951210618 -0.619490206 1.447711229 0.008122147 0.385355055 0.195186302 0.901852489
1341847990.810771 -1.958945990 -0.621197879 1.449454188 0.010141389 0.387445956 0.195867389 0.900787890
1341847990.842713 -1.967624187 -0.622106671 1.451276898 0.010174738 0.389112175 0.197360277 0.899742842
1341847990.874745 -1.973727703 -0.625980198 1.455729842 0.008540185 0.390896976 0.198420167 0.898752511
1341847990.910825 -1.979731798 -0.627692878 1.458286047 0.008557027 0.392843425 0.198494479 0.897886872
1341847990.942685 -1.986193180 -0.630770326 1.461134195 0.006593987 0.395219117 0.198098421 0.896947861
1341847990.978824 -1.991301775 -0.633358896 1.464874148 0.005413831 0.397848606 0.198408574 0.895723879
1341847991.010797 -1.997742653 -0.635132015 1.471001744 0.007229744 0.400171608 0.198926568 0.894560635
1341847991.042752 -2.004189968 -0.638676465 1.473140001 0.007125331 0.401934803 0.199452862 0.893653274
1341847991.078680 -2.009063005 -0.639865160 1.479862690 0.008293072 0.404163510 0.201774850 0.892115474
1341847991.111319 -2.015188694 -0.645898640 1.484352469 0.009336039 0.405638963 0.203777745 0.890979528
1341847991.142784 -2.020211220 -0.649231434 1.485718608 0.009043289 0.406545699 0.204195023 0.890473604
1341847991.178778 -2.026692390 -0.652503669 1.494800687 0.009254804 0.409524024 0.204938576 0.888934553
1341847991.210687 -2.033265591 -0.656574249 1.501017332 0.010680971 0.411715746 0.205363885 0.887807250
1341847991.246842 -2.040793180 -0.659659624 1.506380558 0.010928847 0.413311929 0.204639077 0.887229800
1341847991.278726 -2.048101187 -0.663958788 1.514843941 0.011291315 0.416263193 0.205791816 0.885577321
1341847991.310807 -2.056390762 -0.662195683 1.521257043 0.015842628 0.418080181 0.208145142 0.884100437
1341847991.346722 -2.067387581 -0.663492739 1.522995472 0.019098172 0.416024268 0.212448388 0.883982360
1341847991.378800 -2.073349476 -0.666906357 1.530287504 0.018534267 0.414160371 0.218501627 0.883393884
1341847991.414715 -2.077745914 -0.672947407 1.538757086 0.015881345 0.415083975 0.222360477 0.882048190
1341847991.446744 -2.083359957 -0.678641558 1.544315577 0.012759573 0.417433918 0.222440556 0.880968988
1341847991.478824 -2.090257168 -0.682517648 1.552106142 0.010868851 0.421087503 0.223492771 0.878987074
1341847991.514709 -2.095388889 -0.683461010 1.556898117 0.010744492 0.423147678 0.225480601 0.877490222
1341847991.546725 -2.101820707 -0.684819400 1.563028097 0.012207637 0.425010085 0.229102001 0.875631034
1341847991.578804 -2.106895924 -0.689470470 1.567169666 0.011978719 0.426462203 0.233573914 0.873744667
1341847991.614853 -2.110551357 -0.693804622 1.570774555 0.012394011 0.428649813 0.237940624 0.871487260
1341847991.646714 -2.111371040 -0.701925516 1.574874043 0.012032446 0.432504624 0.241478264 0.868609965
1341847991.689872 -2.115731716 -0.704302490 1.576968074 0.013312191 0.437864125 0.243877277 0.865229309
1341847991.746823 -2.124835730 -0.708630085 1.581910253 0.015696069 0.444593698 0.248188525 0.860518813
1341847991.782657 -2.126736879 -0.715586305 1.585984588 0.013807524 0.447419584 0.251179695 0.858215511
1341847991.814748 -2.127467632 -0.720597625 1.590823293 0.012804689 0.451223552 0.251532704 0.856133580
1341847991.846729 -2.130392075 -0.724832714 1.592292428 0.013404891 0.455416024 0.249748483 0.854425132
1341847991.882784 -2.137107134 -0.728011608 1.597435236 0.013267821 0.459726274 0.250334233 0.851943970
1341847991.915817 -2.141207218 -0.731038272 1.601023912 0.014570654 0.461253554 0.253108621 0.850275815
1341847991.950761 -2.142379761 -0.740289807 1.605030894 0.012859582 0.462869555 0.252623796 0.849569082
1341847991.982826 -2.145982504 -0.748092473 1.609330893 0.010414839 0.466270328 0.250578403 0.848347843
1341847992.014724 -2.150081873 -0.750366449 1.615865707 0.010465267 0.470261812 0.249813199 0.846367359
1341847992.050647 -2.157891273 -0.752830088 1.619590282 0.010658151 0.472396791 0.250400603 0.845001340
1341847992.082793 -2.161648273 -0.758989692 1.627352238 0.009004100 0.473890603 0.250336051 0.844202876
1341847992.114842 -2.165999413 -0.763336062 1.633757830 0.008382764 0.476198763 0.249874935 0.843046308
1341847992.150789 -2.172318459 -0.765636086 1.640530348 0.009287572 0.478755414 0.250360578 0.841443241
1341847992.182813 -2.180496693 -0.769896507 1.646221638 0.009482340 0.480266869 0.251034707 0.840378165
1341847992.218736 -2.184329033 -0.775262177 1.654399157 0.009383559 0.481909811 0.252414018 0.839024484
1341847992.250652 -2.191156864 -0.780663371 1.659939408 0.008901097 0.485143721 0.252032667 0.837278843
1341847992.318683 -2.205811024 -0.787979364 1.675108910 0.010304430 0.492320299 0.253498435 0.832618296
1341847992.350695 -2.215261698 -0.790990353 1.680077076 0.010775691 0.494698554 0.254176944 0.830994189
1341847992.382858 -2.223147392 -0.794283450 1.688124418 0.011879100 0.497188419 0.256814033 0.828679144
1341847992.418855 -2.230350971 -0.800119936 1.693973780 0.013159429 0.499665827 0.259679258 0.826273382
1341847992.450822 -2.240686417 -0.802129090 1.699794531 0.014846780 0.502018869 0.261868149 0.824124813
1341847992.486713 -2.248059273 -0.806927323 1.706582308 0.015421745 0.504079461 0.265197575 0.821788549
1341847992.518735 -2.254608631 -0.814585209 1.714704633 0.015620529 0.505901933 0.267064929 0.820058346
1341847992.550596 -2.265322685 -0.815894365 1.719081998 0.016888263 0.507459402 0.267426521 0.818952322
1341847992.586730 -2.275110483 -0.820776939 1.726449490 0.015586807 0.509109259 0.268309623 0.817664266
1341847992.618832 -2.283592224 -0.824012697 1.733958602 0.015087322 0.510501146 0.269432932 0.816435516
1341847992.654692 -2.291332722 -0.830034316 1.742815495 0.014143178 0.511714339 0.271547675 0.814991057
1341847992.686829 -2.297584295 -0.836633563 1.750225902 0.012721194 0.512625277 0.271911502 0.814320445
1341847992.718718 -2.305107594 -0.841690540 1.757115960 0.013071384 0.514667749 0.271501750 0.813162386
1341847992.754765 -2.315648794 -0.842789531 1.763988018 0.014858654 0.516341627 0.272944421 0.811586082
1341847992.786631 -2.322071552 -0.847057223 1.772070408 0.014863027 0.516443372 0.274054557 0.811147094
1341847992.818723 -2.328392506 -0.852023184 1.777813077 0.013273012 0.517407298 0.273080200 0.810888827
1341847992.854856 -2.335572243 -0.857895374 1.783680201 0.009980918 0.519449055 0.272546053 0.809809744
1341847992.886610 -2.340476036 -0.857950270 1.791933179 0.009363065 0.520857036 0.274303883 0.808317840
1341847992.922713 -2.344153881 -0.862444162 1.799340963 0.008458531 0.521497846 0.275069773 0.807654142
1341847992.954645 -2.347854614 -0.867445827 1.804765701 0.006962366 0.522804558 0.275623024 0.806634367
1341847992.986720 -2.351923704 -0.870079815 1.812702417 0.007812283 0.524792373 0.276526868 0.805024803
1341847993.022736 -2.359141827 -0.871893883 1.820695996 0.008695177 0.526107192 0.276923150 0.804020643
1341847993.054757 -2.362418175 -0.875994444 1.827766180 0.007419773 0.526880264 0.277710795 0.803255200
1341847993.086751 -2.367198467 -0.880423546 1.834352732 0.006015118 0.528207123 0.277643800 0.802418232
1341847993.122668 -2.371550798 -0.882703900 1.842558146 0.004089523 0.529891372 0.277238309 0.801459491
1341847993.154688 -2.372140408 -0.888074875 1.852379799 0.001378464 0.531801879 0.277082473 0.800256371
1341847993.190779 -2.373776197 -0.892053962 1.860400200 0.001241906 0.534505367 0.277347863 0.798361242
1341847993.222703 -2.379696369 -0.892810941 1.867162704 0.004987623 0.536752939 0.278877914 0.796303093
1341847993.261799 -2.384474277 -0.897476673 1.876290679 0.008255537 0.537816346 0.281264037 0.794717610
1341847993.322794 -2.387049913 -0.911669850 1.890182018 0.010286742 0.540662706 0.283097744 0.792107165
1341847993.354702 -2.392681122 -0.914175093 1.900240064 0.011349587 0.543295383 0.283695728 0.790074766
1341847993.390722 -2.393508673 -0.919915736 1.909175038 0.010467981 0.545437276 0.284120768 0.788456738
1341847993.422745 -2.396047354 -0.923555255 1.917892098 0.010125042 0.548264503 0.284838706 0.786238194
1341847993.458848 -2.397324800 -0.927010059 1.929925084 0.011283287 0.551219523 0.285932928 0.783755124
1341847993.490680 -2.400384426 -0.930181265 1.939617634 0.013606354 0.552936494 0.287852138 0.781803906
1341847993.522707 -2.405888796 -0.932634473 1.947629213 0.015863584 0.553604186 0.291014671 0.780116200
1341847993.558719 -2.408487320 -0.938167155 1.959168792 0.015723294 0.554349005 0.295057088 0.778069019
1341847993.590981 -2.411062241 -0.945713341 1.971105099 0.013976330 0.554644048 0.298043549 0.776752651
1341847993.626764 -2.414056301 -0.950856030 1.981149197 0.012105899 0.554967821 0.299710333 0.775911033
1341847993.658928 -2.419461250 -0.953913629 1.989999771 0.009592997 0.555167139 0.301907182 0.774951339
1341847993.690739 -2.418692350 -0.958730102 2.003572702 0.004874364 0.555002093 0.304188132 0.774221301
1341847993.727062 -2.415628910 -0.968642175 2.010858297 0.000202879 0.556241572 0.303700447 0.773538232
1341847993.790887 -2.420574665 -0.974356413 2.031041384 -0.001916623 0.562404454 0.302623451 0.769491196
1341847993.826735 -2.422335863 -0.977607965 2.040682554 -0.001505192 0.562522113 0.303923666 0.768893361
1341847993.858891 -2.423159599 -0.984922588 2.048886299 -0.003877879 0.562994659 0.303779840 0.768595994
1341847993.901726 -2.422909737 -0.990281105 2.058079958 -0.006815845 0.564585507 0.303651750 0.767458439
1341847993.933661 -2.423403263 -0.996078312 2.066727638 -0.005786011 0.565958738 0.304109812 0.766273141
1341847993.965821 -2.427096128 -1.002784252 2.072093248 -0.008034871 0.566794634 0.302912027 0.766109467
1341847994.001991 -2.422237635 -1.012735367 2.077941895 -0.012905642 0.569368899 0.302108407 0.764449596
1341847994.034008 -2.423642159 -1.019196391 2.085618496 -0.010411080 0.573132932 0.301953733 0.761731207
1341847994.065706 -2.428412199 -1.022112250 2.092345238 -0.008056100 0.574936509 0.301859617 0.760436714
1341847994.101772 -2.427621365 -1.028388858 2.099365473 -0.008628575 0.576919496 0.302536875 0.758657396
1341847994.133885 -2.429080725 -1.036501527 2.105044127 -0.006933861 0.579440236 0.302049160 0.756946027
1341847994.169705 -2.434923887 -1.040073395 2.109951019 -0.003999467 0.581647873 0.301580042 0.755459607
1341847994.201675 -2.436800718 -1.045657992 2.116184473 -0.002389476 0.583153605 0.304387510 0.753176272
1341847994.233618 -2.434757710 -1.055763602 2.124401569 0.001244889 0.585051894 0.306568146 0.750818729
1341847994.269680 -2.443802834 -1.059627056 2.130177975 0.004480254 0.587488115 0.305430710 0.749366343
1341847994.301751 -2.448505878 -1.063650370 2.137681961 0.004438325 0.589687347 0.305903345 0.747443855
1341847994.333755 -2.447291136 -1.072629333 2.147750616 0.005712447 0.592586517 0.306206286 0.745014369
1341847994.369712 -2.454348564 -1.078965664 2.155571222 0.008071985 0.594958186 0.305391908 0.743434846
1341847994.401655 -2.460087061 -1.084083080 2.165667057 0.009857918 0.596904516 0.305679679 0.741732955
1341847994.433802 -2.463730812 -1.091923594 2.175545692 0.012939156 0.598371863 0.307636261 0.739691675
1341847994.469690 -2.470978975 -1.096796870 2.185884714 0.015922425 0.599692881 0.307978719 0.738419950
1341847994.501736 -2.476736069 -1.104110122 2.196092606 0.016443975 0.600942671 0.309301436 0.736837983
1341847994.537738 -2.480389595 -1.110474467 2.207389832 0.018216621 0.602740586 0.310618073 0.734771073
1341847994.569734 -2.487453938 -1.114913940 2.218073845 0.020019097 0.604001403 0.312139660 0.733041942
1341847994.601688 -2.493880987 -1.119543672 2.227737188 0.019118745 0.605300069 0.314435720 0.731010616
1341847994.637836 -2.495954275 -1.126818538 2.239177465 0.018143585 0.606682718 0.317245752 0.728671432
1341847994.669750 -2.501436472 -1.132808328 2.250248432 0.018721037 0.607944548 0.318223149 0.727177501
1341847994.701643 -2.506578207 -1.136821508 2.259750366 0.016679250 0.608779430 0.320023656 0.725737095
1341847994.769803 -2.511770725 -1.148312926 2.281735420 0.015155105 0.613699973 0.320398957 0.721448123
1341847994.831306 -2.525132895 -1.155644059 2.302863121 0.009271958 0.617940605 0.326412618 0.715205014
1341847994.866828 -2.525487900 -1.161403298 2.312493086 0.007440904 0.617567956 0.329449356 0.714155197
1341847994.898727 -2.528781652 -1.163730502 2.321897745 0.006997829 0.618113935 0.331097782 0.712924004
1341847994.930711 -2.532540798 -1.166752696 2.330882072 0.003872476 0.619823039 0.331111252 0.711456120
1341847994.966673 -2.531964064 -1.169848561 2.340968847 0.002678570 0.622373700 0.332212418 0.708716333
1341847994.998679 -2.532592773 -1.175223351 2.349761724 0.003451261 0.624894440 0.333454162 0.705906153
1341847995.030768 -2.535733938 -1.175811291 2.355653524 0.003641102 0.627015352 0.336221665 0.702704430
1341847995.066673 -2.533547401 -1.182795763 2.364670038 0.003523469 0.629721403 0.337947011 0.699450076
1341847995.098711 -2.535727501 -1.188371897 2.372420311 0.005571655 0.633690536 0.338270992 0.695685327
1341847995.134939 -2.539732218 -1.188842416 2.379156590 0.006170011 0.636929989 0.338992566 0.692362845
1341847995.166644 -2.535807848 -1.197576880 2.385643959 0.006526470 0.639006793 0.341247737 0.689331472
1341847995.198787 -2.538935900 -1.202260017 2.390469074 0.008092049 0.641297638 0.340825826 0.687393486
1341847995.234663 -2.541151285 -1.206674933 2.396344900 0.007973392 0.643315017 0.341570050 0.685136676
1341847995.266776 -2.539948463 -1.211051941 2.403270006 0.008754343 0.644663393 0.342948198 0.683168471
1341847995.298812 -2.540763378 -1.216644406 2.410863161 0.011511571 0.647251010 0.343256027 0.680521071
1341847995.334686 -2.546793699 -1.221785784 2.417013407 0.011109600 0.648796797 0.343806237 0.678775907
1341847995.366701 -2.543250084 -1.225956559 2.425064087 0.009280819 0.650472403 0.344481051 0.676854849
1341847995.402793 -2.543817520 -1.229973316 2.433925390 0.009453988 0.652264416 0.344054639 0.675343156
1341847995.434743 -2.544357538 -1.233617425 2.442749977 0.008176238 0.653320789 0.344273269 0.674226284
1341847995.466776 -2.542083263 -1.238058567 2.451016903 0.007433718 0.654901028 0.344482034 0.672593117
1341847995.502702 -2.541294336 -1.241371036 2.463920355 0.009771737 0.656689107 0.344702661 0.670704246
1341847995.534752 -2.543019533 -1.245813370 2.472796679 0.013110539 0.656092048 0.346615434 0.670245588
1341847995.566681 -2.545269489 -1.249405384 2.481446981 0.016311901 0.655140102 0.351195753 0.668720365
1341847995.602698 -2.544091225 -1.251668215 2.488624334 0.017472548 0.653130054 0.355643094 0.668306768
1341847995.634814 -2.542082071 -1.254428506 2.496628284 0.016240776 0.652665555 0.357836574 0.667620361
1341847995.670769 -2.540421247 -1.256275773 2.503545761 0.014372211 0.653110564 0.359719038 0.666214883
1341847995.702780 -2.538723707 -1.259483933 2.510241985 0.012672552 0.653937995 0.363460064 0.663401365
1341847995.734774 -2.531485558 -1.262979746 2.518658638 0.012142546 0.654166102 0.365942597 0.661819756
1341847995.770704 -2.530345678 -1.264831424 2.526214361 0.012467189 0.654790819 0.366418034 0.660932243
1341847995.802752 -2.529417753 -1.267793059 2.532699347 0.012011196 0.655780852 0.368155122 0.658990979
1341847995.838779 -2.526500463 -1.269656420 2.538256168 0.012371315 0.656587243 0.368465722 0.658006966
1341847995.870641 -2.527928114 -1.273378730 2.543749094 0.012630443 0.657568693 0.367924005 0.657324851
1341847995.902803 -2.529070854 -1.275007367 2.548661232 0.010427390 0.658949256 0.368089527 0.655886710
1341847995.938733 -2.524763584 -1.278698444 2.553101301 0.009458025 0.660417080 0.369011849 0.653903723
1341847995.970733 -2.526138544 -1.282969475 2.556112289 0.010608058 0.662576735 0.369002461 0.651702940
1341847996.002709 -2.528203964 -1.285269499 2.558566570 0.008587931 0.664402068 0.368893296 0.649933755
1341847996.038762 -2.523373365 -1.288136482 2.562980890 0.008252478 0.666552603 0.369391352 0.647448599
1341847996.070721 -2.522890806 -1.292363405 2.565220118 0.010528248 0.668528676 0.369536549 0.645291746
1341847996.106729 -2.526871681 -1.293831110 2.568454742 0.010638833 0.670391142 0.368265688 0.644083083
1341847996.138845 -2.525223255 -1.297171593 2.568536520 0.010323387 0.672139108 0.368678093 0.642027318
1341847996.170714 -2.521682739 -1.299458742 2.573885918 0.012362652 0.675974250 0.367649376 0.638545156
1341847996.206643 -2.528799772 -1.301454782 2.577170849 0.012384131 0.678491056 0.365375459 0.637179255
1341847996.239003 -2.528130054 -1.304007292 2.580785513 0.011312629 0.680381477 0.366105497 0.634759724
1341847996.270754 -2.527158976 -1.304410219 2.586499691 0.012337007 0.681771517 0.367669255 0.632340670
1341847996.338944 -2.530433178 -1.308168292 2.593719006 0.013012850 0.684339821 0.368842751 0.628859818
1341847996.374711 -2.529606104 -1.310178280 2.597980738 0.012245307 0.686429143 0.369658709 0.626113117
1341847996.406705 -2.529102087 -1.313039303 2.602505207 0.013824970 0.688499093 0.370985538 0.623015046
1341847996.438632 -2.534440279 -1.316164255 2.604872942 0.014934489 0.689930558 0.372315496 0.620607853
1341847996.474783 -2.531417847 -1.318576813 2.610904932 0.014744334 0.691445827 0.373445809 0.618242264
1341847996.506707 -2.530563116 -1.321972132 2.615866899 0.017782375 0.693120897 0.374243259 0.615799785
1341847996.538771 -2.537699938 -1.323810101 2.621472836 0.019657355 0.694652617 0.373855442 0.614250422
1341847996.574796 -2.542911768 -1.325997591 2.626816511 0.018388139 0.695043981 0.375134468 0.613066018
1341847996.607104 -2.538949013 -1.329599977 2.635362387 0.018489113 0.696361959 0.376509547 0.610719979
1341847996.642752 -2.547590017 -1.329427481 2.644507408 0.018684849 0.697239757 0.377444267 0.609133363
1341847996.674774 -2.546290874 -1.330877542 2.652316332 0.015081855 0.697123289 0.379923910 0.607823670
1341847996.706896 -2.544736624 -1.333807468 2.656352520 0.012872679 0.699059904 0.380525351 0.605268657
1341847996.742663 -2.548571110 -1.334929466 2.665276766 0.007789502 0.702331483 0.380296081 0.601701617
1341847996.774747 -2.546179533 -1.337023735 2.673293591 0.004405387 0.704286873 0.382158458 0.598260462
1341847996.806787 -2.547084808 -1.340924025 2.678688526 0.005061082 0.705644667 0.384861946 0.594912887
1341847996.842763 -2.550525427 -1.343413234 2.687928677 0.005338741 0.707135677 0.386348456 0.592170179
1341847996.874766 -2.550441265 -1.348001361 2.695604801 0.005580725 0.707155526 0.388611645 0.590661526
1341847996.910785 -2.549798965 -1.355695844 2.705263138 0.007381967 0.707945108 0.389679462 0.588989973
1341847996.942686 -2.555561066 -1.358306170 2.713998318 0.010245503 0.707903683 0.390684724 0.588330746
1341847996.974782 -2.556076765 -1.367691159 2.724822283 0.011248818 0.708684802 0.390755981 0.587323785
1341847997.010744 -2.559073448 -1.369294405 2.739815712 0.014085388 0.710775316 0.389287084 0.585709453
1341847997.042675 -2.563576221 -1.375456572 2.751588821 0.014692806 0.711378694 0.388905376 0.585215390
1341847997.078725 -2.564661741 -1.381269217 2.761019707 0.015779616 0.711724520 0.388666332 0.584925473
1341847997.142993 -2.568928719 -1.391631603 2.783333302 0.014074775 0.712763131 0.386554867 0.585103393
1341847997.178794 -2.569638729 -1.395223856 2.793650150 0.014605816 0.713123500 0.384647548 0.585907698
1341847997.210888 -2.575400829 -1.401233196 2.803165436 0.014140965 0.713194311 0.383738726 0.586428642
1341847997.242959 -2.574872971 -1.404768705 2.815218925 0.012358385 0.713638008 0.383331090 0.586195648
1341847997.278756 -2.577925205 -1.409043908 2.823337555 0.012039583 0.713354945 0.383999765 0.586109221
1341847997.311412 -2.576640844 -1.413547873 2.831243515 0.010709818 0.713597298 0.384370267 0.585597038
1341847997.346642 -2.574432373 -1.419127822 2.835272312 0.010134554 0.714724541 0.384693265 0.584018171
1341847997.378668 -2.574365377 -1.423912764 2.845084667 0.009894352 0.717235029 0.383530766 0.581704617
1341847997.410817 -2.572852373 -1.431347847 2.850173235 0.009356543 0.718715250 0.384089470 0.579513788
1341847997.446693 -2.566479683 -1.438212276 2.856495857 0.009946862 0.720816791 0.382934451 0.577655256
1341847997.478752 -2.570022106 -1.443638325 2.865203381 0.010961524 0.724228084 0.381092846 0.574579656
1341847997.510941 -2.568117142 -1.446870565 2.873989582 0.010590147 0.726582825 0.381190985 0.571540654
1341847997.546599 -2.562360048 -1.453223109 2.880761623 0.010372292 0.728294671 0.381072372 0.569441020
1341847997.578740 -2.560768366 -1.461035490 2.887579679 0.009565823 0.730622411 0.379490465 0.567526579
1341847997.614736 -2.558137655 -1.466280937 2.895833254 0.008084034 0.733494759 0.377941817 0.564871788
1341847997.646995 -2.550966263 -1.473273754 2.906475067 0.007910625 0.735997915 0.377166539 0.562129915
1341847997.678842 -2.543586016 -1.480461001 2.917030811 0.009760858 0.737291694 0.376291692 0.560990453
1341847997.714639 -2.540886164 -1.485063553 2.924388409 0.010992795 0.738254368 0.375050932 0.560532331
1341847997.746602 -2.536479950 -1.489889383 2.935107231 0.011513555 0.741026402 0.372633487 0.558472633
1341847997.778734 -2.530547619 -1.497194409 2.944738388 0.012948219 0.743355989 0.371268302 0.556250036
1341847997.846906 -2.521418095 -1.510566473 2.964671612 0.016547309 0.745482087 0.371764153 0.552968442
1341847997.882641 -2.519495010 -1.515658140 2.974964857 0.018306950 0.746394038 0.373763353 0.550328910
1341847997.915169 -2.511256933 -1.521267891 2.985888958 0.019657539 0.747016370 0.375966311 0.547932029
1341847997.946999 -2.506922245 -1.527278900 2.997188568 0.021766946 0.747463644 0.378195643 0.545703590
1341847997.982715 -2.499647856 -1.533267379 3.005778313 0.022522410 0.747226357 0.380139500 0.544646204
1341847998.014866 -2.493855476 -1.539812326 3.014867067 0.023706337 0.747865140 0.380733222 0.543302953
1341847998.050805 -2.489981413 -1.547409296 3.023103237 0.024827350 0.748201072 0.381753027 0.542073250
1341847998.082631 -2.485013008 -1.552843928 3.036770344 0.026755869 0.747721612 0.382714361 0.541965127
1341847998.122275 -2.481814623 -1.558687449 3.042902470 0.028376881 0.745188177 0.385469288 0.543417811
1341847998.154051 -2.481144428 -1.565905571 3.052811384 0.027743800 0.744711280 0.386369675 0.543464780
1341847998.185663 -2.469172239 -1.567334652 3.063682079 0.025347708 0.744423568 0.385843396 0.544349074
1341847998.253760 -2.462350607 -1.579435587 3.079025269 0.022683699 0.743785739 0.385745645 0.545406699
1341847998.318804 -2.451384068 -1.590855598 3.097968817 0.021867560 0.742958605 0.383769631 0.547955453
1341847998.351206 -2.449200869 -1.597742796 3.106922150 0.020614171 0.741807938 0.384682775 0.548921943
1341847998.382723 -2.444006920 -1.606033564 3.116358519 0.019541774 0.740352094 0.385175079 0.550578833
1341847998.419237 -2.442423105 -1.606465697 3.125311375 0.017313415 0.740008771 0.382718801 0.552823365
1341847998.450786 -2.437946796 -1.611596107 3.138444662 0.013583993 0.739868283 0.381570816 0.553908050
1341847998.484037 -2.433216095 -1.616377831 3.149311304 0.012623794 0.738393545 0.381989509 0.555607557
1341847998.518722 -2.431391716 -1.621620297 3.162184715 0.009867979 0.737716913 0.381069511 0.557191670
1341847998.550746 -2.426129103 -1.623181224 3.171847820 0.007387271 0.737266898 0.380151570 0.558451295
1341847998.586740 -2.423571348 -1.629994750 3.183857441 0.006164594 0.737251520 0.380079061 0.558535814
1341847998.618771 -2.419942141 -1.636184335 3.195418835 0.004057643 0.736721754 0.379705280 0.559507370
1341847998.650736 -2.421789408 -1.639777184 3.208469391 0.001328191 0.737062871 0.378970206 0.559569657
1341847998.686862 -2.414982319 -1.644652128 3.218323231 -0.001205071 0.737264991 0.379976511 0.558620512
1341847998.718741 -2.408391714 -1.650274038 3.228096724 0.000533044 0.737285078 0.381100535 0.557828784
1341847998.750838 -2.410055876 -1.654654860 3.242621422 0.001058152 0.737204492 0.381279558 0.557812154
1341847998.786762 -2.407651424 -1.659490108 3.257206440 -0.000123823 0.737389028 0.382038206 0.557049692
1341847998.818756 -2.407089949 -1.664537191 3.269321442 0.000280066 0.739094615 0.381814301 0.554938674
1341847998.854711 -2.406286478 -1.668913841 3.283365250 -0.001539545 0.740544736 0.381122887 0.553476810
1341847998.886699 -2.401372671 -1.676228523 3.291314602 -0.002244486 0.739921570 0.383297741 0.552805543
1341847998.918666 -2.401932955 -1.680726767 3.306580305 -0.000749102 0.739286721 0.386106223 0.551703453
1341847998.954799 -2.401714087 -1.682083607 3.321237803 -0.000679417 0.738592267 0.388765335 0.550765395
1341847998.986722 -2.393523216 -1.683987260 3.329761267 -0.001813332 0.737076342 0.391101956 0.551139235
1341847999.018809 -2.394695520 -1.688289642 3.343557835 -0.002011929 0.737412512 0.391546905 0.550372422
1341847999.054894 -2.393602133 -1.691666245 3.353602648 -0.002315996 0.737523377 0.393330157 0.548949301
1341847999.086763 -2.389189005 -1.695327282 3.365437508 -0.004641774 0.736356020 0.395301402 0.549085736
1341847999.122718 -2.385815620 -1.698101521 3.374088764 -0.005682322 0.735879421 0.396483809 0.548862278
1341847999.154891 -2.386400223 -1.702249050 3.383860826 -0.007063979 0.737143397 0.396992534 0.546778440
1341847999.186738 -2.379996538 -1.702499866 3.394265652 -0.007587047 0.739606321 0.397223890 0.543266237
1341847999.222717 -2.374896049 -1.707144737 3.399833679 -0.007874246 0.741995156 0.396070063 0.540841639
1341847999.290995 -2.368747473 -1.717250943 3.415849686 -0.001984543 0.749440491 0.395850807 0.530694962
1341847999.322701 -2.363360167 -1.725373030 3.424145222 0.002731180 0.750526786 0.398509681 0.527154744
1341847999.354861 -2.360209227 -1.729067326 3.430283070 0.007276018 0.751074672 0.399877429 0.525292277
1341847999.390790 -2.361384630 -1.731051683 3.438054562 0.009491921 0.753313839 0.399590671 0.522260010
1341847999.423935 -2.356987953 -1.734779119 3.443363667 0.009666665 0.755999506 0.399308890 0.518578589
1341847999.454933 -2.350203514 -1.737721920 3.449995756 0.010692216 0.759479403 0.398361444 0.514183760
1341847999.490878 -2.349478483 -1.740949869 3.456301212 0.012167891 0.763310552 0.397447407 0.509160578
1341847999.522673 -2.343302965 -1.745377541 3.462324619 0.016240180 0.767149448 0.401519656 0.500000000
1341847999.558926 -2.333408833 -1.748550653 3.467087269 0.020528289 0.768970788 0.404655904 0.494485766
1341847999.590686 -2.330271721 -1.750443101 3.471327782 0.022487508 0.770640910 0.405681163 0.490947843
1341847999.622896 -2.325674772 -1.751783967 3.477251530 0.022015246 0.773482144 0.406491518 0.485803813
1341847999.658843 -2.313933134 -1.755541563 3.481423140 0.022977028 0.776036441 0.407802045 0.480559140
1341847999.691111 -2.305302620 -1.754213929 3.487303734 0.024906289 0.778578281 0.407466799 0.476619720
1341847999.722697 -2.297330379 -1.755317688 3.494387627 0.024055425 0.780401230 0.408232868 0.473012894
1341847999.758778 -2.284493685 -1.757968545 3.495477915 0.024990220 0.782253563 0.409320951 0.468946964
1341847999.791003 -2.277139664 -1.757790804 3.499422789 0.027664164 0.784916103 0.408811927 0.464773387
1341847999.826747 -2.271033764 -1.763923049 3.509460211 0.027398864 0.787204266 0.409438610 0.460346341
1341847999.858757 -2.262176037 -1.763121605 3.514728308 0.029319331 0.789393485 0.412370414 0.453816026
1341847999.897730 -2.254828691 -1.763815403 3.517066717 0.031527899 0.790300369 0.416984975 0.447833508
1341847999.958786 -2.234590530 -1.758493543 3.522944212 0.032000996 0.791792989 0.425271899 0.437245488
1341847999.990848 -2.224586248 -1.760080695 3.526474953 0.032612555 0.792237878 0.430661768 0.431075543
1341848000.026656 -2.216417551 -1.759317875 3.528213501 0.033036634 0.792787611 0.433387250 0.427284330
1341848000.058724 -2.209342480 -1.759478688 3.534988165 0.031295881 0.793951571 0.435732007 0.422846437
1341848000.094780 -2.202654123 -1.758388877 3.536463261 0.029553900 0.794358790 0.439514011 0.418268204
1341848000.126737 -2.194102764 -1.755580425 3.535546780 0.027597738 0.795262396 0.442491144 0.413518816
1341848000.158633 -2.183614969 -1.755572796 3.538254976 0.024075810 0.796503484 0.445641637 0.407929122
1341848000.194808 -2.173765421 -1.754286766 3.536127329 0.023138052 0.796428204 0.449511051 0.403864682
1341848000.227063 -2.165370464 -1.754552126 3.536863089 0.022496719 0.796700358 0.452588379 0.399907798
1341848000.266975 -2.157763720 -1.753257990 3.538294077 0.020860424 0.797013760 0.454942435 0.396687925
1341848000.327132 -2.144117594 -1.752665997 3.540988922 0.020029426 0.797967792 0.459608495 0.389366508
1341848000.362696 -2.133573771 -1.750885129 3.540857792 0.018863250 0.797089100 0.462845653 0.387384951
1341848000.394654 -2.125314236 -1.748790264 3.541253090 0.019154806 0.797573328 0.464321852 0.384597391
1341848000.426772 -2.119094372 -1.747006893 3.540514946 0.019658802 0.797677219 0.465969473 0.382357329
1341848000.462696 -2.110687494 -1.743084788 3.540244102 0.018345809 0.797664344 0.467437148 0.380654126
1341848000.494711 -2.100769997 -1.740726471 3.541044235 0.017334327 0.799093544 0.467415929 0.377718806
1341848000.530849 -2.092282295 -1.742600918 3.541896105 0.017745676 0.800316572 0.467875570 0.374527663
1341848000.562770 -2.083120823 -1.741134882 3.543667555 0.017818233 0.801205516 0.467476964 0.373118609
1341848000.594838 -2.073701143 -1.741465569 3.544017315 0.017935226 0.803092182 0.467079431 0.369537592
1341848000.630641 -2.063100338 -1.742963791 3.544034481 0.018446406 0.804829597 0.466979563 0.365840346
1341848000.662663 -2.055097580 -1.742698193 3.545682907 0.018898452 0.807219267 0.465220481 0.362780809
1341848000.695377 -2.046167374 -1.742566109 3.543849230 0.019840358 0.809115767 0.465079218 0.358663410
1341848000.730805 -2.036006927 -1.743727446 3.545050144 0.020621015 0.810783565 0.465254366 0.354602844
1341848000.762655 -2.024270535 -1.744476795 3.544836044 0.022450671 0.812450767 0.465438992 0.350408882
1341848000.798741 -2.015065908 -1.747859240 3.543477297 0.025177581 0.813503861 0.466341734 0.346558809
1341848000.830729 -2.003280163 -1.746566534 3.545301676 0.027291335 0.814981818 0.465776265 0.343674779
1341848000.862750 -1.995419025 -1.750749588 3.550285816 0.028304869 0.817773163 0.463885814 0.339493483
1341848000.898723 -1.987489104 -1.753945827 3.552631378 0.030018406 0.819165289 0.464606732 0.334974170
1341848000.930722 -1.975081205 -1.754359007 3.555511713 0.032309420 0.819660068 0.465595752 0.332165718
1341848000.963197 -1.965319753 -1.754104376 3.557044029 0.033447139 0.820285320 0.465860426 0.330132514
1341848000.998783 -1.955985427 -1.757727385 3.558599949 0.032989744 0.821257174 0.465673655 0.328018934
1341848001.030740 -1.944935083 -1.756684780 3.560714483 0.034507982 0.822258413 0.465679467 0.325335264
1341848001.067042 -1.933550358 -1.759205580 3.560832262 0.036454692 0.822112203 0.467550784 0.322798580
1341848001.098800 -1.923836112 -1.759439468 3.563835859 0.037945911 0.822644055 0.467920631 0.320729136
1341848001.130714 -1.913425326 -1.758671045 3.565715313 0.039233629 0.823746800 0.467807502 0.317896426
1341848001.205951 -1.892149329 -1.757327080 3.571956635 0.037594225 0.826583445 0.466532350 0.312560558
1341848001.266775 -1.869300485 -1.758183718 3.577404022 0.029897034 0.830259204 0.464896351 0.306018263
1341848001.299150 -1.859515786 -1.756479740 3.578702211 0.028124571 0.832012951 0.464444816 0.302083731
1341848001.334803 -1.848932981 -1.754301310 3.580539465 0.026610227 0.834170818 0.464221299 0.296562850
1341848001.366701 -1.839814305 -1.751254082 3.580267429 0.023371335 0.836138248 0.463661730 0.292137742
1341848001.399276 -1.831246972 -1.749571323 3.577971697 0.021075265 0.837560058 0.464062989 0.287566513
1341848001.434718 -1.822880507 -1.747421980 3.577461004 0.021053473 0.839533865 0.464271516 0.281410038
1341848001.466720 -1.812890053 -1.745162010 3.577970743 0.018825365 0.841525435 0.464525491 0.275130481
1341848001.502686 -1.801473618 -1.742623568 3.578592300 0.014735908 0.843346298 0.465425074 0.268196672
1341848001.534905 -1.793794870 -1.738779545 3.572788000 0.014832366 0.844876945 0.466023892 0.262268573
1341848001.567011 -1.784135818 -1.732608318 3.567555666 0.013715779 0.848173499 0.463842154 0.255468458
1341848001.602899 -1.776834249 -1.732195616 3.567727089 0.011137261 0.850370109 0.464534432 0.246889740
1341848001.634657 -1.766915679 -1.724239349 3.564380169 0.011383803 0.852163613 0.464947104 0.239816085
1341848001.666646 -1.757140398 -1.724861383 3.562314034 0.012287308 0.854331672 0.464077234 0.233663797
1341848001.734859 -1.738821387 -1.718509197 3.557659626 0.009239432 0.857052803 0.463631779 0.224545628
1341848001.770725 -1.728487372 -1.714838028 3.553203583 0.011762927 0.859273732 0.461959064 0.219326615
1341848001.802763 -1.722238064 -1.715482235 3.551734686 0.012300991 0.860690236 0.461609751 0.214423612
1341848001.834761 -1.713263750 -1.716443777 3.549597263 0.011481926 0.860825241 0.464772850 0.206964582
1341848001.870724 -1.703069806 -1.710114002 3.544337273 0.013439376 0.862065732 0.464344561 0.202598780
1341848001.902749 -1.694845080 -1.712250233 3.541465759 0.010676850 0.862944722 0.464306235 0.199078128
1341848001.934732 -1.689246893 -1.709989786 3.540251493 0.011906370 0.862763703 0.466756672 0.193998024
1341848001.970708 -1.676733017 -1.703735113 3.534297705 0.016730499 0.863216519 0.467623562 0.189487860
1341848002.002731 -1.667979956 -1.706835985 3.531637192 0.018152367 0.863763392 0.468502969 0.184630364
1341848002.038858 -1.659339786 -1.706725597 3.529321432 0.019233530 0.863702655 0.470270962 0.180258378
1341848002.070767 -1.648631811 -1.704472065 3.523158789 0.020708447 0.864440978 0.470872521 0.174905911
1341848002.102720 -1.641594887 -1.703408718 3.523865223 0.023815218 0.865397394 0.470349401 0.171148196
1341848002.138653 -1.633855462 -1.701392412 3.517399788 0.022495441 0.865444362 0.470703721 0.170112088
1341848002.171849 -1.624578714 -1.700390816 3.514429092 0.022017360 0.865755320 0.472174764 0.164420366
1341848002.202698 -1.614959478 -1.697086573 3.511916637 0.023733819 0.866192460 0.472798705 0.160027251
1341848002.238731 -1.605051279 -1.694231033 3.507683277 0.022566859 0.866530001 0.473054022 0.157596007
1341848002.270763 -1.597824454 -1.692977190 3.506149054 0.019117681 0.866935492 0.473641485 0.154016823
1341848002.306708 -1.590086699 -1.689573050 3.505590200 0.017556181 0.866974890 0.474807173 0.150347844
1341848002.338850 -1.581284165 -1.685235023 3.502057791 0.015995890 0.866747677 0.476596475 0.146110892
1341848002.370786 -1.574512720 -1.683334589 3.501197338 0.015398319 0.866403520 0.479125857 0.139808089
1341848002.406793 -1.565539837 -1.676378965 3.499281406 0.016964478 0.866330802 0.480243653 0.136195734
1341848002.438766 -1.556965351 -1.673227310 3.492599249 0.014895261 0.866639614 0.480373174 0.133998662
1341848002.474697 -1.551905155 -1.671421289 3.496790648 0.014361796 0.866532147 0.481635183 0.130166396
1341848002.506756 -1.541879773 -1.664430141 3.493063688 0.014286759 0.866109848 0.483084112 0.127590999
1341848002.538812 -1.536420584 -1.663467884 3.488175392 0.012357453 0.865589142 0.484735131 0.125038415
1341848002.574707 -1.530984402 -1.659673452 3.489679813 0.010709430 0.864687979 0.487125039 0.122103199
1341848002.606780 -1.521062851 -1.654109240 3.486205816 0.009509093 0.863757074 0.489366502 0.119807459
1341848002.639359 -1.514068246 -1.649736643 3.484730959 0.006608913 0.863862336 0.489520341 0.118609093
1341848002.674651 -1.507926464 -1.645843267 3.488878727 0.005104858 0.863206446 0.491163969 0.116647080
1341848002.713789 -1.497411609 -1.638014317 3.485505819 0.005062159 0.861904204 0.493686378 0.115625449
1341848002.774760 -1.483339667 -1.631392956 3.486001968 0.000892580 0.860106170 0.497197628 0.114066340
1341848002.806780 -1.473330140 -1.622299433 3.482315302 0.003141934 0.859633088 0.498498082 0.111896500
1341848002.842833 -1.464428782 -1.619175911 3.484134197 0.006095919 0.860488236 0.497113407 0.111360542
1341848002.875238 -1.457028985 -1.617783546 3.483659744 0.005996079 0.860818326 0.496093065 0.113347575
1341848002.906656 -1.446253300 -1.616024017 3.481871843 0.005969476 0.861012101 0.495738000 0.113430098
1341848002.943323 -1.436435819 -1.614220381 3.484908819 0.007292844 0.861864328 0.493319273 0.117357560
1341848002.974597 -1.427063942 -1.614940643 3.481960058 0.005495451 0.861027896 0.493477583 0.122803882
1341848003.010885 -1.418800354 -1.610427141 3.478455067 0.004463290 0.861110687 0.492792398 0.124996305
1341848003.042638 -1.410627723 -1.609752655 3.479408979 0.006114204 0.862789214 0.489734232 0.125370935
1341848003.074988 -1.400991678 -1.609455347 3.483339548 0.004705832 0.863531232 0.487802923 0.127827987
1341848003.110641 -1.393295527 -1.606412172 3.481440544 0.003651357 0.862784982 0.488559395 0.129993990
1341848003.142626 -1.383674979 -1.604626417 3.478719711 0.001658081 0.863209069 0.487795621 0.130088165
1341848003.242926 -1.359044075 -1.598850965 3.480325937 -0.006994428 0.864902318 0.484898061 0.129495487
1341848003.278886 -1.348911047 -1.595973015 3.478878736 -0.009192127 0.864605248 0.484829307 0.131581917
1341848003.310739 -1.340841770 -1.593051910 3.478210926 -0.012877494 0.864876926 0.483793437 0.133288935
1341848003.342708 -1.331599474 -1.590384960 3.478142977 -0.015100188 0.865335584 0.482497215 0.134769648
1341848003.378999 -1.322214365 -1.587856293 3.476565838 -0.018138669 0.865844786 0.480515391 0.138162196
1341848003.410779 -1.312196136 -1.587209463 3.481264353 -0.021249304 0.866439044 0.478170425 0.142073452
1341848003.442728 -1.300996780 -1.581458807 3.481429100 -0.021097396 0.866180182 0.477273792 0.146617189
1341848003.478703 -1.292197347 -1.581273794 3.483157635 -0.021211434 0.865730464 0.476252824 0.152460396
1341848003.510700 -1.284073114 -1.575515985 3.481199265 -0.023017207 0.864128232 0.475518763 0.163201064
1341848003.546854 -1.275063515 -1.573086023 3.479845047 -0.024075393 0.863203764 0.475802362 0.167068124
1341848003.578749 -1.265134215 -1.572771311 3.481149435 -0.022505108 0.863048971 0.475094229 0.170074865
1341848003.617886 -1.258896232 -1.570216179 3.479393482 -0.021813374 0.862158597 0.473589122 0.178662121
1341848003.649972 -1.248625994 -1.566515207 3.477830648 -0.022135347 0.861369371 0.472882688 0.184213921
1341848003.685816 -1.240427971 -1.562760353 3.474596500 -0.022819651 0.861300945 0.471144110 0.188847110
1341848003.717853 -1.230857372 -1.563085079 3.472146988 -0.026327526 0.860733390 0.469815254 0.194212630
1341848003.753761 -1.224163532 -1.560469389 3.472949743 -0.028968437 0.860146165 0.468351096 0.199891701
1341848003.785807 -1.215816140 -1.556916237 3.467943430 -0.027696351 0.858738363 0.468993932 0.204563230
1341848003.817941 -1.207026243 -1.554078579 3.467511654 -0.028788099 0.857971549 0.468198180 0.209395751
1341848003.853971 -1.200855255 -1.547595024 3.460839748 -0.029699095 0.856390417 0.468786418 0.214366063
1341848003.885751 -1.192899466 -1.544466496 3.456176043 -0.031403251 0.855900586 0.468680918 0.216301396
1341848003.921688 -1.183064938 -1.543960094 3.449738741 -0.032014448 0.853952169 0.470131487 0.220719978
1341848003.953824 -1.178156137 -1.534588337 3.451194048 -0.032056022 0.854263961 0.467047036 0.225992724
1341848003.985789 -1.171174645 -1.531914473 3.444080353 -0.031353224 0.852645636 0.469224662 0.227685347
1341848004.021643 -1.164483309 -1.528272867 3.434942484 -0.028743137 0.851202667 0.469579756 0.232642964
1341848004.053778 -1.157529712 -1.521241188 3.436876774 -0.030908830 0.852045774 0.466546774 0.235365197
1341848004.089723 -1.149549603 -1.518434286 3.425839424 -0.029118925 0.849295914 0.470585018 0.237483338
1341848004.121698 -1.140885353 -1.512192369 3.419525623 -0.028312501 0.848510027 0.469749033 0.242001981
1341848004.153695 -1.132297516 -1.508694530 3.416619301 -0.028555762 0.847724557 0.469440788 0.245301932
1341848004.189785 -1.124793172 -1.504215598 3.410032511 -0.026303925 0.845809877 0.470857948 0.249412656
1341848004.221773 -1.117809534 -1.497791052 3.406692743 -0.027154371 0.844485164 0.470591128 0.254266679
1341848004.257760 -1.110678315 -1.491209269 3.401466370 -0.029191829 0.843165636 0.469887137 0.259664536
1341848004.289843 -1.099488854 -1.489174008 3.400638342 -0.030576330 0.842308342 0.469996363 0.262078702
1341848004.321820 -1.091024876 -1.485351682 3.399313927 -0.032317441 0.840120435 0.469658434 0.269395977
1341848004.357934 -1.085561514 -1.476482868 3.398569822 -0.033038281 0.838857353 0.467225283 0.277357936
1341848004.389781 -1.078257799 -1.469356298 3.395292521 -0.035322528 0.836662948 0.467227072 0.283630699
1341848004.421857 -1.068502426 -1.466450572 3.393862724 -0.039055221 0.834666073 0.466975510 0.289380699
1341848004.457752 -1.061305523 -1.460832834 3.394623518 -0.041508649 0.833195567 0.465640426 0.295366138
1341848004.489793 -1.052496910 -1.457125306 3.392071962 -0.044097811 0.830391109 0.467163652 0.300439984
1341848004.525726 -1.047084570 -1.453794241 3.391988516 -0.045072738 0.828272402 0.467885047 0.304986835
1341848004.557784 -1.039399147 -1.448595047 3.389625549 -0.044918872 0.824872792 0.470559567 0.310065985
1341848004.589761 -1.034445763 -1.441900969 3.390149355 -0.046408102 0.822516978 0.472159892 0.313651413
1341848004.625757 -1.026292324 -1.438520670 3.386012554 -0.048343688 0.819511175 0.474029481 0.318371505
1341848004.657882 -1.023074627 -1.435599327 3.388215780 -0.049939279 0.817812145 0.474561602 0.321684092
1341848004.689871 -1.015129089 -1.429743886 3.386907816 -0.051616237 0.814544857 0.478098124 0.324460626
1341848004.725815 -1.008899450 -1.427273870 3.386638403 -0.052655518 0.812336206 0.478923082 0.328587919
1341848004.757723 -1.007367373 -1.422919750 3.388024330 -0.054185648 0.811078191 0.477572143 0.333378166
1341848004.789709 -1.000442982 -1.420726538 3.388181686 -0.057140861 0.808752418 0.479862511 0.335241050
1341848004.825782 -0.994325876 -1.419914007 3.387357950 -0.056799486 0.806748450 0.481402576 0.337908745
1341848004.857706 -0.993660212 -1.416663408 3.389059544 -0.056895137 0.805226028 0.480959177 0.342129141
1341848004.889791 -0.988387108 -1.414623380 3.386888981 -0.057734236 0.802976429 0.483038634 0.344338953
1341848004.925788 -0.986312628 -1.412696719 3.387818813 -0.057882849 0.801554084 0.482946992 0.347739786
1341848004.957758 -0.980002403 -1.412445545 3.389655113 -0.059193932 0.800043285 0.483559519 0.350138754
1341848004.993849 -0.980118990 -1.409871817 3.388781071 -0.058060512 0.797798932 0.484206527 0.354527891
1341848005.025661 -0.976943970 -1.409252763 3.389211178 -0.059920792 0.796476364 0.483962387 0.357512891
1341848005.057739 -0.974233866 -1.407593250 3.388712168 -0.061256666 0.795278072 0.482484639 0.361924201
1341848005.093879 -0.972899914 -1.405837893 3.392616272 -0.061300736 0.795228839 0.480956614 0.364052445
1341848005.125700 -0.967782259 -1.407994509 3.392472029 -0.062469520 0.792750955 0.483414829 0.365996748
1341848005.157668 -0.964394093 -1.406758904 3.392261505 -0.059438355 0.791052759 0.483485103 0.370060533
1341848005.193749 -0.964927435 -1.402739167 3.393680811 -0.058317859 0.789995968 0.481506646 0.375042498
1341848005.225713 -0.962172747 -1.402448416 3.395081997 -0.059703629 0.789231002 0.480793566 0.377342790
1341848005.257748 -0.953445435 -1.403190970 3.400231123 -0.062539153 0.789463043 0.478746265 0.378997296
1341848005.293718 -0.954536676 -1.402178526 3.401483297 -0.061470505 0.788004756 0.477010489 0.384357721
1341848005.325870 -0.952312708 -1.398433685 3.401259661 -0.061782215 0.786075056 0.477463454 0.387682498
1341848005.357655 -0.943157911 -1.401627064 3.402628899 -0.063051783 0.784518659 0.478414387 0.389454275
1341848005.393694 -0.942802429 -1.400403738 3.403692961 -0.060332991 0.782727540 0.477137834 0.395015299
1341848005.425692 -0.943471670 -1.395254254 3.406241655 -0.058946963 0.781393290 0.476109773 0.399085641
1341848005.461850 -0.935193300 -1.399026275 3.406059742 -0.061515685 0.779331088 0.477544159 0.401011825
1341848005.493689 -0.935458899 -1.398099422 3.408456802 -0.059448980 0.777866304 0.476628602 0.405234665
1341848005.525844 -0.931429386 -1.395798087 3.409708023 -0.060816377 0.775842667 0.476884037 0.408596605
1341848005.561789 -0.926062822 -1.396569133 3.411514044 -0.062071286 0.774748981 0.475992799 0.411511809
1341848005.593673 -0.923188686 -1.396175146 3.413737774 -0.062337238 0.773622692 0.474822462 0.414928526
1341848005.629831 -0.919686556 -1.396362424 3.414461136 -0.062962443 0.772065520 0.474211633 0.418418378
1341848005.661802 -0.915564775 -1.398066521 3.416743994 -0.064343750 0.771143258 0.472982615 0.421290159
1341848005.693760 -0.911219597 -1.399024248 3.417030811 -0.063332453 0.769537449 0.472475410 0.424933106
1341848005.729741 -0.910163403 -1.400809050 3.416472912 -0.062113885 0.767977297 0.471324265 0.429192543
1341848005.761746 -0.905550957 -1.402738929 3.417541504 -0.063449398 0.767393231 0.469662488 0.431855291
1341848005.797852 -0.898536205 -1.402894497 3.423797846 -0.062902667 0.767889798 0.466823906 0.434124440
1341848005.829917 -0.899933577 -1.401368856 3.425019026 -0.060156807 0.766092181 0.464992583 0.439620227
1341848005.861699 -0.895405531 -1.404832602 3.424709082 -0.060847126 0.764060795 0.465862989 0.442131728
1341848005.897793 -0.890199423 -1.405150294 3.428240061 -0.060584951 0.764065742 0.463295162 0.444849104
1341848005.929656 -0.891760588 -1.403835058 3.430013180 -0.057548549 0.762564659 0.461242557 0.449931920
1341848005.965681 -0.888024092 -1.406203628 3.430020332 -0.058038779 0.760593891 0.461683333 0.452743888
1341848005.997804 -0.878975153 -1.409793258 3.436629295 -0.060852300 0.761448681 0.459058553 0.453605682
1341848006.029768 -0.877762318 -1.409808397 3.436674118 -0.057077598 0.760129154 0.456282884 0.459077001
1341848006.065849 -0.879070520 -1.409473896 3.435644150 -0.054660920 0.758027434 0.454891562 0.464198500
1341848006.097854 -0.871310472 -1.413186550 3.433676481 -0.054961443 0.757064462 0.453871071 0.466726571
1341848006.133683 -0.869152069 -1.413222432 3.437924385 -0.052341923 0.758759916 0.447913468 0.470018357
1341848006.165815 -0.867619514 -1.415208817 3.441846371 -0.048240099 0.758815646 0.445847183 0.472326249
1341848006.197589 -0.864820004 -1.416427135 3.443742990 -0.045391470 0.758026421 0.444257170 0.475364268
1341848006.233778 -0.859208584 -1.419985056 3.444133282 -0.042222317 0.756898940 0.442788333 0.478810817
1341848006.265787 -0.859261036 -1.417261362 3.448700666 -0.040289927 0.757392168 0.437595338 0.482953668
1341848006.301762 -0.855137825 -1.417573690 3.451209545 -0.037442856 0.756471395 0.436689079 0.485439837
1341848006.333717 -0.850898743 -1.421678782 3.452506781 -0.034732345 0.754318178 0.436675072 0.488991439
1341848006.366035 -0.853413582 -1.416589618 3.458018780 -0.035367899 0.753784657 0.431151986 0.494637042
1341848006.401760 -0.845890522 -1.417370915 3.459174395 -0.036894567 0.752966702 0.431661308 0.495326787
1341848006.433710 -0.842075348 -1.421350479 3.463060856 -0.035762038 0.752323925 0.430985510 0.496972144
1341848006.469715 -0.840844631 -1.415015936 3.466554642 -0.034174401 0.751042068 0.429427862 0.500359535
1341848006.501659 -0.834897041 -1.420060635 3.466621161 -0.034584261 0.749249995 0.432269663 0.500570953
1341848006.533741 -0.830350876 -1.425147772 3.468312502 -0.034649380 0.748335540 0.432154477 0.502031863
1341848006.569740 -0.830169201 -1.423568487 3.474691153 -0.034899574 0.748834550 0.428924680 0.504036307
1341848006.601774 -0.822709560 -1.428345084 3.476366758 -0.035265688 0.747896850 0.431325227 0.503354132
1341848006.637780 -0.818121910 -1.431949496 3.478008747 -0.033225827 0.747445166 0.431234568 0.504240572
1341848006.670119 -0.819635868 -1.431594610 3.486206770 -0.033927459 0.748427570 0.427519828 0.505897164
1341848006.701798 -0.812299728 -1.433532953 3.486249924 -0.034161538 0.747643232 0.429342359 0.505497575
1341848006.737817 -0.806813717 -1.438765049 3.490304470 -0.033226009 0.748247623 0.429005057 0.504951775
1341848006.769742 -0.804577351 -1.438738942 3.494126081 -0.029686337 0.748230219 0.429485351 0.504789710
1341848006.801940 -0.801784515 -1.444293976 3.497828007 -0.028763110 0.748492777 0.429388970 0.504535913
1341848006.837619 -0.796842098 -1.445907831 3.500379324 -0.026970798 0.748852491 0.430145442 0.503455579
1341848006.870724 -0.793669224 -1.450719833 3.504143476 -0.025221622 0.749737084 0.429722488 0.502590120
1341848006.901756 -0.789134979 -1.454236031 3.510262489 -0.024689887 0.751280606 0.428353488 0.501478970
1341848006.937738 -0.785539150 -1.459247708 3.513485432 -0.023154341 0.753075719 0.428505540 0.498722255
1341848006.969708 -0.784027576 -1.463901997 3.520126581 -0.022023475 0.755729020 0.427351296 0.495741397
1341848007.005802 -0.780182362 -1.468466640 3.522446156 -0.018698025 0.756691694 0.429770052 0.492306590
1341848007.037835 -0.779102325 -1.472845316 3.528404713 -0.015907871 0.758412719 0.430695951 0.488935739
1341848007.069678 -0.777503014 -1.475107431 3.533890486 -0.015237550 0.760097325 0.431978405 0.485195488
1341848007.105687 -0.775034428 -1.479522705 3.538412094 -0.015393708 0.761953175 0.433345675 0.481042534
1341848007.137866 -0.771573544 -1.486540198 3.543559551 -0.014771469 0.763769209 0.434546977 0.477082163
1341848007.169651 -0.771349907 -1.490966320 3.551995993 -0.014460094 0.765664041 0.435268372 0.473382533
1341848007.205747 -0.768233776 -1.494990587 3.557407618 -0.014012257 0.766961753 0.437522233 0.469199002
1341848007.237921 -0.765737534 -1.501136899 3.564128399 -0.011712521 0.768119454 0.439731956 0.465286106
1341848007.298875 -0.762261868 -1.511780977 3.573005676 -0.008539696 0.767768085 0.445286691 0.460629135
1341848007.331423 -0.760477066 -1.514370203 3.578515291 -0.007634461 0.769499540 0.443952680 0.459040523
1341848007.366699 -0.756140709 -1.523667574 3.584493637 -0.009175783 0.771160305 0.443167031 0.456979901
1341848007.398700 -0.754374981 -1.529730201 3.592021227 -0.008705794 0.772639275 0.441837490 0.455776662
1341848007.434791 -0.749937534 -1.535244465 3.595053911 -0.006881325 0.772876203 0.441655844 0.455582261
1341848007.466689 -0.751608372 -1.535265446 3.605766058 -0.006841329 0.774867952 0.437805891 0.455915511
1341848007.498756 -0.748095989 -1.541927814 3.612797022 -0.007822038 0.775868058 0.439893544 0.452173978
1341848007.534834 -0.741174698 -1.551514387 3.614472866 -0.005674292 0.775198042 0.443335354 0.449988544
1341848007.566719 -0.741027355 -1.555517197 3.626122236 -0.005963365 0.776775360 0.440898895 0.449658424
1341848007.598725 -0.739351273 -1.555057526 3.628072262 -0.007868164 0.777803540 0.440740973 0.448003531
1341848007.634799 -0.733404160 -1.566294432 3.632119894 -0.008298157 0.779615343 0.442542970 0.443042636
1341848007.666675 -0.730869293 -1.570399523 3.645561218 -0.005989152 0.781959534 0.443502933 0.437959641
1341848007.702797 -0.727838516 -1.574891448 3.645327568 -0.003091685 0.780285895 0.451724082 0.432538778
1341848007.734605 -0.717014313 -1.582518220 3.638463020 -0.001077436 0.779948831 0.456309944 0.428322345
1341848007.766913 -0.717503548 -1.584756374 3.650493860 0.000050202 0.784978211 0.450900495 0.424850613
1341848007.802889 -0.714998722 -1.589918852 3.657866955 -0.001353646 0.786457717 0.452506453 0.420381278
1341848007.834962 -0.707519531 -1.595263243 3.659098864 0.000435355 0.786843061 0.456436813 0.415383250
1341848007.866745 -0.705201149 -1.595036149 3.667548180 0.000511088 0.789493024 0.455345988 0.411534458
1341848007.902779 -0.704432011 -1.595320940 3.672178268 -0.002014779 0.791689754 0.456564754 0.405921072
1341848007.934851 -0.691951752 -1.605078816 3.671611786 -0.000029450 0.792717457 0.463120729 0.396381497
1341848007.970690 -0.686104774 -1.613725543 3.675588369 0.005524751 0.792636812 0.465978146 0.393142283
1341848008.002709 -0.685139656 -1.613562465 3.689664841 0.006005593 0.795492470 0.463966012 0.389732361
1341848008.034820 -0.679364681 -1.616341829 3.690096855 0.006281348 0.795939922 0.467723340 0.384285092
1341848008.070825 -0.670889616 -1.625581384 3.695148468 0.006498823 0.796771944 0.470818758 0.378737301
1341848008.103209 -0.668417454 -1.622895002 3.700365305 0.006810321 0.797779381 0.470761776 0.376676261
1341848008.138809 -0.661279678 -1.622835517 3.703837156 0.005724668 0.799625158 0.471087217 0.372348994
1341848008.171058 -0.654197216 -1.628896475 3.709070683 0.005886541 0.801041365 0.472587943 0.367367268
1341848008.202734 -0.646909952 -1.632239103 3.716192007 0.007786022 0.802069724 0.474853843 0.362129033
1341848008.238657 -0.640145540 -1.635365248 3.723168850 0.007973573 0.802498162 0.477531523 0.357626587
1341848008.270710 -0.634506226 -1.637314558 3.726913214 0.007955354 0.802617311 0.480480433 0.353384674
1341848008.302748 -0.627622843 -1.639846921 3.731174231 0.008567256 0.802915752 0.483644158 0.348340869
1341848008.338769 -0.619483471 -1.643515229 3.734198809 0.008809322 0.802927911 0.486459106 0.344364285
1341848008.370731 -0.614475489 -1.645120382 3.741469860 0.008054239 0.803964615 0.486937940 0.341273338
1341848008.438870 -0.599905968 -1.654483676 3.747864723 0.009570649 0.805316508 0.490914255 0.332230300
1341848008.470807 -0.594066858 -1.657646298 3.753726244 0.010838560 0.806081057 0.492232770 0.328363925
1341848008.506855 -0.588485718 -1.660924792 3.758121490 0.011280197 0.807067752 0.493765235 0.323589891
1341848008.538786 -0.581402063 -1.667950273 3.756811142 0.013758895 0.807096124 0.496844530 0.318672419
1341848008.570727 -0.575635672 -1.673913479 3.764574289 0.015910886 0.807924688 0.497681677 0.315146714
1341848008.606698 -0.571281195 -1.676440358 3.768010378 0.018028960 0.807941198 0.500041246 0.311231047
1341848008.638714 -0.563977003 -1.682757735 3.768537521 0.019564657 0.808316350 0.502106547 0.306807637
1341848008.674639 -0.559230566 -1.687397599 3.773856163 0.020834668 0.809322059 0.502462387 0.303472221
1341848008.706785 -0.556214333 -1.687846303 3.776284218 0.021095647 0.810620248 0.501969635 0.300792903
1341848008.738678 -0.547329187 -1.695743084 3.781082153 0.020135272 0.812571704 0.501948893 0.295582861
1341848008.775071 -0.543453217 -1.697171807 3.784455776 0.018828589 0.813467920 0.501503825 0.293954641
1341848008.806865 -0.535691738 -1.701370716 3.787573099 0.017114386 0.815024853 0.501005232 0.290577739
1341848008.838798 -0.532904625 -1.703077674 3.792503834 0.016383877 0.816405714 0.500101507 0.288291156
1341848008.874631 -0.527081728 -1.706265688 3.793257713 0.016322201 0.816409826 0.501901209 0.285138190
1341848008.906680 -0.521501064 -1.710174084 3.796739340 0.016850492 0.817067444 0.502933025 0.281381011
1341848008.943051 -0.517817020 -1.710376620 3.801298857 0.015478134 0.818929493 0.502096832 0.277513564
1341848008.974723 -0.509362698 -1.717045784 3.800453663 0.014077742 0.819186389 0.504206359 0.272967905
1341848009.006825 -0.502609730 -1.720927715 3.806902885 0.014848440 0.819805086 0.504678428 0.270183206
1341848009.042740 -0.498516321 -1.719355106 3.816258192 0.013682692 0.820927441 0.504210055 0.267699808
1341848009.110807 -0.486044168 -1.721552372 3.817925692 0.011922257 0.822078526 0.505885363 0.261007339
1341848009.142732 -0.481730461 -1.722559452 3.823326588 0.008470638 0.824597061 0.504021645 0.256768584
1341848009.174693 -0.477000713 -1.722711086 3.828139067 0.007204301 0.827300191 0.502844155 0.250340343
1341848009.210697 -0.474182129 -1.725750923 3.833997726 0.009839765 0.828057051 0.505318642 0.242647514
1341848009.242869 -0.467118263 -1.724578619 3.838125467 0.012120911 0.827595592 0.509712040 0.234802619
1341848009.274683 -0.460307837 -1.722521782 3.839488268 0.012049208 0.828070045 0.512321353 0.227336079
1341848009.310898 -0.455131769 -1.722292423 3.842215061 0.010326923 0.829557478 0.513457358 0.219293103
1341848009.342882 -0.450141907 -1.723750353 3.839403629 0.011135696 0.828367054 0.517837286 0.213374451
1341848009.378700 -0.444256544 -1.722305298 3.843591690 0.011994681 0.828957260 0.518866062 0.208480313
1341848009.442927 -0.430254459 -1.724458933 3.849603653 0.010638485 0.829159081 0.522658825 0.198014796
1341848009.479022 -0.423603535 -1.724342823 3.857312918 0.009812254 0.830292821 0.522487342 0.193712324
1341848009.510631 -0.413725853 -1.725569010 3.857441425 0.008485010 0.829188764 0.525514245 0.190286234
1341848009.542815 -0.409568310 -1.724522114 3.857927084 0.008363874 0.829813123 0.524869502 0.189347073
1341848009.578814 -0.400961161 -1.724246502 3.863281012 0.006885844 0.830565214 0.524572253 0.186916918
1341848009.610955 -0.392484665 -1.725291252 3.861835003 0.005671891 0.829832733 0.526151836 0.185768038
1341848009.646873 -0.383415222 -1.725356340 3.864264250 0.004892983 0.831252933 0.523859859 0.185918018
1341848009.678666 -0.375224352 -1.722027302 3.867041111 0.002517228 0.832555115 0.521445155 0.186924428
1341848009.710835 -0.367335320 -1.720893621 3.868686914 0.000732413 0.833080292 0.520580113 0.187010810
1341848009.746819 -0.356542349 -1.719828844 3.867264748 0.000330870 0.833635509 0.519579053 0.187321648
1341848009.778767 -0.349680662 -1.718181610 3.869520426 0.000863945 0.834706962 0.517273545 0.188922212
1341848009.810661 -0.341412067 -1.716451168 3.872661114 0.000771318 0.835050166 0.516947985 0.188296318
1341848009.846800 -0.327943802 -1.715759039 3.872046232 0.002364537 0.834431589 0.518856406 0.185758859
1341848009.878688 -0.322507143 -1.709579706 3.872035742 0.003923969 0.834744632 0.517598569 0.187823936
1341848009.914782 -0.318504095 -1.703120947 3.871828794 0.002461024 0.834631026 0.517316341 0.189126730
1341848009.946990 -0.309479713 -1.704134226 3.865649462 0.002023337 0.833776891 0.519005716 0.188268811
1341848009.978905 -0.296112776 -1.702756405 3.863872051 0.001271537 0.834299088 0.517814994 0.189238042
1341848010.014819 -0.292873859 -1.695973635 3.864438772 0.002695859 0.834884048 0.516246200 0.190922394
1341848010.046835 -0.285789728 -1.692570686 3.859079599 0.003105691 0.834093809 0.518009961 0.189588025
1341848010.082650 -0.277188540 -1.689347506 3.855130434 0.002789893 0.834090114 0.518382072 0.188589603
1341848010.114748 -0.274079323 -1.682585955 3.851261139 0.003084240 0.834113300 0.518531978 0.188069254
1341848010.146752 -0.264121294 -1.678188324 3.844978571 0.002511163 0.832642853 0.521923423 0.185190812
1341848010.182709 -0.256302595 -1.674131870 3.832947969 0.003227597 0.831403553 0.524446368 0.183613330
1341848010.214739 -0.250512123 -1.670642138 3.828197718 0.002916868 0.832252622 0.523711920 0.181859583
1341848010.246831 -0.241446733 -1.668062687 3.820376158 0.002518400 0.832037687 0.525298655 0.178236827
1341848010.282749 -0.237217665 -1.662292719 3.810709476 0.004583453 0.831554532 0.526465178 0.177004293
1341848010.314754 -0.231276274 -1.657538414 3.802629948 0.005821400 0.831127882 0.528088152 0.174113616
1341848010.351054 -0.225612402 -1.654129982 3.792169809 0.006201076 0.830748975 0.529298425 0.172223359
1341848010.382819 -0.218416452 -1.649390697 3.786623716 0.005983357 0.831231654 0.529424846 0.169491887
1341848010.414692 -0.213351965 -1.648325920 3.780011415 0.006733233 0.830297232 0.531665921 0.167010590
1341848010.450872 -0.208573103 -1.644932985 3.769686222 0.006591378 0.829775453 0.533292770 0.164402172
1341848010.483088 -0.204971552 -1.640219212 3.762846708 0.006921551 0.830428421 0.533155739 0.161511078
1341848010.514760 -0.200864553 -1.636228800 3.759361506 0.006682610 0.830455720 0.534270287 0.157651395
1341848010.550631 -0.194426537 -1.638812542 3.742640495 0.007107171 0.827410460 0.539984524 0.154137179
1341848010.582861 -0.194403648 -1.631463289 3.740968704 0.007587711 0.829831421 0.536760390 0.152350143
1341848010.618690 -0.191992164 -1.630327940 3.734650373 0.005964625 0.828728437 0.539474189 0.148799509
1341848010.650956 -0.184772372 -1.630310774 3.721624851 0.006664566 0.827532411 0.542333543 0.144983158
1341848010.682633 -0.186883926 -1.624679327 3.722251177 0.007792960 0.829433620 0.539634168 0.144132093
1341848010.718753 -0.184708118 -1.623877764 3.717694044 0.006162419 0.829337299 0.540674448 0.140829295
1341848010.750922 -0.182980537 -1.621896267 3.708602190 0.006122572 0.828678548 0.542405427 0.138024688
1341848010.782711 -0.181055188 -1.624412298 3.698120832 0.006688200 0.828416407 0.543886840 0.133674040
1341848010.818844 -0.179684520 -1.621514320 3.694906235 0.007892938 0.830493152 0.541676342 0.129636660
1341848010.850765 -0.178749561 -1.619036436 3.692354679 0.008442980 0.831371963 0.541171312 0.126028240
1341848010.886687 -0.174850583 -1.618256092 3.686928749 0.009469504 0.832127273 0.540940285 0.121894501
1341848010.918833 -0.177513599 -1.615466356 3.683498621 0.010309509 0.832871377 0.540125728 0.120346792
1341848010.950793 -0.174866796 -1.613940001 3.678540707 0.009541403 0.833237529 0.540455759 0.116326623
1341848010.986761 -0.170197248 -1.612774134 3.676728964 0.008998815 0.834165394 0.539774001 0.112832822
1341848011.018704 -0.168868065 -1.609385252 3.676366329 0.009743904 0.834744573 0.539207339 0.111185089
1341848011.051016 -0.167872071 -1.609949589 3.669590473 0.010577944 0.833847284 0.541048408 0.108874172
1341848011.086749 -0.165581584 -1.609002590 3.666157246 0.011147332 0.834122539 0.541223109 0.105796143
1341848011.118701 -0.165398836 -1.609453440 3.665375471 0.011556813 0.834320545 0.541223705 0.104175575
1341848011.154630 -0.161749005 -1.608542204 3.662828922 0.012458002 0.834198594 0.542008579 0.100917339
1341848011.186671 -0.164312601 -1.605285168 3.663372040 0.013850180 0.834581375 0.541496456 0.100317925
1341848011.219095 -0.163802266 -1.604985952 3.658492088 0.011435914 0.833521128 0.543595076 0.098061949
1341848011.254693 -0.160219550 -1.604166508 3.654319286 0.009272445 0.834111750 0.543433487 0.094083793
1341848011.286627 -0.157568932 -1.602272749 3.653280258 0.008466563 0.834837973 0.542881548 0.090849601
1341848011.322712 -0.154307723 -1.601175070 3.649265528 0.008139099 0.835018337 0.543459415 0.085615456
1341848011.354750 -0.150454879 -1.600018501 3.644464493 0.009015645 0.835770369 0.542949319 0.081318773
1341848011.386749 -0.149689317 -1.597360373 3.646737576 0.010231754 0.837278605 0.541145921 0.077595100
1341848011.422722 -0.148214519 -1.596302509 3.640102863 0.010915275 0.835970938 0.543673038 0.073845409
1341848011.454654 -0.148986757 -1.594380379 3.636937141 0.012422206 0.836987078 0.542560816 0.070186555
1341848011.486754 -0.146002889 -1.591036558 3.639149666 0.011613573 0.838255107 0.541288853 0.064806998
1341848011.522854 -0.141821623 -1.590177298 3.635589838 0.011689488 0.837142408 0.543643653 0.059225328
1341848011.554674 -0.137801528 -1.590122938 3.631101370 0.011991794 0.836698532 0.544790268 0.054729760
1341848011.590867 -0.138594389 -1.585642338 3.633758783 0.010994509 0.838148236 0.542724431 0.053262692
1341848011.622723 -0.137538046 -1.581073284 3.630953550 0.010749341 0.837618411 0.543965101 0.048804313
1341848011.654892 -0.135836333 -1.577925682 3.627055407 0.012269989 0.837298691 0.544704080 0.045583908
1341848011.690778 -0.137338459 -1.576215982 3.626835108 0.012761693 0.837000370 0.545277834 0.044041831
1341848011.722610 -0.138447642 -1.572967291 3.624172688 0.011159692 0.836316526 0.546612978 0.040797897
1341848011.754796 -0.135217279 -1.568560362 3.619946003 0.008825332 0.835496962 0.548237145 0.036097765
1341848011.790831 -0.136899501 -1.564157724 3.616050482 0.009778605 0.834895849 0.549329102 0.033026818
1341848011.822705 -0.135696590 -1.559980631 3.612310171 0.011022945 0.834003091 0.550965250 0.027469870
1341848011.858763 -0.134680003 -1.556477308 3.605174541 0.012680930 0.833010197 0.552641034 0.022828503
1341848011.890689 -0.136209205 -1.553994417 3.602773428 0.013889538 0.832787752 0.553039670 0.020467158
1341848011.922914 -0.135570750 -1.552025795 3.595975161 0.014723063 0.831141829 0.555607796 0.016926661
1341848011.958828 -0.136943936 -1.548213482 3.590423346 0.015971066 0.831106663 0.555680394 0.015034195
1341848011.990755 -0.138407499 -1.543689251 3.590601683 0.014362295 0.832068205 0.554316103 0.013780590
1341848012.022737 -0.138633832 -1.538984060 3.584533930 0.012482548 0.830806077 0.556281328 0.012512317
1341848012.058861 -0.139709458 -1.533380508 3.580204964 0.011367886 0.830445588 0.556860507 0.011722294
1341848012.090822 -0.141430855 -1.529932976 3.571344614 0.009698034 0.828888774 0.559221625 0.010981585
1341848012.126859 -0.141314119 -1.523189783 3.564635754 0.008650430 0.828702509 0.559540629 0.009571318
1341848012.190967 -0.136263028 -1.514705896 3.553699017 0.007298666 0.827322960 0.561598599 0.009512221
1341848012.226750 -0.137289912 -1.508453608 3.546836853 0.006959800 0.825999677 0.563513100 0.011366379
1341848012.258713 -0.136659235 -1.502460718 3.539152861 0.005878292 0.824923575 0.565054595 0.013417270
1341848012.295247 -0.136871740 -1.495241642 3.535292625 0.003201205 0.824557364 0.565525472 0.016611161
1341848012.326868 -0.137439549 -1.490559578 3.525593042 -0.000268465 0.822602212 0.568280816 0.019558076
1341848012.358782 -0.137907177 -1.483033895 3.519357204 -0.003832938 0.822672307 0.568057716 0.022494974
1341848012.394721 -0.135340497 -1.475947142 3.516504288 -0.007394841 0.822462380 0.568243206 0.024510650
1341848012.426830 -0.136745557 -1.470516920 3.505285263 -0.009449590 0.819646955 0.572116315 0.027794499
1341848012.458805 -0.135849103 -1.464015961 3.496059418 -0.012199765 0.818967164 0.572950661 0.029522384
1341848012.494697 -0.135513008 -1.457887650 3.491221428 -0.014466285 0.819204688 0.572449028 0.031569608
1341848012.526756 -0.131778508 -1.453187466 3.483644009 -0.017441768 0.817574382 0.574627101 0.032736737
1341848012.562690 -0.130484760 -1.449734449 3.472322941 -0.018554904 0.815889478 0.576791942 0.035932243
1341848012.594669 -0.131566226 -1.444937944 3.468456984 -0.021340968 0.816608369 0.575383604 0.040362183
1341848012.626774 -0.127845734 -1.439402342 3.463009596 -0.025664890 0.816113353 0.575739741 0.042710550
1341848012.662763 -0.123128504 -1.434844494 3.457537174 -0.027469583 0.815806031 0.575859368 0.045738887
1341848012.695339 -0.123687506 -1.429990292 3.453450441 -0.027823051 0.815246701 0.576155186 0.051419780
1341848012.726854 -0.122330368 -1.426585436 3.447135210 -0.031935912 0.814001203 0.577191770 0.056849595
1341848012.762672 -0.116334260 -1.421153069 3.444440365 -0.035535768 0.814310312 0.576221168 0.060043227
1341848012.794727 -0.111743927 -1.418988943 3.440672398 -0.037216287 0.813348830 0.576725006 0.066835068
1341848012.830669 -0.113918483 -1.415664196 3.435392618 -0.039299045 0.811851859 0.577412844 0.077114455
1341848012.862795 -0.111285686 -1.410272837 3.427664042 -0.044693973 0.811955571 0.575854778 0.084391586
1341848012.894740 -0.108849287 -1.407543659 3.429566622 -0.048852459 0.814171135 0.571524441 0.089992568
1341848012.930848 -0.107618570 -1.403661251 3.425581217 -0.051071208 0.813347638 0.571308851 0.097281024
1341848012.962752 -0.108770847 -1.402153254 3.420550585 -0.053628694 0.812863886 0.570553005 0.104142264
1341848012.994842 -0.105983377 -1.398082495 3.423082113 -0.058325775 0.814427733 0.566969037 0.108865522
1341848013.030944 -0.101807952 -1.395899296 3.421620846 -0.060978193 0.813322425 0.567277014 0.113952413
1341848013.062714 -0.100722790 -1.390846729 3.418415785 -0.061628707 0.812853277 0.566541731 0.120424107
1341848013.098784 -0.099063873 -1.388420582 3.418614149 -0.063226849 0.813396037 0.564079344 0.127293929
1341848013.130817 -0.095798016 -1.387160063 3.420275450 -0.063971281 0.813213646 0.562973619 0.132860944
1341848013.162759 -0.092864871 -1.384987593 3.417718887 -0.062388312 0.811268449 0.564238906 0.139948934
1341848013.198719 -0.092195034 -1.382699251 3.420265436 -0.059392482 0.810634673 0.563559771 0.147460192
1341848013.230855 -0.092174768 -1.380506754 3.420402765 -0.058161594 0.809616268 0.563500822 0.153641090
1341848013.262723 -0.085663080 -1.379986286 3.422783136 -0.058990479 0.808339357 0.564023852 0.158065557
1341848013.298709 -0.087164879 -1.375831604 3.423748255 -0.056262288 0.806427836 0.564353764 0.167372808
1341848013.330754 -0.087029457 -1.375023842 3.423110723 -0.058303025 0.804882705 0.564157605 0.174616382
1341848013.366705 -0.081892014 -1.371298075 3.428132534 -0.062888660 0.804941714 0.561753988 0.180406287
1341848013.398748 -0.077229261 -1.371459961 3.431794643 -0.063875422 0.803129971 0.562609792 0.185397968
1341848013.430850 -0.070708275 -1.370920181 3.436051369 -0.064091653 0.800020099 0.564846635 0.191855192
1341848013.466959 -0.072142124 -1.371041298 3.428108215 -0.062880419 0.793575406 0.569926441 0.203637034
1341848013.498782 -0.068202972 -1.368299961 3.432804585 -0.067926377 0.793846726 0.566359043 0.210786432
1341848013.534779 -0.062412024 -1.370662689 3.432032108 -0.071984716 0.791834593 0.566160858 0.217435390
1341848013.566664 -0.054543495 -1.367204309 3.436230659 -0.075018726 0.791039586 0.563793123 0.225313097
1341848013.598764 -0.054876804 -1.367110848 3.439971924 -0.074244618 0.790199101 0.561142802 0.234929666
1341848013.634812 -0.049830198 -1.369431138 3.438567400 -0.075253300 0.786880493 0.563035429 0.241137385
1341848013.666669 -0.043420076 -1.366858006 3.441808224 -0.077289686 0.786992252 0.558848202 0.249716312
1341848013.698821 -0.040910244 -1.368395448 3.443976402 -0.078847811 0.787521899 0.553823650 0.258595735
1341848013.734623 -0.036921501 -1.368344426 3.444797516 -0.080567181 0.787576914 0.549947023 0.266063839
1341848013.766827 -0.033134699 -1.365873575 3.449854851 -0.080468684 0.789584994 0.544150293 0.271994352
1341848013.802717 -0.029950142 -1.365669847 3.453643799 -0.079474978 0.789397418 0.541546643 0.277961910
1341848013.834802 -0.028962374 -1.366133571 3.452599049 -0.079131506 0.786680758 0.541415870 0.285902888
1341848013.866791 -0.024986029 -1.365403891 3.451950550 -0.079712272 0.785842836 0.539617062 0.291394114
1341848013.902735 -0.023344994 -1.362339258 3.457309723 -0.081855044 0.786679983 0.534245610 0.298355699
1341848013.966740 -0.013220549 -1.361269951 3.460319996 -0.083670452 0.783072889 0.533056200 0.309268713
1341848014.002717 -0.009378433 -1.360999227 3.461551428 -0.083488010 0.781427860 0.532136142 0.315010250
1341848014.034942 -0.002042294 -1.362316012 3.462935209 -0.084247224 0.778879106 0.532395124 0.320632517
1341848014.070990 -0.001282692 -1.356274843 3.463018894 -0.084475905 0.776288152 0.529787362 0.331007540
1341848014.102686 0.002142906 -1.353213668 3.463301182 -0.088841319 0.773951352 0.527464926 0.338950336
1341848014.134725 0.011894703 -1.353445053 3.468906641 -0.093973145 0.772931933 0.525071979 0.343576342
1341848014.170724 0.019508362 -1.353759170 3.469329834 -0.095381379 0.769025326 0.526370168 0.349909872
1341848014.202658 0.024847507 -1.352460504 3.465522051 -0.097604774 0.763973057 0.527200341 0.358996332
1341848014.234751 0.039368629 -1.354701519 3.470650911 -0.101510361 0.763480783 0.524236143 0.363275647
1341848014.270714 0.043718815 -1.351957560 3.476942778 -0.102500059 0.761943460 0.520108998 0.372051835
1341848014.302738 0.051155567 -1.350566864 3.475306988 -0.101057991 0.758138180 0.520513177 0.379578680
1341848014.338694 0.061567783 -1.350491047 3.479336500 -0.101401359 0.756266296 0.518482745 0.385946631
1341848014.370553 0.068809509 -1.349928379 3.486319065 -0.103537902 0.753541529 0.514512539 0.395893842
1341848014.438848 0.086696625 -1.347416043 3.495093107 -0.107485540 0.749467432 0.506370902 0.412715316
1341848014.470783 0.094742775 -1.347993851 3.498895645 -0.109604195 0.746339321 0.501673818 0.423424184
1341848014.506633 0.103063107 -1.348040581 3.504535675 -0.110258609 0.744545102 0.497195035 0.431616575
1341848014.538728 0.110073090 -1.351238966 3.502917051 -0.111150652 0.739163637 0.494957119 0.443057716
1341848014.570790 0.113319397 -1.351910830 3.504447460 -0.110109605 0.738195539 0.488351971 0.452167779
1341848014.606858 0.121392727 -1.345656753 3.516971588 -0.109503672 0.738822162 0.480291247 0.459859997
1341848014.638688 0.126947880 -1.350314975 3.516031742 -0.107452668 0.733869374 0.480556011 0.467927039
1341848014.670828 0.138571262 -1.354737043 3.516915798 -0.106327347 0.731186211 0.479243457 0.473694980
1341848014.706765 0.146751881 -1.359756947 3.519774675 -0.106870957 0.729552507 0.475734323 0.479592055
1341848014.738691 0.152415752 -1.358457923 3.522987843 -0.105118230 0.729595482 0.469724357 0.485797971
1341848014.774750 0.158420563 -1.356124401 3.529536486 -0.100177020 0.729262352 0.465264887 0.491598964
1341848014.806669 0.163835049 -1.357823610 3.530874252 -0.094466731 0.725787818 0.465358138 0.497744888
1341848014.838740 0.169708729 -1.358458757 3.532412052 -0.091728643 0.723155677 0.463653505 0.503643930
1341848014.874686 0.182093143 -1.360076904 3.542232037 -0.092583485 0.722295880 0.459906369 0.508136868
1341848014.906647 0.179358959 -1.358479738 3.540300846 -0.087030157 0.718029499 0.456815004 0.517860532
1341848014.938697 0.185712337 -1.356001139 3.542541027 -0.084603317 0.715072155 0.457223952 0.521977305
1341848014.974705 0.194822788 -1.355180740 3.549797058 -0.082911022 0.712413490 0.457472324 0.525653780
1341848015.006657 0.190830231 -1.352478266 3.544985771 -0.080741487 0.705805063 0.457825184 0.534524381
1341848015.042593 0.194484234 -1.349032402 3.549349308 -0.087174110 0.701624751 0.458947629 0.538043320
1341848015.074864 0.201810837 -1.347337961 3.550770998 -0.095397934 0.696754277 0.458760440 0.543112993
1341848015.106838 0.207347393 -1.344438791 3.552185535 -0.102182455 0.692796290 0.457336247 0.548120141
1341848015.142691 0.209801674 -1.341066003 3.553835869 -0.105157301 0.689283013 0.457027018 0.552229345
1341848015.174708 0.218168259 -1.339046240 3.556800842 -0.107968792 0.685393274 0.458752275 0.555090249
1341848015.207238 0.222589970 -1.337148428 3.555736780 -0.109020717 0.680086792 0.459015369 0.561160743
1341848015.243495 0.228559494 -1.334771395 3.556338310 -0.112273082 0.676317155 0.457378894 0.566387236
1341848015.274780 0.235806942 -1.331130385 3.561556578 -0.113315545 0.673378706 0.455003828 0.571570039
1341848015.310598 0.236698627 -1.330655098 3.559377670 -0.111050695 0.667248547 0.452717841 0.580942094
1341848015.342895 0.240133286 -1.330000997 3.558526039 -0.110968269 0.661773324 0.451483279 0.588136971
1341848015.374733 0.242204189 -1.327278137 3.557621002 -0.107434064 0.655130148 0.451153696 0.596424997
1341848015.410655 0.249631405 -1.327654481 3.558970928 -0.108084172 0.649108708 0.450058073 0.603675067
1341848015.442783 0.250406742 -1.326330423 3.556888580 -0.106167637 0.642405212 0.449171215 0.611791849
1341848015.474959 0.256362438 -1.325895190 3.559069395 -0.108249418 0.636760056 0.445628583 0.619866073
1341848015.510927 0.257938862 -1.322954535 3.557935476 -0.106333107 0.631281495 0.441143095 0.628943384
1341848015.542834 0.254321098 -1.322562218 3.557047844 -0.102547027 0.624823511 0.439498782 0.637118995
1341848015.581753 0.260648727 -1.322582006 3.559074879 -0.105272926 0.617146134 0.437462240 0.645503819
1341848015.617769 0.262108803 -1.323021412 3.558902264 -0.106241152 0.611073792 0.431017458 0.655382037
1341848015.650094 0.264955044 -1.324128032 3.559035540 -0.108816847 0.604546487 0.426767498 0.663740873
1341848015.685811 0.269300461 -1.322225332 3.561619520 -0.109718718 0.598987758 0.423395723 0.670754492
1341848015.718057 0.270507336 -1.320522666 3.561691761 -0.106717698 0.594444335 0.417226940 0.679094255
1341848015.749815 0.271260500 -1.322112799 3.561263800 -0.104985431 0.588982642 0.413486689 0.686371863
1341848015.785761 0.275698900 -1.324411154 3.563371181 -0.104025014 0.583777249 0.411224544 0.692298591
1341848015.817883 0.274297714 -1.324321389 3.562268257 -0.101125449 0.580399871 0.404057711 0.699747920
1341848015.853811 0.273940325 -1.324113369 3.562881947 -0.097863093 0.576228738 0.400839329 0.705486476
1341848015.885654 0.278609514 -1.328618765 3.563561678 -0.101567559 0.571562946 0.394872814 0.712092221
1341848015.917793 0.278677702 -1.329307556 3.562104464 -0.102337554 0.568568289 0.388491064 0.717866182
1341848015.954005 0.278002501 -1.329366446 3.565837145 -0.100236826 0.567934513 0.379824817 0.723281562
1341848015.986663 0.277714491 -1.333148718 3.564843655 -0.098903917 0.564637005 0.375389218 0.728344798
1341848016.021677 0.276790142 -1.332863569 3.564235687 -0.095883049 0.560554266 0.371923715 0.733660758
1341848016.053936 0.278593063 -1.334389806 3.565954924 -0.094553679 0.558581352 0.366590917 0.738009334
1341848016.085724 0.275401592 -1.336241961 3.565013885 -0.091885000 0.556672812 0.361924559 0.742080390
1341848016.121844 0.276042700 -1.337278128 3.563533545 -0.093777090 0.552556396 0.359900504 0.745894730
1341848016.153821 0.278066158 -1.339113235 3.564943075 -0.096952885 0.551418304 0.357797205 0.747341454
1341848016.185769 0.276486158 -1.339961171 3.565127850 -0.098434635 0.550450861 0.355181813 0.749106407
1341848016.221734 0.275825739 -1.340368748 3.563464880 -0.099920481 0.547493219 0.355411619 0.750965893
1341848016.253686 0.277234316 -1.340663314 3.568035364 -0.099866122 0.548842609 0.354163706 0.750577629
1341848016.289960 0.275686264 -1.343836546 3.565461874 -0.102261417 0.548455656 0.353054523 0.751060247
1341848016.322013 0.276390076 -1.346478701 3.569720984 -0.106412828 0.551908553 0.356555581 0.746285081
1341848016.353746 0.273532867 -1.343064785 3.571793318 -0.098203339 0.555550694 0.358513087 0.743766010
1341848016.389789 0.271818399 -1.348550081 3.570122480 -0.098252423 0.555300117 0.362157106 0.742179632
1341848016.421705 0.270395041 -1.349269271 3.573078632 -0.095198065 0.557453096 0.366237044 0.738954544
1341848016.453901 0.269201040 -1.350417733 3.577167273 -0.090679429 0.561223209 0.369181365 0.735194564
1341848016.490058 0.267945290 -1.351879358 3.576776028 -0.086814404 0.561502516 0.369575530 0.735249817
1341848016.521813 0.267471790 -1.355425596 3.578441858 -0.087150693 0.563701332 0.369386345 0.733620763
1341848016.554210 0.261690855 -1.353402376 3.582592487 -0.079283923 0.567886651 0.368799090 0.731577814
1341848016.589825 0.261723757 -1.358765364 3.582708597 -0.078346923 0.566157341 0.369513571 0.732657790
1341848016.621860 0.258661747 -1.361013770 3.585587025 -0.075550161 0.567789376 0.372529030 0.730157197
1341848016.657837 0.253289700 -1.356138349 3.588496685 -0.064391226 0.568144202 0.373771936 0.730315328
1341848016.689891 0.251921415 -1.364746213 3.590064287 -0.065792926 0.565609336 0.375745565 0.731144786
1341848016.757848 0.250091314 -1.369515181 3.603283167 -0.064813383 0.570469141 0.374323756 0.728179872
1341848016.818817 0.243101358 -1.379716396 3.607696056 -0.065218560 0.568279445 0.375849068 0.729069650
1341848016.850754 0.240871191 -1.382093668 3.614143848 -0.065026790 0.568570256 0.374959767 0.729317844
1341848016.882757 0.233264208 -1.386665940 3.619377613 -0.064499587 0.570042610 0.374792308 0.728300750
1341848016.918907 0.229992390 -1.389920712 3.624619246 -0.063875809 0.569385946 0.377085388 0.727685511
1341848016.950706 0.228353739 -1.393704295 3.629644871 -0.065523922 0.568758368 0.377229810 0.727954865
1341848016.986658 0.223381758 -1.399574995 3.632787228 -0.068395071 0.569447458 0.376829177 0.727359235
1341848017.018678 0.218846321 -1.401809931 3.639802933 -0.067577608 0.571707428 0.377908915 0.725099087
1341848017.050760 0.214053154 -1.406890869 3.643877983 -0.068056710 0.572565019 0.378806978 0.723908067
1341848017.086845 0.209383249 -1.408742785 3.648711205 -0.068539254 0.575129390 0.378871799 0.721792758
1341848017.118641 0.207602501 -1.414301634 3.650461912 -0.070445858 0.577075779 0.380515844 0.719186127
1341848017.150678 0.203751087 -1.421668053 3.653341055 -0.070318907 0.580483258 0.384536803 0.714300990
1341848017.186855 0.198372364 -1.424992323 3.655267715 -0.069554619 0.583041489 0.385980964 0.711507976
1341848017.218765 0.192013264 -1.425596237 3.662065029 -0.065316692 0.589729667 0.385281473 0.706760883
1341848017.254693 0.186733723 -1.432878733 3.662021637 -0.064838409 0.592985213 0.386720330 0.703286588
1341848017.286638 0.177679539 -1.434406519 3.667034388 -0.059077073 0.598362327 0.387679040 0.698696911
1341848017.318695 0.175285339 -1.438002467 3.675308466 -0.053634308 0.604974449 0.385305554 0.694743752
1341848017.354737 0.166756630 -1.450053692 3.669868946 -0.051155046 0.607110322 0.385034293 0.693216324
1341848017.386825 0.160219193 -1.454805613 3.672098398 -0.049978945 0.611284137 0.387168109 0.688429117
1341848017.418824 0.153615236 -1.458914280 3.675977230 -0.043195631 0.616101503 0.389213592 0.683422148
1341848017.454792 0.145359516 -1.466011763 3.673197985 -0.043868665 0.616261005 0.391698778 0.681813776
1341848017.486699 0.141062737 -1.465402722 3.679107666 -0.040670216 0.621095777 0.391748875 0.677583098
1341848017.522694 0.133023739 -1.468144059 3.678499937 -0.039157882 0.623391211 0.389797926 0.676688790
1341848017.554797 0.124856472 -1.471177340 3.680461884 -0.037680387 0.627438366 0.388968140 0.673502147
1341848017.587838 0.119499683 -1.473932862 3.682530880 -0.035401292 0.630388021 0.390296876 0.670094132
1341848017.622714 0.116117477 -1.476014137 3.686998129 -0.032705847 0.635175109 0.389018655 0.666443884
1341848017.654814 0.110515118 -1.478466511 3.687453985 -0.030803526 0.637846231 0.390765578 0.662952125
1341848017.686820 0.112763882 -1.482107759 3.689214230 -0.029864863 0.640959203 0.388884604 0.661096156
1341848017.722837 0.100767612 -1.485260606 3.689878464 -0.024298146 0.644726932 0.387733310 0.658331037
1341848017.754780 0.100975037 -1.488199234 3.691908121 -0.021658313 0.646490157 0.390321165 0.655157089
1341848017.790699 0.099461555 -1.491699457 3.692152977 -0.018094135 0.648057699 0.389299423 0.654323995
1341848017.822756 0.090805054 -1.494959116 3.692821503 -0.015078872 0.650761008 0.387363762 0.652864575
1341848017.854726 0.086513519 -1.498067975 3.698982477 -0.012898995 0.653943777 0.387840271 0.649439156
1341848017.890737 0.082250595 -1.500704765 3.700748920 -0.011267529 0.654980242 0.387751460 0.648477256
1341848017.922823 0.074605942 -1.502903104 3.702686071 -0.011887749 0.656302691 0.386795789 0.647699356
1341848017.958643 0.077073097 -1.505164027 3.706026316 -0.014064516 0.658183992 0.387267500 0.645461142
1341848017.990683 0.069664478 -1.507061005 3.707542896 -0.011882109 0.659221828 0.387134343 0.644525051
1341848018.022671 0.067136765 -1.509026051 3.711305380 -0.013308819 0.660410047 0.389687300 0.641736150
1341848018.058766 0.068472862 -1.511307001 3.713234186 -0.016196962 0.662532926 0.389518797 0.639580369
1341848018.090894 0.063515186 -1.513951778 3.715680599 -0.015823547 0.665583134 0.389813006 0.636234701
1341848018.122747 0.061799049 -1.514932394 3.719606638 -0.014804401 0.667108774 0.393593282 0.632322013
1341848018.159145 0.063381195 -1.517924070 3.721465588 -0.013188489 0.668245018 0.396774888 0.629161716
1341848018.190824 0.060673237 -1.520817757 3.724290848 -0.014289713 0.670947373 0.396379381 0.626505315
1341848018.226660 0.061266899 -1.521922827 3.728495121 -0.014897222 0.673627496 0.397776157 0.622718394
1341848018.258766 0.059827805 -1.525706768 3.733355284 -0.012863562 0.675724149 0.400053740 0.619022131
1341848018.290747 0.056992531 -1.528012514 3.737950802 -0.010829852 0.676823854 0.402964145 0.615964472
1341848018.333905 0.059588909 -1.531806469 3.741464376 -0.014471729 0.678450704 0.404133171 0.613328338
1341848018.367205 0.062444210 -1.535871744 3.748102665 -0.016793434 0.682815969 0.403227240 0.609005928
1341848018.397728 0.057478428 -1.540119410 3.753059626 -0.014322461 0.685337126 0.404375404 0.605465531
1341848018.433770 0.055184364 -1.543709278 3.761442661 -0.009554749 0.686964989 0.409831047 0.600021899
1341848018.465663 0.057768822 -1.546442389 3.769488811 -0.007541122 0.688048244 0.414510250 0.595578730
1341848018.501822 0.057508945 -1.551614523 3.775005102 -0.007381163 0.689963460 0.416532308 0.591943324
1341848018.534507 0.056672573 -1.555276036 3.784346104 -0.006578093 0.693461537 0.417512983 0.587154806
1341848018.565849 0.054064274 -1.558545232 3.792642117 -0.004926541 0.695283115 0.419902742 0.583300054
1341848018.601739 0.055884361 -1.562686324 3.799823284 -0.006297507 0.697532356 0.420363158 0.580261946
1341848018.633687 0.051725864 -1.566691160 3.808581352 -0.006260497 0.701373398 0.420367271 0.575610578
1341848018.669811 0.052946091 -1.572309732 3.818832874 -0.005943311 0.703463435 0.422997534 0.571119070
1341848018.701756 0.050611019 -1.577729940 3.827788830 -0.006399710 0.704672217 0.425524116 0.567737162
1341848018.733853 0.052618504 -1.583085299 3.835565090 -0.008245514 0.706602633 0.426732600 0.564397037
1341848018.769715 0.050133705 -1.590080619 3.844488621 -0.008309599 0.708781779 0.426593661 0.561762631
1341848018.802234 0.051721096 -1.596700191 3.853950024 -0.008757525 0.709991932 0.427628070 0.559436381
1341848018.833759 0.054544926 -1.602483749 3.860601425 -0.009778804 0.711393654 0.426859945 0.558224082
1341848018.869787 0.054130554 -1.609870672 3.869326591 -0.009412388 0.714430690 0.424379349 0.556239486
1341848018.901964 0.049434185 -1.615841746 3.877539635 -0.006185433 0.716033280 0.424642980 0.554018438
1341848018.933795 0.052097797 -1.622006416 3.885458231 -0.003267476 0.716048062 0.427678525 0.551684320
1341848018.969688 0.047614574 -1.629864454 3.891237259 -0.001945555 0.716587842 0.427500993 0.551127017
1341848019.002336 0.046633720 -1.635454655 3.896913767 -0.003069418 0.718090653 0.428138882 0.548665226
1341848019.069833 0.045717716 -1.647109151 3.908375025 -0.002794763 0.721257985 0.426741362 0.545592248
1341848019.130792 0.044946194 -1.658961177 3.921752930 -0.005255303 0.725591183 0.427130520 0.539489925
1341848019.162652 0.042943954 -1.662788391 3.928856850 -0.004939514 0.727548420 0.427960396 0.536189198
1341848019.198644 0.041482449 -1.667578697 3.935696363 -0.005939419 0.729276717 0.429949015 0.532225609
1341848019.231114 0.042152882 -1.673593521 3.941321850 -0.007519772 0.731920600 0.431600481 0.527216017
1341848019.262728 0.041508198 -1.678073406 3.951190948 -0.007938191 0.735454142 0.430590540 0.523102343
1341848019.298715 0.034486294 -1.684236646 3.959923983 -0.008065144 0.737319112 0.432474256 0.518904269
1341848019.330680 0.037032604 -1.690528512 3.966224670 -0.009681413 0.739229500 0.435272962 0.513793349
1341848019.362697 0.033319950 -1.696847081 3.975795746 -0.009758667 0.742546201 0.434340924 0.509782255
1341848019.398715 0.029278278 -1.703070045 3.987845898 -0.011437891 0.745384514 0.435322642 0.504742920
1341848019.431028 0.032819748 -1.710280418 3.997880936 -0.013076598 0.747744441 0.436503440 0.500172138
1341848019.467021 0.028621674 -1.715023875 4.007600784 -0.013256304 0.751046717 0.434750527 0.496734381
1341848019.498756 0.029438019 -1.721781850 4.018198013 -0.013390087 0.754521728 0.434820682 0.491374314
1341848019.530821 0.027179241 -1.729592204 4.030450821 -0.009824484 0.757161200 0.435250461 0.486998409
1341848019.567087 0.025341034 -1.735422730 4.043191910 -0.007673998 0.758805394 0.437083602 0.482818216
1341848019.598737 0.027144432 -1.741917253 4.053446770 -0.006738388 0.759965718 0.438364923 0.479836404
1341848019.630654 0.022592068 -1.749671459 4.067857265 -0.007114831 0.762654662 0.437121779 0.476688355
1341848019.666875 0.025328159 -1.754314423 4.082154274 -0.007141057 0.764085531 0.438664049 0.472965330
1341848019.698668 0.025768280 -1.757686853 4.091977119 -0.005950021 0.763986588 0.440711945 0.471234709
1341848019.734756 0.025233269 -1.762451530 4.100319862 -0.007407211 0.765542388 0.440971315 0.468438178
1341848019.766703 0.026813984 -1.769161820 4.110095024 -0.009650936 0.768052280 0.440785110 0.464447051
1341848019.798719 0.026094437 -1.776918769 4.120116234 -0.008626941 0.769374132 0.441848427 0.461258084
1341848019.834660 0.026308537 -1.781404495 4.126600742 -0.007837744 0.770609498 0.443021417 0.458073825
1341848019.898833 0.025808811 -1.793031931 4.141263962 -0.005939052 0.775044262 0.444324017 0.449274272
1341848019.934782 0.027710915 -1.794150114 4.148375034 -0.003332398 0.776753604 0.446675211 0.443986475
1341848019.966705 0.028585911 -1.798117399 4.153898716 -0.001694013 0.778093278 0.449281901 0.438991785
1341848020.002811 0.030819416 -1.798562646 4.158643246 -0.001622686 0.780935943 0.449727088 0.433453530
1341848020.034693 0.029190540 -1.805428147 4.166023254 -0.002215587 0.783827782 0.449915767 0.428001136
1341848020.066696 0.033698559 -1.807887077 4.173268318 -0.001055163 0.785876691 0.452048838 0.421958029
1341848020.102776 0.035834789 -1.810544252 4.179378033 0.000710542 0.787266493 0.453411162 0.417886853
1341848020.134758 0.038977623 -1.810769796 4.182468414 -0.000872110 0.789512873 0.453670263 0.413342386
1341848020.170835 0.040187836 -1.819790483 4.190404892 -0.002848955 0.792578101 0.453323662 0.407810599
1341848020.202706 0.041167259 -1.824308634 4.197708607 -0.002956662 0.794733405 0.453384191 0.403525531
1341848020.234873 0.043479919 -1.827479124 4.202747345 -0.003352884 0.796648204 0.454608083 0.398336589
1341848020.271152 0.049766064 -1.830504298 4.205392361 -0.003623602 0.799057066 0.455091149 0.392920882
1341848020.302754 0.053006649 -1.834863901 4.213913918 -0.003205647 0.802224815 0.454264402 0.387387514
1341848020.334861 0.058010578 -1.836105704 4.220422745 -0.002201217 0.804698169 0.454805255 0.381586552
1341848020.370812 0.063211918 -1.842848301 4.224702835 -0.001407377 0.807012618 0.455660403 0.375635803
1341848020.438816 0.071323395 -1.849963546 4.236032486 -0.001169187 0.812784433 0.453877985 0.365205348
1341848020.471200 0.080235481 -1.852155924 4.241079330 -0.001091825 0.817103982 0.451581150 0.358349621
1341848020.502691 0.082559109 -1.858366728 4.248417854 0.001864186 0.820583403 0.450385928 0.351840854
1341848020.538748 0.087311268 -1.861018300 4.256854057 0.004647423 0.822794020 0.451409727 0.345279127
1341848020.570790 0.093590260 -1.865601897 4.262280941 0.007825213 0.824387193 0.453326762 0.338850051
1341848020.602764 0.094760895 -1.870510221 4.272066116 0.008808788 0.826186717 0.453948289 0.333570182
1341848020.638929 0.100905418 -1.871708989 4.279394150 0.011411266 0.826569259 0.458000630 0.326938182
1341848020.670809 0.110017300 -1.874962091 4.282309055 0.013400166 0.826971531 0.460838586 0.321817219
1341848020.706669 0.111507416 -1.878353953 4.289932728 0.011554460 0.828740120 0.459821701 0.318779588
1341848020.738994 0.121418953 -1.882834077 4.296932697 0.009987875 0.829396188 0.462941080 0.312550485
1341848020.770817 0.130187511 -1.884968877 4.300813198 0.013140072 0.829164922 0.465692312 0.308939487
1341848020.807216 0.133122444 -1.890803337 4.308268070 0.013139337 0.829496741 0.466874629 0.306252688
1341848020.839066 0.140557289 -1.892773747 4.310713291 0.011795198 0.829939365 0.468348920 0.302838087
1341848020.870955 0.146361351 -1.898536205 4.314260960 0.012773816 0.830743253 0.468660533 0.300099760
1341848020.906582 0.150665283 -1.902779341 4.321827888 0.013499778 0.831612766 0.468865722 0.297326297
1341848020.938790 0.157795429 -1.905502677 4.324502945 0.014532116 0.831603110 0.471018940 0.293881565
1341848020.974874 0.164816856 -1.909567952 4.326772213 0.014093387 0.833080053 0.470281303 0.290885985
1341848021.006632 0.167439938 -1.917039871 4.334573746 0.013416659 0.834591150 0.469369888 0.288044214
1341848021.039636 0.175787926 -1.917562962 4.340178490 0.013345699 0.835323334 0.470634252 0.283831358
1341848021.074762 0.182363510 -1.920139551 4.340417385 0.015585226 0.835313082 0.472808391 0.280109525
1341848021.106691 0.186384201 -1.921858430 4.346881390 0.013943848 0.836790681 0.472011894 0.277113348
1341848021.142795 0.193809986 -1.924410820 4.349950790 0.012696037 0.838013887 0.472768545 0.272142410
1341848021.175038 0.203701973 -1.928318620 4.354694366 0.013060227 0.839121342 0.473347306 0.267669916
1341848021.206698 0.210308075 -1.932937026 4.361610413 0.013207100 0.840121865 0.473898649 0.263516605
1341848021.242671 0.219677925 -1.930971265 4.362176895 0.010896239 0.841959596 0.473013043 0.259314328
1341848021.274899 0.228230953 -1.935978651 4.369524956 0.010854871 0.844766378 0.471761107 0.252375543
1341848021.307283 0.236887932 -1.938982606 4.372372150 0.011971770 0.846482158 0.471341282 0.247309923
1341848021.343359 0.244115829 -1.943380952 4.377748966 0.012641809 0.849078119 0.469691724 0.241446033
1341848021.384830 0.252614021 -1.950775385 4.377703667 0.012180009 0.852363884 0.466978133 0.235072389
1341848021.414272 0.260694981 -1.956335187 4.389443874 0.014873002 0.856343150 0.463899165 0.226390734
1341848021.455728 0.271497250 -1.959939599 4.393068314 0.018702216 0.858712614 0.463213116 0.218395278
1341848021.487906 0.279286146 -1.965088129 4.398449898 0.022652259 0.861663520 0.460824817 0.211337239
1341848021.514696 0.288654566 -1.970985293 4.407300949 0.025148587 0.863852561 0.459794104 0.204244450
1341848021.550755 0.298982859 -1.975068092 4.414319515 0.027397223 0.865027845 0.459961951 0.198522598
1341848021.617752 0.314594507 -1.981655836 4.423817158 0.021940619 0.867335081 0.458386660 0.192691907
1341848021.678764 0.334926128 -1.986731052 4.432739258 0.015437366 0.869881153 0.457127690 0.184669510
1341848021.710743 0.343024254 -1.992093086 4.440080166 0.015783302 0.870599031 0.457171619 0.181114182
1341848021.742811 0.352539062 -1.991315126 4.442977905 0.016257031 0.870558083 0.458794415 0.177121520
1341848021.778676 0.361987352 -1.994360447 4.444572449 0.016523646 0.870932579 0.459819824 0.172537550
1341848021.810867 0.367488861 -1.995500088 4.449952126 0.015361648 0.871330082 0.460319817 0.169273898
1341848021.844563 0.382531404 -1.994641542 4.451992035 0.011453233 0.872082055 0.461179405 0.163264453
1341848021.878887 0.393842697 -1.994146109 4.451932430 0.011263787 0.872959495 0.461181164 0.158514574
1341848021.910628 0.404485226 -1.997380972 4.453704834 0.010463893 0.873588145 0.461122215 0.155243844
1341848021.946714 0.415488482 -1.997513056 4.454278946 0.009249297 0.874848127 0.459953249 0.151652068
1341848021.978747 0.426281929 -2.000990391 4.454511642 0.008768181 0.876191318 0.458603203 0.147969797
1341848022.010782 0.436354876 -2.004210472 4.458168983 0.007335134 0.877689421 0.456908494 0.144368052
1341848022.046709 0.446400166 -2.004282713 4.456797600 0.006905797 0.878562987 0.456464291 0.140427396
1341848022.078665 0.457055330 -2.005391359 4.457273483 0.006440273 0.879569590 0.455782443 0.136302263
1341848022.110954 0.467937946 -2.005405664 4.456279755 0.004823698 0.880456984 0.455476463 0.131581008
1341848022.146749 0.481258631 -2.004725218 4.453191280 0.004089300 0.881497920 0.455001473 0.126168266
1341848022.178988 0.493060350 -2.005379677 4.451512814 0.003042570 0.882840931 0.453561395 0.121921457
1341848022.214773 0.502255678 -2.005377531 4.448747158 0.002856985 0.884002864 0.452501863 0.117358081
1341848022.246774 0.513713598 -2.005898952 4.445622444 0.002713880 0.886039674 0.450062782 0.111220062
1341848022.278764 0.523663998 -2.008063555 4.447845459 0.005665227 0.887563229 0.448647082 0.104476295
1341848022.314757 0.535924911 -2.008054256 4.441464424 0.011688692 0.887508512 0.450263649 0.097235523
1341848022.354110 0.543917894 -2.008537054 4.436369896 0.012399009 0.889067173 0.448242694 0.092110507
1341848022.387191 0.555667162 -2.009950638 4.436572075 0.012975874 0.890658319 0.446595132 0.084334530
1341848022.417848 0.565700531 -2.009732008 4.428545952 0.015420047 0.891108930 0.446656495 0.078645669
1341848022.454164 0.576557159 -2.012577534 4.422284126 0.016588826 0.892644346 0.444282860 0.074321248
1341848022.485638 0.583761811 -2.014172077 4.422235489 0.015673792 0.894347608 0.441711038 0.069196090
1341848022.521730 0.596695542 -2.017579079 4.417197704 0.017676428 0.894781232 0.441744417 0.062578812
1341848022.554231 0.605613947 -2.018839836 4.413186550 0.020212226 0.895676494 0.440337688 0.058803149
1341848022.586067 0.608042598 -2.023052454 4.409536362 0.019437702 0.896408737 0.439248979 0.055981565
1341848022.621801 0.621580124 -2.023372889 4.405277252 0.018240694 0.897150278 0.438655078 0.048687227
1341848022.654208 0.630678773 -2.027518511 4.397971630 0.020582434 0.898137093 0.437015057 0.044090997
1341848022.690287 0.637219310 -2.032270193 4.401270866 0.020825978 0.898783684 0.436122477 0.039387196
1341848022.721700 0.646584511 -2.031337738 4.397078037 0.020536685 0.897883654 0.438662678 0.030956732
1341848022.782985 0.659727097 -2.027452946 4.392912388 0.022689961 0.898243606 0.438407511 0.021035166
1341848022.814772 0.666131854 -2.030518293 4.389450550 0.019995006 0.895849645 0.443728805 0.012586131
1341848022.850799 0.686428130 -2.025143623 4.379031658 0.017469510 0.895160735 0.445384860 0.003814792
1341848022.882710 0.688486099 -2.023904085 4.381931782 -0.016208177 -0.894963801 -0.445844293 0.000097520
1341848022.918835 0.689778447 -2.025035620 4.384998322 0.014058186 0.890704334 0.454258919 -0.009854447
1341848022.950815 0.709692478 -2.025423050 4.343821049 0.006357363 0.885560036 0.464023143 -0.020629613
1341848022.982728 0.714747727 -2.016881227 4.357415199 -0.001403275 0.890913188 0.453416348 -0.026181558
1341848023.018822 0.725282729 -2.020461082 4.360493660 -0.006794736 0.888743579 0.456787646 -0.037866108
1341848023.050766 0.747082710 -2.008342743 4.345291138 -0.004806789 0.886057138 0.460542023 -0.052733414
1341848023.082738 0.757543266 -2.005801916 4.341331959 0.000692097 -0.886157751 -0.459476739 0.060042385
1341848023.118789 0.759012699 -2.007142544 4.342733860 -0.001218811 -0.885488749 -0.459902763 0.066315033
1341848023.150992 0.775607765 -2.002122402 4.331447124 0.000215978 -0.883657455 -0.461587369 0.078016713
1341848023.186687 0.788233519 -1.996570587 4.333998680 -0.000766441 -0.884444833 -0.458576173 0.086398408
1341848023.218702 0.795248687 -1.994346380 4.335972786 -0.003554774 -0.881877124 -0.461989015 0.094054878
1341848023.286758 0.818539500 -1.984205008 4.326878071 -0.002530920 -0.875845790 -0.470237613 0.108463563
1341848023.318763 0.825010836 -1.978890657 4.324045658 0.003731677 -0.873568833 -0.473471016 0.112644523
1341848023.354762 0.837208807 -1.977938890 4.319907188 0.007834597 -0.870580435 -0.476935506 0.120668739
1341848023.386908 0.852127433 -1.964491606 4.314442635 0.011514687 -0.869295120 -0.477678925 0.126555458
1341848023.418717 0.859138370 -1.962453127 4.314127445 0.010913024 -0.867657959 -0.479497194 0.130893856
1341848023.454710 0.864137173 -1.961926699 4.310329437 0.007355483 -0.864823043 -0.482980132 0.136956915
1341848023.487092 0.874383569 -1.954559803 4.303399563 0.007072153 -0.863463402 -0.483994335 0.141881764
1341848023.518675 0.879356921 -1.953485966 4.298297405 0.008791849 -0.862219751 -0.485101312 0.145521998
1341848023.555068 0.886336684 -1.949425936 4.293727398 0.011212911 -0.861388505 -0.484704256 0.151479289
1341848023.586796 0.897650123 -1.939648151 4.287264824 0.012132157 -0.861579478 -0.482632458 0.156842619
1341848023.622845 0.901478291 -1.941213369 4.280504227 0.010137103 -0.861157894 -0.482262284 0.160398006
1341848023.687172 0.913599968 -1.936179161 4.267728806 0.010756592 -0.860321760 -0.479989916 0.171290591
1341848023.722693 0.920423865 -1.932615280 4.260911942 0.008583676 -0.860382259 -0.478056014 0.176440492
1341848023.754690 0.924911618 -1.931780815 4.257612228 0.008346056 -0.859838367 -0.477818966 0.179714933
1341848023.786854 0.928302526 -1.928685665 4.247815132 0.009774443 -0.858554006 -0.478290081 0.184467092
1341848023.822788 0.935040355 -1.922635794 4.243315697 0.011549850 -0.858925879 -0.475488693 0.189798802
1341848023.854825 0.938752890 -1.918865204 4.234357834 0.011508982 -0.857705712 -0.476121992 0.193691403
1341848023.890666 0.943421960 -1.913769722 4.224112511 0.011595841 -0.856715262 -0.475783467 0.198833138
1341848023.922784 0.946674705 -1.913839102 4.212616920 0.012550295 -0.855823338 -0.475537062 0.203158692
1341848023.954826 0.948985219 -1.909090281 4.203504562 0.012133454 -0.855900407 -0.472981900 0.208747387
1341848023.990739 0.954793215 -1.903746843 4.197505951 0.008230628 -0.855104268 -0.471141607 0.216227949
1341848024.022671 0.960872412 -1.898049831 4.186828613 0.003306292 -0.852921903 -0.471943289 0.223120838
1341848024.054725 0.964021683 -1.892578840 4.175336361 0.000676800 -0.852196157 -0.471488237 0.226848230
1341848024.122843 0.970075607 -1.889830351 4.161290646 -0.005924986 -0.850166678 -0.470494539 0.236255005
1341848024.158762 0.975090504 -1.883594513 4.147348881 -0.008038435 -0.848339140 -0.471311659 0.241083771
1341848024.190945 0.975641251 -1.885472059 4.141016006 -0.009288022 -0.848318696 -0.470412701 0.242860451
1341848024.222838 0.977354527 -1.882777452 4.136751652 -0.009958256 -0.846409321 -0.471281588 0.247761756
1341848024.258826 0.981065035 -1.874513388 4.125337601 -0.010724685 -0.843982995 -0.472416461 0.253772378
1341848024.290769 0.983410835 -1.872264624 4.120645523 -0.012527961 -0.843367040 -0.471807569 0.256851494
1341848024.322705 0.984812260 -1.871560812 4.115073204 -0.012263022 -0.840802670 -0.474645883 0.260022759
1341848024.358743 0.987936020 -1.863047838 4.103490829 -0.009558505 -0.838416696 -0.476160318 0.265023738
1341848024.390878 0.991210699 -1.860349178 4.097077847 -0.007841201 -0.837527633 -0.475498855 0.269047916
1341848024.426783 0.994902611 -1.855917215 4.093146324 -0.008045902 -0.836254597 -0.475239217 0.273425132
1341848024.458795 0.997619867 -1.850898504 4.084330559 -0.008225680 -0.834288061 -0.476591229 0.277049929
1341848024.491019 1.000701189 -1.847697020 4.079648972 -0.007512974 -0.832680643 -0.477021217 0.281135798
1341848024.526783 1.004828215 -1.842587948 4.074265480 -0.006160893 -0.830390275 -0.478612572 0.285208851
1341848024.558627 1.009564400 -1.836889029 4.066930771 -0.005981149 -0.828794599 -0.479414403 0.288488358
1341848024.594736 1.013689518 -1.834640265 4.063155174 -0.005742471 -0.827481925 -0.479796171 0.291609854
1341848024.626657 1.018176794 -1.830054522 4.057820320 -0.004375699 -0.824823558 -0.481746227 0.295918137
1341848024.658717 1.023606300 -1.819523335 4.048655033 -0.003680603 -0.822899997 -0.481829613 0.301101774
1341848024.694820 1.028784752 -1.816639423 4.046441078 -0.005256124 -0.821771085 -0.481227964 0.305097312
1341848024.727054 1.035820723 -1.809189081 4.039373398 -0.005042008 -0.818697989 -0.483608812 0.309565485
1341848024.758938 1.040613890 -1.803470850 4.031533241 -0.005510781 -0.817129552 -0.483615100 0.313664615
1341848024.794701 1.047120571 -1.802499652 4.029169083 -0.004796180 -0.816480458 -0.482345909 0.317299753
1341848024.826727 1.054511786 -1.795216560 4.023254395 -0.004602069 -0.814756870 -0.482225776 0.321882784
1341848024.862797 1.063411951 -1.784831643 4.015204906 -0.006825793 -0.814260066 -0.479670793 0.326878965
1341848024.894777 1.072082281 -1.785055280 4.013157845 -0.009834440 -0.813950062 -0.478065789 0.329911649
1341848024.926754 1.079692841 -1.779951096 4.007042885 -0.011558837 -0.812679350 -0.477198601 0.334215850
1341848024.962678 1.089782000 -1.776102543 4.004109383 -0.014312994 -0.812912405 -0.474262536 0.337703496
1341848024.994729 1.097672462 -1.777269840 4.004131794 -0.016834481 -0.811627865 -0.474785447 0.339934647
1341848025.026872 1.107892990 -1.773112416 3.996312618 -0.018879348 -0.808574736 -0.476670086 0.344435841
1341848025.062647 1.117412567 -1.765274048 3.990436077 -0.017879745 -0.808081090 -0.474809438 0.348197252
1341848025.131056 1.135485411 -1.755452037 3.983000755 -0.016107759 -0.804611623 -0.474795699 0.356243968
1341848025.163080 1.144382954 -1.751221895 3.978885174 -0.018445268 -0.804192126 -0.472844124 0.359657317
1341848025.194910 1.153234720 -1.749082685 3.977273941 -0.019793347 -0.802884102 -0.472833067 0.362511128
1341848025.230646 1.160229683 -1.743780017 3.970096111 -0.020591281 -0.800457418 -0.473461270 0.366985649
1341848025.262679 1.168379545 -1.740492702 3.965800047 -0.022480678 -0.800176919 -0.471474230 0.370031983
1341848025.294743 1.176106930 -1.739234924 3.963043690 -0.023156982 -0.799473047 -0.471320748 0.371703476
1341848025.330653 1.182145119 -1.734454274 3.956770658 -0.021620836 -0.797859967 -0.472072244 0.374299318
1341848025.363022 1.189820528 -1.732326627 3.952648163 -0.021117140 -0.797438979 -0.470992327 0.376578778
1341848025.398825 1.197113514 -1.728864312 3.949562073 -0.022120062 -0.796785891 -0.470383286 0.378659040
1341848025.430687 1.200577497 -1.725812197 3.944038391 -0.023254324 -0.795074165 -0.471488804 0.380807996
1341848025.462832 1.205716610 -1.722874165 3.937996387 -0.019955551 -0.793808341 -0.471661985 0.383412689
1341848025.498683 1.213276863 -1.722222567 3.934526920 -0.019031787 -0.792940378 -0.470976979 0.386088312
1341848025.530800 1.219641685 -1.719090939 3.929292202 -0.018979607 -0.791323423 -0.471468657 0.388798594
1341848025.566751 1.223722458 -1.715887427 3.924953938 -0.018704418 -0.790290773 -0.471338332 0.391063869
1341848025.598738 1.229041576 -1.712146163 3.920850754 -0.017499615 -0.789188206 -0.471077234 0.393652171
1341848025.630731 1.235229731 -1.710203409 3.917006493 -0.017024292 -0.787877202 -0.471375495 0.395935446
1341848025.666677 1.238303661 -1.708143950 3.912362099 -0.018546069 -0.786580086 -0.471451819 0.398347884
1341848025.698755 1.243315697 -1.706195474 3.909990072 -0.018155292 -0.784976363 -0.471577197 0.401369601
1341848025.730719 1.247051001 -1.700477839 3.904150724 -0.016891671 -0.783050537 -0.472604275 0.403970003
1341848025.766716 1.250996351 -1.696412325 3.899709702 -0.015949192 -0.782582104 -0.471354991 0.406368643
1341848025.798909 1.255322456 -1.693327427 3.896948814 -0.016791532 -0.782054842 -0.469803363 0.409137070
1341848025.834828 1.259498835 -1.690472364 3.890228271 -0.018291634 -0.780283511 -0.470289141 0.411887407
1341848025.866679 1.263226032 -1.685580730 3.885334492 -0.019997073 -0.780236483 -0.468036056 0.414455712
1341848025.898725 1.267046452 -1.682427406 3.882154226 -0.022203157 -0.779569566 -0.466945946 0.416821152
1341848025.934824 1.271482706 -1.680012822 3.876496792 -0.023107508 -0.777831197 -0.467345059 0.419563264
1341848025.967138 1.275862455 -1.675364614 3.872552395 -0.024610704 -0.777337253 -0.465261400 0.422697276
1341848025.998679 1.281960011 -1.670931101 3.868432522 -0.025828740 -0.775607824 -0.465216100 0.425839633
1341848026.034640 1.284940243 -1.666716576 3.861595869 -0.028064622 -0.773748994 -0.465188801 0.429097146
1341848026.066857 1.289217710 -1.662744641 3.857306480 -0.028485605 -0.773380578 -0.463095725 0.431987822
1341848026.102823 1.296053410 -1.658732533 3.854010582 -0.029923161 -0.771636188 -0.462220907 0.435929060
1341848026.134670 1.300485134 -1.652549624 3.844577789 -0.032390356 -0.769101620 -0.462553650 0.439861089
1341848026.166699 1.306158066 -1.649880409 3.841476440 -0.035873443 -0.768917501 -0.460195899 0.442378432
1341848026.202754 1.310905457 -1.646070600 3.837649345 -0.037801631 -0.766568720 -0.460854888 0.445596516
1341848026.234940 1.315572739 -1.640894651 3.832096815 -0.039348025 -0.764240205 -0.460874289 0.449425876
1341848026.267001 1.321604252 -1.635645509 3.830294609 -0.043481611 -0.763442159 -0.458835691 0.452476859
1341848026.302861 1.325533867 -1.632431507 3.823908091 -0.046824455 -0.760228336 -0.461045861 0.455298871
1341848026.334824 1.329450130 -1.628800631 3.818429947 -0.047140177 -0.758507967 -0.460803747 0.458370388
1341848026.371024 1.333944798 -1.625489235 3.813863993 -0.047416188 -0.757506073 -0.459642887 0.461155862
1341848026.402725 1.339167118 -1.621897697 3.809380054 -0.048442915 -0.756298780 -0.458963543 0.463700175
1341848026.434734 1.342348099 -1.617731571 3.805787563 -0.050958000 -0.755895376 -0.456360996 0.466647744
1341848026.470839 1.346985817 -1.614805698 3.801166773 -0.051439792 -0.755405068 -0.454394370 0.469300389
1341848026.502672 1.351400852 -1.611770511 3.797280073 -0.051778555 -0.754446507 -0.452888489 0.472251594
1341848026.534739 1.356062412 -1.608747363 3.792067528 -0.051284779 -0.753614962 -0.451326847 0.475119442
1341848026.570847 1.359725475 -1.606075287 3.785136938 -0.049652018 -0.753123522 -0.450807542 0.476562887
1341848026.602721 1.364425659 -1.603058457 3.782040596 -0.047679257 -0.753072739 -0.450150073 0.477465242
1341848026.641972 1.370889187 -1.600453138 3.775788307 -0.047803607 -0.751613677 -0.449722707 0.480147183
1341848026.702795 1.380585670 -1.592470646 3.767629623 -0.046569381 -0.752051413 -0.447033197 0.482090563
1341848026.738795 1.387382030 -1.590025783 3.763276100 -0.045650542 -0.751741886 -0.446591169 0.483069956
1341848026.770813 1.394754410 -1.586737394 3.758461475 -0.046042439 -0.751079679 -0.446912915 0.483764768
1341848026.806747 1.401581764 -1.582695007 3.753846645 -0.046732400 -0.750439465 -0.447503865 0.484145671
1341848026.838668 1.410011292 -1.579609632 3.749137878 -0.045684900 -0.750020325 -0.448997349 0.483511984
1341848026.878025 1.417394638 -1.577072859 3.745647430 -0.044864897 -0.749410868 -0.449938983 0.483658403
1341848026.938881 1.435197830 -1.566641927 3.732367992 -0.042458601 -0.748028219 -0.451963902 0.484127760
1341848026.970651 1.445367336 -1.562221527 3.728414536 -0.042740159 -0.748109818 -0.451931655 0.484007090
1341848027.006815 1.454688549 -1.560239792 3.724434614 -0.041873291 -0.747428477 -0.453510374 0.483658731
1341848027.038669 1.465884209 -1.557775855 3.718999863 -0.042757202 -0.747023284 -0.452432692 0.485214174
1341848027.074785 1.477138519 -1.554564714 3.718156576 -0.042637117 -0.747471154 -0.451866716 0.485062271
1341848027.106663 1.486158133 -1.552154899 3.713007450 -0.043781746 -0.745687842 -0.452665806 0.486956328
1341848027.138671 1.494969130 -1.548617125 3.707751751 -0.043486062 -0.745872319 -0.450197011 0.488984764
1341848027.174831 1.508927584 -1.549638629 3.705760002 -0.042665053 -0.746425927 -0.448344618 0.489913523
1341848027.207212 1.517455339 -1.546386003 3.703892469 -0.043397326 -0.746210575 -0.446818203 0.491568953
1341848027.238696 1.527970552 -1.545193672 3.699862480 -0.043998394 -0.745448709 -0.445198327 0.494134426
1341848027.274701 1.541134357 -1.543069601 3.695688725 -0.042907774 -0.745157659 -0.444316536 0.495461315
1341848027.306705 1.550652742 -1.541833162 3.693075657 -0.043019474 -0.744908810 -0.443025619 0.496979505
1341848027.342775 1.562894106 -1.541293383 3.686936617 -0.043013737 -0.744423330 -0.442130029 0.498502672
1341848027.374943 1.573604822 -1.540718555 3.684800148 -0.044320785 -0.746001363 -0.438986927 0.498806715
1341848027.406837 1.584595919 -1.539259791 3.681648493 -0.043420672 -0.747310042 -0.437321454 0.498389721
1341848027.442959 1.594552994 -1.536414146 3.674769878 -0.043221932 -0.748445153 -0.435181290 0.498576969
1341848027.474800 1.605341196 -1.535778522 3.671521664 -0.041977603 -0.750798225 -0.432836294 0.497184753
1341848027.506714 1.616842747 -1.533485532 3.667137623 -0.040545523 -0.752854109 -0.431353718 0.495480359
1341848027.543310 1.625980377 -1.532677889 3.662636757 -0.040749744 -0.755017400 -0.430006474 0.493338287
1341848027.574717 1.636123180 -1.530298233 3.659519196 -0.038636301 -0.757236540 -0.428638160 0.491293579
1341848027.610716 1.644078255 -1.527244449 3.658406496 -0.037531659 -0.759204686 -0.427447438 0.489375412
1341848027.642684 1.652824879 -1.525929689 3.652076721 -0.037032485 -0.759826839 -0.427441120 0.488452524
1341848027.674731 1.660765886 -1.522214651 3.651363373 -0.035597526 -0.761463821 -0.427045763 0.486351371
1341848027.711026 1.666990995 -1.521691561 3.645077944 -0.036419090 -0.760815799 -0.428193539 0.486295432
1341848027.742789 1.674189806 -1.518827915 3.639314413 -0.036566947 -0.761234522 -0.428252757 0.485576540
1341848027.778768 1.679720402 -1.517196894 3.634065628 -0.035510659 -0.762460709 -0.428668886 0.483358771
1341848027.810746 1.686340570 -1.513880968 3.629451275 -0.033862542 -0.763177097 -0.429111242 0.481951833
1341848027.842836 1.691741705 -1.507541418 3.623300791 -0.033900809 -0.763267398 -0.429854363 0.481143296
1341848027.878669 1.696662903 -1.503398299 3.616457939 -0.033136483 -0.763687372 -0.431347102 0.479190230
1341848027.911127 1.701503038 -1.499183655 3.613413334 -0.031757262 -0.765267551 -0.431425929 0.476685196
1341848027.942732 1.705996990 -1.497642040 3.605343342 -0.030349661 -0.764443338 -0.434653014 0.475165367
1341848027.978757 1.711616278 -1.497265935 3.593193054 -0.028771251 -0.764077783 -0.436715305 0.473958939
1341848028.011034 1.717479944 -1.492887974 3.591943264 -0.026654368 -0.766682923 -0.435076356 0.471376121
1341848028.046706 1.721132040 -1.490296841 3.585284710 -0.025945898 -0.766748548 -0.435647309 0.470781207
1341848028.078967 1.724973202 -1.487771749 3.574373722 -0.025479581 -0.767358780 -0.435381502 0.470057726
1341848028.110971 1.728985548 -1.482623696 3.569796324 -0.026112929 -0.769577682 -0.433121175 0.468481004
1341848028.150637 1.731742620 -1.481543183 3.565701485 -0.027159149 -0.770482302 -0.432157785 0.467823744
1341848028.186050 1.734866381 -1.480989933 3.553965569 -0.027118415 -0.770770252 -0.431086034 0.468340397
1341848028.254235 1.741749763 -1.471949100 3.543616295 -0.027609229 -0.771898210 -0.427918673 0.469357491
1341848028.314908 1.746695995 -1.469683051 3.528330803 -0.027855050 -0.772071242 -0.426158130 0.470658451
1341848028.378956 1.752770901 -1.458964825 3.511098146 -0.028413547 -0.771227896 -0.423320323 0.474552512
1341848028.414628 1.755872488 -1.456746459 3.503268719 -0.028794099 -0.771353900 -0.422046959 0.475458205
1341848028.447632 1.759452820 -1.453114152 3.494311810 -0.028577203 -0.770632803 -0.420889080 0.477661937
1341848028.482785 1.763792992 -1.449795246 3.485168934 -0.028828790 -0.770578444 -0.419156313 0.479255468
1341848028.514701 1.769772291 -1.442915559 3.479578018 -0.031577367 -0.771006048 -0.416843355 0.480410486
1341848028.546612 1.772967577 -1.442614675 3.468098402 -0.033264495 -0.769870222 -0.418726236 0.480480790
1341848028.582747 1.778282881 -1.438023925 3.460235119 -0.032323584 -0.770211041 -0.417745054 0.480852664
1341848028.614649 1.786102772 -1.431575894 3.453904152 -0.032257590 -0.770282447 -0.417323411 0.481108814
1341848028.653766 1.789724112 -1.427171826 3.442292213 -0.033408139 -0.769599617 -0.418501228 0.481099993
1341848028.721828 1.800053120 -1.421565652 3.428562164 -0.034290537 -0.770303845 -0.417853475 0.480473369
1341848028.782861 1.808719635 -1.413673520 3.410393715 -0.035843056 -0.770280123 -0.416976988 0.481159180
1341848028.814757 1.813087702 -1.410582304 3.401627064 -0.035265390 -0.770208538 -0.417311728 0.481026024
1341848028.850773 1.817496300 -1.405120134 3.390573502 -0.034945384 -0.770091593 -0.417103797 0.481416851
1341848028.882714 1.823536396 -1.399829507 3.383045912 -0.035719212 -0.770357430 -0.416564137 0.481402069
1341848028.914838 1.827130079 -1.396466613 3.377174854 -0.038042217 -0.770079195 -0.417696565 0.480687469
1341848028.950881 1.832035780 -1.393357277 3.368252039 -0.039061174 -0.769164264 -0.419174373 0.480784208
1341848028.982690 1.834408998 -1.391229630 3.358582258 -0.039503537 -0.768403530 -0.421089172 0.480291098
1341848029.018728 1.837998152 -1.390035510 3.350635052 -0.038019411 -0.767996609 -0.422559142 0.479770362
1341848029.082877 1.846065283 -1.381846428 3.339026928 -0.034905110 -0.767752171 -0.421832770 0.481035799
1341848029.118800 1.850382090 -1.378186107 3.334304810 -0.035807092 -0.767552137 -0.421583772 0.481506675
1341848029.150715 1.852616549 -1.376230836 3.328727722 -0.036010880 -0.766495466 -0.423360080 0.481616229
1341848029.182676 1.856707096 -1.372118592 3.323125362 -0.034940135 -0.765091121 -0.424715698 0.482733160
1341848029.218708 1.860647678 -1.368019342 3.316240788 -0.034241401 -0.763819218 -0.425880998 0.483769715
1341848029.250626 1.864931583 -1.364717960 3.310021877 -0.032656968 -0.762855947 -0.427436709 0.484027117
1341848029.286969 1.869739771 -1.361724734 3.305131674 -0.029870363 -0.761818588 -0.428205281 0.485160172
1341848029.320225 1.874793530 -1.356858373 3.300758839 -0.028817667 -0.760340512 -0.428254724 0.487493366
1341848029.350954 1.880651236 -1.351929426 3.292543411 -0.030065585 -0.759551823 -0.426818818 0.489900947
1341848029.386923 1.885725021 -1.350722909 3.287373066 -0.029903833 -0.759153008 -0.426727504 0.490607917
1341848029.418757 1.890914679 -1.347907662 3.282289028 -0.029268647 -0.757537484 -0.427020818 0.492882967
1341848029.450819 1.898053408 -1.342993498 3.276646614 -0.029173860 -0.756888747 -0.424840808 0.495760679
1341848029.486788 1.903957605 -1.342487216 3.270170450 -0.029147971 -0.755834103 -0.424766630 0.497431904
1341848029.518925 1.910256863 -1.340478659 3.264996052 -0.028012201 -0.754557014 -0.424058676 0.500033259
1341848029.554721 1.917946577 -1.336117268 3.258603096 -0.028198574 -0.753699422 -0.421395272 0.503555357
1341848029.586990 1.927736521 -1.333165288 3.255112648 -0.029298527 -0.754036725 -0.418439806 0.505448818
1341848029.618715 1.935024738 -1.331572771 3.249404669 -0.030306607 -0.752307236 -0.417946041 0.508366525
1341848029.655302 1.942262650 -1.329158545 3.242643356 -0.031717304 -0.750430465 -0.416410953 0.512298882
1341848029.686830 1.951485872 -1.326847553 3.239100456 -0.031683844 -0.750131607 -0.414268643 0.514470816
1341848029.718752 1.960441828 -1.321463108 3.235004425 -0.031715237 -0.748030961 -0.413412452 0.518202662
1341848029.754791 1.968515873 -1.316521168 3.228709459 -0.032568697 -0.745980501 -0.412122965 0.522117913
1341848029.786949 1.977667093 -1.314103484 3.225618839 -0.032881226 -0.745643437 -0.409894943 0.524329066
1341848029.822778 1.985522032 -1.312017679 3.221864223 -0.033546127 -0.743708253 -0.409937590 0.526995242
1341848029.854811 1.993214369 -1.309461355 3.218029499 -0.034242976 -0.742011607 -0.409308881 0.529823065
1341848029.887992 2.001333475 -1.305948496 3.212251663 -0.035336331 -0.740311682 -0.407854080 0.533240259
1341848029.922779 2.010668755 -1.302635312 3.206740379 -0.035779804 -0.738197923 -0.407963753 0.536049664
1341848029.954640 2.017475128 -1.299667597 3.202297449 -0.036554627 -0.735870421 -0.408034712 0.539134741
1341848029.990762 2.025879860 -1.296465993 3.197644472 -0.036779400 -0.734255195 -0.406868577 0.542194188
1341848030.022873 2.033956528 -1.292981863 3.195904732 -0.037282258 -0.732863963 -0.406552196 0.544275522
1341848030.054776 2.039901972 -1.290063381 3.190147400 -0.037716262 -0.730922461 -0.406810075 0.546658516
1341848030.090782 2.045995951 -1.287072301 3.187216282 -0.037713896 -0.729670525 -0.406146705 0.548820138
1341848030.122796 2.051927090 -1.283171177 3.182613611 -0.036953025 -0.728099108 -0.405810773 0.551202238
1341848030.154918 2.057932854 -1.279672265 3.178935528 -0.037359707 -0.726309657 -0.405474931 0.553776801
1341848030.190683 2.063639164 -1.275752306 3.174389601 -0.037252277 -0.724526048 -0.404979795 0.556476057
1341848030.222713 2.067162752 -1.272178888 3.169054985 -0.036644388 -0.721762598 -0.405391842 0.559797764
1341848030.258930 2.072678328 -1.268431544 3.165532351 -0.035401274 -0.719440579 -0.405124635 0.563050687
1341848030.290864 2.077239513 -1.264162302 3.161271572 -0.035863429 -0.717098594 -0.404848725 0.566198826
1341848030.322775 2.080639124 -1.262914658 3.156034231 -0.036079254 -0.714827955 -0.405642599 0.568483412
1341848030.358886 2.085491657 -1.258000612 3.150038004 -0.035783432 -0.711159289 -0.406438142 0.572520912
1341848030.390832 2.087822914 -1.253473997 3.145014524 -0.035889491 -0.708984077 -0.405677468 0.575742483
1341848030.422795 2.093103886 -1.249555111 3.142704010 -0.035612632 -0.707026899 -0.405761361 0.578102529
1341848030.458888 2.094895363 -1.245859504 3.135215998 -0.036440447 -0.704419255 -0.405640006 0.581310451
1341848030.490846 2.099588633 -1.241707325 3.131766796 -0.035585757 -0.703184247 -0.405832022 0.582722962
1341848030.526716 2.101299286 -1.235455513 3.126592636 -0.035694949 -0.700888574 -0.405905753 0.585424364
1341848030.565795 2.104183435 -1.232373118 3.121605873 -0.036011863 -0.699377418 -0.404664606 0.588065386
1341848030.626961 2.111829758 -1.222784042 3.109855652 -0.037199594 -0.695340157 -0.401850581 0.594671726
1341848030.658903 2.115328312 -1.218796015 3.102300406 -0.039285071 -0.693774343 -0.399168104 0.598162830
1341848030.690656 2.119585276 -1.214909315 3.095586300 -0.040198926 -0.693106353 -0.396658242 0.600541413
1341848030.726765 2.123477459 -1.211919785 3.089242458 -0.040778238 -0.691479445 -0.395438105 0.603176713
1341848030.758759 2.124233723 -1.208081365 3.081991673 -0.041378982 -0.689602077 -0.393043429 0.606839120
1341848030.794692 2.129095316 -1.206278920 3.073807478 -0.040918980 -0.687613785 -0.391090989 0.610377610
1341848030.827483 2.134301424 -1.197107315 3.067345381 -0.040167239 -0.686604381 -0.386803955 0.614283085
1341848030.859838 2.139992952 -1.193987846 3.060899258 -0.041810080 -0.685489118 -0.382877678 0.617868423
1341848030.894711 2.144074440 -1.191516399 3.052812099 -0.046143461 -0.683393955 -0.379804939 0.621765077
1341848030.926741 2.146915436 -1.187271118 3.042392492 -0.050174732 -0.681831658 -0.376086086 0.625417769
1341848030.958727 2.150200129 -1.187224150 3.034386158 -0.049888108 -0.681288838 -0.373619020 0.627507389
1341848030.994735 2.155871630 -1.184357524 3.025858164 -0.049517393 -0.679073215 -0.370068938 0.632025778
1341848031.026698 2.163332224 -1.178077817 3.016746998 -0.051203113 -0.678636074 -0.365414858 0.635061681
1341848031.062783 2.167269230 -1.175023437 3.008975506 -0.054058507 -0.679142952 -0.361700058 0.636408448
1341848031.094761 2.173172951 -1.172289729 2.999062061 -0.056625299 -0.677529991 -0.358907163 0.639478266
1341848031.126776 2.175978899 -1.170735598 2.992846966 -0.058389734 -0.677819490 -0.357486784 0.639808238
1341848031.162860 2.181285381 -1.166091561 2.982639074 -0.059912704 -0.678245008 -0.355062038 0.640566349
1341848031.194685 2.186471939 -1.162766933 2.973863840 -0.060631528 -0.677471280 -0.354568392 0.641589999
1341848031.230953 2.189806223 -1.159078360 2.965256691 -0.062204778 -0.676393628 -0.354151666 0.642805517
1341848031.262715 2.195331573 -1.155235767 2.959048033 -0.063042216 -0.676748335 -0.352954239 0.643009126
1341848031.294747 2.202779293 -1.149612308 2.951733828 -0.065922171 -0.675691903 -0.352095097 0.644300997
1341848031.330754 2.204592705 -1.146307230 2.943461895 -0.067202210 -0.674613655 -0.352552891 0.645047843
1341848031.363008 2.208644152 -1.146735072 2.937635660 -0.066812158 -0.674314737 -0.351825744 0.645797610
1341848031.394753 2.213399649 -1.145354867 2.931879759 -0.064910844 -0.673391581 -0.352224588 0.646736622
1341848031.430611 2.214086771 -1.142946959 2.924831152 -0.064585067 -0.671787381 -0.351561397 0.648795068
1341848031.472150 2.217427969 -1.141626120 2.919284105 -0.062983483 -0.671130717 -0.350827575 0.650028229
1341848031.502110 2.221026421 -1.138715744 2.916428089 -0.061012987 -0.669687212 -0.351309299 0.651443183
1341848031.562876 2.229474545 -1.134960771 2.906843662 -0.058999229 -0.666295290 -0.348945916 0.656358540
1341848031.598730 2.232767582 -1.133618355 2.903009653 -0.058998376 -0.663638055 -0.348913580 0.659062326
1341848031.630816 2.235584021 -1.131639719 2.896645308 -0.058901653 -0.661725938 -0.347504377 0.661732674
1341848031.662784 2.237438440 -1.130931735 2.893713951 -0.058733992 -0.660518408 -0.346506864 0.663474798
1341848031.698757 2.244870663 -1.128473878 2.888807058 -0.057738628 -0.658370614 -0.344984055 0.666483581
1341848031.730668 2.246814251 -1.129071116 2.882262468 -0.056869835 -0.656729341 -0.343484998 0.668947339
1341848031.766658 2.254732370 -1.127752662 2.877635479 -0.053976133 -0.655641079 -0.341489047 0.671272397
1341848031.798743 2.260107040 -1.126454115 2.876056433 -0.054793399 -0.653594851 -0.339633197 0.674137056
1341848031.830821 2.263723612 -1.124303460 2.872568607 -0.055820320 -0.651616871 -0.336489469 0.677535594
1341848031.866735 2.269522667 -1.124476790 2.868340015 -0.055870689 -0.649442375 -0.333930373 0.680877149
1341848031.898722 2.271926880 -1.122229695 2.861806870 -0.054217212 -0.646577120 -0.332803845 0.684280753
1341848031.930844 2.281439543 -1.117620230 2.855821609 -0.053315338 -0.644951999 -0.328414857 0.687995732
1341848031.966694 2.287774563 -1.115085840 2.850389242 -0.053582225 -0.643258691 -0.327252328 0.690110981
1341848031.998742 2.291609287 -1.116412401 2.843863487 -0.052976556 -0.640349269 -0.327207416 0.692879260
1341848032.034711 2.297592163 -1.114064455 2.838998556 -0.050832450 -0.639041603 -0.325752258 0.694929779
1341848032.066718 2.305479765 -1.109964728 2.835396290 -0.050532699 -0.637727797 -0.324175239 0.696893275
1341848032.098732 2.310708284 -1.108096600 2.828222275 -0.052045241 -0.636415482 -0.322741449 0.698644936
1341848032.134739 2.316845417 -1.104879022 2.820556879 -0.050865095 -0.635613203 -0.322789729 0.699439347
1341848032.166964 2.324575186 -1.102638006 2.816191196 -0.050917372 -0.634157658 -0.322365940 0.700950623
1341848032.203043 2.328385830 -1.099265099 2.810554028 -0.051734049 -0.633713305 -0.321274638 0.701793253
1341848032.234663 2.335754156 -1.095897555 2.805363655 -0.051164448 -0.633353114 -0.320959955 0.702303946
1341848032.266730 2.341745377 -1.087422252 2.798165798 -0.050558623 -0.630950928 -0.321096003 0.704444587
1341848032.302842 2.344217300 -1.084170461 2.792461395 -0.050088674 -0.630217731 -0.320559144 0.705378354
1341848032.334617 2.352885723 -1.082257986 2.789346933 -0.049164653 -0.629991829 -0.319808424 0.705985725
1341848032.366699 2.356151819 -1.079792857 2.784975529 -0.049454667 -0.627666593 -0.320481062 0.707729399
1341848032.402980 2.358879566 -1.078118443 2.779852390 -0.048438422 -0.626763642 -0.318491191 0.709495902
1341848032.434730 2.365498543 -1.074463129 2.774230003 -0.047252726 -0.625660896 -0.316814631 0.711297572
1341848032.470791 2.371165991 -1.072439432 2.770396709 -0.046824269 -0.625331283 -0.315964550 0.711993456
1341848032.502972 2.374735594 -1.069497108 2.764694214 -0.046768062 -0.624991775 -0.314485669 0.712949395
1341848032.534733 2.380957603 -1.067248464 2.758174896 -0.046314843 -0.624122560 -0.313099414 0.714349270
1341848032.570910 2.384856224 -1.065132380 2.754440784 -0.046117846 -0.623796582 -0.312121600 0.715074182
1341848032.603044 2.389950037 -1.061423540 2.746489763 -0.044575516 -0.624832392 -0.310061067 0.715164125
1341848032.634746 2.394308090 -1.057955027 2.742520809 -0.042869903 -0.626022398 -0.307449102 0.715355396
1341848032.670780 2.398682356 -1.056868792 2.735536575 -0.040683702 -0.625791907 -0.306614101 0.716042757
1341848032.702791 2.402754068 -1.056181431 2.727438688 -0.039272238 -0.626259625 -0.305807322 0.716057658
1341848032.738725 2.409927607 -1.053593993 2.721799135 -0.038986586 -0.627148390 -0.303795874 0.716151595
1341848032.770741 2.415347815 -1.050021172 2.714747429 -0.039146263 -0.626657486 -0.304240495 0.716383755
1341848032.802941 2.417294979 -1.048946619 2.706812620 -0.039210401 -0.626717627 -0.304019541 0.716421604
1341848032.838781 2.423196554 -1.044842839 2.699683428 -0.038135685 -0.628190339 -0.303055376 0.715597689
1341848032.870732 2.425288439 -1.040937543 2.692176819 -0.039281335 -0.627629757 -0.303122759 0.715999007
1341848032.902707 2.427047253 -1.038572550 2.685236692 -0.040407121 -0.627452016 -0.301926970 0.716597140
1341848032.938845 2.429648161 -1.034511566 2.679353237 -0.040041160 -0.626975954 -0.301869512 0.717058361
1341848032.970816 2.428843021 -1.029689193 2.671465158 -0.039833818 -0.625274479 -0.303209364 0.717989683
1341848033.006687 2.429568291 -1.024867058 2.665076494 -0.039428540 -0.624181211 -0.302029341 0.719459236
1341848033.039238 2.429561615 -1.023177624 2.658843517 -0.039706960 -0.623744488 -0.300742775 0.720360994
1341848033.070841 2.429418325 -1.017034769 2.649023533 -0.037538603 -0.622018278 -0.300171316 0.722205877
1341848033.106948 2.429797173 -1.015180349 2.642175674 -0.036157377 -0.620372534 -0.298731387 0.724286020
1341848033.139110 2.430493832 -1.011649609 2.633610249 -0.036242340 -0.619244039 -0.295519084 0.726561666
1341848033.170741 2.431844473 -1.006774783 2.628399849 -0.037948683 -0.618214428 -0.293537945 0.728152692
1341848033.206854 2.429944754 -1.004126430 2.623010874 -0.040882401 -0.616326332 -0.292146921 0.730151176
1341848033.238728 2.429459095 -1.001831651 2.613840342 -0.041133992 -0.613799453 -0.291180462 0.732647479
1341848033.274940 2.434352398 -0.997984171 2.607796192 -0.040200319 -0.612274647 -0.290698260 0.734165072
1341848033.306665 2.433315992 -0.994794607 2.602523565 -0.041795194 -0.609893262 -0.290032506 0.736318290
1341848033.338836 2.434353828 -0.990769744 2.595333576 -0.042478416 -0.607928991 -0.288457781 0.738518834
1341848033.374810 2.437651157 -0.985108137 2.588356733 -0.042450562 -0.605640888 -0.288611114 0.740338266
1341848033.406805 2.433874607 -0.981621146 2.579861403 -0.042769607 -0.603712738 -0.288768739 0.741831720
1341848033.443097 2.434992790 -0.977524459 2.573196411 -0.042411581 -0.603070557 -0.286990464 0.743063748
1341848033.474671 2.436933279 -0.975679398 2.568295956 -0.043121744 -0.601938069 -0.286774606 0.744023740
1341848033.506807 2.436447620 -0.974505782 2.560777664 -0.043990783 -0.600387633 -0.286451042 0.745349109
1341848033.542876 2.436370134 -0.971774697 2.555260658 -0.044179361 -0.600301147 -0.284990519 0.745967269
1341848033.574826 2.438159943 -0.967648625 2.550615788 -0.044461876 -0.599282980 -0.283546597 0.747318208
1341848033.606870 2.438030958 -0.965912342 2.543528080 -0.046300247 -0.596893132 -0.281998098 0.749701321
1341848033.642934 2.438259602 -0.964642823 2.536302805 -0.047636814 -0.596378863 -0.280337811 0.750648856
1341848033.674924 2.438976526 -0.962930262 2.531315088 -0.047626548 -0.595459342 -0.280098051 0.751468599
1341848033.710808 2.440620661 -0.959742308 2.524923325 -0.048654180 -0.593954027 -0.278718561 0.753105223
1341848033.742797 2.437870264 -0.957225144 2.517060757 -0.049747076 -0.593540967 -0.276445448 0.754196525
1341848033.774817 2.441395760 -0.954168081 2.512028217 -0.047906570 -0.593707919 -0.275832117 0.754408777
1341848033.811114 2.442103863 -0.953107119 2.507068157 -0.048149601 -0.591540337 -0.275450081 0.756233454
1341848033.842774 2.441954613 -0.951407492 2.500464439 -0.049412183 -0.590110958 -0.273316592 0.758040607
1341848033.874878 2.444910288 -0.950523973 2.496887207 -0.050529476 -0.589654922 -0.272229880 0.758712590
1341848033.911229 2.445534706 -0.947410583 2.491439819 -0.050084975 -0.586624861 -0.271077186 0.761498511
1341848033.942752 2.450110197 -0.946493745 2.487861156 -0.047096990 -0.583398700 -0.269225180 0.764817417
1341848033.978916 2.449049711 -0.943939269 2.484206200 -0.043546323 -0.580725849 -0.266757935 0.767920196
1341848034.010755 2.452931643 -0.942371726 2.480597496 -0.039829612 -0.577561259 -0.264239520 0.771371603
1341848034.042713 2.455318689 -0.942932427 2.476685047 -0.038071021 -0.572806239 -0.261347294 0.775977612
1341848034.078802 2.454640627 -0.946043491 2.471831322 -0.040320054 -0.569731832 -0.257540196 0.779392719
1341848034.110771 2.458853245 -0.944701374 2.469044685 -0.039507803 -0.568594038 -0.253331244 0.781641424
1341848034.142710 2.461953402 -0.939107776 2.461610556 -0.036101677 -0.562410712 -0.248359933 0.787850380
1341848034.178809 2.463053703 -0.937057197 2.458035946 -0.033760972 -0.558577061 -0.245881259 0.791450739
1341848034.210696 2.465849638 -0.937712908 2.455654144 -0.034000982 -0.557203412 -0.242987722 0.793300271
1341848034.246723 2.473429441 -0.938747168 2.452670574 -0.035817191 -0.554124892 -0.239810169 0.796337843
1341848034.278739 2.475159645 -0.938247204 2.446960926 -0.036013603 -0.550994933 -0.236910656 0.799362838
1341848034.318061 2.478703976 -0.936595440 2.439782143 -0.034280196 -0.548899829 -0.234516323 0.801583409
1341848034.353785 2.484161615 -0.935669780 2.433534622 -0.034846187 -0.546219587 -0.231750295 0.804190159
1341848034.386162 2.488473177 -0.933402896 2.427986860 -0.036536135 -0.544960499 -0.227999717 0.806039333
1341848034.421769 2.494085789 -0.930979133 2.423425436 -0.036563400 -0.544015288 -0.226206899 0.807180882
1341848034.453838 2.497532606 -0.926967263 2.415110588 -0.037005600 -0.541548371 -0.225281715 0.809076130
1341848034.485678 2.501970053 -0.923678339 2.407138824 -0.036754798 -0.540551603 -0.223975703 0.810116053
1341848034.521747 2.507369041 -0.919588923 2.399950743 -0.035180926 -0.540685833 -0.224048927 0.810076058
1341848034.553684 2.511583328 -0.915607572 2.392803669 -0.034864951 -0.539484918 -0.224590525 0.810740113
1341848034.585774 2.515404701 -0.907544613 2.383371115 -0.034902070 -0.538853467 -0.224439621 0.811200202
1341848034.653784 2.524920464 -0.895531774 2.368817329 -0.037106268 -0.537603557 -0.226834401 0.811265528
1341848034.715163 2.529889107 -0.883992136 2.353553772 -0.038433887 -0.535181820 -0.226718575 0.812835753
1341848034.746742 2.538172245 -0.878596365 2.348155022 -0.040005725 -0.535753489 -0.226972967 0.812312245
1341848034.782798 2.539712191 -0.873314142 2.342145681 -0.041713767 -0.534476817 -0.227248967 0.812989771
1341848034.814737 2.543805122 -0.869320512 2.335588932 -0.042211507 -0.533939183 -0.226838887 0.813431859
1341848034.846851 2.549840450 -0.862091362 2.329186916 -0.041130438 -0.534026444 -0.228264853 0.813030958
1341848034.882707 2.551342487 -0.856523395 2.323737144 -0.042053752 -0.532482266 -0.228432626 0.813948810
1341848034.914816 2.553014755 -0.852706611 2.319099665 -0.042546868 -0.531103253 -0.228714436 0.814744651
1341848034.951491 2.555505276 -0.846467733 2.313673258 -0.041830637 -0.529119492 -0.229452118 0.815864325
1341848034.983028 2.556320190 -0.844034195 2.307720423 -0.042134978 -0.526717246 -0.230054453 0.817232311
1341848035.014942 2.556755781 -0.838528574 2.303838730 -0.043120135 -0.525035441 -0.229433522 0.818436801
1341848035.050945 2.557572603 -0.835469365 2.303678513 -0.044862177 -0.524685562 -0.228610501 0.818797767
1341848035.084295 2.556538105 -0.832438350 2.298107624 -0.044413451 -0.523463726 -0.229024291 0.819488406
1341848035.118886 2.560809851 -0.828151703 2.294107914 -0.044279318 -0.522067726 -0.229818135 0.820163608
1341848035.218946 2.562468290 -0.813817441 2.278186560 -0.045373209 -0.519020677 -0.230058253 0.821968377
1341848035.284261 2.559976816 -0.808877110 2.266140461 -0.046204258 -0.518310428 -0.228959918 0.822676599
1341848035.319914 2.561523438 -0.804492056 2.259752035 -0.045928922 -0.517692506 -0.226813152 0.823675215
1341848035.350991 2.559258461 -0.803976953 2.251200914 -0.046575096 -0.516935945 -0.225453496 0.824486971
1341848035.422709 2.558958054 -0.796313524 2.235925674 -0.046611700 -0.516242564 -0.221060634 0.826107264
1341848035.486822 2.556764126 -0.790677667 2.219616890 -0.047329206 -0.515630424 -0.216140449 0.827749074
1341848035.518623 2.556588888 -0.787647426 2.214176416 -0.049134608 -0.515549481 -0.214261428 0.828182757
1341848035.550852 2.552629948 -0.785576344 2.206894398 -0.051487029 -0.514582455 -0.210660890 0.829563797
1341848035.586716 2.551247597 -0.780704260 2.200563431 -0.049994070 -0.514529288 -0.207555369 0.830470383
1341848035.618790 2.552192211 -0.776503742 2.193129539 -0.049188029 -0.512667120 -0.206048772 0.832043827
1341848035.654654 2.550731182 -0.775905132 2.185577869 -0.052189909 -0.510362208 -0.202877775 0.834054649
1341848035.686693 2.550151348 -0.771477342 2.178881884 -0.053910218 -0.508802235 -0.200036719 0.835583270
1341848035.718791 2.547451019 -0.767794728 2.171783924 -0.057063319 -0.504657149 -0.198254824 0.838307798
1341848035.755991 2.544166088 -0.764248610 2.165146351 -0.058486573 -0.502220750 -0.196080744 0.840182185
1341848035.786729 2.543843985 -0.760425150 2.159505129 -0.057657275 -0.500701606 -0.195297197 0.841327786
1341848035.818784 2.542863369 -0.755873561 2.154641390 -0.058660328 -0.497494876 -0.194246486 0.843401551
1341848035.854701 2.539345980 -0.754169941 2.148901463 -0.059665512 -0.495660514 -0.191242188 0.845095992
1341848035.886689 2.538784742 -0.752865613 2.140853167 -0.060943998 -0.494997978 -0.188571826 0.845992684
1341848035.922832 2.537636280 -0.750400662 2.135278702 -0.061999675 -0.494402051 -0.186347783 0.846756876
1341848035.954633 2.534815311 -0.746465802 2.126949310 -0.062750742 -0.494072378 -0.182418779 0.847748935
1341848035.986741 2.535710335 -0.746442914 2.118391514 -0.064808078 -0.494577646 -0.180143341 0.847786129
1341848036.022779 2.535513401 -0.742139101 2.111781120 -0.067809090 -0.494355649 -0.178033918 0.848126471
1341848036.054911 2.530771494 -0.738610148 2.105771542 -0.069804579 -0.493343771 -0.176382497 0.848898411
1341848036.087013 2.529313564 -0.734596193 2.096101522 -0.069089130 -0.491527796 -0.176098645 0.850068450
1341848036.122737 2.529207230 -0.731612384 2.089122772 -0.069075383 -0.489321738 -0.177899286 0.850966990
1341848036.154810 2.523912907 -0.730249941 2.085682392 -0.071190357 -0.487858742 -0.177727520 0.851668179
1341848036.190835 2.522483826 -0.727967083 2.078946590 -0.070957750 -0.486662149 -0.177073687 0.852508008
1341848036.223282 2.520669460 -0.725554585 2.072229147 -0.070788763 -0.484972119 -0.177521974 0.853391469
1341848036.254692 2.516459942 -0.721145689 2.065317631 -0.068641417 -0.483464867 -0.178812772 0.854152262
1341848036.290758 2.516412735 -0.720694304 2.060914516 -0.066614479 -0.481198788 -0.180110902 0.855318844
1341848036.354859 2.510995388 -0.713899255 2.046443462 -0.066924945 -0.477199316 -0.179739073 0.857610524
1341848036.390843 2.507488728 -0.709178507 2.041023493 -0.066644475 -0.476605982 -0.178826064 0.858152986
1341848036.458823 2.504366398 -0.702906668 2.024174929 -0.065351836 -0.471824020 -0.178381041 0.860982895
1341848036.491205 2.504521132 -0.697321713 2.018177032 -0.063654020 -0.472432733 -0.177803159 0.860895813
1341848036.522726 2.500339270 -0.693890214 2.009768486 -0.063002527 -0.471262455 -0.177531183 0.861640930
1341848036.558942 2.497903347 -0.691960096 2.001574516 -0.061569337 -0.470030844 -0.176777214 0.862571776
1341848036.590723 2.494638920 -0.683686197 1.990733504 -0.059323028 -0.467764556 -0.174850255 0.864352047
1341848036.626802 2.493221283 -0.682232022 1.982640147 -0.060147524 -0.465857387 -0.171409577 0.866012692
1341848036.658670 2.489912271 -0.679700136 1.974122047 -0.059274293 -0.465046197 -0.168324605 0.867113352
1341848036.691175 2.489747047 -0.674792707 1.964698911 -0.056095943 -0.464221925 -0.165827155 0.868246913
1341848036.726753 2.487650871 -0.671304822 1.953961730 -0.055087902 -0.462544262 -0.162593842 0.869816899
1341848036.758851 2.487693548 -0.668687522 1.945774317 -0.055079855 -0.461828530 -0.159488916 0.870772064
1341848036.790720 2.486010551 -0.662347376 1.934313297 -0.052067623 -0.460232973 -0.156493425 0.872344196
1341848036.826992 2.487493515 -0.657942832 1.920544624 -0.050596345 -0.457278490 -0.155126482 0.874226630
1341848036.858633 2.486336708 -0.655092537 1.909960032 -0.051633246 -0.454766840 -0.152438626 0.875947297
1341848036.926846 2.480903625 -0.649213791 1.886735320 -0.052135739 -0.450404853 -0.147163868 0.879067779
1341848036.958725 2.480420589 -0.644625783 1.876958489 -0.049056359 -0.449049681 -0.145846575 0.880157232
1341848036.994836 2.480032206 -0.639234543 1.865503907 -0.048060425 -0.446828187 -0.143327698 0.881755114
1341848037.026790 2.476321220 -0.637093782 1.852481723 -0.046661977 -0.445503414 -0.142648190 0.882610261
1341848037.061042 2.475680828 -0.632752419 1.844409227 -0.042690188 -0.445638657 -0.142320618 0.882795930
1341848037.094661 2.475553989 -0.626324177 1.832212448 -0.039608117 -0.444589049 -0.139463678 0.883924067
1341848037.126709 2.473828077 -0.623879731 1.820689201 -0.038667891 -0.444615781 -0.137872830 0.884201705
1341848037.162789 2.469903946 -0.621753156 1.805243492 -0.035577599 -0.444103330 -0.135471165 0.884959936
1341848037.194724 2.469020844 -0.618577778 1.797113895 -0.027754519 -0.448938012 -0.133963525 0.883027852
1341848037.227032 2.469444752 -0.611180365 1.786251426 -0.023783354 -0.450671524 -0.131128848 0.882686138
1341848037.263738 2.473356485 -0.608801484 1.775932789 -0.021035261 -0.454177618 -0.127570674 0.881479502
1341848037.295192 2.469151020 -0.604260504 1.763265610 -0.015189022 -0.457085311 -0.127889916 0.880049229
1341848037.326868 2.472049236 -0.603206873 1.751275182 -0.015446765 -0.456790537 -0.128305569 0.880137265
1341848037.362746 2.459510565 -0.599178791 1.738714695 -0.014467211 -0.455472529 -0.128307924 0.880836308
1341848037.395057 2.458895683 -0.593554378 1.729845762 -0.010367169 -0.456746370 -0.129215240 0.880101562
1341848037.430946 2.456480026 -0.588251472 1.719683170 -0.007649448 -0.455922335 -0.130135462 0.880420983
1341848037.462765 2.452649832 -0.585994303 1.708974838 -0.006630526 -0.455537528 -0.131055400 0.880491972
1341848037.530725 2.445646286 -0.574874997 1.691050291 -0.003876745 -0.455480725 -0.132669449 0.880296052
1341848037.562958 2.440085411 -0.573168993 1.684155941 -0.004331086 -0.454249859 -0.134530559 0.880647421
1341848037.595756 2.435957193 -0.571765721 1.673395634 -0.003409019 -0.453858733 -0.135455504 0.880711377
1341848037.630756 2.433129311 -0.563661218 1.671997309 -0.002846730 -0.452906996 -0.135802582 0.881149709
1341848037.662669 2.429930449 -0.559221864 1.660050392 -0.002271562 -0.449456871 -0.137152776 0.882707477
1341848037.698670 2.424274445 -0.557851911 1.652981043 -0.001483526 -0.447645396 -0.138079002 0.883484960
1341848037.730964 2.419377565 -0.553462505 1.646871567 -0.000850286 -0.445350111 -0.137346163 0.884759128
1341848037.769764 2.414105415 -0.548253655 1.637974977 -0.001195147 -0.442487925 -0.136735633 0.886288047
1341848037.837792 2.401639462 -0.540206373 1.623887897 0.000085899 -0.438793659 -0.133357227 0.888637125
1341848037.898921 2.390414476 -0.529326618 1.611458540 -0.007173643 -0.432934284 -0.129755601 0.892008960
1341848037.930939 2.383891582 -0.524723351 1.603643417 -0.009541269 -0.428315639 -0.128534213 0.894390106
1341848037.966864 2.377886295 -0.520466685 1.597293139 -0.012881417 -0.424522638 -0.128127843 0.896213114
1341848037.998629 2.371358395 -0.516725421 1.592391014 -0.015337271 -0.422286451 -0.127782747 0.897279561
1341848038.030908 2.364246368 -0.511381567 1.584261656 -0.016572321 -0.418836534 -0.127743691 0.898878694
1341848038.066849 2.360471725 -0.506067753 1.577720881 -0.019432163 -0.414532721 -0.127774760 0.900810063
1341848038.098674 2.354613304 -0.499994546 1.572758913 -0.022444123 -0.411091357 -0.126205862 0.902536571
1341848038.134662 2.346362829 -0.496273488 1.568146229 -0.023875294 -0.408451974 -0.126048595 0.903719425
1341848038.166674 2.341967106 -0.493924826 1.562771440 -0.024547569 -0.405423015 -0.127712041 0.904831111
1341848038.198711 2.334270477 -0.489391476 1.557291389 -0.026497733 -0.402103543 -0.126289204 0.906455576
1341848038.234726 2.326067686 -0.486097634 1.550683975 -0.027024539 -0.400243282 -0.124590836 0.907497764
1341848038.274093 2.322948217 -0.483485281 1.543985844 -0.026171951 -0.398261279 -0.125020370 0.908335268
1341848038.306525 2.317895174 -0.479362637 1.535588026 -0.026240513 -0.395623267 -0.125466436 0.909423947
1341848038.341933 2.313196659 -0.477588356 1.531530857 -0.026497498 -0.394281089 -0.124850556 0.910083950
1341848038.374117 2.307315350 -0.471372396 1.525572777 -0.023885174 -0.391560435 -0.125676289 0.911216497
1341848038.409802 2.301985264 -0.470480621 1.518831491 -0.023317691 -0.389621168 -0.126814276 0.911904573
1341848038.441825 2.297330856 -0.469789594 1.510055780 -0.023436081 -0.388990998 -0.124871507 0.912438393
1341848038.473889 2.293327570 -0.464511424 1.504816055 -0.023065228 -0.387652874 -0.124374278 0.913085103
1341848038.510185 2.285449505 -0.465760589 1.497065187 -0.022915330 -0.385266125 -0.124922499 0.914023757
1341848038.566862 2.274333239 -0.461304635 1.481381416 -0.016391389 -0.382859886 -0.122823887 0.915458322
1341848038.602989 2.267078638 -0.459238946 1.471158624 -0.015668623 -0.381457537 -0.122801684 0.916059196
1341848038.634739 2.263830662 -0.454824716 1.463185191 -0.013857969 -0.382278144 -0.122257762 0.915818989
1341848038.670685 2.264598846 -0.449480385 1.453467488 -0.013066919 -0.381874830 -0.123006433 0.915898621
1341848038.702868 2.257608891 -0.447505236 1.444145441 -0.013456694 -0.381115347 -0.123204596 0.916182697
1341848038.734794 2.253124952 -0.442468077 1.437852979 -0.009965898 -0.381122351 -0.123699330 0.916157722
1341848038.770741 2.252864361 -0.437732399 1.423834085 -0.009165740 -0.378933072 -0.123381518 0.917116582
1341848038.802800 2.249570608 -0.431565553 1.413347244 -0.010453116 -0.378830343 -0.121607229 0.917382181
1341848038.838770 2.239136219 -0.429532260 1.407706022 -0.010735191 -0.378400624 -0.120171793 0.917745292
1341848038.871141 2.240918636 -0.422692597 1.397231579 -0.008310015 -0.375648946 -0.119754076 0.918954730
1341848038.902781 2.237917185 -0.417989373 1.386959314 -0.010218942 -0.372945517 -0.117900096 0.920275450
1341848038.938767 2.234248400 -0.414971173 1.379397511 -0.011896646 -0.372662336 -0.114113763 0.920847058
1341848038.970765 2.240040779 -0.406036317 1.369026661 -0.011237794 -0.369948834 -0.112847269 0.922104716
1341848039.002634 2.235941410 -0.399216592 1.361865759 -0.012935649 -0.365610480 -0.112543061 0.923848331
1341848039.038895 2.229302883 -0.398941845 1.353841186 -0.013367002 -0.362762421 -0.109857850 0.925287068
1341848039.070805 2.232295990 -0.388249099 1.343855619 -0.011952681 -0.360882998 -0.107190698 0.926353574
1341848039.106775 2.228271246 -0.386994332 1.332899332 -0.013844377 -0.358773142 -0.106587499 0.927215874
1341848039.138656 2.226449966 -0.381104648 1.326175213 -0.012949827 -0.357745051 -0.103940569 0.927926302
1341848039.170737 2.228832722 -0.374306142 1.315609455 -0.013128912 -0.355316371 -0.102912515 0.928970933
1341848039.206814 2.224709511 -0.376269847 1.308642626 -0.015078896 -0.353974432 -0.101911873 0.929563761
1341848039.238881 2.223015308 -0.371299684 1.298758745 -0.012960875 -0.352741808 -0.100342728 0.930234730
1341848039.270959 2.226500034 -0.365766287 1.289037704 -0.012622888 -0.351243675 -0.100024067 0.930840373
1341848039.306747 2.222317934 -0.361606389 1.282369852 -0.013850229 -0.349820256 -0.098872960 0.931481659
1341848039.338889 2.222067356 -0.357491463 1.277044296 -0.013590600 -0.349739105 -0.096658617 0.931748390
1341848039.374766 2.221089602 -0.349936843 1.266296148 -0.012357996 -0.347695827 -0.097751245 0.932416022
1341848039.406886 2.220873833 -0.349219680 1.263284326 -0.013622331 -0.346322626 -0.097717464 0.932912886
1341848039.438853 2.217133999 -0.343343735 1.254279137 -0.013455312 -0.344392985 -0.097752675 0.933625638
1341848039.474867 2.213811159 -0.338887334 1.249380469 -0.014146761 -0.342639655 -0.098699167 0.934160829
1341848039.507121 2.206501245 -0.333434105 1.241988540 -0.013993993 -0.339256316 -0.098876059 0.935378432
1341848039.538659 2.203620195 -0.331984460 1.233929753 -0.013093080 -0.337063491 -0.099167235 0.936153114
1341848039.574890 2.196697235 -0.326839387 1.224671364 -0.012924541 -0.335707664 -0.099059977 0.936653852
1341848039.606721 2.195308685 -0.325542569 1.221910477 -0.012508026 -0.335928649 -0.099805184 0.936501205
1341848039.642714 2.192428112 -0.321686149 1.217460632 -0.010846110 -0.333335191 -0.100766651 0.937345266
1341848039.674760 2.187361717 -0.320180178 1.206841350 -0.009870583 -0.331474572 -0.100836679 0.938008070
1341848039.707168 2.182244301 -0.314298719 1.200606465 -0.009390848 -0.331579745 -0.100121364 0.938052475
1341848039.742862 2.177319527 -0.311049938 1.198174834 -0.009030820 -0.329927087 -0.101675116 0.938471556
1341848039.775334 2.170766830 -0.309160024 1.194084764 -0.007789975 -0.327344209 -0.102995589 0.939242840
1341848039.806875 2.163710594 -0.304186404 1.185125113 -0.005345775 -0.325452924 -0.102930531 0.939924061
1341848039.843282 2.160513163 -0.299869418 1.179841280 -0.004851870 -0.323684782 -0.102779523 0.940553606
1341848039.881803 2.150294781 -0.299642146 1.175846100 -0.005053297 -0.321111649 -0.102315404 0.941484630
1341848039.943367 2.137396574 -0.289181978 1.160319924 -0.004219070 -0.317178220 -0.097741313 0.943306386
1341848039.974815 2.129570484 -0.288012594 1.156751275 -0.006865654 -0.316379726 -0.095226720 0.943816006
1341848040.010707 2.120023727 -0.286069840 1.149465919 -0.006388433 -0.315070808 -0.093044169 0.944474697
1341848040.042768 2.115417480 -0.276465207 1.143457174 -0.006488747 -0.313207954 -0.090979904 0.945294321
1341848040.078716 2.108346701 -0.273945272 1.139543533 -0.010062987 -0.311216682 -0.088684574 0.946138442
1341848040.110819 2.101785421 -0.270568043 1.136105537 -0.012754264 -0.308670551 -0.086943805 0.947101176
1341848040.142744 2.093739986 -0.265303433 1.127968311 -0.013633243 -0.303863138 -0.086377338 0.948694050
1341848040.178810 2.086241245 -0.262212545 1.120847225 -0.015769238 -0.300894171 -0.086458273 0.949599385
1341848040.211029 2.079039335 -0.256193429 1.116547823 -0.018767394 -0.298462570 -0.084201843 0.950514555
1341848040.242681 2.071755409 -0.252337426 1.112051487 -0.021104103 -0.294945538 -0.083687030 0.951608300
1341848040.278950 2.062911034 -0.253144056 1.110376358 -0.022586670 -0.291781783 -0.082645766 0.952639997
1341848040.310719 2.057820559 -0.255493671 1.104226708 -0.022724081 -0.290015191 -0.079889491 0.953410983
1341848040.346920 2.052208662 -0.249790996 1.093878984 -0.024774648 -0.287372023 -0.076508641 0.954437077
1341848040.378809 2.043124914 -0.248295784 1.092151523 -0.027030498 -0.285355508 -0.073790342 0.955194533
1341848040.410884 2.036087990 -0.252637118 1.087158084 -0.025888231 -0.283492297 -0.071196139 0.955977559
1341848040.446720 2.032289028 -0.247250587 1.079714179 -0.024804730 -0.282369167 -0.066708133 0.956662118
1341848040.478680 2.023826122 -0.245575726 1.073855162 -0.024986915 -0.280914605 -0.063707463 0.957289994
1341848040.517796 2.018992424 -0.245345682 1.069179893 -0.023070479 -0.280252427 -0.062431972 0.957616091
1341848040.578879 2.005838871 -0.240156427 1.052602768 -0.021155130 -0.277068436 -0.060804810 0.958690941
1341848040.614917 1.999426603 -0.243689999 1.047382593 -0.022689868 -0.275712013 -0.059633546 0.959120452
1341848040.646758 1.995407343 -0.240776971 1.041917801 -0.020227781 -0.273304522 -0.059941363 0.959845066
1341848040.679034 1.988888144 -0.244606987 1.038508415 -0.019936712 -0.268724501 -0.060067084 0.961135566
1341848040.714653 1.976207972 -0.240603700 1.043537736 -0.015896684 -0.261747152 -0.056453861 0.963352859
1341848040.746821 1.969814897 -0.240483135 1.034288764 -0.011679121 -0.253199548 -0.055762142 0.965735078
1341848040.778774 1.965265036 -0.237921894 1.026686788 -0.007900310 -0.247646943 -0.054499134 0.967284083
1341848040.814675 1.964370489 -0.241250619 1.029844046 -0.008676175 -0.242202565 -0.052567706 0.968761742
1341848040.846908 1.951669455 -0.239686295 1.022245288 -0.007344732 -0.235903397 -0.051567767 0.970379591
1341848040.882827 1.948730588 -0.238979518 1.021375060 -0.005090997 -0.231616348 -0.050300229 0.971492648
1341848040.914699 1.943582058 -0.238020688 1.014183044 -0.005714638 -0.226297662 -0.047405124 0.972887218
1341848040.946862 1.934453249 -0.233931541 1.006521583 -0.004588014 -0.221255407 -0.044964336 0.974168003
1341848040.984484 1.928150415 -0.227221847 0.997049809 -0.003597071 -0.214800775 -0.041796423 0.975756526
1341848041.022638 1.921528459 -0.224499047 0.994865000 -0.006221492 -0.211284265 -0.037693441 0.976677775
1341848041.058859 1.917216301 -0.222979501 1.001313925 -0.007706874 -0.211158291 -0.031656034 0.976908743
1341848041.094347 1.914222956 -0.217614830 0.992025316 -0.008545795 -0.205206722 -0.028309295 0.978271842
1341848041.122188 1.908565879 -0.212476388 0.991972089 -0.012782842 -0.200504020 -0.024668662 0.979298830
1341848041.189954 1.897706270 -0.208015323 0.982245862 -0.018906934 -0.193629548 -0.014548808 0.980784595
1341848041.250726 1.885175943 -0.199059501 0.978484273 -0.022561759 -0.188503265 -0.009100952 0.981771231
1341848041.283054 1.880178332 -0.196696565 0.974995494 -0.026672900 -0.185663104 -0.008057307 0.982218385
1341848041.319290 1.868181109 -0.198824853 0.979829848 -0.029214961 -0.183550030 -0.006279913 0.982556105
1341848041.355465 1.864871383 -0.195336968 0.974055290 -0.027821518 -0.180683881 -0.004924049 0.983135343
1341848041.384901 1.862945914 -0.189739957 0.972025394 -0.027836341 -0.178025529 -0.006221706 0.983612418
1341848041.418768 1.848758459 -0.188498884 0.975350499 -0.028194614 -0.172642797 -0.003183320 0.984575808
1341848041.450845 1.840415120 -0.184998572 0.963779092 -0.029363008 -0.167731881 -0.000571994 0.985395074
1341848041.482801 1.833100677 -0.184812844 0.966226876 -0.033340972 -0.164935604 -0.001426539 0.985739648
1341848041.518788 1.825334430 -0.187520862 0.971532762 -0.035387933 -0.160668433 -0.000868375 0.986373484
1341848041.550730 1.818505526 -0.180440918 0.968479693 -0.034498252 -0.155020192 0.000741534 0.987308502
1341848041.586805 1.807726741 -0.183725566 0.969795227 -0.036237996 -0.150505245 -0.000074043 0.987944841
1341848041.618743 1.795768857 -0.181552172 0.968651593 -0.035762306 -0.146193027 0.001033957 0.988608956
1341848041.650957 1.788467526 -0.178805530 0.969316006 -0.035111584 -0.143764108 0.001398508 0.988987982
1341848041.686781 1.776880980 -0.179567039 0.976385772 -0.034803130 -0.142227352 0.002535739 0.989218771
1341848041.718789 1.765701294 -0.179200694 0.967513919 -0.033986114 -0.138056651 0.005058766 0.989828110
1341848041.750776 1.750398517 -0.174389988 0.969444215 -0.033051074 -0.135488272 0.008945460 0.990187109
1341848041.786711 1.739430428 -0.175980046 0.970672488 -0.032407768 -0.134186938 0.011873730 0.990354776
1341848041.818704 1.726124048 -0.173048794 0.971133769 -0.030909540 -0.133578256 0.016226318 0.990423262
1341848041.854747 1.717581749 -0.178627789 0.967530072 -0.032293335 -0.133468419 0.019071942 0.990343213
1341848041.886710 1.705999613 -0.180807367 0.968979657 -0.033009283 -0.131434217 0.021080835 0.990550876
1341848041.918718 1.691725850 -0.182384402 0.971655130 -0.030616563 -0.129602998 0.024147285 0.990799010
1341848041.994975 1.676563621 -0.180450112 0.966580689 -0.030676799 -0.126960382 0.031572051 0.990930498
1341848042.018871 1.665654778 -0.188725099 0.974866986 -0.032544184 -0.125722542 0.035626583 0.990891278
1341848042.054627 1.655357480 -0.189424247 0.969229877 -0.029851571 -0.122750729 0.037144184 0.991292894
1341848042.089498 1.646484375 -0.189645603 0.968811572 -0.031809092 -0.120428607 0.039038934 0.991443992
1341848042.122881 1.635932326 -0.195607543 0.973747253 -0.033817649 -0.118960716 0.043077607 0.991387486
1341848042.154788 1.628589749 -0.194128901 0.974820077 -0.031499848 -0.117071211 0.043845728 0.991655052
1341848042.186714 1.615076661 -0.197643846 0.974456310 -0.032577485 -0.112270564 0.042944673 0.992214680
1341848042.222883 1.606822968 -0.199721009 0.979343712 -0.033259492 -0.109781809 0.044835459 0.992386818
1341848042.254762 1.594170570 -0.200247616 0.974591374 -0.033138879 -0.105384164 0.045689076 0.992828548
1341848042.290694 1.585745215 -0.205737785 0.974201262 -0.034894735 -0.100121103 0.041773207 0.993485332
1341848042.322759 1.571093440 -0.205763951 0.976622820 -0.035308067 -0.095341273 0.043608945 0.993862033
1341848042.354987 1.565366268 -0.200172454 0.977092385 -0.035744481 -0.094003379 0.048460957 0.993749142
1341848042.390711 1.556175590 -0.201704085 0.980494022 -0.038801607 -0.091621540 0.049507946 0.993805289
1341848042.429737 1.545827150 -0.203152746 0.986146212 -0.039708041 -0.087406829 0.051225811 0.994062066
1341848042.490921 1.525243044 -0.196181685 0.982542098 -0.041370746 -0.078489065 0.057472490 0.994396746
1341848042.522713 1.511792541 -0.197664112 0.987648785 -0.043427687 -0.073262669 0.059592839 0.994583011
1341848042.558691 1.504705310 -0.195258722 0.988899946 -0.042028271 -0.068575300 0.062941879 0.994771004
1341848042.590841 1.495222688 -0.194992453 0.987862706 -0.043929052 -0.064060375 0.065360859 0.994833946
1341848042.622730 1.482901216 -0.197475910 0.997719646 -0.044766724 -0.059736189 0.069116466 0.994811833
1341848042.658741 1.477633715 -0.196448490 0.992259145 -0.041764323 -0.056525394 0.072704680 0.994874179
1341848042.697779 1.468142152 -0.190990120 0.991670310 -0.040646777 -0.051330850 0.075388119 0.995002329
1341848042.729778 1.458432913 -0.189530164 0.994299114 -0.040658042 -0.047094386 0.081959613 0.994691789
1341848042.761637 1.450844288 -0.188298360 0.989536405 -0.041116878 -0.043329507 0.087558441 0.994366944
1341848042.797954 1.444919467 -0.189114064 0.990562558 -0.043065328 -0.038591947 0.088816889 0.994367957
1341848042.829708 1.434104443 -0.187191218 0.990437746 -0.043758795 -0.031682141 0.091334142 0.994353831
1341848042.861726 1.425179482 -0.184961945 0.989843607 -0.044627495 -0.025797253 0.095280625 0.994114935
1341848042.897767 1.415164471 -0.184204906 0.986768305 -0.046117555 -0.020362874 0.097958148 0.993912816
1341848042.929860 1.404105544 -0.186445042 0.989918351 -0.046656795 -0.015723471 0.097982496 0.993969500
1341848042.965708 1.399200797 -0.186537966 0.988383889 -0.045233551 -0.011835940 0.100634687 0.993824184
1341848042.997994 1.393377662 -0.182902560 0.987576008 -0.044814963 -0.009297204 0.104437470 0.993477762
1341848043.030335 1.389650702 -0.181858271 0.988545060 -0.045736723 -0.007861216 0.108352587 0.993028760
1341848043.065737 1.378610730 -0.181701437 0.988504291 -0.046462961 -0.003086137 0.110055812 0.992834032
1341848043.097862 1.367224097 -0.182366252 0.988456845 -0.047856193 0.001784458 0.110497028 0.992722094
1341848043.133955 1.355296612 -0.180337355 0.990163863 -0.047474600 0.005995349 0.112873308 0.992456496
1341848043.165792 1.349799752 -0.178763717 0.988902986 -0.048353713 0.008720274 0.114552021 0.992201447
1341848043.201879 1.337881327 -0.179124057 0.994119883 -0.048723415 0.011603872 0.114432693 0.992167592
1341848043.233861 1.329697609 -0.184698880 0.997310936 -0.047415417 0.014862674 0.113574654 0.992286146
1341848043.265717 1.325397730 -0.188495800 0.993247807 -0.048267316 0.017643049 0.116323732 0.991881013
1341848043.301798 1.321083188 -0.192077249 0.996680081 -0.049498055 0.019002290 0.116737247 0.991746604
1341848043.334034 1.298314571 -0.189626306 1.001186132 -0.046229783 0.026145279 0.118310951 0.991555274
1341848043.369819 1.288047194 -0.187833205 1.000241637 -0.044880878 0.029278735 0.120171487 0.991305888
1341848043.401743 1.276643991 -0.190957189 1.006170630 -0.044968717 0.030584041 0.120734148 0.991194129
1341848043.433949 1.272520185 -0.189719602 1.007970691 -0.043622036 0.030389551 0.121886283 0.991119266
1341848043.469625 1.262791514 -0.191301614 1.010881543 -0.043771207 0.033626895 0.123029709 0.990866899
1341848043.501696 1.252224088 -0.194947183 1.019696355 -0.044369474 0.036125939 0.126909554 0.990262747
1341848043.537825 1.241991162 -0.198790550 1.018715262 -0.042865369 0.036763187 0.128500596 0.990100324
1341848043.569664 1.234971046 -0.198252857 1.020967126 -0.042553253 0.038555026 0.131148681 0.989698350
1341848043.601838 1.219994903 -0.200391725 1.026788592 -0.043584924 0.040937230 0.133677617 0.989219368
1341848043.637798 1.213903308 -0.204907805 1.031421423 -0.045763399 0.040885482 0.134141028 0.989060342
1341848043.670144 1.204523087 -0.205542535 1.039768934 -0.046675455 0.042374607 0.137056515 0.988555193
1341848043.701979 1.194697022 -0.210252389 1.043128967 -0.047856238 0.044476293 0.137746230 0.988310516
1341848043.737757 1.185014248 -0.209350675 1.047653556 -0.047328770 0.045619115 0.139279842 0.988068879
1341848043.769828 1.171565175 -0.213912830 1.052489519 -0.050516486 0.049508370 0.142308325 0.987291932
1341848043.805817 1.159969568 -0.222807497 1.062204361 -0.053501777 0.052491385 0.144558892 0.986653388
1341848043.837855 1.155872226 -0.231166661 1.068989754 -0.052995816 0.053260189 0.144081146 0.986709476
1341848043.869697 1.146533608 -0.226672456 1.069223285 -0.049612079 0.056212485 0.144896939 0.986602128
1341848043.905731 1.136774421 -0.234498799 1.075463414 -0.053152114 0.057620913 0.145841986 0.986197174
1341848043.938034 1.130196571 -0.237903118 1.085495591 -0.052511282 0.056946956 0.146428332 0.986183703
1341848043.969826 1.124452472 -0.234853104 1.088181496 -0.050925639 0.058811262 0.144838214 0.986392260
1341848044.005919 1.112042427 -0.239815712 1.095302820 -0.053279832 0.062438391 0.144591615 0.986081123
1341848044.037703 1.102256417 -0.247949079 1.103726625 -0.053179406 0.063151911 0.145190269 0.985953152
1341848044.073762 1.095707774 -0.244711727 1.100662827 -0.050407253 0.064089693 0.145202443 0.986036539
1341848044.105804 1.087883353 -0.250196517 1.105487823 -0.054654766 0.064493477 0.145800248 0.985695601
1341848044.137722 1.083083868 -0.252311885 1.116967320 -0.053658225 0.062735192 0.147453323 0.985617936
1341848044.173825 1.077750087 -0.253394634 1.115117311 -0.053611301 0.064029522 0.147176489 0.985578597
1341848044.205750 1.070336699 -0.256658375 1.123808026 -0.054819856 0.067035504 0.147035018 0.985333323
1341848044.237767 1.061378241 -0.258815467 1.128026009 -0.054578900 0.068957098 0.149305716 0.984872580
1341848044.273822 1.054017305 -0.259416610 1.129546881 -0.054481182 0.071031138 0.149590909 0.984687269
1341848044.305742 1.047593832 -0.261018932 1.138258100 -0.055809297 0.072965547 0.151273221 0.984214306
1341848044.337838 1.041906595 -0.266382068 1.141152740 -0.056762066 0.075054191 0.151171267 0.984018385
1341848044.373688 1.035385489 -0.266469181 1.145093918 -0.056406956 0.077073440 0.153396741 0.983538270
1341848044.405874 1.029548764 -0.265024483 1.151636004 -0.056743272 0.079639815 0.155517146 0.982981265
1341848044.441696 1.028077126 -0.271124154 1.157471061 -0.059092861 0.082343735 0.159043118 0.982055426
1341848044.473716 1.022157192 -0.273703426 1.160578728 -0.059724424 0.086248882 0.162332028 0.981143475
1341848044.505687 1.017557025 -0.270845771 1.165581107 -0.059010774 0.090922892 0.165630996 0.980212808
1341848044.541856 1.012884259 -0.271612823 1.173084974 -0.059428129 0.096154287 0.170171544 0.978909791
1341848044.573760 1.009567261 -0.274066925 1.178074837 -0.059845060 0.100118548 0.173663646 0.977873147
1341848044.605829 1.004125834 -0.274855852 1.184069633 -0.059136253 0.104783326 0.177152246 0.976801157
1341848044.641741 0.995712996 -0.280368507 1.188713908 -0.061494414 0.110683374 0.183029875 0.974919319
1341848044.705966 0.984037519 -0.283897370 1.199980617 -0.060441498 0.117876500 0.190892592 0.972631514
1341848044.771011 0.972844899 -0.288196623 1.210822821 -0.058189914 0.124870673 0.198418379 0.970387280
1341848044.802833 0.962798595 -0.286231816 1.208198786 -0.055468626 0.129120648 0.198365405 0.970001221
1341848044.834852 0.957270861 -0.291818380 1.212339520 -0.057881817 0.132385850 0.200294837 0.969023108
1341848044.870686 0.950603783 -0.298352420 1.217841983 -0.056909762 0.134913549 0.204952255 0.967757344
1341848044.902692 0.936788797 -0.291685224 1.221531272 -0.051409684 0.137366787 0.208003104 0.967068911
1341848044.970797 0.922935843 -0.296027839 1.228253841 -0.051248573 0.138903558 0.216007605 0.965101123
1341848045.002641 0.917318940 -0.298690885 1.228073478 -0.051970251 0.137729645 0.216809139 0.965051055
1341848045.038733 0.910583079 -0.296884418 1.232338071 -0.054100756 0.137549788 0.218317360 0.964619517
1341848045.070849 0.904888511 -0.300767124 1.241051912 -0.056371644 0.138418645 0.217938811 0.964450717
1341848045.102831 0.899760544 -0.300625324 1.243381739 -0.056288362 0.140232146 0.217734069 0.964239836
1341848045.138762 0.893761396 -0.302153826 1.250221014 -0.059131715 0.142205343 0.218335688 0.963644445
1341848045.170759 0.888765574 -0.310934782 1.259595633 -0.062035397 0.143069148 0.220379472 0.962868512
1341848045.202698 0.882222831 -0.310266465 1.262287378 -0.059984110 0.144530624 0.218133092 0.963291645
1341848045.238872 0.877022147 -0.312371552 1.271206856 -0.061134223 0.146414474 0.216968969 0.963197768
1341848045.270833 0.867718458 -0.313253999 1.279730558 -0.059096165 0.148435116 0.218165055 0.962745428
1341848045.306816 0.863712370 -0.315923274 1.280406952 -0.059943307 0.147813767 0.218919158 0.962617457
1341848045.338698 0.856648505 -0.321117640 1.288727999 -0.062268917 0.150071576 0.215797767 0.962825239
1341848045.370799 0.847127199 -0.324427336 1.298669577 -0.061440002 0.153135106 0.214884356 0.962600410
1341848045.406703 0.840089560 -0.321940899 1.302155972 -0.059482131 0.152356833 0.216026261 0.962591290
1341848045.438695 0.830881894 -0.327603549 1.309671283 -0.063040368 0.152064517 0.215345681 0.962563574
1341848045.474692 0.830360532 -0.333402693 1.321176767 -0.065181397 0.148968130 0.214831769 0.963019907
1341848045.538886 0.822326183 -0.343007505 1.340361595 -0.065869279 0.149037167 0.211582765 0.963681459
1341848045.606920 0.808492303 -0.345706224 1.353800535 -0.063262053 0.146509916 0.211896345 0.964174628
1341848045.645890 0.800612509 -0.348836958 1.359029293 -0.064174704 0.146820232 0.211358085 0.964185238
1341848045.706968 0.790182948 -0.358772159 1.377906084 -0.065602623 0.144150972 0.207404673 0.965349734
1341848045.743092 0.784573495 -0.358554304 1.384378314 -0.064789772 0.142892390 0.206459492 0.965794265
1341848045.774776 0.781975746 -0.359320253 1.394481778 -0.066416554 0.140562207 0.205799431 0.966166556
1341848045.807609 0.773050368 -0.367559850 1.404933333 -0.067220263 0.140111223 0.203641742 0.966633558
1341848045.842865 0.767469883 -0.366048217 1.411485195 -0.064206809 0.137822479 0.201599747 0.967595041
1341848045.874777 0.760968029 -0.364915669 1.416368008 -0.065318093 0.137369454 0.199304610 0.968060434
1341848045.906765 0.753624797 -0.376789242 1.429861784 -0.070757903 0.137136206 0.199595004 0.967651248
1341848045.942758 0.754875064 -0.375053644 1.435638309 -0.066586725 0.128555208 0.197842509 0.969483495
1341848045.974768 0.748890340 -0.370829105 1.440755844 -0.063727729 0.125815406 0.193971962 0.970816314
1341848046.010763 0.735435843 -0.376636863 1.453221917 -0.065691017 0.127479136 0.192311123 0.970798790
1341848046.042828 0.728417575 -0.378179431 1.459981918 -0.064062513 0.123356648 0.191942662 0.971512854
1341848046.074722 0.721060753 -0.371960431 1.465280533 -0.060348932 0.118606538 0.186641976 0.973373115
1341848046.110817 0.717654586 -0.371053249 1.471720815 -0.062645823 0.116019532 0.183452666 0.974145830
1341848046.142773 0.715455949 -0.382604808 1.479448795 -0.067370795 0.113617383 0.181526959 0.974474370
1341848046.181848 0.710368872 -0.375458300 1.481447101 -0.062039293 0.110089190 0.176729485 0.976113856
1341848046.219718 0.697317958 -0.373424828 1.483296037 -0.063781820 0.111511029 0.172045916 0.976676702
1341848046.249730 0.695188165 -0.383339465 1.489675999 -0.069999449 0.107063740 0.170460805 0.977026403
1341848046.283599 0.688350081 -0.376849473 1.491969943 -0.066628546 0.103646412 0.167142764 0.978203118
1341848046.317731 0.681583226 -0.377151847 1.496880531 -0.068326600 0.102155827 0.162493065 0.979025900
1341848046.349732 0.675549209 -0.380840272 1.499222755 -0.070919074 0.100400016 0.161837265 0.979131818
1341848046.382309 0.669963002 -0.378188461 1.501865506 -0.069703072 0.096609868 0.159054026 0.980056047
1341848046.417763 0.659959912 -0.369616359 1.504974961 -0.067694224 0.096716128 0.155430168 0.980767608
1341848046.449782 0.650051594 -0.373759240 1.508342266 -0.072177984 0.098144636 0.154817432 0.980402768
1341848046.485848 0.644086480 -0.372109890 1.509054661 -0.071732916 0.095142365 0.151814893 0.981200576
1341848046.517760 0.634680450 -0.365981698 1.510453463 -0.071246073 0.094435468 0.149109468 0.981719077
1341848046.549658 0.630420685 -0.373476624 1.512227058 -0.076488383 0.092537165 0.147465676 0.981753707
1341848046.586076 0.619645238 -0.371196538 1.512816548 -0.073572315 0.090516537 0.145862028 0.982404292
1341848046.617769 0.616200268 -0.364750892 1.508700490 -0.071010478 0.086346515 0.143724471 0.983282804
1341848046.653748 0.600015879 -0.368645817 1.509932160 -0.072947770 0.089277253 0.143012881 0.982982993
1341848046.714925 0.584757030 -0.360295564 1.504790425 -0.066988781 0.081845097 0.141961411 0.984205723
1341848046.746888 0.575306118 -0.360381871 1.501651406 -0.067106389 0.081565030 0.141329825 0.984311879
1341848046.778736 0.571251988 -0.361114770 1.500166535 -0.066491365 0.077982485 0.140682817 0.984736562
1341848046.814747 0.564605474 -0.350026757 1.496078968 -0.061365452 0.075294264 0.138804525 0.985544741
1341848046.846853 0.553467453 -0.353501052 1.492395163 -0.064693727 0.077542804 0.137562096 0.985331714
1341848046.878793 0.545902073 -0.352553397 1.488597035 -0.064509027 0.077296421 0.137621477 0.985354900
1341848046.915079 0.539283931 -0.350868881 1.483256221 -0.064884365 0.076155275 0.137036711 0.985500574
1341848046.946882 0.531090081 -0.349719733 1.480663538 -0.065238781 0.076407954 0.137758255 0.985357046
1341848046.982780 0.521500528 -0.345285118 1.477144003 -0.063709326 0.076026447 0.137048915 0.985585511
1341848047.015086 0.512524962 -0.339082032 1.472967625 -0.063196905 0.075946495 0.136592180 0.985688090
1341848047.047884 0.504475057 -0.341751546 1.471022367 -0.066114657 0.075860851 0.136982426 0.985449076
1341848047.089866 0.492315203 -0.331104189 1.469761848 -0.061826333 0.076132253 0.135798752 0.985870242
1341848047.147565 0.474821568 -0.323822618 1.463912129 -0.063932203 0.074844129 0.135210112 0.985915482
1341848047.214887 0.456404746 -0.322910249 1.456781149 -0.065177657 0.073587567 0.131106734 0.986482561
1341848047.250668 0.445682466 -0.322762370 1.453213692 -0.067150384 0.072039492 0.131239966 0.986446798
1341848047.282779 0.441110820 -0.320734382 1.450788140 -0.067354575 0.066977970 0.131121486 0.986805201
1341848047.314815 0.426575422 -0.318299532 1.448016644 -0.066463880 0.068961650 0.128281295 0.987102211
1341848047.350637 0.413638771 -0.317370892 1.444726706 -0.066072814 0.068876773 0.126824886 0.987322569
1341848047.383038 0.402268380 -0.316258222 1.441309810 -0.064926818 0.065153480 0.126752496 0.987660587
1341848047.414781 0.398031771 -0.317795396 1.434781075 -0.065624557 0.060442422 0.124635071 0.988183320
1341848047.450847 0.388680637 -0.319766790 1.431271553 -0.064824276 0.059012514 0.122876130 0.988542795
1341848047.482648 0.381276727 -0.316650689 1.424486637 -0.062854350 0.055478111 0.122355938 0.988939106
1341848047.518733 0.368280113 -0.312772661 1.422777176 -0.061896656 0.054658536 0.121183202 0.989189506
1341848047.550836 0.357769072 -0.315236807 1.420963168 -0.062507406 0.053532790 0.119941726 0.989364028
1341848047.582955 0.355666190 -0.313852429 1.415732265 -0.061022989 0.049098473 0.118456438 0.989865541
1341848047.618981 0.347978175 -0.312128484 1.413977385 -0.060515020 0.048953433 0.117128283 0.990061820
1341848047.650752 0.327279925 -0.320334345 1.415473700 -0.062304653 0.053406402 0.116480820 0.989796996
1341848047.689728 0.323569924 -0.316432804 1.409572124 -0.058974557 0.047568575 0.115247250 0.990443051
1341848047.750845 0.313342869 -0.314951330 1.403654337 -0.060057301 0.044618182 0.114154421 0.990641773
1341848047.786695 0.301316679 -0.316671431 1.402346253 -0.060610466 0.045540191 0.114200056 0.990560949
1341848047.818804 0.296128094 -0.313360363 1.401542783 -0.059153773 0.042922575 0.113124706 0.990889132
1341848047.850811 0.289205700 -0.313919961 1.400070667 -0.060536448 0.044272419 0.111673631 0.990910888
1341848047.886853 0.280466616 -0.319886237 1.399326682 -0.062402058 0.045367680 0.111113191 0.990808606
1341848047.918858 0.269807786 -0.317660719 1.398730755 -0.059674371 0.045765746 0.111197032 0.990948915
1341848047.954723 0.264808416 -0.311634243 1.396745682 -0.057418127 0.043984089 0.110928603 0.991192937
1341848047.986771 0.257561445 -0.316766858 1.398186684 -0.059602123 0.045670509 0.110358365 0.991051376
1341848048.018897 0.237304926 -0.322815537 1.398611903 -0.058983594 0.050597236 0.110061958 0.990882039
1341848048.054937 0.231141582 -0.318651736 1.397873163 -0.056859795 0.048933785 0.109527856 0.991148889
1341848048.086776 0.223277137 -0.320573270 1.396003246 -0.058540594 0.050963707 0.109170660 0.990988135
1341848048.118790 0.213246569 -0.324581444 1.396744847 -0.059296947 0.052495718 0.109649658 0.990810275
1341848048.154692 0.210555628 -0.320268393 1.394818425 -0.056343887 0.050443918 0.111491248 0.990883708
1341848048.186720 0.203006312 -0.321070641 1.393853188 -0.056780886 0.053358633 0.111636646 0.990689695
1341848048.222966 0.188682854 -0.329049408 1.395515084 -0.058411971 0.057562675 0.112122796 0.990304530
1341848048.254953 0.187430412 -0.323188573 1.394777179 -0.052024815 0.055401661 0.115305983 0.990418434
1341848048.286640 0.182029694 -0.323963255 1.390097380 -0.051662926 0.057368830 0.113930866 0.990484536
1341848048.322843 0.170403913 -0.329138905 1.389182925 -0.053963527 0.061253957 0.114514031 0.990061820
1341848048.354699 0.164699212 -0.331084490 1.388471007 -0.052792002 0.062067907 0.115739375 0.989931881
1341848048.386709 0.156268835 -0.331926376 1.385575652 -0.051725529 0.064685524 0.112547465 0.990188539
1341848048.422649 0.144354850 -0.336245149 1.385114551 -0.051533155 0.068652786 0.111154899 0.990088820
1341848048.454923 0.140212730 -0.334225684 1.380595922 -0.047096521 0.068387434 0.112359941 0.990192115
1341848048.490668 0.130134135 -0.332850516 1.378250241 -0.046319742 0.070089415 0.112041846 0.990145743
1341848048.522793 0.121464752 -0.343675524 1.378657103 -0.049345993 0.071889460 0.112270199 0.989844620
1341848048.554990 0.116687126 -0.343279213 1.376345873 -0.044681944 0.071928784 0.113236673 0.989953220
1341848048.590630 0.106887355 -0.340684414 1.372795224 -0.040253319 0.072713733 0.113061741 0.990105808
1341848048.622652 0.098864064 -0.343640119 1.373458624 -0.039272767 0.073721260 0.114011094 0.989961803
1341848048.658741 0.092181616 -0.347657740 1.371641755 -0.036569022 0.075235218 0.115401372 0.989790320
1341848048.690791 0.086520083 -0.346306801 1.366803885 -0.032426067 0.074600428 0.114999630 0.990029573
1341848048.722708 0.082482047 -0.342168510 1.366415501 -0.028403677 0.073609598 0.117665984 0.989914000
1341848048.758833 0.079537950 -0.344576180 1.363606572 -0.025958747 0.073146462 0.118697658 0.989892304
1341848048.791156 0.071961634 -0.345297396 1.361549616 -0.023708146 0.074419037 0.117964022 0.989941597
1341848048.822736 0.063164599 -0.349715054 1.361498475 -0.022252668 0.075912990 0.118419223 0.989807606
1341848048.858661 0.055355575 -0.349435747 1.357370734 -0.018643845 0.075850025 0.115888231 0.990186393
1341848048.891041 0.046935644 -0.352905780 1.356648088 -0.017288003 0.077292480 0.113956064 0.990323722
1341848048.926768 0.038661581 -0.355109125 1.355302215 -0.013920148 0.077109545 0.111403026 0.990681469
1341848048.958953 0.031431869 -0.354278088 1.350639462 -0.009966984 0.075132385 0.109942041 0.991044223
1341848048.990810 0.023460619 -0.360662907 1.349521041 -0.008798621 0.074740708 0.109006159 0.991188228
1341848049.026707 0.019581933 -0.363734424 1.346561909 -0.004887309 0.072870441 0.105590887 0.991724074
1341848049.058792 0.013779914 -0.361490726 1.340426087 0.000955356 0.072638489 0.102615692 0.992064953
1341848049.090709 0.000048480 -0.358511508 1.338580608 0.004686210 0.074279398 0.102121502 0.991983771
1341848049.126753 -0.007369367 -0.364250898 1.334764123 0.004434069 0.071990781 0.102145210 0.992151260
1341848049.158854 -0.010079485 -0.363346249 1.331768394 0.006849141 0.070621885 0.100209758 0.992433190
1341848049.194708 -0.018814703 -0.364076942 1.327893972 0.009031544 0.071659751 0.097169071 0.992643714
1341848049.226742 -0.030097198 -0.357820868 1.325746536 0.012875779 0.071657360 0.097669281 0.992552340
1341848049.258792 -0.035723563 -0.361898214 1.322338223 0.010766290 0.069680132 0.097211905 0.992763102
1341848049.294747 -0.039978966 -0.361893266 1.318697453 0.011879274 0.069367528 0.094422117 0.993041575
1341848049.326837 -0.050075479 -0.360931605 1.315079451 0.013285506 0.071296565 0.094229475 0.992905438
1341848049.358802 -0.056047846 -0.355272412 1.309497595 0.015217900 0.069875613 0.096456535 0.992764831
1341848049.394779 -0.068686076 -0.364405274 1.309598923 0.012006324 0.071945176 0.096675098 0.992639720
1341848049.426763 -0.073417306 -0.360079855 1.304591894 0.015923245 0.072034709 0.096564174 0.992588997
1341848049.462746 -0.081375189 -0.354944915 1.297735453 0.017760852 0.073348425 0.098955095 0.992226064
1341848049.494728 -0.093476579 -0.363251597 1.297069192 0.015778303 0.075669602 0.102675006 0.991707146
1341848049.526803 -0.094078407 -0.352922887 1.289661050 0.021038115 0.073009282 0.103166178 0.991757929
1341848049.562799 -0.103317328 -0.352627814 1.283383131 0.020132039 0.075481087 0.104554355 0.991446257
1341848049.594759 -0.122637197 -0.352278113 1.282239914 0.020485699 0.078544773 0.106249474 0.991020739
1341848049.626829 -0.126101390 -0.349327058 1.274568677 0.021561759 0.074862175 0.108029716 0.991090477
1341848049.662690 -0.133746997 -0.346213311 1.269804716 0.021589896 0.075688735 0.106695272 0.991171658
1341848049.695064 -0.149147183 -0.340962321 1.267958522 0.022627911 0.077189542 0.106803887 0.991021037
1341848049.730793 -0.166595221 -0.342544675 1.264962792 0.020804718 0.076693803 0.107283719 0.991047621
1341848049.762702 -0.170232639 -0.338537872 1.256956697 0.020104775 0.071329296 0.105189696 0.991687000
1341848049.794722 -0.182486117 -0.337565839 1.253821254 0.019163378 0.072380550 0.103411637 0.991816461
1341848049.830816 -0.199352831 -0.332687229 1.252116084 0.020611769 0.071881339 0.102963611 0.991870344
1341848049.869834 -0.199048966 -0.324444532 1.242871404 0.020688560 0.064504720 0.102490671 0.992424726
1341848049.930835 -0.224256352 -0.332846731 1.240982056 0.016576758 0.065554813 0.098347887 0.992852211
1341848049.963022 -0.235389531 -0.322137952 1.235858321 0.020559883 0.063234858 0.097315863 0.993029892
1341848049.998757 -0.243938759 -0.320021570 1.233034492 0.019263385 0.060412578 0.097275101 0.993235528
1341848050.030786 -0.253943443 -0.323341191 1.231650710 0.017123401 0.058051471 0.096123047 0.993527651
1341848050.062661 -0.255910069 -0.323809505 1.224591970 0.017213682 0.053009305 0.093191847 0.994086981
1341848050.098678 -0.269435138 -0.315408736 1.222374320 0.019391432 0.053455271 0.092485793 0.994089007
1341848050.130710 -0.281986862 -0.314987540 1.226168871 0.018859902 0.052027605 0.091288827 0.994285583
1341848050.166738 -0.282712221 -0.315560788 1.216076136 0.017143032 0.046309229 0.086500973 0.995027304
1341848050.198726 -0.294584364 -0.313731879 1.218637347 0.016179150 0.047257014 0.084482417 0.995172262
1341848050.230806 -0.303210944 -0.314046770 1.218545675 0.015460333 0.043500938 0.081668787 0.995589793
1341848050.266732 -0.308011740 -0.310991675 1.214880466 0.015587699 0.039147880 0.079238363 0.995964825
1341848050.298842 -0.318422824 -0.310375273 1.215503454 0.014384883 0.038892955 0.075446978 0.996287227
1341848050.330688 -0.331391960 -0.309011519 1.217056990 0.015299556 0.037681729 0.072149694 0.996564329
1341848050.366746 -0.337408066 -0.303287446 1.212951899 0.016910767 0.033670750 0.070871912 0.996773601
1341848050.398693 -0.344389915 -0.303326458 1.211189747 0.014857430 0.030402320 0.066907667 0.997185290
1341848050.434780 -0.351899028 -0.307467669 1.211584926 0.012800854 0.027453022 0.065246828 0.997409344
1341848050.466655 -0.357305855 -0.305436969 1.209746838 0.013856968 0.023506943 0.062738761 0.997656941
1341848050.498791 -0.362457603 -0.312123179 1.207610130 0.011324779 0.019667244 0.057487592 0.998088300
1341848050.534849 -0.372284323 -0.309229314 1.206791282 0.013615503 0.018714650 0.054335199 0.998254538
1341848050.566840 -0.381031990 -0.305549979 1.206326723 0.015636547 0.015914941 0.053409804 0.998323441
1341848050.598790 -0.388419956 -0.300526172 1.205766797 0.016635625 0.011138804 0.051550914 0.998469710
1341848050.634752 -0.397958368 -0.308571637 1.206304193 0.013772683 0.009068495 0.047730811 0.998724163
1341848050.666816 -0.402453095 -0.306420743 1.203504205 0.016351042 0.005006182 0.045042612 0.998838782
1341848050.702846 -0.412537158 -0.304648846 1.202035069 0.017426465 0.002047468 0.042476371 0.998943448
1341848050.734789 -0.420796871 -0.304269612 1.200893402 0.017744524 -0.001891747 0.042536668 0.998935580
1341848050.766882 -0.428481132 -0.305187613 1.200152993 0.016868994 -0.006519523 0.041469343 0.998976111
1341848050.802875 -0.437706769 -0.309403062 1.201058507 0.016076198 -0.009663661 0.039219368 0.999054551
1341848050.834769 -0.445927858 -0.305118620 1.199115992 0.018888744 -0.012776309 0.036868401 0.999059975
1341848050.870719 -0.452484578 -0.302792281 1.198913693 0.018668270 -0.016551500 0.034857389 0.999080896
1341848050.902725 -0.463577777 -0.311265141 1.197980404 0.015970083 -0.019868888 0.031312108 0.999184549
1341848050.934794 -0.464283854 -0.309281766 1.195773721 0.018157333 -0.025339261 0.028144032 0.999117732
1341848050.970852 -0.475458980 -0.308761120 1.196039796 0.018985020 -0.026945692 0.024729760 0.999150634
1341848051.002763 -0.486976087 -0.310004324 1.195935249 0.019728776 -0.028760687 0.023093877 0.999124765
1341848051.035007 -0.488421023 -0.306322932 1.193201303 0.022133695 -0.034365632 0.022332150 0.998914599
1341848051.070784 -0.500259101 -0.312159538 1.192800283 0.020304391 -0.035517547 0.019619042 0.998970151
1341848051.102734 -0.504832268 -0.311579466 1.191630960 0.022154804 -0.039268520 0.017954497 0.998821735
1341848051.138713 -0.514460981 -0.309738457 1.189145923 0.024094300 -0.040378049 0.016607754 0.998755872
1341848051.170672 -0.518920660 -0.308023214 1.188388228 0.024750631 -0.042825710 0.016513953 0.998639405
1341848051.238747 -0.528857052 -0.314316809 1.187071323 0.025211478 -0.050216127 0.015990797 0.998292089
1341848051.270842 -0.534140110 -0.317078114 1.185552239 0.026948899 -0.052080594 0.012645918 0.998199165
1341848051.302718 -0.536877573 -0.320332676 1.183961034 0.029553935 -0.054251604 0.010730217 0.998032212
1341848051.338668 -0.542803824 -0.314020932 1.186281919 0.036020387 -0.056511339 0.009832912 0.997703552
1341848051.370895 -0.545441210 -0.318718404 1.181492209 0.037014645 -0.061403364 0.006924718 0.997402489
1341848051.406688 -0.547351897 -0.316973656 1.179133296 0.039470401 -0.063437551 0.005094604 0.997192025
1341848051.440006 -0.550466776 -0.317560852 1.178755760 0.041101992 -0.066266172 0.003124743 0.996950209
1341848051.470890 -0.552621663 -0.316909403 1.176819086 0.042873424 -0.069531463 0.000650474 0.996657848
1341848051.506718 -0.554111004 -0.315888792 1.174897671 0.043448202 -0.073770434 -0.002831131 0.996324360
1341848051.538932 -0.556557298 -0.317278713 1.180571675 0.045138348 -0.078538716 -0.009257452 0.995845616
1341848051.570738 -0.556399226 -0.315068722 1.173740387 0.050147604 -0.082816184 -0.017463299 0.995149076
1341848051.606760 -0.563616693 -0.313029766 1.171170115 0.051930681 -0.084791742 -0.021959970 0.994802177
1341848051.638863 -0.568631530 -0.316992760 1.172268033 0.053461570 -0.090809993 -0.030693248 0.993958414
1341848051.674718 -0.564830065 -0.309051543 1.165337086 0.061134093 -0.097222380 -0.034845375 0.992771983
1341848051.706714 -0.566592872 -0.305012941 1.162526011 0.061300807 -0.102668092 -0.036654431 0.992148221
1341848051.738793 -0.569488823 -0.306636602 1.164342046 0.061396100 -0.110007651 -0.042425677 0.991125107
1341848051.774823 -0.567669392 -0.303726047 1.158298254 0.063801788 -0.115741447 -0.046501826 0.990136862
1341848051.806694 -0.567193866 -0.305382669 1.158691406 0.063131705 -0.119758099 -0.054835383 0.989275277
1341848051.838757 -0.570531189 -0.302094877 1.161794424 0.069053650 -0.121402897 -0.064917885 0.988068104
1341848051.874951 -0.572490275 -0.299238414 1.147021413 0.070892349 -0.120718718 -0.070150927 0.987663984
1341848051.906707 -0.569663584 -0.285479963 1.150467038 0.072569549 -0.124354616 -0.075365327 0.986706495
1341848051.942680 -0.565457463 -0.290232182 1.151447415 0.069639355 -0.130130127 -0.080818862 0.985740781
1341848051.974762 -0.557731628 -0.285727948 1.143427491 0.068461254 -0.131452456 -0.085057043 0.985291123
1341848052.006755 -0.560848951 -0.282509536 1.142435312 0.065006420 -0.128272638 -0.089652158 0.985536814
1341848052.042751 -0.558473647 -0.279801786 1.149291515 0.066793419 -0.128622845 -0.092693850 0.985090196
1341848052.074871 -0.552950084 -0.285717934 1.135853887 0.063342474 -0.126529098 -0.095531344 0.985318184
1341848052.143014 -0.541979671 -0.275791168 1.138998508 0.065378942 -0.123090304 -0.101587363 0.985014975
1341848052.178064 -0.533355057 -0.277568698 1.124403715 0.062477719 -0.122104041 -0.107530907 0.984695017
1341848052.211397 -0.529898524 -0.274730027 1.126709700 0.060298856 -0.119036302 -0.110016517 0.984931886
1341848052.242872 -0.524238646 -0.267750740 1.124937534 0.063740492 -0.117629290 -0.113739528 0.984461188
1341848052.311125 -0.516881764 -0.258118600 1.110953569 0.059809972 -0.110979185 -0.117904544 0.984989822
1341848052.342876 -0.510932505 -0.254551321 1.107844234 0.061372187 -0.109608904 -0.121389382 0.984623849
1341848052.379476 -0.504168987 -0.250282079 1.103619933 0.062236693 -0.106509633 -0.123741187 0.984616876
1341848052.412309 -0.502310216 -0.252524137 1.099214792 0.057985917 -0.103093222 -0.122461617 0.985399783
1341848052.444722 -0.496219337 -0.252237052 1.099100709 0.058766004 -0.104521737 -0.124940515 0.984891653
1341848052.481496 -0.483981222 -0.248458594 1.089671969 0.060969591 -0.102530338 -0.125809833 0.984856427
1341848052.543277 -0.477439731 -0.242802024 1.081046104 0.063902363 -0.098365307 -0.128946885 0.984689534
1341848052.579155 -0.467602670 -0.234219879 1.068111658 0.064048082 -0.096569397 -0.131479770 0.984522879
1341848052.617750 -0.463824391 -0.235456020 1.073806882 0.062352445 -0.093448803 -0.137097761 0.984166503
1341848052.678720 -0.448716611 -0.227082014 1.057725430 0.066246741 -0.091401793 -0.145941198 0.982831776
1341848052.710822 -0.443219215 -0.224559188 1.055105448 0.065346397 -0.088888519 -0.148073852 0.982803583
1341848052.746833 -0.437354714 -0.225605831 1.051223159 0.063046634 -0.089719966 -0.144949064 0.983343899
1341848052.778710 -0.425085336 -0.218882024 1.038433075 0.061398569 -0.090767093 -0.142836466 0.983661175
1341848052.810890 -0.418186247 -0.217888564 1.038172245 0.057621520 -0.087658428 -0.143488631 0.984076619
1341848052.846856 -0.410625726 -0.220035762 1.035427213 0.060146723 -0.084733397 -0.147181138 0.983636320
1341848052.878813 -0.401607990 -0.211100563 1.027033806 0.064206123 -0.080509156 -0.147484258 0.983689129
1341848052.914694 -0.392865300 -0.208289236 1.020123720 0.061891079 -0.076069698 -0.146961406 0.984268904
1341848052.946675 -0.388324976 -0.209802911 1.019247174 0.061205778 -0.073277943 -0.145608932 0.984724522
1341848052.978684 -0.376033068 -0.208621740 1.008083463 0.061205775 -0.071525522 -0.144457370 0.985022843
1341848053.014784 -0.367006034 -0.208400771 1.005023122 0.059467636 -0.065934360 -0.143194124 0.985703707
1341848053.046693 -0.362346798 -0.206354037 1.005736470 0.061049853 -0.062215529 -0.140592873 0.986223042
1341848053.082651 -0.355999351 -0.197962850 0.992599070 0.062912256 -0.057867743 -0.138899535 0.986610532
1341848053.114846 -0.342402756 -0.203776419 0.988747239 0.058897700 -0.053133246 -0.137760535 0.987284184
1341848053.146985 -0.335808933 -0.204034567 0.984783828 0.058742158 -0.047752667 -0.133691639 0.988127351
1341848053.183210 -0.333380550 -0.193588391 0.980066359 0.060546156 -0.042523742 -0.129475519 0.988818526
1341848053.214816 -0.325463176 -0.195607781 0.980231106 0.058571298 -0.038307529 -0.127450436 0.989372730
1341848053.247961 -0.315058857 -0.197165832 0.976787090 0.060398951 -0.035161857 -0.126512945 0.989499927
1341848053.289822 -0.313135087 -0.194984987 0.967661202 0.061692059 -0.030298913 -0.123563319 0.989953637
1341848053.321709 -0.306929141 -0.191031814 0.963086367 0.062742814 -0.026285741 -0.119936533 0.990448236
1341848053.353831 -0.297722518 -0.185119018 0.961042583 0.064538822 -0.023005964 -0.115003802 0.990999341
1341848053.386096 -0.292432994 -0.188046411 0.957143366 0.063571364 -0.019740626 -0.111870728 0.991490781
1341848053.421775 -0.286186337 -0.183247715 0.948534012 0.064796828 -0.014758095 -0.107925691 0.991935372
1341848053.453749 -0.272167176 -0.174466074 0.946202338 0.065192662 -0.012270028 -0.101963751 0.992573857
1341848053.485736 -0.273793638 -0.175974488 0.940831304 0.061722420 -0.008013363 -0.097501948 0.993287265
1341848053.521747 -0.273156196 -0.177617669 0.930894136 0.058947876 -0.003609863 -0.094857104 0.993737578
1341848053.553915 -0.271199018 -0.170051590 0.924003720 0.058431726 0.003568413 -0.091497563 0.994083166
1341848053.589737 -0.263495386 -0.166858763 0.921793044 0.055964522 0.007873476 -0.085227713 0.994757414
1341848053.621911 -0.252850145 -0.164996266 0.919692218 0.052843232 0.009611488 -0.078440249 0.995470941
1341848053.653792 -0.237987399 -0.162842795 0.915335059 0.047870077 0.013238464 -0.071336262 0.996215045
1341848053.689724 -0.237677693 -0.167105615 0.914910436 0.042777948 0.020765521 -0.066650502 0.996642649
1341848053.721697 -0.234550744 -0.168121263 0.909766376 0.040581312 0.026183017 -0.061215598 0.996955454
1341848053.758007 -0.241201729 -0.167034626 0.905313730 0.037350912 0.036392145 -0.055229772 0.997110903
1341848053.789882 -0.236481443 -0.168049827 0.903814554 0.034816395 0.042817999 -0.049810261 0.997232914
1341848053.821625 -0.232093379 -0.170160368 0.898909986 0.034399018 0.048844270 -0.044583894 0.997217774
1341848053.857784 -0.224861741 -0.166471615 0.894729972 0.034342650 0.053914394 -0.037656769 0.997244120
1341848053.889790 -0.226590186 -0.169531807 0.892012119 0.032245584 0.059803311 -0.029459858 0.997254193
1341848053.951067 -0.229268879 -0.167634100 0.883746505 0.037044086 0.069278851 -0.016846579 0.996766984
1341848053.986823 -0.230562985 -0.171576813 0.874934494 0.036407985 0.072998106 -0.012102514 0.996593833
1341848054.051032 -0.234663114 -0.159048080 0.864318371 0.041122802 0.073735110 0.006907922 0.996405721
1341848054.086777 -0.235578120 -0.163626552 0.853809953 0.037126202 0.075076766 0.013313148 0.996397495
1341848054.118853 -0.234002426 -0.155478895 0.852183163 0.039204616 0.073015198 0.021269593 0.996332943
1341848054.155032 -0.246752530 -0.160124645 0.845598400 0.036167003 0.076086588 0.028634993 0.996033609
1341848054.186687 -0.244289815 -0.159869447 0.840058386 0.033724375 0.074610427 0.030869795 0.996164143
1341848054.219030 -0.245339394 -0.167891562 0.836046040 0.032137312 0.074733622 0.030758306 0.996210873
1341848054.254827 -0.248470783 -0.168816388 0.827169180 0.034958851 0.076412551 0.029901786 0.996014535
1341848054.286801 -0.249016866 -0.153787196 0.816837668 0.039307624 0.077757739 0.030584024 0.995727539
1341848054.322895 -0.259186745 -0.143115476 0.812407851 0.037104782 0.081609048 0.033782538 0.995400429
1341848054.354790 -0.268227309 -0.156537935 0.809069216 0.031029942 0.083533511 0.033982418 0.995441914
1341848054.387103 -0.262142032 -0.155622140 0.796017885 0.028940249 0.081908636 0.033973940 0.995640099
1341848054.422878 -0.274037659 -0.155660912 0.792238057 0.025432641 0.086712606 0.034948770 0.995295286
1341848054.454739 -0.285680443 -0.153835997 0.793162823 0.025234176 0.088276863 0.036546644 0.995105445
1341848054.486883 -0.281194746 -0.157524005 0.780985832 0.023766328 0.083377697 0.038576689 0.995487392
1341848054.522689 -0.280885220 -0.160307750 0.773141980 0.021269962 0.083998792 0.039321650 0.995462537
1341848054.554861 -0.287693799 -0.160803571 0.772834122 0.023060031 0.088064924 0.041135870 0.994997799
1341848054.590790 -0.287267894 -0.155370176 0.762159109 0.026383175 0.088465527 0.044271164 0.994745135
1341848054.622694 -0.287162662 -0.149693370 0.754056394 0.026778195 0.088267721 0.045613613 0.994691551
1341848054.656449 -0.282823592 -0.159282103 0.745288432 0.023404773 0.087803371 0.046788570 0.994763136
1341848054.691021 -0.284047782 -0.151696950 0.740900159 0.025809713 0.092166126 0.050135218 0.994145751
1341848054.722739 -0.285703748 -0.158059433 0.734721184 0.024983875 0.095544659 0.048813581 0.993913651
1341848054.754741 -0.287419289 -0.156897351 0.728477955 0.027345812 0.098546177 0.049582101 0.993520260
1341848054.790887 -0.288210005 -0.158628210 0.722962618 0.029317480 0.100920759 0.052595336 0.993070662
1341848054.822877 -0.284554124 -0.149322286 0.714029849 0.032385394 0.102702126 0.057567101 0.992516756
1341848054.858903 -0.289315790 -0.150199771 0.710870266 0.032712277 0.106185444 0.063294075 0.991790533
1341848054.890895 -0.289151788 -0.151288763 0.704449832 0.034803104 0.107299648 0.066526271 0.991387844
1341848054.922754 -0.284610957 -0.148501381 0.695596457 0.037242875 0.109348856 0.070808992 0.990778446
1341848054.958727 -0.294634223 -0.144456342 0.688528538 0.038616613 0.114405751 0.075649641 0.989796579
1341848054.991052 -0.293621123 -0.150536671 0.682388961 0.038760316 0.114322044 0.077133626 0.989686072
1341848055.023048 -0.290653765 -0.147347450 0.668888450 0.041873969 0.115351886 0.077813059 0.989386559
1341848055.058739 -0.296091825 -0.141685605 0.662996292 0.044647355 0.120295882 0.079884976 0.988510966
1341848055.090735 -0.303253353 -0.140510976 0.658092439 0.047136188 0.122055784 0.083149016 0.987910330
1341848055.126977 -0.302179068 -0.130676240 0.646275222 0.050817929 0.121110901 0.086797029 0.987530291
1341848055.159212 -0.304599255 -0.130859539 0.633529365 0.050033417 0.124050587 0.088626958 0.987042725
1341848055.190986 -0.310828000 -0.133082584 0.623103976 0.051120318 0.127703100 0.090740807 0.986328959
1341848055.226768 -0.322933108 -0.122570157 0.615295529 0.056251679 0.129725248 0.093322478 0.985544562
1341848055.258881 -0.325930208 -0.118200928 0.603474081 0.055473968 0.129296735 0.093783699 0.985601187
1341848055.294725 -0.334927708 -0.118401200 0.594506502 0.054503914 0.130846977 0.096332215 0.985204816
1341848055.326795 -0.340169191 -0.111159377 0.583496213 0.057007283 0.130644664 0.098544881 0.984871149
1341848055.358938 -0.337475270 -0.105339415 0.568750679 0.057336614 0.129114226 0.097364463 0.985171199
1341848055.394711 -0.344731480 -0.096000940 0.558683693 0.057938233 0.131835178 0.096643582 0.984846532
1341848055.426823 -0.354091167 -0.098110743 0.549592376 0.056180820 0.135601863 0.095719039 0.984527171
1341848055.458813 -0.359976113 -0.087952673 0.538558185 0.058482971 0.136786193 0.096476309 0.984155297
1341848055.494734 -0.362773746 -0.079424344 0.527869940 0.058300562 0.137912914 0.097889282 0.983869374
1341848055.526713 -0.370900631 -0.081910603 0.519287765 0.056234404 0.141044423 0.098320194 0.983502567
1341848055.562613 -0.378185719 -0.083374351 0.508218229 0.056231756 0.143860325 0.098402753 0.983086586
1341848055.594685 -0.382647127 -0.075982943 0.496713996 0.056730758 0.146603897 0.098696381 0.982623041
1341848055.626675 -0.391451836 -0.071747512 0.492517620 0.055866841 0.150123700 0.100393884 0.981968880
1341848055.662951 -0.404261351 -0.070047125 0.485106289 0.056174863 0.152390406 0.102266386 0.981408775
1341848055.694797 -0.395975500 -0.060496714 0.471557677 0.056370299 0.152132943 0.101536982 0.981513262
1341848055.726774 -0.405517280 -0.046650223 0.466784298 0.055192087 0.160018638 0.104836442 0.979978144
1341848055.762799 -0.427818030 -0.053581350 0.471608192 0.053082671 0.166820809 0.108157918 0.978598535
1341848055.794951 -0.419479400 -0.051006000 0.458502144 0.054315556 0.164391577 0.110716134 0.978655815
1341848055.830810 -0.420155108 -0.052412104 0.450847685 0.053386156 0.167308018 0.113897122 0.977847338
1341848055.862804 -0.439752340 -0.056325320 0.453067034 0.054520562 0.174495265 0.117807299 0.976063728
1341848055.894792 -0.438263178 -0.053213704 0.444963664 0.057141736 0.174952313 0.120254070 0.975533485
1341848055.930676 -0.444445491 -0.046144243 0.441620916 0.059340492 0.177162886 0.120616600 0.974958360
1341848055.962765 -0.458920717 -0.042591445 0.442955852 0.061301075 0.180308372 0.123274654 0.973927319
1341848055.994709 -0.466614902 -0.041439135 0.437913507 0.061019856 0.180759564 0.125862166 0.973530352
1341848056.030693 -0.471165061 -0.038382027 0.436158717 0.059439104 0.180939957 0.128283918 0.973278522
1341848056.062776 -0.487861842 -0.045638584 0.437810063 0.058012519 0.183410466 0.129688635 0.972715855
1341848056.098792 -0.495845973 -0.045039732 0.433446556 0.058042005 0.183702976 0.131186843 0.972457945
1341848056.130649 -0.503262162 -0.040886797 0.432064235 0.059144147 0.184397176 0.131744802 0.972184718
1341848056.162731 -0.523787320 -0.044445768 0.436862141 0.060112633 0.187075883 0.132472739 0.971514285
1341848056.198744 -0.528464139 -0.036729869 0.433900684 0.062509835 0.183364049 0.134083733 0.971849620
1341848056.230727 -0.544198513 -0.035876844 0.436910361 0.062049709 0.182931796 0.135340214 0.971786499
1341848056.263915 -0.558372915 -0.036264040 0.438660026 0.062031515 0.181275144 0.135234535 0.972112715
1341848056.298771 -0.574595153 -0.035110246 0.435626447 0.062649511 0.180317804 0.134728566 0.972321391
1341848056.330676 -0.587690175 -0.031990752 0.435663104 0.062537447 0.179980054 0.136190087 0.972187519
1341848056.366737 -0.607688427 -0.031536400 0.441111654 0.062846974 0.179922849 0.138569370 0.971841872
1341848056.398744 -0.618332863 -0.023648269 0.439484090 0.064735487 0.174765825 0.141655579 0.972213984
1341848056.430750 -0.630073547 -0.033453796 0.443095386 0.057723138 0.171949968 0.144259840 0.972774565
1341848056.466830 -0.648002028 -0.032556809 0.446246147 0.052447632 0.169692084 0.151549280 0.972361445
1341848056.498895 -0.666960716 -0.033519268 0.447545499 0.049051028 0.166777357 0.152205989 0.972940207
1341848056.534778 -0.681778431 -0.033077288 0.447628319 0.046487153 0.165865749 0.151466608 0.973337233
1341848056.566729 -0.696093440 -0.036521561 0.450091183 0.043468166 0.166144773 0.151543334 0.973417222
1341848056.598948 -0.715145230 -0.033551998 0.457604140 0.044373345 0.165312588 0.155159384 0.972948253
1341848056.634801 -0.728684127 -0.030701036 0.449861616 0.042326979 0.158917233 0.157678381 0.973699808
1341848056.666759 -0.742302537 -0.035603631 0.458641440 0.038877632 0.156443104 0.159184620 0.973999143
1341848056.698889 -0.756169260 -0.045088772 0.464680761 0.037150595 0.155491740 0.159341112 0.974193394
1341848056.734784 -0.771779656 -0.041951984 0.464691788 0.036772855 0.153683171 0.156883359 0.974893272
1341848056.766724 -0.781494915 -0.042569891 0.464329720 0.036190707 0.150655404 0.155314237 0.975638628
1341848056.802861 -0.791530967 -0.042390622 0.461697280 0.034004223 0.148343801 0.153657883 0.976333499
1341848056.834980 -0.805448651 -0.047218271 0.468971133 0.031443480 0.147792712 0.151827931 0.976789117
1341848056.866661 -0.811139941 -0.053054728 0.467174083 0.030740805 0.144990698 0.151746005 0.977244020
1341848056.902748 -0.820388794 -0.057697423 0.464411318 0.029893655 0.146058217 0.150570676 0.977293134
1341848056.934715 -0.829913735 -0.061629917 0.469009966 0.027072223 0.148921579 0.148318201 0.977287710
1341848056.966788 -0.837640643 -0.059138283 0.469891489 0.028274251 0.148944229 0.148827940 0.977172673
1341848057.002703 -0.844966650 -0.062225640 0.469852984 0.026823511 0.149483472 0.148328394 0.977207184
1341848057.034763 -0.856580973 -0.064689457 0.470739573 0.023019211 0.153453857 0.147330374 0.976839721
1341848057.070964 -0.867174387 -0.066059910 0.476475358 0.022420898 0.155014589 0.146831155 0.976682365
1341848057.102757 -0.875429988 -0.063614056 0.476729870 0.022900930 0.154910192 0.145586774 0.976874053
1341848057.134714 -0.885224521 -0.059143163 0.476674318 0.020872694 0.156469375 0.146449238 0.976541996
1341848057.170739 -0.900959253 -0.064703010 0.486720741 0.017963162 0.158689365 0.146374598 0.976252794
1341848057.202641 -0.906327963 -0.072792880 0.483553380 0.015340085 0.158419386 0.142784268 0.976872861
1341848057.234679 -0.919520080 -0.064124517 0.485935450 0.014627105 0.161331013 0.141354352 0.976615310
1341848057.270814 -0.933608055 -0.058207996 0.486797810 0.012662212 0.162412375 0.142739117 0.976261973
1341848057.302860 -0.945792794 -0.062603772 0.488873601 0.009378345 0.162192717 0.142232805 0.976409435
1341848057.338756 -0.954328418 -0.061548691 0.487792820 0.006750625 0.163633540 0.141524151 0.976293743
1341848057.370841 -0.970249891 -0.059618637 0.492763400 0.003578797 0.166999221 0.142990962 0.975526631
1341848057.402722 -0.982673168 -0.058858741 0.495091587 0.002309012 0.167604178 0.143540457 0.975345969
1341848057.438870 -0.995399296 -0.055809751 0.495131791 0.001701738 0.170132577 0.144022331 0.974838257
1341848057.470699 -1.009290576 -0.056246400 0.493698537 -0.001228894 0.174493864 0.146960273 0.973628819
1341848057.506720 -1.027269244 -0.054903630 0.497854203 -0.000425981 0.176679373 0.150993675 0.972617745
1341848057.538788 -1.041883945 -0.053879380 0.498871505 -0.001354194 0.177231371 0.152446032 0.972289801
1341848057.571069 -1.050957322 -0.052984122 0.494421273 -0.004794886 0.178183362 0.155001119 0.971700788
1341848057.606668 -1.066177487 -0.061130665 0.500089467 -0.009972129 0.182587147 0.159815758 0.970062613
1341848057.638819 -1.081539631 -0.065427229 0.504409134 -0.012070585 0.186975449 0.162577793 0.968743026
1341848057.670943 -1.098187208 -0.062032513 0.502882302 -0.013313042 0.192512453 0.164666802 0.967288256
1341848057.706823 -1.107908130 -0.064398192 0.506798983 -0.014045797 0.196389034 0.169866383 0.965597987
1341848057.738890 -1.121862769 -0.063919716 0.504134953 -0.013576367 0.198103502 0.171508953 0.964963973
1341848057.774986 -1.134917140 -0.063749164 0.504130721 -0.014922567 0.200462818 0.173043787 0.964182496
1341848057.806842 -1.148778200 -0.061493255 0.507649958 -0.014122530 0.203498855 0.178851694 0.962497294
1341848057.838760 -1.165328622 -0.062030248 0.510103166 -0.011284635 0.204341412 0.185086206 0.961176574
1341848057.874817 -1.176393270 -0.063316107 0.507500947 -0.010675050 0.204949647 0.186120898 0.960854173
1341848057.906831 -1.192724705 -0.061821487 0.510896266 -0.009762032 0.207092911 0.186647087 0.960302174
1341848057.938847 -1.209304929 -0.057667777 0.510241747 -0.008950598 0.206541687 0.188689068 0.960029602
1341848057.975316 -1.217776537 -0.062826857 0.514881790 -0.011138302 0.204890892 0.191696063 0.959764779
1341848058.006833 -1.236836910 -0.053603694 0.519396782 -0.008264643 0.204496488 0.191272080 0.959962428
1341848058.042753 -1.250337362 -0.061383191 0.524377406 -0.006790069 0.202577785 0.189851731 0.960662544
1341848058.075970 -1.266500235 -0.062493067 0.525022447 -0.004523559 0.201006755 0.190141022 0.960948646
1341848058.106790 -1.278602839 -0.066926606 0.527924657 -0.005088620 0.198609889 0.188480914 0.961770892
1341848058.142699 -1.294164896 -0.066576451 0.531560004 -0.001072169 0.195724174 0.187081531 0.962648094
1341848058.174743 -1.303824306 -0.071996152 0.534235179 -0.000406287 0.192478344 0.184157759 0.963866174
1341848058.207081 -1.318801045 -0.074728236 0.539256930 -0.000272160 0.191726923 0.181858033 0.964452446
1341848058.242740 -1.329159260 -0.074098073 0.540466845 0.001402177 0.188017651 0.179046258 0.965706944
1341848058.274694 -1.344173670 -0.084365204 0.553979754 0.001774040 0.188790724 0.177768677 0.965791523
1341848058.310701 -1.355807900 -0.090609685 0.550686538 0.004260213 0.190373182 0.176019549 0.965793490
1341848058.343169 -1.364779592 -0.086024694 0.555765092 0.008501639 0.188903630 0.172341168 0.966716945
1341848058.374887 -1.375298738 -0.094657749 0.555988669 0.007703483 0.188794360 0.173142731 0.966601729
1341848058.410669 -1.386823773 -0.093457535 0.560882092 0.007542805 0.188621551 0.175519213 0.966208100
1341848058.442794 -1.394136429 -0.100549459 0.567824244 0.006130882 0.188063100 0.177725241 0.965923667
1341848058.474732 -1.401798844 -0.107945248 0.574001551 0.006863843 0.188991040 0.180060431 0.965304911
1341848058.542970 -1.418590546 -0.109615386 0.579751968 0.011934463 0.192997724 0.185285226 0.963472307
1341848058.578948 -1.424533367 -0.112587988 0.585340440 0.012729341 0.192843691 0.189293176 0.962713599
1341848058.610842 -1.430092573 -0.118209139 0.591074765 0.011931211 0.195797265 0.191772208 0.961636364
1341848058.643060 -1.438246727 -0.116648316 0.598298490 0.012888598 0.198521525 0.192406327 0.960938573
1341848058.678730 -1.444113016 -0.124606371 0.605528533 0.013970458 0.198925704 0.193714380 0.960577011
1341848058.710728 -1.448410153 -0.132619202 0.606852889 0.016018545 0.204147205 0.191550583 0.959883153
1341848058.746819 -1.458916426 -0.132022902 0.610866010 0.015377541 0.209543228 0.189417124 0.959154010
1341848058.778710 -1.469266891 -0.126173750 0.622175336 0.016667821 0.209033608 0.192098394 0.958710253
1341848058.810874 -1.470989108 -0.132205635 0.624244094 0.015295425 0.206455231 0.196042016 0.958493590
1341848058.846829 -1.474057198 -0.135220885 0.626304209 0.013128451 0.208287612 0.196982443 0.957936287
1341848058.879577 -1.478744984 -0.140698671 0.631383061 0.013180477 0.211627424 0.199694082 0.956641257
1341848058.946807 -1.486346364 -0.142738521 0.641280651 0.014409404 0.214456365 0.203695416 0.955148757
1341848058.978865 -1.490463138 -0.149653271 0.644411385 0.014287197 0.217499658 0.204851866 0.954214573
1341848059.014660 -1.491937518 -0.150550574 0.645024240 0.018027747 0.218450397 0.205980957 0.953690886
1341848059.046707 -1.495066285 -0.155289561 0.641577303 0.017895984 0.220505312 0.207164034 0.952963948
1341848059.078771 -1.497862339 -0.158432350 0.645853162 0.017479889 0.224274173 0.207164720 0.952091575
1341848059.114675 -1.499079227 -0.157483846 0.649685442 0.018346975 0.228587091 0.205951899 0.951312363
1341848059.146706 -1.502985954 -0.158426031 0.648973048 0.017538883 0.231266782 0.205342501 0.950811505
1341848059.178722 -1.503110170 -0.161944732 0.651048303 0.016835455 0.233429581 0.205547333 0.950251281
1341848059.214738 -1.504020929 -0.160775870 0.652990460 0.017484849 0.237510815 0.204918712 0.949363589
1341848059.246762 -1.503767490 -0.160335511 0.656738102 0.019403022 0.242677569 0.204822719 0.948039472
1341848059.282693 -1.504858136 -0.161361173 0.661539316 0.021405248 0.246086657 0.206266433 0.946803749
1341848059.314667 -1.502943873 -0.159889415 0.654289365 0.024099255 0.248122603 0.207929298 0.945843458
1341848059.346758 -1.508323431 -0.155392632 0.654564977 0.025769901 0.251261592 0.209740356 0.944570005
1341848059.382694 -1.505918264 -0.161486074 0.658019066 0.025202025 0.252921462 0.211560935 0.943736017
1341848059.414736 -1.504102349 -0.161564082 0.655502141 0.027813910 0.255286902 0.212229565 0.942875206
1341848059.446788 -1.508053422 -0.164959788 0.654983938 0.027058892 0.260231763 0.211160198 0.941784859
1341848059.482693 -1.508438468 -0.159370154 0.655414402 0.028095588 0.263727874 0.211201608 0.940772116
1341848059.514652 -1.506457090 -0.156610489 0.653852284 0.030234348 0.264211804 0.214310750 0.939866424
1341848059.550754 -1.508713961 -0.160169050 0.653017879 0.029293919 0.266546339 0.213808373 0.939351380
1341848059.582695 -1.508733749 -0.162474558 0.653479934 0.029737130 0.269972473 0.214860633 0.938118100
1341848059.614734 -1.511895537 -0.157037199 0.654683471 0.034254644 0.270752311 0.216311961 0.937405467
1341848059.650722 -1.514689445 -0.157774389 0.654831767 0.036406253 0.270161659 0.217256129 0.937276423
1341848059.682731 -1.512863874 -0.158314958 0.650789917 0.035222746 0.270721406 0.215134352 0.937649488
1341848059.718703 -1.514349818 -0.160573542 0.653885126 0.034606945 0.273797095 0.214747950 0.936867595
1341848059.750904 -1.517613530 -0.160155877 0.651813209 0.037686512 0.273699611 0.214897603 0.936742902
1341848059.782774 -1.521025896 -0.157232687 0.648250818 0.038581442 0.273706675 0.213603646 0.937000334
1341848059.818759 -1.519899368 -0.158804089 0.652350307 0.035915963 0.276569694 0.212558329 0.936503232
1341848059.850685 -1.523616314 -0.157549620 0.660687804 0.039584413 0.278908998 0.212674171 0.935634851
1341848059.882730 -1.528743982 -0.152569845 0.657620072 0.043487385 0.278864890 0.210579753 0.935948431
1341848059.918755 -1.530181646 -0.151600838 0.657433927 0.044768315 0.278184354 0.209167480 0.936407149
1341848059.950805 -1.532907724 -0.152042985 0.658840358 0.046279281 0.278491735 0.209657788 0.936132669
1341848059.986776 -1.532674432 -0.153010786 0.656344056 0.048844658 0.277470946 0.209995225 0.936229706
1341848060.018660 -1.533434033 -0.155315354 0.655986667 0.050195895 0.278262794 0.206478998 0.936705232
1341848060.050701 -1.532544851 -0.158987314 0.655727863 0.052749943 0.281215966 0.204403818 0.936137915
1341848060.086783 -1.541984200 -0.152892590 0.655817032 0.058300827 0.282004923 0.202397436 0.936007261
1341848060.118813 -1.540999174 -0.155090243 0.652683377 0.060239211 0.279313982 0.199181482 0.937380254
1341848060.150800 -1.541794538 -0.149693772 0.650570154 0.060227897 0.281904697 0.196218237 0.937230408
1341848060.186872 -1.542769670 -0.148551702 0.655271292 0.061232340 0.283494443 0.195886180 0.936755121
1341848060.218851 -1.539350867 -0.148979276 0.649216950 0.064467400 0.281862944 0.193034664 0.937621951
1341848060.254799 -1.537803769 -0.146895945 0.642013431 0.062560618 0.284207791 0.189250544 0.937814713
1341848060.287466 -1.539237618 -0.141545027 0.649220705 0.062420283 0.286916822 0.189799160 0.936887860
1341848060.318914 -1.536281347 -0.145776004 0.648066521 0.064135283 0.285848767 0.189124674 0.937234819
1341848060.354641 -1.535227418 -0.137882680 0.640856624 0.063780583 0.286071956 0.185086712 0.937996686
1341848060.387254 -1.531352043 -0.141961753 0.645803511 0.060960833 0.289405584 0.183469221 0.937479198
1341848060.418639 -1.531135201 -0.136016563 0.645751297 0.064256117 0.288720965 0.182005167 0.937755585
1341848060.454775 -1.526412964 -0.139643848 0.642514348 0.063481390 0.287941992 0.178800404 0.938663900
1341848060.486697 -1.524090886 -0.137329116 0.641202331 0.062234022 0.290869862 0.175455213 0.938476026
1341848060.522925 -1.524184108 -0.132846698 0.646206379 0.065878883 0.292274117 0.173328400 0.938186109
1341848060.554710 -1.519496799 -0.132957876 0.638242304 0.068477988 0.291550994 0.170380279 0.938764811
1341848060.586692 -1.518812776 -0.131306782 0.635312676 0.066423684 0.295132697 0.166874990 0.938422799
1341848060.622697 -1.515807986 -0.128163666 0.641537845 0.068041757 0.296678901 0.167576954 0.937694013
1341848060.656087 -1.512919307 -0.122771129 0.638047040 0.072106816 0.294886798 0.166938931 0.938069165
1341848060.687258 -1.509633422 -0.124936312 0.633135200 0.069877878 0.295781255 0.165443540 0.938221216
1341848060.723165 -1.508593321 -0.122131370 0.640100121 0.071476698 0.297230363 0.167108521 0.937347353
1341848060.757863 -1.507291555 -0.118991844 0.639510632 0.075114340 0.294557601 0.167431697 0.937848747
1341848060.790920 -1.504131436 -0.120123677 0.636431217 0.075280361 0.291773736 0.167396620 0.938711584
1341848060.823967 -1.503634930 -0.124244325 0.636389017 0.075465865 0.290321976 0.166840032 0.939245760
1341848060.862432 -1.498827219 -0.123729214 0.634859920 0.078251548 0.286850721 0.166251525 0.940188169
1341848060.923126 -1.490325689 -0.125365779 0.635511935 0.080089010 0.282131046 0.166834980 0.941357553
1341848060.960845 -1.484264612 -0.124792635 0.635064602 0.082286224 0.279565841 0.166526526 0.941987753
1341848060.996857 -1.478832483 -0.126917467 0.633713186 0.082838401 0.277549952 0.167309001 0.942396760
1341848061.030587 -1.472258925 -0.127549186 0.635984361 0.084230587 0.275401503 0.167271152 0.942910194
1341848061.062246 -1.464976072 -0.135398656 0.633063078 0.082553402 0.274160743 0.166151032 0.943617880
1341848061.100583 -1.459083319 -0.140480638 0.634762049 0.083101191 0.274877906 0.165541455 0.943468273
1341848061.129837 -1.453018188 -0.143819407 0.635775208 0.086343363 0.275109708 0.164777726 0.943243265
1341848061.197947 -1.441716790 -0.153728008 0.637085915 0.090807751 0.276361525 0.164515227 0.942503631
1341848061.259408 -1.424901366 -0.146901205 0.626474977 0.098872818 0.273809940 0.163195983 0.942666113
1341848061.290885 -1.422463417 -0.156038180 0.629476488 0.099862330 0.274675220 0.163750976 0.942213774
1341848061.326612 -1.414591432 -0.154080942 0.623467326 0.103818081 0.274333656 0.164494544 0.941756010
1341848061.358867 -1.410369515 -0.155710906 0.623755634 0.104813866 0.275305778 0.163951918 0.941456616
1341848061.390845 -1.405634165 -0.155568823 0.621569812 0.106921434 0.275582135 0.165305063 0.940901995
1341848061.426913 -1.397006512 -0.152380705 0.617421567 0.108857408 0.274086595 0.166583195 0.940891445
1341848061.458837 -1.391748905 -0.155673027 0.620724499 0.107862160 0.275547028 0.168010101 0.940325618
1341848061.494657 -1.392596364 -0.156304270 0.622406304 0.109600164 0.277536184 0.167156294 0.939691603
1341848061.526736 -1.386915684 -0.155594319 0.619452119 0.110843569 0.277144074 0.166624382 0.939755976
1341848061.558821 -1.384148121 -0.156850487 0.617092788 0.109062016 0.277537376 0.167372525 0.939715385
1341848061.594750 -1.380356193 -0.154996067 0.620135009 0.109408587 0.278874844 0.168327734 0.939108312
1341848061.626731 -1.376061797 -0.157226324 0.618648827 0.110600062 0.279183954 0.167540297 0.939017713
1341848061.658831 -1.372579217 -0.163257062 0.614609599 0.107443415 0.280457824 0.166475922 0.939193904
1341848061.694894 -1.370472431 -0.157789841 0.617469192 0.108404651 0.282463402 0.168217003 0.938171566
1341848061.726726 -1.368674159 -0.155884460 0.619620144 0.110523753 0.282232523 0.168590382 0.937926829
1341848061.762815 -1.364598036 -0.160439625 0.612983763 0.107309699 0.282950968 0.166426092 0.938469946
1341848061.794816 -1.363278270 -0.156266049 0.619821191 0.108179115 0.284976751 0.166939914 0.937665522
1341848061.826740 -1.362009525 -0.153835177 0.618012071 0.109394498 0.284508497 0.167253941 0.937610805
1341848061.862883 -1.358640313 -0.155468345 0.617679596 0.107184231 0.284234971 0.166545570 0.938075006
1341848061.894834 -1.357055187 -0.155142561 0.621388376 0.106002279 0.284950256 0.165982425 0.938092113
1341848061.930667 -1.354310989 -0.157870725 0.625169277 0.106004260 0.284737438 0.164791480 0.938366473
1341848061.962828 -1.352888346 -0.157856077 0.623933554 0.104677238 0.284204274 0.164458051 0.938735366
1341848061.997188 -1.352616310 -0.150166929 0.627542973 0.105373293 0.283138245 0.164909005 0.938900590
1341848062.030704 -1.349815369 -0.155527815 0.628832996 0.103015572 0.281870782 0.162857860 0.939901114
1341848062.063265 -1.346581459 -0.152582228 0.629918575 0.102358393 0.281368971 0.161065161 0.940432012
1341848062.094872 -1.342464209 -0.149103135 0.631368399 0.101996094 0.278716773 0.160443902 0.941366851
1341848062.130773 -1.339489341 -0.155010611 0.633997858 0.099409327 0.276995957 0.159762666 0.942266941
1341848062.163385 -1.336910963 -0.160599858 0.637790740 0.097506426 0.275972933 0.156421438 0.943325937
1341848062.198718 -1.333539844 -0.161401629 0.638373911 0.096967503 0.274908304 0.151944637 0.944423378
1341848062.230750 -1.332129240 -0.151750863 0.642792225 0.098824516 0.273422062 0.151142865 0.944790959
1341848062.262814 -1.331386924 -0.153249860 0.644529581 0.096640214 0.269969225 0.151730552 0.945915043
1341848062.299276 -1.328754425 -0.155568674 0.646729171 0.094335869 0.267588645 0.150325775 0.947047651
1341848062.330839 -1.323711038 -0.160730496 0.648678422 0.092091471 0.266490906 0.148506224 0.947864830
1341848062.362763 -1.325059414 -0.153340250 0.653711915 0.094881684 0.265799075 0.147805184 0.947893500
1341848062.398825 -1.320753574 -0.159219861 0.653110623 0.094001457 0.262416840 0.147305220 0.949000716
1341848062.430832 -1.317731500 -0.158943877 0.650379956 0.093391083 0.260313869 0.149665311 0.949270844
1341848062.466855 -1.315629959 -0.152251899 0.652658820 0.095046513 0.257429242 0.151389182 0.949619770
1341848062.498723 -1.312676668 -0.155221015 0.652608156 0.095196471 0.254669279 0.153960168 0.949935496
1341848062.530743 -1.308775067 -0.158438429 0.650170982 0.094242044 0.253050059 0.153801575 0.950488925
1341848062.566929 -1.305207014 -0.154431552 0.650031447 0.093397819 0.252639502 0.153998286 0.950649679
1341848062.598817 -1.305735707 -0.147960603 0.653058112 0.096490704 0.250480145 0.157284319 0.950374126
1341848062.630793 -1.299316168 -0.152038425 0.649541795 0.094766401 0.246503368 0.159000278 0.951301396
1341848062.666740 -1.292049885 -0.157094702 0.646981239 0.092000052 0.245330915 0.159277752 0.951829493
1341848062.698720 -1.286799192 -0.155822366 0.649241030 0.094813302 0.245021462 0.159303874 0.951628745
1341848062.734924 -1.281561732 -0.151398659 0.642660320 0.096406750 0.242756665 0.158736289 0.952143729
1341848062.766819 -1.275064111 -0.153047070 0.642938614 0.093721092 0.241796926 0.160129115 0.952422857
1341848062.798717 -1.271747708 -0.155185983 0.647113502 0.094654903 0.241031408 0.160575077 0.952449501
1341848062.834828 -1.263820767 -0.149478644 0.639264643 0.095640615 0.236973986 0.158738121 0.953676283
1341848062.866781 -1.257106900 -0.148379445 0.636579871 0.093246199 0.235801339 0.157562882 0.954398692
1341848062.899075 -1.252523303 -0.145356834 0.636167109 0.093454242 0.234227687 0.156091318 0.955007434
1341848062.934962 -1.245600343 -0.148330152 0.633920014 0.093353704 0.231353447 0.150835246 0.956561267
1341848062.966930 -1.239085197 -0.152294099 0.626951277 0.089081824 0.230998233 0.146023020 0.957800388
1341848063.002905 -1.236205459 -0.142398179 0.635718882 0.090683252 0.231071502 0.146487460 0.957561553
1341848063.034972 -1.225912690 -0.141921863 0.629152417 0.091814123 0.225186408 0.146141440 0.958907723
1341848063.066737 -1.216856122 -0.146057457 0.625463665 0.089667499 0.223011136 0.144379646 0.959885597
1341848063.102822 -1.209661603 -0.146706343 0.627269685 0.090890869 0.222278327 0.142939433 0.960156024
1341848063.135045 -1.202007651 -0.139440283 0.622847915 0.093245640 0.218844458 0.143017173 0.960707307
1341848063.170739 -1.195551157 -0.137533605 0.621562600 0.092620775 0.215663835 0.143133372 0.961469352
1341848063.202662 -1.186731577 -0.140189275 0.617855191 0.091683954 0.213541269 0.142299086 0.962156594
1341848063.234990 -1.177116990 -0.145235479 0.614795744 0.090854429 0.212219954 0.138802379 0.963037908
1341848063.270800 -1.171145201 -0.147424713 0.617345750 0.089346386 0.213340893 0.135105938 0.963456988
1341848063.302788 -1.163283825 -0.139977232 0.616356909 0.090267256 0.212467998 0.134113893 0.963702559
1341848063.334854 -1.154511690 -0.141588494 0.615535796 0.088703372 0.209470183 0.131153643 0.964910746
1341848063.370653 -1.148430228 -0.148890719 0.612899661 0.084285870 0.209917441 0.129291281 0.965460658
1341848063.402698 -1.140814543 -0.141624928 0.612155795 0.083425239 0.210646376 0.126250684 0.965779066
1341848063.439276 -1.134900331 -0.136544883 0.616095901 0.083452702 0.210392624 0.124184541 0.966099799
1341848063.470742 -1.126864910 -0.134408489 0.609133959 0.081462152 0.209575385 0.122324131 0.966684520
1341848063.502776 -1.119686246 -0.134136915 0.614217758 0.076411761 0.211751223 0.121283993 0.966753840
1341848063.541802 -1.111706972 -0.138210997 0.621313870 0.076787308 0.210969821 0.122854754 0.966696560
1341848063.577805 -1.104630351 -0.131285548 0.613865256 0.077973381 0.209446773 0.124162547 0.966765702
1341848063.609732 -1.097808838 -0.129028350 0.618485451 0.074482024 0.209549725 0.126023859 0.966777861
1341848063.643039 -1.092027545 -0.133589894 0.623462081 0.073977783 0.208039269 0.127303168 0.966975093
1341848063.677955 -1.086309671 -0.124929354 0.620025456 0.073858552 0.205928802 0.127821103 0.967367589
1341848063.709890 -1.078372478 -0.126361191 0.624117732 0.068280727 0.203848898 0.128922105 0.968071580
1341848063.745768 -1.072978854 -0.126876846 0.630321562 0.067281067 0.201128170 0.129672751 0.968610227
1341848063.777773 -1.064622402 -0.125724971 0.626402318 0.066283807 0.198845655 0.126721427 0.969540417
1341848063.809840 -1.057986736 -0.123887680 0.633728027 0.064794809 0.199326470 0.125269577 0.969731033
1341848063.845733 -1.051219702 -0.127865300 0.639886558 0.065546975 0.196950406 0.124970302 0.970204473
1341848063.877902 -1.042266607 -0.128894940 0.636320591 0.064888239 0.195001394 0.123698078 0.970805228
1341848063.913769 -1.031115532 -0.135063350 0.644688427 0.063177541 0.196720079 0.120759733 0.970941305
1341848063.945802 -1.024250388 -0.137269557 0.654376805 0.066647492 0.197948590 0.117697693 0.970835626
1341848063.977856 -1.017844558 -0.134011760 0.658985198 0.070787467 0.195301682 0.119144134 0.970902264
1341848064.013951 -1.004932165 -0.139173657 0.659677267 0.069660380 0.192264989 0.120099887 0.971471965
1341848064.045815 -0.997972190 -0.151333705 0.668510258 0.068921082 0.191474527 0.118734069 0.971848607
1341848064.081699 -0.985504389 -0.151481807 0.671818078 0.072308935 0.188906342 0.116180852 0.972413480
1341848064.113685 -0.971029758 -0.149275362 0.667181671 0.070926413 0.188299105 0.116227686 0.972627401
1341848064.145823 -0.966326296 -0.155397490 0.684423923 0.070534065 0.189321846 0.118354082 0.972200871
1341848064.181846 -0.953282177 -0.160049915 0.686138451 0.071973935 0.185325578 0.120040581 0.972658455
1341848064.213863 -0.938095331 -0.164348707 0.680249155 0.069447398 0.183805093 0.119034454 0.973254144
1341848064.249771 -0.924699664 -0.168818966 0.696170390 0.069044285 0.187067837 0.118864469 0.972681761
1341848064.282977 -0.914980233 -0.174009457 0.703106284 0.071689509 0.187308148 0.119036980 0.972423017
1341848064.313795 -0.899778485 -0.169725984 0.695708334 0.072449386 0.185085371 0.118652172 0.972839296
1341848064.349790 -0.883524537 -0.177174225 0.708912671 0.070675828 0.186967686 0.118347518 0.972646832
1341848064.382619 -0.864750624 -0.176237673 0.709866941 0.072738595 0.186454087 0.117948741 0.972641885
1341848064.418063 -0.854711056 -0.172910526 0.710622609 0.072615795 0.187193573 0.117361248 0.972580075
1341848064.449767 -0.840267539 -0.180586621 0.721689343 0.069122434 0.187993154 0.114962541 0.972966731
1341848064.481773 -0.826539874 -0.187849194 0.722811818 0.068900429 0.188715100 0.110472038 0.973362923
1341848064.518010 -0.813673317 -0.187452376 0.722422838 0.070639417 0.189636737 0.108245261 0.973309338
1341848064.549704 -0.803380251 -0.188735455 0.724574268 0.070932575 0.190100744 0.108190857 0.973203480
1341848064.581714 -0.790940404 -0.197238609 0.728260994 0.071830370 0.189092532 0.110184945 0.973110378
1341848064.617693 -0.780283391 -0.194386154 0.725625753 0.075200565 0.187812567 0.110557891 0.973061323
1341848064.649724 -0.772235930 -0.193652257 0.726617396 0.076040618 0.187864989 0.111755557 0.972849071
1341848064.685821 -0.765075922 -0.195471108 0.727644622 0.076287568 0.185435265 0.115078449 0.972908556
1341848064.749892 -0.744191527 -0.191168308 0.725597680 0.075176202 0.184615612 0.111887582 0.973522961
1341848064.810737 -0.730932355 -0.189522743 0.726154506 0.076678962 0.181316271 0.111621492 0.974056244
1341848064.842702 -0.718442321 -0.187077656 0.727348149 0.075783081 0.178973392 0.111940630 0.974522889
1341848064.878850 -0.714912057 -0.191133574 0.730016470 0.075386710 0.178631395 0.112762704 0.974521577
1341848064.910832 -0.705229223 -0.184755951 0.726280510 0.077629983 0.175000161 0.115842782 0.974643052
1341848064.946850 -0.697813451 -0.183512732 0.725259960 0.075919665 0.173323452 0.118506424 0.974757075
1341848064.978809 -0.692858577 -0.191124603 0.727226853 0.074145354 0.172943085 0.119184792 0.974878550
1341848065.010770 -0.680507541 -0.187845245 0.721235633 0.076658048 0.170716017 0.120314628 0.974937975
1341848065.046751 -0.675044119 -0.182068437 0.723338902 0.076412335 0.170957461 0.121078558 0.974820316
1341848065.078713 -0.670970738 -0.185442641 0.728354931 0.075900301 0.169898808 0.123732664 0.974712133
1341848065.110686 -0.658490121 -0.180836767 0.720740139 0.076864399 0.165787622 0.125253946 0.975150168
1341848065.146689 -0.650419056 -0.180342704 0.722094238 0.075051665 0.165927917 0.124803632 0.975325227
1341848065.178847 -0.641099095 -0.190968722 0.724162042 0.074912265 0.165128648 0.123450264 0.975643754
1341848065.214760 -0.632191598 -0.177653670 0.719027340 0.080657676 0.163629115 0.122990094 0.975496471
1341848065.246768 -0.626788557 -0.171574682 0.719223619 0.078986757 0.162804022 0.120374650 0.976097286
1341848065.278735 -0.618189514 -0.181670874 0.720178723 0.076950073 0.162526488 0.119840898 0.976371825
1341848065.314761 -0.608502686 -0.175977841 0.714404583 0.079889275 0.160412952 0.118648231 0.976630986
1341848065.346776 -0.598826528 -0.174272344 0.713701248 0.078986317 0.159022793 0.115729108 0.977281809
1341848065.382824 -0.587950587 -0.175331637 0.711440980 0.079731502 0.158058301 0.115287788 0.977429926
1341848065.414914 -0.581176937 -0.171669662 0.708177030 0.080845602 0.156878158 0.114275485 0.977647424
1341848065.446728 -0.572158039 -0.177620083 0.708244085 0.080095962 0.156030685 0.109982029 0.978336871
1341848065.482830 -0.562855959 -0.176007956 0.705244541 0.082029678 0.156327546 0.108486764 0.978296220
1341848065.514745 -0.553284645 -0.173983619 0.703496754 0.083288364 0.155426517 0.108773731 0.978301585
1341848065.546916 -0.545507789 -0.173360616 0.703628957 0.083700337 0.153969899 0.108152196 0.978565633
1341848065.582742 -0.535105228 -0.176318020 0.700762868 0.084207214 0.153650850 0.105892643 0.978819370
1341848065.614763 -0.529027164 -0.172279924 0.700674415 0.085748956 0.153108314 0.105201013 0.978845119
1341848065.682873 -0.517606676 -0.174233228 0.699572086 0.086049095 0.148992553 0.102428943 0.979747534
1341848065.714808 -0.509657264 -0.168263122 0.695620298 0.086813040 0.146941811 0.100326061 0.980207264
1341848065.750674 -0.508944154 -0.167158559 0.698943555 0.085344851 0.145527706 0.098955594 0.980686367
1341848065.782722 -0.504540086 -0.167458504 0.697742760 0.084390782 0.141038746 0.095386803 0.981777787
1341848065.814742 -0.495523065 -0.163102970 0.692750275 0.083398938 0.138123393 0.091760814 0.982622266
1341848065.850746 -0.494955063 -0.162638843 0.696340799 0.081496507 0.137381792 0.087041929 0.983314991
1341848065.918698 -0.491491795 -0.150577009 0.697224617 0.080984943 0.124984145 0.086704724 0.985039473
1341848065.950762 -0.483907849 -0.152401209 0.692043245 0.075432576 0.118556775 0.082905397 0.986600757
1341848065.982774 -0.480636418 -0.154458225 0.696494222 0.073800378 0.114565849 0.080034427 0.987432361
1341848066.018773 -0.475297868 -0.147221208 0.692880154 0.074012332 0.109510116 0.075888060 0.988317132
1341848066.050717 -0.472545892 -0.146711454 0.693388224 0.070182800 0.107137293 0.072497942 0.989110708
1341848066.082818 -0.466751933 -0.147044808 0.693754077 0.068963401 0.103553139 0.072841629 0.989552915
1341848066.118721 -0.460575253 -0.144292876 0.697541773 0.069580436 0.098607518 0.073057674 0.989998937
1341848066.150964 -0.450756729 -0.144350857 0.691578329 0.066750363 0.093641892 0.070850261 0.990835965
1341848066.186782 -0.447706729 -0.144487470 0.696118057 0.064950213 0.093528531 0.071434513 0.990924358
1341848066.218688 -0.444901228 -0.142531112 0.698796153 0.065756559 0.090095192 0.070796683 0.991234958
1341848066.250777 -0.432076037 -0.143797606 0.694624960 0.064884543 0.085728906 0.069481216 0.991772652
1341848066.286736 -0.425084770 -0.143377304 0.696980715 0.063891463 0.084974237 0.067640290 0.992029309
1341848066.318695 -0.419500202 -0.149055034 0.701519847 0.064273886 0.084196813 0.066508509 0.992147386
1341848066.354797 -0.410958827 -0.147472754 0.702047050 0.066400938 0.082865193 0.066115960 0.992145717
1341848066.386761 -0.401338637 -0.149712056 0.700543463 0.066605017 0.081623912 0.064970009 0.992310584
1341848066.418820 -0.397143960 -0.157967925 0.706279099 0.067283288 0.081386380 0.065132819 0.992273688
1341848066.454695 -0.390229464 -0.156696096 0.708120763 0.070047416 0.078631103 0.063725412 0.992395878
1341848066.486874 -0.379941911 -0.159111902 0.707635760 0.069153316 0.076194599 0.061464578 0.992791235
1341848066.522806 -0.374017924 -0.160876587 0.712643802 0.069069967 0.074743718 0.060219076 0.992983580
1341848066.555107 -0.366096139 -0.164004400 0.716783285 0.069964632 0.071721062 0.056468628 0.993364215
1341848066.623500 -0.349544048 -0.165793985 0.721259832 0.071623661 0.071242973 0.047786571 0.993735909
1341848066.655239 -0.342117667 -0.169149950 0.725547671 0.072774269 0.069919258 0.044381239 0.993904173
1341848066.697724 -0.328419149 -0.168261319 0.726440966 0.073599525 0.068293557 0.041832734 0.994066954
1341848066.732527 -0.323136985 -0.176056832 0.731880844 0.073566876 0.068784595 0.038504574 0.994170010
1341848066.764415 -0.310148448 -0.179807827 0.734054983 0.075998716 0.067419469 0.035525367 0.994191587
1341848066.795253 -0.303410560 -0.176913470 0.736767948 0.078684360 0.068692140 0.031512763 0.994030774
1341848066.833355 -0.297546536 -0.180590421 0.742568016 0.078869261 0.068035662 0.027226180 0.994187951
1341848066.862103 -0.285407245 -0.178016692 0.742446423 0.080585830 0.065709755 0.025933867 0.994241297
1341848066.905023 -0.279922605 -0.175517753 0.743648708 0.079703063 0.065921269 0.024424858 0.994336605
1341848066.930221 -0.276496202 -0.182010040 0.747033894 0.078092419 0.064926863 0.022645168 0.994571924
1341848066.997936 -0.257496148 -0.177523911 0.747967005 0.077402428 0.064265825 0.018234026 0.994759381
1341848067.054702 -0.242176861 -0.180636957 0.751856863 0.076913819 0.061377384 0.015307506 0.995029092
1341848067.090940 -0.236923426 -0.183510154 0.752174318 0.075501747 0.062601015 0.012926129 0.995094717
1341848067.122963 -0.237343237 -0.191233203 0.756045043 0.076403171 0.063229926 0.011681369 0.995001614
1341848067.158821 -0.230305761 -0.184681833 0.752630532 0.081069179 0.061863095 0.012073541 0.994713545
1341848067.191143 -0.227258623 -0.181335390 0.754216611 0.082028210 0.061852757 0.012412472 0.994631410
1341848067.222948 -0.222944498 -0.186072737 0.753622115 0.081824556 0.060870178 0.013447939 0.994695306
1341848067.258733 -0.215306982 -0.183987588 0.752267897 0.083152764 0.060390156 0.015353409 0.994586885
1341848067.322816 -0.209305316 -0.184224963 0.754128039 0.083073087 0.060623690 0.020543419 0.994485617
1341848067.358674 -0.202397019 -0.182835206 0.750607491 0.083476380 0.059392940 0.023024676 0.994471729
1341848067.390706 -0.194230154 -0.180410251 0.748614907 0.083030365 0.060187813 0.024700969 0.994421124
1341848067.426869 -0.192802221 -0.182040632 0.751465917 0.083097294 0.061768871 0.028247027 0.994224131
1341848067.458745 -0.186618745 -0.176969454 0.747781098 0.084158935 0.061599184 0.031034051 0.994062245
1341848067.491527 -0.181793511 -0.175475284 0.745324671 0.081763797 0.063211955 0.034083754 0.994060993
1341848067.526659 -0.181088120 -0.177476287 0.746956170 0.080451071 0.065344557 0.035047937 0.993996680
1341848067.558770 -0.174262255 -0.172976002 0.743380904 0.081199415 0.065660976 0.035058565 0.993914604
1341848067.594659 -0.169689104 -0.172839180 0.743340254 0.079597063 0.069060035 0.033957932 0.993852079
1341848067.626656 -0.171854600 -0.179536507 0.743392050 0.079520568 0.072154947 0.032989103 0.993670940
1341848067.658983 -0.166726694 -0.178233296 0.739198685 0.082440272 0.072449945 0.033070192 0.993408799
1341848067.694893 -0.162544712 -0.174975529 0.735764325 0.083724096 0.074220039 0.033533134 0.993155181
1341848067.726732 -0.164298698 -0.182088047 0.736270130 0.084738567 0.075829148 0.035479769 0.992879927
1341848067.758667 -0.155260354 -0.175803155 0.731229544 0.088544726 0.075004540 0.037167277 0.992548645
1341848067.794813 -0.152214170 -0.172919765 0.728575528 0.089199796 0.077321149 0.038650844 0.992255569
1341848067.826795 -0.153943032 -0.177678064 0.728047550 0.089943476 0.078819193 0.041278254 0.991964638
1341848067.862808 -0.147572592 -0.171481565 0.723672032 0.092315115 0.079225250 0.042668130 0.991655588
