1.000000000 0.000000000 0.000000000 0.000000000 0.000000000 1.000000000 0.000000000 0.000000000 0.000000000 0.000000000 1.000000000 0.000000000
0.999991536 -0.002356234 -0.003378423 -0.003953446 0.002348625 0.999994695 -0.002254468 -0.003411196 0.003383717 0.002246514 0.999991775 0.666560113
0.999972045 -0.001046219 -0.007400061 -0.015639264 0.001020053 0.999993205 -0.003538847 -0.010875732 0.007403713 0.003531199 0.999966383 1.356111646
0.999936879 -0.001523314 -0.011133847 -0.027624780 0.001470476 0.999987602 -0.004752340 -0.015363351 0.011140948 0.004735668 0.999926746 2.065968513
0.999872506 -0.000132814 -0.015968027 -0.046091344 0.000046394 0.999985337 -0.005412334 -0.018416993 0.015968513 0.005410903 0.999857843 2.792296648
0.999796391 -0.000822204 -0.020162204 -0.067655407 0.000709594 0.999984086 -0.005591730 -0.028304288 0.020166481 0.005576285 0.999781072 3.530269384
0.999696553 0.000718128 -0.024623189 -0.091922760 -0.000890432 0.999975204 -0.006987359 -0.033097900 0.024617560 0.007007164 0.999672413 4.281002522
0.999558926 0.003296354 -0.029514495 -0.123704240 -0.003526312 0.999963820 -0.007742700 -0.038411491 0.029487904 0.007843362 0.999534369 5.048233509
0.999416590 0.003818931 -0.033938881 -0.153917030 -0.004021585 0.999974489 -0.005904872 -0.049832795 0.033915464 0.006037915 0.999406457 5.840745926
0.999258041 0.003073321 -0.038391650 -0.188323915 -0.003199869 0.999989629 -0.003235227 -0.055575818 0.038381308 0.003355675 0.999257505 6.639555931
0.999136329 0.002628865 -0.041468617 -0.233494267 -0.002639436 0.999996483 -0.000200164 -0.069345467 0.041467946 0.000309445 0.999139786 7.447443962
0.999007523 0.004058799 -0.044356219 -0.267194808 -0.004132321 0.999990225 -0.001565983 -0.070682630 0.044349432 0.001747723 0.999014556 8.262351990
0.998914897 0.003652599 -0.046429124 -0.313710123 -0.003735321 0.999991596 -0.001695029 -0.076866433 0.046422541 0.001866618 0.998920143 9.079985619
0.998831272 0.001120580 -0.048320211 -0.354752660 -0.001239185 0.999996305 -0.002424673 -0.082304195 0.048317313 0.002481717 0.998828948 9.909231186
0.998724461 0.000627288 -0.050487623 -0.389500439 -0.000703548 0.999998629 -0.001492707 -0.090868898 0.050486617 0.001526323 0.998723567 10.755306244
0.998646677 -0.000742353 -0.052003112 -0.435672581 0.000641600 0.999997914 -0.001954096 -0.097669303 0.052004453 0.001918086 0.998645008 11.599923134
0.998554051 0.001751264 -0.053728614 -0.490941823 -0.001978145 0.999989331 -0.004169835 -0.107731104 0.053720739 0.004270089 0.998546898 12.458281517
0.998481929 0.001942025 -0.055046137 -0.539340019 -0.002308667 0.999975562 -0.006597811 -0.120470583 0.055031981 0.006714878 0.998462021 13.328195572
0.998371899 0.005787204 -0.056745958 -0.599478066 -0.006258748 0.999947309 -0.008135530 -0.132982299 0.056695886 0.008477444 0.998355508 14.197864532
0.998305798 0.007078054 -0.057753511 -0.657058120 -0.007545957 0.999940395 -0.007887657 -0.144950420 0.057694241 0.008310099 0.998299718 15.094381332
0.998225510 0.006214230 -0.059221663 -0.708775640 -0.006600313 0.999958217 -0.006325906 -0.161001235 0.059179876 0.006705562 0.998224795 15.984819412
0.998160124 0.006916171 -0.060237687 -0.772743881 -0.007234629 0.999960959 -0.005070189 -0.170585170 0.060200270 0.005496657 0.998171210 16.877771378
0.998082936 0.006651528 -0.061532244 -0.828703761 -0.006968095 0.999963582 -0.004931579 -0.186393291 0.061497200 0.005350887 0.998092890 17.786180496
0.997979283 0.006444809 -0.063212842 -0.884422600 -0.006824919 0.999959886 -0.005799081 -0.197693408 0.063172936 0.006218785 0.997983217 18.690605164
0.997946978 0.005103349 -0.063841864 -0.950851679 -0.005516291 0.999964952 -0.006293601 -0.213081092 0.063807510 0.006632850 0.997940183 19.600738525
0.997886062 0.004754568 -0.064813413 -1.001717687 -0.005068574 0.999976218 -0.004681210 -0.224679649 0.064789616 0.004999826 0.997886419 20.521221161
0.997886062 0.006067689 -0.064704172 -1.069257140 -0.006168169 0.999980032 -0.001353254 -0.235196829 0.064694673 0.001749499 0.997903585 21.449405670
0.997951031 0.007197578 -0.063575782 -1.133750439 -0.007058448 0.999972165 0.002412745 -0.244701773 0.063591376 -0.001959055 0.997974098 22.378952026
0.998040915 0.006325960 -0.062243946 -1.190901041 -0.005991207 0.999966562 0.005563250 -0.255335748 0.062277060 -0.005179435 0.998045444 23.316495895
0.998134851 0.005788727 -0.060773034 -1.249297738 -0.005405619 0.999964476 0.006466443 -0.265394777 0.060808308 -0.006125866 0.998130679 24.263027191
0.998231947 0.006221732 -0.059112553 -1.313719511 -0.006017723 0.999975324 0.003628595 -0.270720661 0.059133667 -0.003266456 0.998244703 25.202501297
0.998257220 0.006638925 -0.058638349 -1.366268039 -0.006720726 0.999976695 -0.001197906 -0.278657645 0.058629032 0.001589911 0.998278558 26.139396667
0.998320699 0.006070911 -0.057609741 -1.417212129 -0.006321977 0.999971271 -0.004176787 -0.285137147 0.057582732 0.004533980 0.998330414 27.113693237
0.998374999 0.003258391 -0.056892779 -1.473945141 -0.003450550 0.999988675 -0.003279651 -0.292906255 0.056881446 0.003470633 0.998374879 28.073629379
0.998382092 0.001592943 -0.056838866 -1.533994198 -0.001488181 0.999997139 0.001885433 -0.306793362 0.056841705 -0.001797796 0.998381555 29.049434662
0.998336613 -0.001749714 -0.057627689 -1.586784601 0.002055475 0.999984145 0.005246944 -0.316154152 0.057617594 -0.005356668 0.998324335 30.017168045
0.998232841 -0.008579544 -0.058801215 -1.637379527 0.008848587 0.999951541 0.004316624 -0.320846021 0.058761328 -0.004829303 0.998260379 30.987922668
0.998137414 -0.010890348 -0.060025584 -1.694167614 0.010937824 0.999940097 0.000462398 -0.327056170 0.060016952 -0.001118086 0.998196721 31.956813812
0.998070836 -0.010423362 -0.061203968 -1.760113835 0.010224461 0.999941409 -0.003562111 -0.334305376 0.061237510 0.002929461 0.998118937 32.934360504
0.997919679 -0.009072172 -0.063827522 -1.820421934 0.008795139 0.999950647 -0.004619976 -0.340388447 0.063866287 0.004048993 0.997950256 33.929916382
0.997902453 -0.009194816 -0.064079650 -1.889108300 0.009036128 0.999955356 -0.002765801 -0.363046288 0.064102225 0.002180968 0.997940958 34.899585724
0.997850299 -0.006214316 -0.065239564 -1.965282917 0.006230205 0.999980569 0.000040113 -0.374254167 0.065238051 -0.000446482 0.997869611 35.892116547
0.997760296 -0.005884053 -0.066631265 -2.028723478 0.005994394 0.999980986 0.001456186 -0.388533950 0.066621430 -0.001852338 0.997776628 36.882400513
0.997693419 -0.004937686 -0.067701519 -2.098848343 0.005228928 0.999977827 0.004125314 -0.397950470 0.067679651 -0.004469805 0.997697115 37.861164093
0.997709274 -0.004548648 -0.067494571 -2.164761543 0.005039664 0.999962032 0.007106406 -0.409021556 0.067459688 -0.007430277 0.997694314 38.862705231
0.997674525 0.001276967 -0.068145826 -2.240288258 -0.000634741 0.999955177 0.009445122 -0.415379614 0.068154834 -0.009379903 0.997630656 39.844036102
0.997678757 0.001940824 -0.068068616 -2.313721895 -0.001340899 0.999959886 0.008858110 -0.424450576 0.068083078 -0.008746275 0.997641325 40.819156647
0.997660458 0.001555713 -0.068345904 -2.377642632 -0.001085808 0.999975502 0.006912005 -0.420465469 0.068354987 -0.006821624 0.997637749 41.836734772
0.997655690 0.003971410 -0.068318188 -2.454647541 -0.003658534 0.999982238 0.004704190 -0.428333372 0.068335660 -0.004443218 0.997652471 42.825752258
0.997598410 0.003336162 -0.069182888 -2.529573202 -0.002993853 0.999982774 0.005050982 -0.439447582 0.069198549 -0.004831729 0.997591197 43.813846588
0.997515261 0.001604965 -0.070432402 -2.596475840 -0.001204733 0.999982893 0.005724601 -0.441871732 0.070440382 -0.005625525 0.997500122 44.805892944
0.997456551 0.002053364 -0.071247198 -2.671943188 -0.001583229 0.999976635 0.006654491 -0.450254768 0.071259201 -0.006524765 0.997436464 45.794841766
0.997430086 0.004709816 -0.071491547 -2.754086018 -0.004495827 0.999984920 0.003153827 -0.462438166 0.071505323 -0.002824308 0.997436225 46.771327972
0.997357905 0.005567939 -0.072430700 -2.836415052 -0.005660824 0.999983370 -0.001077165 -0.470142126 0.072423503 0.001484337 0.997372866 47.749874115
0.997312486 0.005599341 -0.073051013 -2.889061928 -0.005771982 0.999981046 -0.002152405 -0.476251453 0.073037580 0.002568269 0.997325897 48.695838928
0.997319281 0.004415118 -0.073039524 -2.965068817 -0.004316216 0.999989569 0.001511866 -0.490756661 0.073045440 -0.001192558 0.997327924 49.676170349
0.997324824 0.002453501 -0.073055804 -3.040025473 -0.002147063 0.999988556 0.004272813 -0.497779906 0.073065452 -0.004104527 0.997318685 50.643314362
0.997291088 0.000448412 -0.073554598 -3.102365017 -0.000056132 0.999985754 0.005335168 -0.512677610 0.073555946 -0.005316587 0.997276902 51.600639343
0.997282088 -0.002752729 -0.073626116 -3.175547600 0.003065822 0.999986708 0.004139793 -0.523083746 0.073613748 -0.004354266 0.997277319 52.550746918
0.997241259 -0.005301627 -0.074038699 -3.243107319 0.005537161 0.999980211 0.002976320 -0.535766363 0.074021459 -0.003378073 0.997250915 53.495025635
0.997129440 -0.007069667 -0.075385243 -3.306193590 0.007414608 0.999963284 0.004296820 -0.547087431 0.075352095 -0.004843438 0.997145236 54.463821411
0.997016728 -0.009862992 -0.076553062 -3.377643585 0.010508847 0.999912441 0.008038446 -0.550311148 0.076467082 -0.008818950 0.997033119 55.416828156
0.996961713 -0.010580449 -0.077170946 -3.450437069 0.011619652 0.999847591 0.013029666 -0.553452730 0.077021323 -0.013886778 0.996932745 56.368621826
0.996915758 -0.009763434 -0.077869132 -3.524232626 0.011012170 0.999817312 0.015623091 -0.560571432 0.077702373 -0.016432414 0.996841192 57.322925568
0.996801317 -0.008404835 -0.079476506 -3.599570751 0.009319000 0.999894559 0.011138416 -0.557567954 0.079374507 -0.011843429 0.996774495 58.250373840
0.996762216 -0.007165434 -0.080085807 -3.691807270 0.007488289 0.999965012 0.003731753 -0.565430641 0.080056258 -0.004319376 0.996780992 59.164226532
0.996681154 -0.005388348 -0.081226163 -3.767985344 0.005306941 0.999985158 -0.001218091 -0.569305420 0.081231520 0.000782986 0.996694922 60.093151093
0.996630847 -0.000444595 -0.082016841 -3.854442835 0.000413553 0.999999821 -0.000395467 -0.581111789 0.082017004 0.000360216 0.996630847 60.994224548
0.996520579 0.002214695 -0.083317392 -3.937104464 -0.002042535 0.999995589 0.002151494 -0.595873415 0.083321787 -0.001973829 0.996520758 61.881744385
0.996436656 0.004820453 -0.084206916 -4.016727448 -0.004538160 0.999983430 0.003543465 -0.610193372 0.084222600 -0.003148694 0.996441960 62.764049530
0.996334791 0.005598222 -0.085356228 -4.097032547 -0.005325844 0.999979973 0.003418456 -0.622658908 0.085373655 -0.002951333 0.996344626 63.630954742
0.996206522 0.007333640 -0.086711131 -4.180832863 -0.006993262 0.999966621 0.004228544 -0.631368756 0.086739242 -0.003606109 0.996224523 64.483726501
0.996083677 0.008291602 -0.088025987 -4.261221886 -0.007897452 0.999957144 0.004824980 -0.644525051 0.088062219 -0.004110903 0.996106505 65.328926086
0.995958328 0.008278143 -0.089434065 -4.337775230 -0.007836037 0.999955297 0.005293356 -0.653163314 0.089473881 -0.004571154 0.995978653 66.156280518
0.995861769 0.007842152 -0.090541944 -4.411935806 -0.007296172 0.999953151 0.006359561 -0.661943853 0.090587571 -0.005672634 0.995872319 66.958679199
0.995701909 0.010859082 -0.091977268 -4.490512371 -0.010090359 0.999910176 0.008818683 -0.667167783 0.092064776 -0.007852696 0.995722055 67.754577637
0.995552659 0.012451833 -0.093380436 -4.569808006 -0.011262586 0.999848783 0.013251727 -0.676376820 0.093531318 -0.012141086 0.995542288 68.549324036
0.995353103 0.015712112 -0.095001675 -4.651900291 -0.014371985 0.999787569 0.014774203 -0.679713011 0.095213629 -0.013340186 0.995367467 69.328323364
0.995202720 0.018309815 -0.096105605 -4.733746052 -0.017358040 0.999791741 0.010730213 -0.686771154 0.096282065 -0.009010532 0.995313287 70.068641663
0.995049655 0.018331353 -0.097673699 -4.804400444 -0.018062811 0.999830246 0.003632977 -0.697725832 0.097723722 -0.001850731 0.995211840 70.790428162
0.994911730 0.017378867 -0.099240370 -4.874117374 -0.017694097 0.999840796 -0.002297096 -0.702632785 0.099184655 0.004041377 0.995060861 71.496055603
0.994846106 0.018041424 -0.099778466 -4.944919586 -0.018475348 0.999823451 -0.003426466 -0.710354447 0.099699028 0.005252249 0.995003760 72.184951782
0.994737208 0.020768296 -0.100332201 -5.027433395 -0.020847520 0.999782622 0.000258930 -0.721931517 0.100315765 0.001834110 0.994953990 72.867218018
0.994611502 0.021472877 -0.101424091 -5.104018688 -0.021327345 0.999769390 0.002519152 -0.737739682 0.101454794 -0.000342471 0.994840086 73.521163940
0.994567394 0.017934648 -0.102537751 -5.164396763 -0.018095670 0.999836028 -0.000640304 -0.751819730 0.102509461 0.002492314 0.994728923 74.146446228
0.994652033 0.009526139 -0.102842778 -5.211450100 -0.010187368 0.999930680 -0.005906175 -0.765510857 0.102779388 0.006922286 0.994680107 74.763435364
0.994774044 0.005549113 -0.101950042 -5.264521122 -0.006682258 0.999919593 -0.010776549 -0.773270428 0.101882048 0.011401488 0.994731128 75.359046936
0.995097160 0.007645043 -0.098606013 -5.329408646 -0.008782082 0.999899805 -0.011102252 -0.785247803 0.098511256 0.011913786 0.995064616 75.938232422
0.995439410 0.013056748 -0.094498187 -5.391964436 -0.013869288 0.999872267 -0.007946785 -0.799252808 0.094382353 0.009221165 0.995493293 76.510337830
0.995877326 0.011565081 -0.089970291 -5.440566540 -0.012050281 0.999915600 -0.004851570 -0.809442937 0.089906588 0.005915736 0.995932639 77.066650391
0.996410668 0.008045370 -0.084267482 -5.474758148 -0.008124657 0.999966800 -0.000598007 -0.821577549 0.084259875 0.001280505 0.996442974 77.607757568
0.997088134 0.003524265 -0.076176129 -5.501824379 -0.003312552 0.999990284 0.002905431 -0.838234425 0.076185629 -0.002644633 0.997090161 78.137130737
0.997829020 0.007221967 -0.065460168 -5.536979198 -0.007050656 0.999971092 0.002847667 -0.848519862 0.065478839 -0.002379948 0.997851133 78.651626587
0.998653889 0.012302257 -0.050388582 -5.562457561 -0.012208825 0.999923110 0.002161607 -0.854427278 0.050411299 -0.001543512 0.998727322 79.153785706
0.999339700 0.017310759 -0.031944796 -5.584187031 -0.017237401 0.999848127 0.002570431 -0.858560145 0.031984441 -0.002018088 0.999486327 79.640243530
0.999822795 0.015903048 -0.010072735 -5.566880226 -0.015873127 0.999869406 0.003043554 -0.863577008 0.010119822 -0.002883129 0.999944627 80.123718262
0.999793470 0.012249960 0.016214211 -5.538460732 -0.012317069 0.999915957 0.004045506 -0.872691631 -0.016163291 -0.004244382 0.999860346 80.586799622
0.998893619 0.011219258 0.045669310 -5.494476795 -0.011488937 0.999918044 0.005646833 -0.881312430 -0.045602217 -0.006165278 0.998940647 81.044769287
0.996811271 0.010685305 0.079076402 -5.442558289 -0.011272372 0.999912083 0.006981367 -0.888315856 -0.078994855 -0.007850485 0.996844113 81.493812561
0.993159235 0.010820956 0.116265267 -5.362431049 -0.011787534 0.999901414 0.007629183 -0.896077812 -0.116171248 -0.008947474 0.993188918 81.921363831
0.987377882 0.011030946 0.157997534 -5.269583225 -0.012332650 0.999897599 0.007260681 -0.896844625 -0.157901272 -0.009117563 0.987412810 82.350097656
0.979109585 0.010285575 0.203072891 -5.152693748 -0.011989689 0.999902487 0.007163185 -0.904400766 -0.202979416 -0.009448324 0.979137421 82.769218445
0.967664421 0.012793287 0.251916498 -5.021354675 -0.014552106 0.999881029 0.005119913 -0.913584590 -0.251821011 -0.008620273 0.967735410 83.163894653
0.952072978 0.014155471 0.305543184 -4.877107620 -0.015637048 0.999874830 0.002401992 -0.924383461 -0.305470943 -0.007064665 0.952175200 83.542739868
0.932449758 0.014238440 0.361018926 -4.710168839 -0.015262280 0.999883533 -0.000015156 -0.927873254 -0.360977113 -0.005495840 0.932558477 83.880363464
0.908272743 0.014744395 0.418118656 -4.505246162 -0.015197266 0.999881983 -0.002246712 -0.931221008 -0.418102413 -0.004313632 0.908389688 84.231254578
0.879320443 0.014877470 0.475998133 -4.286812782 -0.014567187 0.999884486 -0.004341458 -0.937706470 -0.476007730 -0.003116420 0.879435599 84.555068970
0.845794797 0.013447416 0.533338964 -4.046458721 -0.011918137 0.999909043 -0.006310988 -0.947012663 -0.533375323 -0.001018605 0.845878124 84.863708496
0.808821797 0.013838626 0.587891042 -3.784610748 -0.010995760 0.999904156 -0.008409194 -0.951241434 -0.587951124 0.000337231 0.808896422 85.153701782
0.768662632 0.011848096 0.639544666 -3.513051033 -0.009835910 0.999929190 -0.006702831 -0.969683766 -0.639578819 -0.001138288 0.768724740 85.426139832
0.727388382 0.011667805 0.686126828 -3.221677780 -0.011546460 0.999921978 -0.004763163 -0.976523042 -0.686128855 -0.004457666 0.727466404 85.640388489
0.681790888 0.010658755 0.731469512 -2.918676376 -0.010836832 0.999931276 -0.004469864 -0.984013677 -0.731466889 -0.004879299 0.681859553 85.874084473
0.635429382 0.009325747 0.772102654 -2.597528458 -0.007655452 0.999953985 -0.005777494 -0.993463457 -0.772121072 -0.002239606 0.635471523 86.076477051
0.588125825 0.006661978 0.808742046 -2.265884399 -0.002142670 0.999975383 -0.006679082 -1.002630115 -0.808766663 0.002195273 0.588125587 86.264953613
0.541912675 0.008874285 0.840388000 -1.922954559 -0.003990049 0.999960124 -0.007986399 -1.011482120 -0.840425372 0.000974742 0.541926503 86.435821533
0.494703531 0.011895251 0.868980408 -1.588710785 -0.007178295 0.999928117 -0.009601216 -1.017483234 -0.869032145 -0.001488042 0.494753361 86.589271545
0.449586093 0.013952395 0.893128097 -1.247158051 -0.008224152 0.999900281 -0.011480480 -1.030333042 -0.893199205 -0.002183755 0.449656010 86.720191956
0.405465603 0.011801975 0.914034128 -0.909091949 -0.001250600 0.999922872 -0.012356201 -1.033675551 -0.914109468 0.003866923 0.405449092 86.847778320
0.366254985 0.003729396 0.930507123 -0.539169312 0.014206783 0.999853015 -0.009599233 -1.041626453 -0.930406094 0.016735280 0.366148174 86.932434082
0.330858171 0.000450514 0.943680406 -0.174945831 0.018132366 0.999812245 -0.006834594 -1.043347955 -0.943506300 0.019372439 0.330787838 87.019607544
0.297650397 0.004551355 0.954664171 0.198669434 0.016192764 0.999820709 -0.009815308 -1.049866199 -0.954537630 0.018380182 0.297523320 87.122711182
0.266935647 0.011792274 0.963642240 0.561080933 0.005154830 0.999893367 -0.013663811 -1.068611145 -0.963700593 0.008614770 0.266846418 87.214080811
0.237394750 0.016915781 0.971265972 0.952690125 -0.000236176 0.999849319 -0.017355870 -1.081170559 -0.971413255 0.003890803 0.237362981 87.317977905
0.211775839 0.018448310 0.977144122 1.342880249 0.001356720 0.999815285 -0.019170377 -1.095905423 -0.977317333 0.005385534 0.211711705 87.379989624
0.187994301 0.019863306 0.981969357 1.751564026 0.008288698 0.999727786 -0.021809367 -1.108358860 -0.982135236 0.012239286 0.187778473 87.435089111
0.168420374 0.025933057 0.985374153 2.167076111 0.015310746 0.999464452 -0.028920805 -1.111824036 -0.985596418 0.019957667 0.167933106 87.474716187
0.148584187 0.033136588 0.988344431 2.584167480 0.017642720 0.999190509 -0.036152575 -1.106742263 -0.988742411 0.022808785 0.147879303 87.525405884
0.131006956 0.033746865 0.990806937 3.023941040 0.015698424 0.999224544 -0.036109254 -1.120371699 -0.991257191 0.020284671 0.130375624 87.579528809
0.115599513 0.029426349 0.992860019 3.483146667 0.013551569 0.999421358 -0.031198638 -1.145656586 -0.993203580 0.017061360 0.115133822 87.627449036
0.100941420 0.026011024 0.994552433 3.948402405 0.013313811 0.999533355 -0.027492573 -1.169923067 -0.994803429 0.016016424 0.100547969 87.671417236
0.087743819 0.023847977 0.995857716 4.424713135 0.015901597 0.999552488 -0.025337532 -1.184159875 -0.996016264 0.018058943 0.087325335 87.700607300
0.076184452 0.023174698 0.996824443 4.920623779 0.019802341 0.999497533 -0.024750279 -1.198363304 -0.996897101 0.021625044 0.075687230 87.725662231
0.065890014 0.023613997 0.997547507 5.435684204 0.023484718 0.999406278 -0.025209215 -1.215410829 -0.997550547 0.025088156 0.065296352 87.753898621
0.057864428 0.024392975 0.998026550 5.969886780 0.025050791 0.999351203 -0.025877776 -1.228995562 -0.998010278 0.026498759 0.057215810 87.782623291
0.052133203 0.024499437 0.998339653 6.536972046 0.026273208 0.999319315 -0.025895469 -1.252858162 -0.998294592 0.027579600 0.051454067 87.810798645
0.046742022 0.025519585 0.998581111 7.081802368 0.027627790 0.999258161 -0.026830109 -1.267022729 -0.998525023 0.028842682 0.046002328 87.826599121
0.040879726 0.026139347 0.998822153 7.661102295 0.028221695 0.999228716 -0.027305044 -1.283537030 -0.998765528 0.029304678 0.040110469 87.847297668
0.036550045 0.026119485 0.998990476 8.260025024 0.030522700 0.999162793 -0.027240729 -1.302480817 -0.998865664 0.031487536 0.035722256 87.861228943
0.033646107 0.026263338 0.999088705 8.877380371 0.032173567 0.999108076 -0.027347352 -1.321424365 -0.998915851 0.033064380 0.032771111 87.880172729
0.030676484 0.025729101 0.999198139 9.515769958 0.033083998 0.999094725 -0.026742153 -1.341569781 -0.998981714 0.033877827 0.029797494 87.898429871
0.028250873 0.024966659 0.999289036 10.167282104 0.035606712 0.999028444 -0.025966786 -1.364203811 -0.998966515 0.036314983 0.027334452 87.910919189
0.027483582 0.024694884 0.999317288 10.842254639 0.040122848 0.998861969 -0.025787111 -1.384512067 -0.998816788 0.040804178 0.026461482 87.923812866
0.028605700 0.024137530 0.999299288 11.523826599 0.043717045 0.998721659 -0.025375009 -1.408120275 -0.998634279 0.044412281 0.027513921 87.938423157
0.031130672 0.024352536 0.999218583 12.240722656 0.044942848 0.998657942 -0.025739066 -1.425170064 -0.998504341 0.045709006 0.029994428 87.956771851
0.034836411 0.024503380 0.999092579 12.965499878 0.047455005 0.998531163 -0.026144272 -1.444660902 -0.998265684 0.048322715 0.033622444 87.983551025
0.039361715 0.023860624 0.998940229 13.704605103 0.047991451 0.998516023 -0.025741531 -1.468272805 -0.998072028 0.048953816 0.038158178 88.012466431
0.043276608 0.022026625 0.998820245 14.463516235 0.049416546 0.998485982 -0.024160361 -1.492476225 -0.997840226 0.050403826 0.042122602 88.049705505
0.047172606 0.020420006 0.998678029 15.234161377 0.049249589 0.998527527 -0.022743236 -1.518031240 -0.997671902 0.050257340 0.046097457 88.085060120
0.051375747 0.018008795 0.998517096 16.014968872 0.046366613 0.998716176 -0.020398049 -1.544148922 -0.997602522 0.047345821 0.050474763 88.132743835
0.055348873 0.017106256 0.998320520 16.815361023 0.045638964 0.998764813 -0.019644186 -1.561821342 -0.997423470 0.046649601 0.054499805 88.185661316
0.059336782 0.018341277 0.998069584 17.612922668 0.042577077 0.998874843 -0.020887353 -1.584345341 -0.997329712 0.043734271 0.058489084 88.239250183
0.062028706 0.022389112 0.997823358 18.414096832 0.040558364 0.998866022 -0.024933787 -1.614173174 -0.997250080 0.042016689 0.061050296 88.302642822
0.063329935 0.027771093 0.997606337 19.219760895 0.034535710 0.998953044 -0.030000987 -1.640090466 -0.997395098 0.036353003 0.062304556 88.370758057
0.063070238 0.030743282 0.997535408 20.031002045 0.031417422 0.998968899 -0.032773856 -1.673172951 -0.997514427 0.033407047 0.062039316 88.425323486
0.063194275 0.030549075 0.997533619 20.841506958 0.029253334 0.999045193 -0.032448582 -1.701201200 -0.997572422 0.031231750 0.062240303 88.482826233
0.063223481 0.028824829 0.997583151 21.652290344 0.026407804 0.999184489 -0.030544745 -1.735017180 -0.997650027 0.028275127 0.062410712 88.539604187
0.063182592 0.027314816 0.997628093 22.483329773 0.027089529 0.999210119 -0.029073786 -1.774330139 -0.997634232 0.028862234 0.062392712 88.597732544
0.063134849 0.026725043 0.997647166 23.295719147 0.024936281 0.999287069 -0.028347036 -1.807464600 -0.997693479 0.026667297 0.062423408 88.664421082
0.063149929 0.026967831 0.997639716 24.118209839 0.023293115 0.999322712 -0.028487766 -1.840823531 -0.997732282 0.025037138 0.062478960 88.727706909
0.063292980 0.027122766 0.997626305 24.924579620 0.020080913 0.999393642 -0.028444819 -1.883279443 -0.997792900 0.021833604 0.062709987 88.785781860
0.062311828 0.028764712 0.997642279 25.728889465 0.017155850 0.999406040 -0.029887110 -1.914120793 -0.997909427 0.018977724 0.061781287 88.836494446
0.059330463 0.028459212 0.997832775 26.541084290 0.013797729 0.999474645 -0.029326448 -1.946973801 -0.998143196 0.015507780 0.058906615 88.894950867
0.055637598 0.027245088 0.998079240 27.359024048 0.011661519 0.999541700 -0.027935078 -1.980467558 -0.998382926 0.013193362 0.055294394 88.946708679
0.050295413 0.024715094 0.998428643 28.172794342 0.009262459 0.999639213 -0.025211656 -2.014484167 -0.998691559 0.010515938 0.050048351 89.000732422
0.044952154 0.022742918 0.998730361 28.983547211 0.007610299 0.999704003 -0.023107627 -2.043084860 -0.998960316 0.008639376 0.044765770 89.022651672
0.037414134 0.022955341 0.999036252 29.787963867 0.007453334 0.999701917 -0.023249768 -2.073057652 -0.999272108 0.008316023 0.037231922 89.055648804
0.028675079 0.023954744 0.999301791 30.591091156 0.006997366 0.999683499 -0.024164688 -2.103867531 -0.999564350 0.007685407 0.028498411 89.080627441
0.018431365 0.024191948 0.999537528 31.396255493 0.007668166 0.999674439 -0.024336664 -2.133250952 -0.999800861 0.008113179 0.018239856 89.096183777
0.008495092 0.023348933 0.999691427 32.190589905 0.008566610 0.999688983 -0.023421677 -2.164826870 -0.999927342 0.008762937 0.008292437 89.098266602
-0.002488494 0.022425115 0.999745607 32.986789703 0.007321718 0.999722123 -0.022406368 -2.193892002 -0.999970317 0.007264101 -0.002651930 89.100326538
-0.013584971 0.021526976 0.999676049 33.776378632 0.009017819 0.999730229 -0.021405598 -2.223419905 -0.999867141 0.008724105 -0.013775349 89.087348938
-0.024747729 0.022093108 0.999449551 34.563835144 0.009285976 0.999717712 -0.021869102 -2.248189688 -0.999650598 0.008739655 -0.024945855 89.072547913
-0.035948038 0.022704870 0.999095798 35.338279724 0.009378441 0.999705493 -0.022381285 -2.276489019 -0.999309719 0.008565398 -0.036150455 89.045745850
-0.046020627 0.023584470 0.998662114 36.115539551 0.008999302 0.999690473 -0.023194050 -2.306567430 -0.998899996 0.007919860 -0.046218634 88.998596191
-0.056562066 0.024659395 0.998094678 36.878898621 0.009352427 0.999664187 -0.024168175 -2.332312584 -0.998355448 0.007967608 -0.056773663 88.956253052
-0.066099524 0.025255570 0.997493446 37.633033752 0.010875274 0.999638498 -0.024589228 -2.366102219 -0.997753859 0.009222681 -0.066350222 88.905014038
-0.075877547 0.026129020 0.996774793 38.418025970 0.011243545 0.999615490 -0.025347596 -2.388766766 -0.997053802 0.009283972 -0.076142192 88.849662781
-0.085456729 0.026581882 0.995987296 39.161685944 0.011984832 0.999599159 -0.025649969 -2.418313503 -0.996269882 0.009744778 -0.085741043 88.789352417
-0.093814850 0.025930857 0.995251954 39.893115997 0.013144126 0.999605894 -0.024805302 -2.446706533 -0.995502949 0.010754613 -0.094118714 88.713562012
-0.101523399 0.024765156 0.994525015 40.624519348 0.015103110 0.999613285 -0.023350107 -2.478166103 -0.994718671 0.012649842 -0.101858139 88.642364502
-0.106032968 0.023237623 0.994091094 41.359683990 0.018204145 0.999604702 -0.021424798 -2.507713318 -0.994196057 0.015824843 -0.106414080 88.545471191
-0.109452009 0.021768477 0.993753672 42.065765381 0.021489773 0.999578297 -0.019529182 -2.532267570 -0.993759751 0.019218031 -0.109873652 88.456611633
-0.112385869 0.020480424 0.993453562 42.769001007 0.022986222 0.999573588 -0.018006241 -2.558588266 -0.993398726 0.020812098 -0.112808704 88.379585266
-0.114309192 0.019618835 0.993251622 43.452857971 0.023201242 0.999585032 -0.017073805 -2.582076311 -0.993174374 0.021092976 -0.114717007 88.306015015
-0.115224957 0.019928532 0.993139505 44.115592957 0.023525549 0.999573052 -0.017328173 -2.608705521 -0.993060768 0.021367515 -0.115644574 88.232360840
-0.113971949 0.020944150 0.993263364 44.770736694 0.024385633 0.999535501 -0.018278286 -2.629320621 -0.993184805 0.022138143 -0.114429712 88.154266357
-0.111081481 0.022984330 0.993545651 45.393722534 0.025899589 0.999459922 -0.020225503 -2.644902945 -0.993473947 0.023485746 -0.111616731 88.086441040
-0.105917215 0.023219388 0.994104028 46.017204285 0.025254346 0.999467671 -0.020653943 -2.674774885 -0.994054377 0.022917839 -0.106447220 88.019500732
-0.097931743 0.023898594 0.994906247 46.609554291 0.024903193 0.999457419 -0.021556623 -2.698059082 -0.994881630 0.022665266 -0.098473787 87.966720581
-0.086949825 0.023595804 0.995933294 47.188949585 0.022958374 0.999501407 -0.021675965 -2.725563526 -0.995948195 0.020980285 -0.087448239 87.927261353
-0.073459029 0.023764828 0.997015119 47.750690460 0.022189898 0.999507487 -0.022189312 -2.750910759 -0.997051418 0.020493660 -0.073950171 87.900444031
-0.056786060 0.024894351 0.998076081 48.294963837 0.021186063 0.999494016 -0.023724331 -2.781509638 -0.998161674 0.019798093 -0.057284713 87.893264771
-0.034773111 0.027869638 0.999006569 48.825679779 0.019914735 0.999431908 -0.027188322 -2.796145201 -0.999196768 0.018949531 -0.035308361 87.876312256
-0.010354877 0.030789450 0.999472380 49.347820282 0.017819632 0.999372780 -0.030601773 -2.820956707 -0.999787688 0.017493356 -0.010897040 87.893432617
0.017783463 0.032372523 0.999317646 49.868972778 0.016261961 0.999334157 -0.032662448 -2.844513893 -0.999709606 0.016831718 0.017245173 87.928871155
0.050790906 0.031736311 0.998205066 50.378643036 0.013278935 0.999385178 -0.032449499 -2.870607615 -0.998621166 0.014903243 0.050338268 87.976165771
0.090191185 0.029328804 0.995492578 50.835243225 0.012031995 0.999461234 -0.030535823 -2.891895294 -0.995851815 0.014731824 0.089789748 88.012405396
0.131520808 0.025974600 0.990973115 51.384422302 0.010284523 0.999567091 -0.027564811 -2.910676003 -0.991260111 0.013817031 0.131196737 88.122535706
0.176782489 0.021325640 0.984018922 51.867828369 0.007407776 0.999708116 -0.022996489 -2.936381102 -0.984222054 0.011354769 0.176572919 88.238265991
0.225570142 0.018452214 0.974052310 52.352893829 0.002692680 0.999804974 -0.019563638 -2.950863838 -0.974223375 0.007035786 0.225476444 88.377639771
0.277130008 0.016633561 0.960688472 52.821529388 -0.001441261 0.999856234 -0.016895959 -2.973842144 -0.960831404 0.003297775 0.277114153 88.544174194
0.331740379 0.016425593 0.943227768 53.270854950 -0.002649962 0.999860704 -0.016479803 -2.988274574 -0.943367064 0.002967499 0.331737697 88.739181519
0.387447178 0.017414453 0.921727419 53.680656433 -0.000935841 0.999828458 -0.018496659 -3.005193710 -0.921891451 0.006303888 0.387396991 88.964561462
0.448257804 0.020135626 0.893677533 54.100326538 0.000187641 0.999744117 -0.022619553 -3.025687218 -0.893904328 0.010307083 0.448139369 89.200370789
0.508343458 0.023430785 0.860835612 54.496147156 0.000925878 0.999614358 -0.027754908 -3.044339180 -0.861153960 0.014906055 0.508125663 89.467216492
0.567061067 0.028880050 0.823169351 54.866424561 -0.003251669 0.999455810 -0.032824885 -3.044991016 -0.823669374 0.015937043 0.566846371 89.759017944
0.621432543 0.030638898 0.782868326 55.178550720 -0.006204514 0.999396145 -0.034188010 -3.063446522 -0.783443093 0.016388226 0.621247411 90.080123901
0.675302029 0.031537414 0.736866713 55.506187439 -0.008153585 0.999343514 -0.035298891 -3.081544876 -0.737496257 0.017829308 0.675115824 90.415664673
0.723509908 0.029388322 0.689688206 55.781341553 -0.008628297 0.999400318 -0.033534054 -3.104629517 -0.690260112 0.018311387 0.723329544 90.772308350
0.768272638 0.028079532 0.639506578 56.039398193 -0.012176610 0.999497712 -0.029257670 -3.106514931 -0.640006959 0.014690844 0.768228650 91.161003113
0.809880674 0.023075450 0.586140633 56.282825470 -0.012351418 0.999675274 -0.022289502 -3.114897251 -0.586464584 0.010812170 0.809902668 91.559997559
0.846922696 0.021089802 0.531297684 56.505748749 -0.014993061 0.999763012 -0.015785575 -3.123990059 -0.531504691 0.005403383 0.847038150 91.981094360
0.878151774 0.017503664 0.478061765 56.694046021 -0.015674621 0.999846578 -0.007815478 -3.135789394 -0.478125244 -0.000630261 0.878291488 92.411659241
0.903725564 0.019274609 0.427678198 56.853717804 -0.020151854 0.999793887 -0.002475908 -3.140066147 -0.427637756 -0.006380966 0.903927684 92.851379395
0.923850358 0.020017426 0.382230043 56.964767456 -0.022551734 0.999743342 0.002150903 -3.164481163 -0.382088900 -0.010607062 0.924064696 93.239425659
0.939006925 0.026040537 0.342910826 57.093166351 -0.029351233 0.999559164 0.004467496 -3.164488316 -0.342643350 -0.014259866 0.939357340 93.708457947
0.950977564 0.030457385 0.307756394 57.205371857 -0.033179916 0.999442875 0.003616308 -3.164003611 -0.307474792 -0.013650359 0.951458335 94.169433594
0.960237682 0.032762717 0.277254850 57.310962677 -0.035263296 0.999369919 0.004036249 -3.164709091 -0.276947916 -0.013652676 0.960787952 94.631202698
0.966368020 0.027543714 0.255683839 57.423030853 -0.029621296 0.999552011 0.004277535 -3.168995619 -0.255451471 -0.011707358 0.966750979 95.100395203
0.970543444 0.023984056 0.239729419 57.537353516 -0.026020892 0.999647141 0.005334396 -3.180640459 -0.239516899 -0.011415237 0.970825076 95.587394714
0.973368764 0.029728627 0.227309138 57.634353638 -0.031768642 0.999481082 0.005320533 -3.188545704 -0.227033004 -0.012400144 0.973808110 96.087318420
0.975437999 0.033675790 0.217684731 57.726863861 -0.035762876 0.999344289 0.005653854 -3.176357031 -0.217351601 -0.013300015 0.976002753 96.608306885
0.976565421 0.040567905 0.211362854 57.826591492 -0.042364351 0.999094307 0.003976082 -3.166089296 -0.211010128 -0.012837154 0.977399588 97.083335876
0.976865172 0.046447285 0.208751321 57.918388367 -0.047601219 0.998866320 0.000504641 -3.170948744 -0.208491221 -0.010429783 0.977968633 97.601463318
0.976960599 0.048176825 0.207911089 58.025680542 -0.048809670 0.998805940 -0.002088273 -3.176432371 -0.207763433 -0.008107909 0.978145480 98.139945984
0.976409078 0.046767078 0.210803568 58.135913849 -0.046559889 0.998897791 -0.005948826 -3.181930780 -0.210849434 -0.004006503 0.977510333 98.681709290
0.975628614 0.045642246 0.214628950 58.261356354 -0.044070750 0.998955071 -0.012104003 -3.192160130 -0.214957133 0.002350153 0.976620674 99.240264893
0.974928260 0.044999629 0.217921883 58.408126831 -0.042323016 0.998960435 -0.016937017 -3.194427252 -0.218457490 0.007289265 0.975819230 99.772857666
0.973695338 0.049637429 0.222381368 58.530796051 -0.047076836 0.998749912 -0.016803920 -3.200888395 -0.222937480 0.005892891 0.974814951 100.347167969
0.972150445 0.053044233 0.228275746 58.655918121 -0.051469564 0.998591900 -0.012850157 -3.211545229 -0.228635937 0.000743035 0.973511696 100.938476562
0.971165180 0.049363028 0.233241171 58.800460815 -0.048780233 0.998775303 -0.008270013 -3.225616932 -0.233363748 -0.003346009 0.972383738 101.548789978
0.970418215 0.045617040 0.237081394 58.957553864 -0.046329543 0.998922884 -0.002568212 -3.236222744 -0.236943185 -0.008491631 0.971486390 102.178802490
0.969766557 0.042879269 0.240237787 59.124530792 -0.044739295 0.998996079 0.002291283 -3.248683453 -0.239898354 -0.012970079 0.970711350 102.788246155
0.969200015 0.038171884 0.243298590 59.284378052 -0.040088613 0.999191821 0.002929945 -3.253843546 -0.242990121 -0.012593204 0.969947040 103.423347473
0.969235063 0.034754038 0.243670896 59.446426392 -0.035716306 0.999361873 -0.000469328 -3.257347584 -0.243531704 -0.008248135 0.969857872 104.064857483
0.969373524 0.034097224 0.243212476 59.609939575 -0.033361442 0.999417841 -0.007144667 -3.268269062 -0.243314490 -0.001188068 0.969946742 104.711288452
0.969457030 0.036584575 0.242517292 59.767425537 -0.034219477 0.999316871 -0.013958881 -3.276246548 -0.242862299 0.005233721 0.970046639 105.365447998
0.970117092 0.039362982 0.239422992 59.930736542 -0.036159288 0.999188185 -0.017760538 -3.282577991 -0.239927739 0.008572437 0.970752895 106.031227112
0.970739186 0.037862360 0.237132579 60.096900940 -0.035653006 0.999271691 -0.013600047 -3.288886786 -0.237474814 0.004747611 0.971382082 106.728240967
0.971139014 0.033709668 0.236119941 60.263996124 -0.033273574 0.999429286 -0.005832467 -3.305162191 -0.236181796 -0.002192417 0.971706390 107.435157776
0.971776724 0.034072079 0.233428910 60.434169769 -0.035066221 0.999384999 0.000108870 -3.318418980 -0.233281642 -0.008291267 0.972373843 108.150253296
0.972049892 0.037626404 0.231739596 60.596733093 -0.038540095 0.999256909 -0.000584915 -3.324563026 -0.231589392 -0.008362700 0.972777665 108.870948792
0.972358108 0.043224875 0.229458839 60.757354736 -0.043152675 0.999054253 -0.005334910 -3.328739643 -0.229472429 -0.004714320 0.973303735 109.606369019
0.973192751 0.044151895 0.225713193 60.919364929 -0.042841025 0.999024570 -0.010704963 -3.337874413 -0.225965664 0.000748210 0.974134982 110.345771790
0.974203706 0.042274680 0.221675470 61.090553284 -0.040289976 0.999097228 -0.013469561 -3.349683762 -0.222044766 0.004190797 0.975027442 111.093421936
0.975131273 0.040485222 0.217898831 61.259273529 -0.038825348 0.999175191 -0.011895516 -3.363711357 -0.218200713 0.003139691 0.975898862 111.863639832
0.975980699 0.036919139 0.214705944 61.426078796 -0.035668157 0.999316633 -0.009699203 -3.377532959 -0.214917302 0.001808071 0.976630569 112.640556335
0.976441443 0.035735894 0.212802887 61.592704773 -0.035100441 0.999360919 -0.006764621 -3.392909050 -0.212908626 -0.000864218 0.977071762 113.413619995
0.976817191 0.032150179 0.211647242 61.769550323 -0.031904146 0.999480426 -0.004578165 -3.401531935 -0.211684465 -0.002280395 0.977335393 114.220642090
0.977005661 0.027513705 0.211430758 61.939643860 -0.027389323 0.999618649 -0.003517411 -3.408222437 -0.211446911 -0.002354416 0.977386653 115.019515991
0.977150440 0.027947089 0.210703522 62.113002777 -0.028140442 0.999601841 -0.002081194 -3.417129993 -0.210677788 -0.003895651 0.977547824 115.830039978
0.976918161 0.033246674 0.211010754 62.276733398 -0.033158597 0.999442279 -0.003956643 -3.428534031 -0.211024612 -0.003131504 0.977475762 116.640792847
0.976640999 0.038801942 0.211345240 62.449180603 -0.038165681 0.999246240 -0.007090420 -3.443805456 -0.211461067 -0.001141340 0.977385759 117.454071045
0.976027608 0.047508568 0.212398320 62.611827850 -0.046705496 0.998869956 -0.008799644 -3.449712276 -0.212576345 -0.001331472 0.977143526 118.285758972
0.975096464 0.053291745 0.215283170 62.781116486 -0.052785970 0.998573005 -0.008102267 -3.466269016 -0.215407729 -0.003463438 0.976518035 119.114257812
0.974286854 0.055681769 0.218322396 62.952957153 -0.055638593 0.998430789 -0.006350437 -3.478991270 -0.218333393 -0.005960003 0.975856066 119.950828552
0.973697841 0.056843117 0.220638707 63.139698029 -0.056729812 0.998366058 -0.006855290 -3.500508547 -0.220667869 -0.005841809 0.975331545 120.776115417
0.973360538 0.055006653 0.222583756 63.321647644 -0.054173157 0.998482943 -0.009853335 -3.511481762 -0.222788081 -0.002467217 0.974863768 121.596885681
0.973381162 0.048926391 0.223909080 63.519077301 -0.048246365 0.998799205 -0.008510305 -3.526952744 -0.224056602 -0.002519028 0.974572897 122.435455322
0.973593593 0.042479567 0.224301249 63.715518951 -0.041260298 0.999097168 -0.010122334 -3.545938492 -0.224528730 0.000600302 0.974467278 123.279243469
0.973353088 0.041717615 0.225484729 63.904766083 -0.040516287 0.999129295 -0.009954718 -3.566837072 -0.225703672 0.000553652 0.974195838 124.110275269
0.972812533 0.044118363 0.227352962 64.097618103 -0.043645155 0.999021769 -0.007110765 -3.582643509 -0.227444291 -0.003005414 0.973786473 124.946220398
0.972415388 0.046097368 0.228655532 64.282730103 -0.047014892 0.998893142 -0.001435966 -3.596569300 -0.228468627 -0.009353858 0.973506331 125.766967773
0.972013116 0.049896594 0.229566514 64.464408875 -0.051897224 0.998648822 0.002681610 -3.612352848 -0.229122534 -0.014520423 0.973289311 126.592285156
0.971732974 0.049466152 0.230842277 64.647201538 -0.049979851 0.998743653 -0.003625581 -3.628673077 -0.230731592 -0.008014365 0.972984433 127.412155151
0.972127438 0.044991128 0.230095640 64.847854614 -0.041965555 0.998956382 -0.018028632 -3.649163008 -0.230666637 0.007870039 0.973001003 128.223114014
0.972374022 0.042622067 0.229504094 65.051185608 -0.037417687 0.998935342 -0.026982978 -3.665834904 -0.230409816 0.017650034 0.972933590 129.030700684
0.972623765 0.039522760 0.228999987 65.237380981 -0.036413822 0.999178469 -0.017787535 -3.684668541 -0.229514882 0.008961815 0.973263919 129.849334717
0.973041177 0.033266630 0.228219569 65.429611206 -0.034852680 0.999388218 0.002921825 -3.703206778 -0.227982730 -0.010797119 0.973605335 130.687210083
0.973360717 0.029488180 0.227374941 65.626655579 -0.034468159 0.999244392 0.017961761 -3.719841957 -0.226673484 -0.025320468 0.973641634 131.515396118
0.973412454 0.034235466 0.226486608 65.808738708 -0.038015570 0.999200821 0.012348282 -3.729479790 -0.225882858 -0.020629987 0.973936021 132.318420410
0.973634005 0.042513907 0.224119186 65.984199524 -0.042764921 0.999078155 -0.003736106 -3.731294870 -0.224071413 -0.005946838 0.974554598 133.105590820
0.973830938 0.042765982 0.223213717 66.158378601 -0.041178338 0.999082565 -0.011764543 -3.733542919 -0.223512053 0.002265107 0.974698544 133.927169800
0.974487841 0.038852308 0.221051902 66.345619202 -0.037105281 0.999238670 -0.012051842 -3.763056517 -0.221351847 0.003542181 0.975187600 134.728958130
0.975153506 0.038250025 0.218202934 66.521522522 -0.036895338 0.999266267 -0.010280977 -3.786821604 -0.218436077 0.001974860 0.975849271 135.528198242
0.975968182 0.037631951 0.214639023 66.692924500 -0.035960745 0.999284863 -0.011687050 -3.800001144 -0.214925334 0.003687609 0.976623535 136.341354370
0.977033198 0.038558800 0.209569529 66.862854004 -0.036575578 0.999241948 -0.013332164 -3.816926241 -0.209924728 0.005360841 0.977702856 137.144973755
0.977328241 0.044193890 0.207066312 67.012123108 -0.042382851 0.999014556 -0.013176365 -3.840946674 -0.207444564 0.004101572 0.978238165 137.958496094
0.977496326 0.050046228 0.204929903 67.172378540 -0.048296120 0.998741329 -0.013536129 -3.855101109 -0.205349401 0.003334197 0.978683054 138.737075806
0.977826059 0.051264867 0.203046933 67.327873230 -0.049941942 0.998684347 -0.011637146 -3.875819683 -0.203376368 0.001238547 0.979099870 139.536041260
0.978121400 0.049553134 0.202047020 67.488197327 -0.049228806 0.998765528 -0.006633159 -3.895690203 -0.202126294 -0.003458499 0.979353368 140.330795288
0.978473425 0.048198368 0.200665578 67.643951416 -0.047844019 0.998832881 -0.006618061 -3.913398266 -0.200750366 -0.003125052 0.979637444 141.126968384
0.979121506 0.046498112 0.197886333 67.803771973 -0.045523025 0.998918355 -0.009476379 -3.931380272 -0.198112920 0.000270144 0.980179191 141.919128418
0.980297565 0.041603714 0.193095267 67.962051392 -0.039793178 0.999120116 -0.013247082 -3.952517748 -0.193476498 0.005302209 0.981090605 142.703399658
0.981615245 0.039301723 0.186780393 68.110763550 -0.037246253 0.999200881 -0.014502746 -3.959223270 -0.187201113 0.007279247 0.982294619 143.492813110
0.982877195 0.037291825 0.180448800 68.253654480 -0.036190137 0.999300778 -0.009394851 -3.969603539 -0.180672973 0.002703517 0.983539522 144.290435791
0.984058142 0.034722917 0.174424291 68.388916016 -0.035062157 0.999384463 -0.001137113 -3.981137514 -0.174356416 -0.004996706 0.984669924 145.091995239
0.984678924 0.031929471 0.171429232 68.522567749 -0.033953451 0.999383926 0.008886752 -4.002381325 -0.171039879 -0.014571210 0.985156357 145.889633179
0.985176861 0.038582522 0.167146534 68.644767761 -0.041030489 0.999094963 0.011215810 -4.001099586 -0.166562527 -0.017907659 0.985868275 146.682952881
0.985753298 0.041890696 0.162897438 68.754623413 -0.043667257 0.999019146 0.007339187 -4.019924164 -0.162430227 -0.014347912 0.986615717 147.461975098
0.987018228 0.042349085 0.154924437 68.872688293 -0.042380359 0.999096751 -0.003102446 -4.019278526 -0.154915884 -0.003503583 0.987921476 148.225051880
0.988121748 0.039018471 0.148637131 69.000793457 -0.038162805 0.999234498 -0.008605557 -4.022783279 -0.148859128 0.002830929 0.988854349 149.039108276
0.989122450 0.038150370 0.142061055 69.108337402 -0.037458677 0.999269724 -0.007541083 -4.032353878 -0.142245010 0.002137636 0.989829183 149.838760376
0.989907026 0.044854455 0.134432882 69.200035095 -0.044723179 0.998991430 -0.003997738 -4.046484947 -0.134476617 -0.002054877 0.990914643 150.647033691
0.990652919 0.050681949 0.126641899 69.281616211 -0.050455015 0.998713791 -0.005001143 -4.066569805 -0.126732484 -0.001435323 0.991935909 151.457855225
0.991794467 0.053281747 0.116210140 69.368309021 -0.052354574 0.998567760 -0.011018472 -4.075428486 -0.116630785 0.004843928 0.993163526 152.269393921
0.992817044 0.052035891 0.107734047 69.464790344 -0.050860148 0.998612702 -0.013634341 -4.083649158 -0.108294070 0.008057036 0.994086266 153.065093994
0.993662775 0.052022431 0.099639080 69.538650513 -0.051211402 0.998630702 -0.010681897 -4.097588539 -0.100058340 0.005511547 0.994966328 153.886871338
0.994245350 0.054810595 0.092043266 69.598365784 -0.054706141 0.998495817 -0.003659369 -4.110544205 -0.092105389 -0.001397021 0.995748281 154.714157104
0.994729817 0.058219496 0.084398679 69.642181396 -0.058636054 0.998276412 0.002463097 -4.123392582 -0.084109806 -0.007398921 0.996429026 155.537445068
0.995430827 0.056705967 0.076823875 69.710540771 -0.057334706 0.998336971 0.006001653 -4.132447243 -0.076355785 -0.010378904 0.997026622 156.357528687
0.995837927 0.057591625 0.070640057 69.759750366 -0.058288649 0.998268962 0.007844190 -4.133605957 -0.070066012 -0.011929056 0.997471035 157.178009033
0.996156633 0.056947704 0.066550277 69.806625366 -0.057489898 0.998326480 0.006259087 -4.141421795 -0.066082463 -0.010061000 0.997763455 157.992630005
0.996134281 0.062343311 0.061885096 69.847816467 -0.062537357 0.998041928 0.001201740 -4.154533863 -0.061689001 -0.005067225 0.998082578 158.794296265
0.996025681 0.067703888 0.057870675 69.881706238 -0.067488901 0.997703969 -0.005663531 -4.159020901 -0.058121242 0.001735394 0.998308003 159.638000488
0.996106684 0.069067448 0.054782968 69.916122437 -0.068734460 0.997603357 -0.007941542 -4.165755749 -0.055200174 0.004145146 0.998466730 160.454055786
0.996139050 0.070834167 0.051860720 69.947715759 -0.070842706 0.997486115 -0.001675866 -4.177962303 -0.051849056 -0.002004558 0.998652935 161.279144287
0.996051967 0.073135205 0.050315723 69.972717285 -0.073653013 0.997247577 0.008512785 -4.182844639 -0.049554650 -0.012185081 0.998697102 162.124572754
0.996146798 0.073804498 0.047375876 70.009086609 -0.074629046 0.997084975 0.015875762 -4.187755108 -0.046066072 -0.019350206 0.998750985 162.951293945
0.996639550 0.070354454 0.041950915 70.044548035 -0.070940226 0.997400463 0.012640117 -4.188837528 -0.040952574 -0.015573647 0.999039710 163.762924194
0.997661889 0.058177125 0.035863504 70.085060120 -0.058323134 0.998293161 0.003037714 -4.197068214 -0.035625562 -0.005122283 0.999352098 164.569320679
0.998008728 0.056178968 0.028678440 70.105667114 -0.056158654 0.998420715 -0.001513970 -4.196572781 -0.028718201 -0.000099588 0.999587536 165.386672974
0.997912288 0.060564864 0.022428034 70.107353210 -0.060578875 0.998163402 -0.000054885 -4.203654766 -0.022390166 -0.001303895 0.999748468 166.212265015
0.998159647 0.058631390 0.015481101 70.110107422 -0.058734886 0.998253644 0.006317219 -4.211654663 -0.015083678 -0.007214874 0.999860227 167.042648315
0.998578608 0.052758321 0.007570819 70.124549866 -0.052834477 0.998550773 0.010238467 -4.216220856 -0.007019683 -0.010623914 0.999918938 167.880996704
0.999041021 0.043748386 0.001765250 70.133941650 -0.043769535 0.998935044 0.014596378 -4.213747978 -0.001124802 -0.014659645 0.999891937 168.715682983
0.999187768 0.040047724 -0.004466390 70.137214661 -0.039978895 0.999094427 0.014560506 -4.217584610 0.005045460 -0.014370118 0.999884009 169.544860840
0.999252141 0.037025485 -0.011148429 70.127799988 -0.036938287 0.999286115 0.007928349 -4.223761559 0.011434021 -0.007510616 0.999906421 170.371673584
0.999428034 0.028135737 -0.018760087 70.118080139 -0.028179405 0.999600768 -0.002067395 -4.227922440 0.018694431 0.002594860 0.999821901 171.193817139
0.999521315 0.017264079 -0.025672518 70.110282898 -0.017431224 0.999828219 -0.006301172 -4.227127552 0.025559325 0.006745659 0.999650538 172.038925171
0.999257088 0.021445720 -0.032021668 70.086219788 -0.021413695 0.999769807 0.001342762 -4.235189915 0.032043092 -0.000656063 0.999486268 172.864913940
0.998828351 0.031911660 -0.036380228 70.032958984 -0.031388674 0.999396801 0.014857326 -4.240262508 0.036832407 -0.013697991 0.999227583 173.716156006
0.998472333 0.036749534 -0.041261401 69.989395142 -0.035834786 0.999100029 0.022694783 -4.243870258 0.042058289 -0.021181518 0.998890579 174.561035156
0.998343468 0.035986550 -0.044892114 69.943740845 -0.035124831 0.999185979 0.019838981 -4.238904953 0.045569509 -0.018229289 0.998794854 175.396347046
0.998182237 0.037889816 -0.046867698 69.891571045 -0.037517820 0.999257267 0.008791809 -4.234337330 0.047166012 -0.007017453 0.998862386 176.229507446
0.997568965 0.048449986 -0.050087556 69.828613281 -0.048520885 0.998822153 -0.000199872 -4.238175869 0.050018877 0.002629679 0.998744786 177.075195312
0.997520745 0.046903946 -0.052462611 69.775169373 -0.047178861 0.998878419 -0.004013449 -4.241287708 0.052215520 0.006478625 0.998614848 177.920608521
0.997643113 0.041666035 -0.054517873 69.733566284 -0.041666482 0.999130964 0.001128950 -4.251058578 0.054517534 0.001145279 0.998512149 178.770095825
0.997660041 0.041704338 -0.054177038 69.682868958 -0.041236416 0.999102056 0.009726723 -4.255220413 0.054534037 -0.007469896 0.998483956 179.632598877
0.997585475 0.043475844 -0.054157812 69.635391235 -0.042696957 0.998968482 0.015457290 -4.259413242 0.054773964 -0.013107595 0.998412728 180.471588135
0.997496367 0.043483865 -0.055768523 69.584480286 -0.042730559 0.998979509 0.014630364 -4.258299351 0.056347795 -0.012210716 0.998336554 181.335540771
0.997497499 0.040245961 -0.058129374 69.532379150 -0.039978251 0.999183953 0.005761513 -4.262741089 0.058313817 -0.003423185 0.998292446 182.177474976
0.997702181 0.029606340 -0.060941406 69.492950439 -0.030026749 0.999531150 -0.005994195 -4.270456791 0.060735364 0.007810294 0.998123348 183.025344849
0.997829795 0.018976236 -0.063052647 69.454788208 -0.019663045 0.999753714 -0.010289965 -4.275922775 0.062841855 0.011507440 0.997957170 183.874130249
0.997707546 0.021615153 -0.064128064 69.399604797 -0.021990255 0.999744952 -0.005149134 -4.293111324 0.064000405 0.006547522 0.997928381 184.727386475
0.997527301 0.027580298 -0.064642362 69.319129944 -0.027267346 0.999611795 0.005718715 -4.306191921 0.064774998 -0.003941949 0.997892082 185.602859497
0.997408390 0.028905362 -0.065886222 69.264892578 -0.028357297 0.999555171 0.009238615 -4.315938950 0.066123955 -0.007346316 0.997784376 186.450210571
0.997357905 0.027533585 -0.067224696 69.210075378 -0.027235933 0.999614775 0.005340400 -4.319782257 0.067345843 -0.003495363 0.997723579 187.296615601
0.997381210 0.027989358 -0.066688403 69.143325806 -0.028116165 0.999604225 -0.000963486 -4.324353218 0.066635042 0.002835985 0.997773409 188.137084961
0.997166753 0.034357283 -0.066917859 69.070098877 -0.034519274 0.999403238 -0.001265645 -4.332726955 0.066834435 0.003572014 0.997757673 188.976974487
0.997018754 0.037575364 -0.067391708 69.012832642 -0.037531924 0.999293625 0.001911034 -4.342299461 0.067415908 0.000624004 0.997724771 189.813552856
0.996814549 0.041634891 -0.068023786 68.945434570 -0.041367568 0.999129772 0.005334378 -4.353415489 0.068186685 -0.002503407 0.997669458 190.652023315
0.996664643 0.045340329 -0.067851253 68.879196167 -0.044894494 0.998959064 0.008082044 -4.357384682 0.068147063 -0.005008941 0.997662723 191.481002808
0.996504426 0.048249699 -0.068197086 68.802886963 -0.047842197 0.998826027 0.007596980 -4.363185883 0.068483576 -0.004307725 0.997642934 192.295394897
0.996584177 0.045446314 -0.068953998 68.753921509 -0.045265187 0.998966217 0.004187827 -4.379915237 0.069073036 -0.001052308 0.997611046 193.126037598
0.996410310 0.047739912 -0.069910251 68.689308167 -0.047932580 0.998849988 -0.001080080 -4.387462139 0.069778286 0.004427182 0.997552693 193.928176880
0.996243715 0.049005475 -0.071392439 68.626228333 -0.049195047 0.998788774 -0.000898431 -4.389348030 0.071261935 0.004407211 0.997447908 194.739456177
0.996142626 0.048960250 -0.072820418 68.557701111 -0.048443139 0.998786747 0.008851565 -4.398088455 0.073165439 -0.005289772 0.997305810 195.543716431
0.996137917 0.047354922 -0.073937923 68.497581482 -0.046161339 0.998775899 0.017770261 -4.402701855 0.074688926 -0.014288556 0.997104526 196.340621948
0.996337533 0.041567117 -0.074724279 68.443046570 -0.040200904 0.998997450 0.019696077 -4.411150455 0.075468078 -0.016619958 0.997009695 197.115417480
0.996334553 0.039730482 -0.075755969 68.383636475 -0.038866859 0.999161899 0.012841100 -4.410430431 0.076202661 -0.009849635 0.997043729 197.881454468
0.996302426 0.041043758 -0.075477406 68.328941345 -0.040578388 0.999146760 0.007689578 -4.407021046 0.075728618 -0.004598394 0.997117877 198.612915039
0.996391892 0.040384918 -0.074647173 68.270431519 -0.040363561 0.999183476 0.001795291 -4.416473866 0.074658729 0.001224212 0.997208416 199.324279785
0.996555209 0.036874153 -0.074282959 68.214447021 -0.037079219 0.999311388 -0.001382940 -4.430419445 0.074180812 0.004132530 0.997236252 200.019058228
0.996816754 0.033993896 -0.072116010 68.180389404 -0.034528885 0.999384582 -0.006184402 -4.448687077 0.071861394 0.008654801 0.997377098 200.693679810
0.997194231 0.032070864 -0.067639507 68.135353088 -0.032659892 0.999437451 -0.007620325 -4.455525875 0.067357071 0.009808044 0.997680724 201.372406006
0.997497797 0.033074524 -0.062483639 68.089889526 -0.033326413 0.999440014 -0.002993105 -4.459824562 0.062349655 0.005067972 0.998041511 202.048583984
0.997719884 0.038018953 -0.055763222 68.046623230 -0.037720975 0.999267876 0.006386866 -4.477336884 0.055965222 -0.004268860 0.998423576 202.727539062
0.997741640 0.045202103 -0.049682532 68.002143860 -0.044733424 0.998943686 0.010505823 -4.490779877 0.050104935 -0.008259628 0.998709798 203.391448975
0.998005927 0.045355894 -0.043897934 67.972595215 -0.045009788 0.998947442 0.008841343 -4.495359421 0.044252735 -0.006847877 0.998996913 204.062973022
0.998363674 0.043272808 -0.037382375 67.953315735 -0.043277364 0.999062836 0.000687692 -4.502098083 0.037377100 0.000931244 0.999300778 204.715133667
0.998580158 0.043915860 -0.030150862 67.933547974 -0.044195697 0.998985171 -0.008678076 -4.507685184 0.029739160 0.009998293 0.999507666 205.363723755
0.998627365 0.046962172 -0.023194820 67.918075562 -0.047295708 0.998782158 -0.014046649 -4.521198273 0.022506911 0.015124382 0.999632299 205.999313354
0.998816133 0.046013258 -0.015784254 67.901916504 -0.046219338 0.998847365 -0.012949392 -4.530606270 0.015170217 0.013663600 0.999791563 206.658432007
0.999048352 0.042508613 -0.009770410 67.909873962 -0.042582504 0.999064922 -0.007483651 -4.548941135 0.009443155 0.007892578 0.999924242 207.306259155
0.999378800 0.035071112 -0.003471074 67.920570374 -0.035076987 0.999383271 -0.001645331 -4.566600800 0.003411230 0.001766064 0.999992609 207.954238892
0.999562323 0.029512238 0.002060049 67.930496216 -0.029511742 0.999564409 -0.000270539 -4.582829475 -0.002067136 0.000209625 0.999997854 208.590484619
0.999504566 0.030870620 0.006137502 67.925193787 -0.030873980 0.999523163 0.000453684 -4.589440823 -0.006120570 -0.000642948 0.999981046 209.234710693
0.999377966 0.034583908 0.006902183 67.926025391 -0.034599759 0.999398828 0.002190257 -4.596105099 -0.006822287 -0.002427708 0.999973774 209.898803711
0.999376237 0.034667868 0.006727531 67.929885864 -0.034693815 0.999390841 0.003779596 -4.595921516 -0.006592402 -0.004010642 0.999970198 210.540618896
0.999392152 0.034341112 0.005997039 67.942626953 -0.034381989 0.999385297 0.006851818 -4.608000278 -0.005758054 -0.007053844 0.999958515 211.196685791
0.999337614 0.035885539 0.006045319 67.943405151 -0.035936896 0.999316931 0.008612041 -4.611231804 -0.005732142 -0.008823588 0.999944627 211.847167969
0.999009609 0.044122681 0.005745666 67.930824280 -0.044146169 0.999016941 0.004027546 -4.617915630 -0.005562312 -0.004277206 0.999975383 212.495391846
0.998778701 0.049148157 0.005053112 67.908088684 -0.049124617 0.998781681 -0.004681886 -4.625095844 -0.005277061 0.004427936 0.999976277 213.140716553
0.998890460 0.047023971 0.002558531 67.906036377 -0.046984866 0.998802364 -0.013647339 -4.628928661 -0.003197219 0.013511986 0.999903619 213.794540405
0.999140680 0.041427262 -0.001312148 67.911094666 -0.041443937 0.998986304 -0.017572794 -4.642418861 0.000582825 0.017612074 0.999844730 214.451660156
0.999056995 0.043141644 -0.004890192 67.905715942 -0.043196674 0.998997271 -0.011770061 -4.649981022 0.004377508 0.011970202 0.999918759 215.148956299
0.998715997 0.049988322 -0.008218884 67.881362915 -0.049986124 0.998749793 0.000473120 -4.655506134 0.008232258 -0.000061682 0.999966085 215.833023071
0.998904169 0.045319054 -0.011691322 67.865608215 -0.045141906 0.998868048 0.014995526 -4.664551258 0.012357670 -0.014451324 0.999819219 216.520599365
0.999119639 0.038755327 -0.016062202 67.867660522 -0.038353246 0.998960733 0.024627302 -4.671350002 0.016999947 -0.023989582 0.999567628 217.206695557
0.999132454 0.037240356 -0.018641567 67.847656250 -0.036808234 0.999057412 0.023010481 -4.669378757 0.019480914 -0.022304356 0.999561429 217.899291992
0.998894811 0.041966010 -0.021165812 67.819938660 -0.041613720 0.998992205 0.016818926 -4.667044163 0.021850305 -0.015919549 0.999634504 218.575302124
0.998875678 0.039981440 -0.025472838 67.807044983 -0.039790433 0.999176323 0.007961948 -4.657606125 0.025770187 -0.006939421 0.999643803 219.282684326
0.999108672 0.031699907 -0.027873358 67.796051025 -0.031624142 0.999494851 0.003154931 -4.649753571 0.027959289 -0.002270648 0.999606490 219.975296021
0.999297976 0.023916103 -0.028836103 67.785972595 -0.023690546 0.999686241 0.008138558 -4.648849010 0.029021697 -0.007449702 0.999550998 220.681976318
0.999403894 0.016995432 -0.030050162 67.768692017 -0.016626921 0.999783993 0.012470819 -4.653770924 0.030255618 -0.011963744 0.999470592 221.385299683
0.999402225 0.013709358 -0.031737234 67.752052307 -0.013230261 0.999796093 0.015256819 -4.655618191 0.031939924 -0.014827807 0.999379814 222.093521118
0.999387980 0.012281576 -0.032753263 67.725425720 -0.011887259 0.999854863 0.012206730 -4.660768986 0.032898426 -0.011809913 0.999388933 222.787033081
0.999404550 0.005406312 -0.034078207 67.721343994 -0.005163711 0.999960721 0.007202954 -4.655153751 0.034115810 -0.007022696 0.999393225 223.487152100
0.999375105 -0.003593368 -0.035164263 67.710014343 0.003806148 0.999974847 0.005985967 -4.655891895 0.035141867 -0.006116067 0.999363601 224.186676025
0.999340534 -0.004640782 -0.036012962 67.684440613 0.004969931 0.999946654 0.009055601 -4.656418800 0.035969015 -0.009228610 0.999310315 224.889968872
0.999320805 -0.005522364 -0.036433402 67.653114319 0.006020224 0.999889791 0.013569426 -4.660954475 0.036354452 -0.013779547 0.999243975 225.594406128
0.999278843 -0.006973146 -0.037325911 67.635360718 0.007603775 0.999830306 0.016779998 -4.668264389 0.037202567 -0.017051715 0.999162257 226.281250000
0.999255359 -0.008481007 -0.037640065 67.605461121 0.009034436 0.999853194 0.014557540 -4.671050549 0.037511077 -0.014886757 0.999185324 226.975265503
0.999235332 -0.011327471 -0.037421815 67.584594727 0.011599680 0.999907792 0.007065014 -4.675076962 0.037338335 -0.007493693 0.999274611 227.647109985
0.999208510 -0.012882825 -0.037635304 67.560104370 0.012795676 0.999914885 -0.002555578 -4.677645206 0.037665024 0.002071986 0.999288261 228.314544678
0.999228477 -0.011579786 -0.037527990 67.533241272 0.011293655 0.999905586 -0.007827506 -4.682553291 0.037615087 0.007397639 0.999264896 228.995941162
0.999274135 -0.008020628 -0.037240479 67.498329163 0.007772660 0.999946654 -0.006798577 -4.688691616 0.037293021 0.006504185 0.999283195 229.660446167
0.999263108 -0.009754583 -0.037123162 67.468544006 0.009745395 0.999952435 -0.000428463 -4.699506283 0.037125576 0.000066368 0.999310613 230.324310303
0.999182284 -0.012664197 -0.038397294 67.461669922 0.012962977 0.999887526 0.007542334 -4.708940506 0.038297456 -0.008033910 0.999234080 230.983352661
0.999168694 -0.012536424 -0.038791370 67.439109802 0.013022281 0.999839604 0.012297655 -4.715626717 0.038630977 -0.012792584 0.999171674 231.616958618
0.999160171 -0.011290211 -0.039388701 67.408119202 0.011912200 0.999807477 0.015592226 -4.721208572 0.039205078 -0.016048336 0.999102294 232.220596313
0.999028027 -0.013320825 -0.042017825 67.377304077 0.014098315 0.999733806 0.018262079 -4.721956730 0.041763376 -0.018836711 0.998949945 232.825210571
0.998717725 -0.019576104 -0.046687257 67.350028992 0.020423250 0.999634087 0.017737625 -4.722993374 0.046322938 -0.018668387 0.998752058 233.401092529
0.998189330 -0.024294406 -0.055025790 67.327629089 0.025192475 0.999559522 0.015686359 -4.726448536 0.054620463 -0.017044192 0.998361707 233.955307007
0.997468591 -0.026932351 -0.065811187 67.288269043 0.027755814 0.999547064 0.011630209 -4.729845047 0.065468147 -0.013427410 0.997764289 234.493652344
0.996429265 -0.027684707 -0.079763845 67.235847473 0.028435994 0.999561191 0.008298224 -4.738129139 0.079499111 -0.010536757 0.996779263 235.013961792
0.994665086 -0.029191645 -0.098940335 67.176025391 0.029877393 0.999538660 0.005456034 -4.736143112 0.098735422 -0.008383006 0.995078385 235.519607544
0.992089987 -0.033019558 -0.121108308 67.108085632 0.034004655 0.999403179 0.006075773 -4.737557411 0.120835416 -0.010145959 0.992620707 236.029693604
0.988882065 -0.029956169 -0.145653203 67.012306213 0.031540088 0.999465704 0.008576985 -4.748343468 0.145318449 -0.013075541 0.989298522 236.524353027
0.984348536 -0.030505411 -0.173572361 66.914268494 0.032960039 0.999393046 0.011276405 -4.750216961 0.173123032 -0.016820865 0.984756529 236.971466064
0.978053331 -0.032354608 -0.205827177 66.796562195 0.035281658 0.999321580 0.010565601 -4.756227493 0.205345690 -0.017595645 0.978531301 237.452346802
0.970027685 -0.029978765 -0.241138056 66.650512695 0.032672644 0.999440312 0.007180041 -4.765953064 0.240787849 -0.014843455 0.970464289 237.906784058
0.959535480 -0.025838597 -0.280399829 66.486412048 0.027716417 0.999612093 0.002732923 -4.772100449 0.280220449 -0.010394015 0.959879398 238.335876465
0.946165144 -0.022454008 -0.322904646 66.307678223 0.023467967 0.999724329 -0.000753305 -4.770906925 0.322832525 -0.006865164 0.946431220 238.750198364
0.929763138 -0.016245315 -0.367799699 66.127403259 0.016779795 0.999857664 -0.001744885 -4.781565666 0.367775708 -0.004549274 0.929903388 239.147399902
0.910150349 -0.006894120 -0.414220721 65.900093079 0.006088341 0.999976158 -0.003265528 -4.781118870 0.414233357 0.000450205 0.910170615 239.537658691
0.887037396 0.006596713 -0.461650521 65.652145386 -0.009073776 0.999953866 -0.003146037 -4.793793201 0.461608469 0.006979566 0.887056351 239.900680542
0.859980822 0.018036343 -0.510007560 65.402252197 -0.021713810 0.999763429 -0.001257596 -4.796258926 0.509864211 0.012155715 0.860168993 240.227691650
0.828911543 0.026944593 -0.558730364 65.130035400 -0.031449862 0.999504149 0.001542921 -4.793279648 0.558494866 0.016293047 0.829347968 240.554672241
0.794230700 0.033923738 -0.606668532 64.825820923 -0.038138751 0.999254763 0.005946394 -4.791529179 0.606418133 0.018414771 0.794932604 240.883300781
0.756682098 0.041516874 -0.652463496 64.521560669 -0.042140592 0.999003589 0.014695803 -4.782793999 0.652423501 0.016375145 0.757677674 241.177169800
0.717348754 0.053400289 -0.694664836 64.191108704 -0.046549134 0.998503983 0.028687842 -4.774101734 0.695157528 0.011756852 0.718761325 241.460159302
0.676176190 0.065541796 -0.733818769 63.847724915 -0.051504496 0.997803390 0.041661114 -4.763193607 0.734937429 0.009624710 0.678066611 241.718200684
0.634419322 0.073723003 -0.769465446 63.483947754 -0.055203166 0.997220933 0.050029758 -4.741115570 0.771015406 0.010737081 0.636726022 241.945678711
0.589903951 0.077442706 -0.803751230 63.122192383 -0.054527592 0.996938646 0.056036718 -4.724397182 0.805630267 0.010770329 0.592320800 242.162414551
0.543974996 0.080141604 -0.835265577 62.758926392 -0.053899251 0.996710122 0.060529374 -4.703261852 0.837368608 0.012093716 0.546504974 242.335662842
0.495732188 0.077472590 -0.865013123 62.386032104 -0.046712808 0.996950030 0.062518433 -4.681963444 0.867218316 0.009414785 0.497839212 242.499877930
0.444558263 0.071637511 -0.892880738 62.041076660 -0.037881296 0.997408688 0.061163191 -4.664610386 0.894948602 0.006632876 0.446119964 242.646774292
0.392067075 0.064074919 -0.917702436 61.652206421 -0.028407089 0.997938931 0.057540841 -4.639894485 0.919497907 0.003509388 0.393079221 242.774429321
0.338844180 0.058803640 -0.939003170 61.236801147 -0.024062380 0.998260081 0.053831484 -4.610971928 0.940534830 0.004354161 0.339669526 242.883544922
0.287416339 0.056581177 -0.956133068 60.802368164 -0.022937562 0.998373926 0.052185770 -4.581317902 0.957531095 0.006932316 0.288246810 242.978897095
0.237630188 0.056986079 -0.969682693 60.360092163 -0.023161385 0.998326242 0.052993473 -4.555130959 0.971079588 0.009866345 0.238552332 243.056945801
0.190727592 0.057886414 -0.979934931 59.908218384 -0.020193389 0.998279929 0.055039793 -4.534922123 0.981435418 0.009290585 0.191568494 243.115310669
0.147660255 0.056842431 -0.987403452 59.428436279 -0.017428046 0.998341620 0.054865859 -4.509622097 0.988884687 0.009107001 0.148406029 243.156585693
0.107445419 0.055974618 -0.992634058 58.945129395 -0.016681364 0.998374820 0.054492705 -4.484920979 0.994071066 0.010703498 0.108204544 243.183425903
0.072127402 0.054443672 -0.995908499 58.449279785 -0.015284513 0.998452187 0.053475771 -4.460053444 0.997278392 0.011364902 0.072847903 243.194625854
0.042892456 0.051794998 -0.997736275 57.945785522 -0.016328398 0.998558223 0.051135719 -4.432000160 0.998946369 0.014098095 0.043676317 243.190856934
0.018099785 0.049953256 -0.998587489 57.452667236 -0.016015628 0.998637497 0.049665466 -4.415097237 0.999707878 0.015094073 0.018875182 243.172988892
-0.004413366 0.048764601 -0.998800576 56.933441162 -0.017266460 0.998657644 0.048833918 -4.391653061 0.999841213 0.017461266 -0.003565431 243.148498535
-0.022892594 0.046971478 -0.998633921 56.391510010 -0.019519482 0.998684227 0.047421306 -4.371267319 0.999547422 0.020578407 -0.021945596 243.115722656
-0.037471294 0.046142180 -0.998231888 55.839721680 -0.022324845 0.998645425 0.046999320 -4.348821640 0.999048352 0.024046496 -0.036390424 243.079376221
-0.047855139 0.044062305 -0.997881889 55.284469604 -0.023460057 0.998701394 0.045223556 -4.320215225 0.998578668 0.025574550 -0.046759248 243.040649414
-0.054224372 0.042259000 -0.997634113 54.700759888 -0.023659708 0.998769164 0.043593053 -4.293473721 0.998248398 0.025967540 -0.053157806 243.003692627
-0.057630062 0.041717470 -0.997466087 54.099655151 -0.024314675 0.998771548 0.043176886 -4.268654823 0.998041928 0.026741346 -0.056544900 242.960205078
-0.059797168 0.042171162 -0.997319400 53.479278564 -0.023525620 0.998770177 0.043643054 -4.243391991 0.997933328 0.026072284 -0.058731556 242.930130005
-0.060863495 0.042515587 -0.997240186 52.840530396 -0.023071894 0.998765588 0.043988738 -4.218650818 0.997879386 0.025685528 -0.059807420 242.883514404
-0.060827017 0.043211728 -0.997212529 52.179275513 -0.022584751 0.998747110 0.044655830 -4.193505764 0.997892797 0.025238076 -0.059774876 242.843505859
-0.060011744 0.043454751 -0.997251332 51.499816895 -0.021853931 0.998755336 0.044835392 -4.166318417 0.997958422 0.024484511 -0.058987379 242.803298950
-0.059044480 0.041564677 -0.997389793 50.796691895 -0.020481061 0.998872042 0.042838909 -4.140840530 0.998045325 0.022956997 -0.058126569 242.752502441
-0.058499217 0.038832255 -0.997531950 50.081024170 -0.017699402 0.999045730 0.039929148 -4.110057354 0.998130560 0.019991539 -0.057756186 242.722869873
-0.056925774 0.037533484 -0.997672617 49.343612671 -0.017002456 0.999111712 0.038557760 -4.079985619 0.998233616 0.019157816 -0.056237102 242.678314209
-0.055897593 0.036554378 -0.997767210 48.580245972 -0.018229725 0.999125600 0.037625425 -4.048136234 0.998270154 0.020292191 -0.055182338 242.632171631
-0.054307103 0.036083102 -0.997872174 47.788589478 -0.018497553 0.999139011 0.037135601 -4.017510414 0.998353004 0.020474914 -0.053592920 242.578659058
-0.052631855 0.036979079 -0.997929156 46.980789185 -0.016496260 0.999145567 0.037894186 -3.990562916 0.998477817 0.018456534 -0.051976800 242.530075073
-0.051630378 0.037782043 -0.997951329 46.179260254 -0.013585728 0.999165058 0.038530871 -3.966111422 0.998573840 0.015547257 -0.051073909 242.499557495
-0.049660087 0.037551731 -0.998060048 45.334701538 -0.010883130 0.999213278 0.038136631 -3.934508562 0.998706937 0.012755884 -0.049212337 242.455139160
-0.048566341 0.037545294 -0.998114169 44.476165771 -0.010083858 0.999223888 0.038077701 -3.901350021 0.998769164 0.011914130 -0.048150063 242.411422729
-0.047380686 0.040456880 -0.998057306 43.605407715 -0.009085457 0.999120653 0.040931296 -3.874628067 0.998835623 0.011007155 -0.046971440 242.361633301
-0.045956612 0.044777948 -0.997939467 42.714416504 -0.008211352 0.998944163 0.045201179 -3.839667082 0.998909831 0.010271719 -0.045540452 242.318603516
-0.045286536 0.049249407 -0.997759521 41.822296143 -0.006819172 0.998745501 0.049607590 -3.806337118 0.998950958 0.009050435 -0.044893861 242.279205322
-0.044815779 0.049775202 -0.997754633 40.934814453 -0.006121797 0.998725533 0.050098617 -3.768211842 0.998976648 0.008353250 -0.044453979 242.238250732
-0.045464516 0.047425438 -0.997839570 40.055282593 -0.006749699 0.998835087 0.047780287 -3.747012138 0.998943150 0.008907425 -0.045091391 242.190643311
-0.046791553 0.042967048 -0.997980177 39.182662964 -0.005233883 0.999050200 0.043258514 -3.715840578 0.998890996 0.007247448 -0.046522260 242.148345947
-0.048618793 0.042046752 -0.997932076 38.288543701 -0.003006087 0.999102890 0.042242542 -3.683213711 0.998812914 0.005053651 -0.048448801 242.101791382
-0.051235080 0.046885949 -0.997585475 37.387084961 -0.000669848 0.998895526 0.046981927 -3.648122311 0.998686433 0.003075348 -0.051146984 242.055953979
-0.054233193 0.053336129 -0.997102857 36.516555786 0.001157641 0.998575091 0.053351920 -3.622996330 0.998527646 0.001739153 -0.054217577 242.002716064
-0.057431817 0.057442233 -0.996695518 35.635055542 0.003014922 0.998348773 0.057363786 -3.586779594 0.998344898 0.000289543 -0.057510138 241.952270508
-0.059984207 0.057316910 -0.996552408 34.746871948 0.005236227 0.998354435 0.057105377 -3.547060490 0.998185575 -0.001792750 -0.060185671 241.892547607
-0.062916756 0.055344965 -0.996483147 33.872741699 0.004805063 0.998466432 0.055151738 -3.505054474 0.998007298 -0.001318206 -0.063086152 241.831069946
-0.065533042 0.052765753 -0.996454298 32.986022949 0.004004034 0.998606741 0.052616406 -3.477049351 0.997842371 -0.000541723 -0.065653086 241.777175903
-0.068069696 0.050792515 -0.996386766 32.108566284 0.002805595 0.998709023 0.050719228 -3.436766148 0.997676611 0.000656986 -0.068124294 241.716491699
-0.069401622 0.050199926 -0.996325016 31.250122070 0.002746228 0.998738885 0.050130259 -3.406796455 0.997585058 0.000742983 -0.069452047 241.642562866
-0.071366906 0.048877034 -0.996252000 30.361114502 -0.001083566 0.998794317 0.049079388 -3.376783848 0.997449636 0.004582145 -0.071227908 241.575363159
-0.072089911 0.045628656 -0.996353924 29.510955811 -0.005505092 0.998919606 0.046144467 -3.353538990 0.997382998 0.008811567 -0.071760774 241.500061035
-0.072637081 0.042302996 -0.996461093 28.652923584 -0.008005332 0.999043167 0.042996168 -3.322891951 0.997326493 0.011100112 -0.072228909 241.427215576
-0.071782351 0.041315272 -0.996564329 27.795547485 -0.009348132 0.999069989 0.042092495 -3.295023441 0.997376561 0.012337509 -0.071329355 241.363220215
-0.070335507 0.041488063 -0.996660352 26.935653687 -0.010057070 0.999054432 0.042297464 -3.270657301 0.997472823 0.012998491 -0.069851756 241.301910400
-0.068379998 0.041300118 -0.996804178 26.090377808 -0.008716563 0.999079883 0.041992355 -3.247332096 0.997621298 0.011560140 -0.067957044 241.237899780
-0.066062450 0.042490963 -0.996910334 25.245300293 -0.007784476 0.999040544 0.043097612 -3.222459793 0.997785091 0.010607561 -0.065668344 241.178558350
-0.064254642 0.043786559 -0.996972442 24.404418945 -0.005578852 0.999005556 0.044235408 -3.198685884 0.997917950 0.008404293 -0.063946366 241.125885010
-0.062343001 0.045787230 -0.997003913 23.559997559 -0.000586945 0.998945236 0.045913085 -3.172569752 0.998054624 0.003447547 -0.062250376 241.077789307
-0.060420990 0.045973588 -0.997113824 22.724182129 0.004639586 0.998940945 0.045776695 -3.144252777 0.998162329 -0.001860332 -0.060570240 241.037643433
-0.058523297 0.044021439 -0.997315109 21.890670776 0.003872943 0.999029756 0.043869860 -3.116969109 0.998278677 -0.001295145 -0.058636904 240.987228394
-0.056985617 0.043292753 -0.997435987 21.058258057 0.003632369 0.999061763 0.043155801 -3.090198040 0.998368442 -0.001163798 -0.057089448 240.938339233
-0.056118727 0.043922175 -0.997457683 20.238540649 0.007178362 0.999023855 0.043587282 -3.064105511 0.998398423 -0.004714055 -0.056379199 240.897979736
-0.055943251 0.047498427 -0.997303545 19.408309937 0.009649597 0.998846829 0.047030646 -3.033526897 0.998387337 -0.006992533 -0.056337118 240.849792480
-0.056641221 0.051945020 -0.997042477 18.583724976 0.007492272 0.998639584 0.051602602 -3.014695168 0.998366594 -0.004547287 -0.056953311 240.794342041
-0.058072925 0.053706989 -0.996866643 17.770446777 0.005790608 0.998553157 0.053460516 -2.974444389 0.998295546 -0.002667849 -0.058299899 240.742034912
-0.060795188 0.052029900 -0.996793389 16.957763672 0.004951955 0.998643935 0.051824473 -2.945849895 0.998138070 -0.001785403 -0.060970426 240.692077637
-0.063271999 0.049150009 -0.996785462 16.143310547 0.003869857 0.998791099 0.049003270 -2.916760445 0.997988939 -0.000756887 -0.063385725 240.631240845
-0.066703081 0.045543715 -0.996733069 15.352798462 0.003053962 0.998962343 0.045441210 -2.886424065 0.997768342 -0.000012923 -0.066772938 240.561462402
-0.071258664 0.044186022 -0.996478736 14.546051025 0.002444865 0.999023080 0.044124011 -2.861067772 0.997454882 0.000707966 -0.071297169 240.501098633
-0.076079607 0.043223288 -0.996164560 13.748260498 0.000903944 0.999062598 0.043280002 -2.835701942 0.997101426 0.002392245 -0.076047421 240.430419922
-0.080950737 0.043604206 -0.995763898 12.951904297 -0.001192616 0.999037683 0.043844521 -2.812735558 0.996717393 0.004736811 -0.080820918 240.358230591
-0.085444212 0.045044091 -0.995324254 12.168365479 -0.003808836 0.998955488 0.045535397 -2.788462162 0.996335685 0.007681762 -0.085183382 240.282958984
-0.089895844 0.047715720 -0.994807541 11.379364014 -0.006114489 0.998806417 0.048460059 -2.762392282 0.995932460 0.010439092 -0.089496851 240.203140259
-0.094134450 0.049025178 -0.994351745 10.593475342 -0.010788093 0.998677909 0.050259773 -2.738584995 0.995501161 0.015458325 -0.093481064 240.116180420
-0.097350121 0.048564393 -0.994064629 9.815399170 -0.014114995 0.998640954 0.050170269 -2.710876465 0.995150089 0.018915299 -0.096532345 240.033401489
-0.099399924 0.047032889 -0.993935406 9.045623779 -0.018327668 0.998626292 0.049087744 -2.684748650 0.994878769 0.023095833 -0.098401308 239.944641113
-0.100890756 0.045949455 -0.993835926 8.290588379 -0.023598516 0.998541355 0.048562646 -2.654393673 0.994617701 0.028352572 -0.099659324 239.855178833
-0.101823449 0.046036664 -0.993736744 7.535491943 -0.027031796 0.998431742 0.049023990 -2.630340099 0.994435191 0.031854283 -0.100419283 239.766418457
-0.102316380 0.046673749 -0.993656456 6.793792725 -0.029238500 0.998325944 0.049903762 -2.608147621 0.994322181 0.034158986 -0.100780368 239.683319092
-0.102421403 0.046203125 -0.993667483 6.069885254 -0.032421470 0.998234987 0.049757317 -2.582552433 0.994212568 0.037312381 -0.100742698 239.600021362
-0.102074862 0.046188839 -0.993703902 5.359771729 -0.035628181 0.998110831 0.050053466 -2.559200287 0.994138539 0.040513057 -0.100236416 239.516998291
-0.101499319 0.046229333 -0.993760943 4.666503906 -0.038113751 0.998005629 0.050319601 -2.534185648 0.994105279 0.042983357 -0.099534988 239.438430786
-0.100425601 0.047050361 -0.993831635 3.982879639 -0.039131675 0.997921586 0.051198203 -2.512114048 0.994174898 0.044031892 -0.098375797 239.365997314
-0.097623467 0.048353761 -0.994048178 3.315795898 -0.040381685 0.997803986 0.052502260 -2.490839958 0.994403958 0.045266785 -0.095456481 239.291854858
-0.094909549 0.048339296 -0.994311512 2.641906738 -0.040846422 0.997790098 0.052407306 -2.465842962 0.994647503 0.045588028 -0.092725396 239.239791870
-0.092325568 0.047498118 -0.994595468 2.013732910 -0.042594492 0.997758925 0.051603124 -2.448229074 0.994817555 0.047128573 -0.090095520 239.173110962
-0.089000821 0.046093512 -0.994964480 1.382263184 -0.042319130 0.997851610 0.050012760 -2.423800707 0.995132148 0.046557203 -0.086858869 239.116226196
-0.086157084 0.045341097 -0.995249271 0.772338867 -0.040425289 0.997982085 0.048965149 -2.402337790 0.995461047 0.044451937 -0.084150314 239.064636230
-0.083180189 0.044889223 -0.995522976 0.172821045 -0.038539559 0.998092711 0.048225239 -2.382590771 0.995789051 0.042378403 -0.081291556 239.020660400
-0.079977155 0.045486476 -0.995758295 -0.409942627 -0.039170031 0.998043299 0.048736911 -2.361895323 0.996026754 0.042901728 -0.078039050 238.972595215
-0.076307774 0.046594281 -0.995995045 -0.977981567 -0.039712820 0.997972906 0.049729392 -2.342674971 0.996293128 0.043348514 -0.074302673 238.931076050
-0.072469473 0.046620864 -0.996280372 -1.536499023 -0.040900581 0.997927725 0.049673062 -2.326781750 0.996531606 0.044348229 -0.070412517 238.896453857
-0.067804217 0.046408627 -0.996618688 -2.062881470 -0.040344659 0.997972965 0.049216509 -2.312410355 0.996882558 0.043545328 -0.065794349 238.859924316
-0.063193798 0.046863932 -0.996900499 -2.580795288 -0.039435063 0.997999489 0.049415402 -2.295962811 0.997222006 0.042435572 -0.061219335 238.830245972
-0.059024334 0.047544759 -0.997123837 -3.075561523 -0.038949862 0.997994840 0.049891919 -2.279060841 0.997496545 0.041782662 -0.057054162 238.805358887
-0.054657698 0.048485707 -0.997327268 -3.553558350 -0.036741339 0.998046279 0.050534241 -2.266183615 0.997828960 0.039405227 -0.052769542 238.780853271
-0.049971342 0.049518045 -0.997522354 -4.028274536 -0.037050847 0.997990727 0.051397376 -2.245040894 0.998063147 0.039527446 -0.048036218 238.756500244
-0.045082808 0.051209256 -0.997669876 -4.479904175 -0.037633967 0.997889280 0.052921128 -2.232483864 0.998274148 0.039932106 -0.043060541 238.740036011
-0.040163159 0.052495614 -0.997813225 -4.911499023 -0.037890207 0.997820675 0.054021128 -2.220769405 0.998474538 0.039977007 -0.038086534 238.722732544
-0.034790874 0.053086057 -0.997983754 -5.327941895 -0.036930569 0.997837901 0.054365747 -2.206693411 0.998712063 0.038747542 -0.032755136 238.715255737
-0.028646946 0.053654552 -0.998148680 -5.725021362 -0.036083616 0.997852027 0.054674208 -2.188235760 0.998938203 0.037583053 -0.026649356 238.708053589
-0.022737622 0.053163789 -0.998327017 -6.103302002 -0.034454126 0.997950196 0.053928442 -2.177347660 0.999147654 0.035622679 -0.020859241 238.707901001
-0.016570568 0.051986877 -0.998510420 -6.464828491 -0.032566890 0.998089492 0.052505419 -2.165441036 0.999332368 0.033388413 -0.014845848 238.703628540
-0.010491610 0.051320467 -0.998627126 -6.800857544 -0.031837221 0.998158634 0.051630877 -2.154224157 0.999437988 0.032335207 -0.008838415 238.705322266
-0.005319834 0.050272934 -0.998721361 -7.121109009 -0.030935887 0.998249173 0.050413951 -2.140497208 0.999507248 0.031164527 -0.003755212 238.712707520
-0.000330210 0.050103594 -0.998743951 -7.424774170 -0.031032817 0.998262465 0.050089702 -2.129733562 0.999518275 0.031010382 0.001225233 238.714675903
0.004258633 0.050742757 -0.998702765 -7.706893921 -0.031040063 0.998237193 0.050586745 -2.120998383 0.999509156 0.030784361 0.005826175 238.720993042
0.008485615 0.050623238 -0.998681903 -7.958953857 -0.030916696 0.998253584 0.050338831 -2.112914324 0.999486089 0.030448776 0.010035872 238.721557617
0.012421250 0.048621323 -0.998740196 -8.186248779 -0.029166197 0.998409748 0.048242498 -2.106032848 0.999497533 0.028530212 0.013819575 238.729614258
0.015859485 0.043667771 -0.998920321 -8.379074097 -0.027255481 0.998693526 0.043225132 -2.104876757 0.999502778 0.026540518 0.017028987 238.734970093
0.018657029 0.040004704 -0.999025345 -8.544433594 -0.025746310 0.998887122 0.039518349 -2.099403143 0.999494493 0.024983913 0.019666255 238.742172241
0.020714939 0.040418301 -0.998968124 -8.688964844 -0.025847094 0.998870194 0.039878365 -2.099027395 0.999451339 0.024994342 0.021736264 238.749740601
0.022137284 0.042244967 -0.998861969 -8.811492920 -0.026227804 0.998787522 0.041660547 -2.097458839 0.999410808 0.025275709 0.023218393 238.751754761
0.023135960 0.041325394 -0.998877943 -8.904586792 -0.026246870 0.998825967 0.040715318 -2.094832420 0.999387801 0.025275426 0.024193466 238.753143311
0.023820519 0.038792960 -0.998963356 -8.968170166 -0.025903674 0.998935282 0.038174197 -2.091524601 0.999380648 0.024967492 0.024800003 238.765457153
0.024452329 0.037213050 -0.999008179 -9.033584595 -0.025390418 0.999007702 0.036591560 -2.091151237 0.999378562 0.024470484 0.025372863 238.767700195
0.024382532 0.036434762 -0.999038577 -9.082611084 -0.025272906 0.999038696 0.035817958 -2.087148190 0.999383271 0.024375271 0.025279939 238.772811890
0.024453700 0.036764223 -0.999024749 -9.127105713 -0.025483292 0.999021769 0.036140349 -2.087593555 0.999376118 0.024574677 0.025366604 238.773971558
0.024682701 0.036711853 -0.999021053 -9.151657104 -0.025697712 0.999018550 0.036076847 -2.088076591 0.999365032 0.024782076 0.025601923 238.771469116
0.024761856 0.036292661 -0.999034524 -9.169448853 -0.025690045 0.999033868 0.035655890 -2.084873199 0.999363363 0.024782328 0.025670290 238.770294189
0.024621487 0.036097568 -0.999044955 -9.178527832 -0.025558626 0.999043941 0.035467640 -2.082601547 0.999370098 0.024660949 0.025520563 238.773971558
0.024844766 0.036031928 -0.999041855 -9.172409058 -0.025659006 0.999044001 0.035393901 -2.084372997 0.999362111 0.024755061 0.025745571 238.770248413
0.024629414 0.035062611 -0.999081671 -9.167831421 -0.025989382 0.999069452 0.034421492 -2.089666367 0.999358892 0.025117727 0.025517762 238.772598267
0.024616420 0.032991722 -0.999152541 -9.169067383 -0.026241176 0.999132216 0.032344539 -2.088895321 0.999352634 0.025422724 0.025460780 238.773239136
0.024718404 0.032649148 -0.999161243 -9.168991089 -0.026546367 0.999135554 0.031991571 -2.090681553 0.999342024 0.025733314 0.025563776 238.771591187
0.024605155 0.033138417 -0.999147952 -9.168716431 -0.026039250 0.999132574 0.032496661 -2.088369370 0.999358177 0.025217472 0.025446713 238.772598267
0.024653375 0.032800049 -0.999157846 -9.169708252 -0.025878023 0.999147654 0.032161195 -2.087204933 0.999361098 0.025063347 0.025481164 238.773208618
0.024672627 0.032611776 -0.999163568 -9.170364380 -0.026104596 0.999147952 0.031966664 -2.089847803 0.999354720 0.025294058 0.025502920 238.771850586
0.024759233 0.032165084 -0.999175906 -9.175201416 -0.026000923 0.999164879 0.031520434 -2.087961435 0.999355316 0.025199071 0.025574863 238.768692017
0.024843574 0.031406369 -0.999198020 -9.187149048 -0.025884131 0.999191523 0.030762594 -2.083475590 0.999356329 0.025099114 0.025636435 238.769989014
0.024793863 0.031501926 -0.999196231 -9.196685791 -0.025958393 0.999186635 0.030857500 -2.086621284 0.999355614 0.025172446 0.025591433 238.772216797
0.024830103 0.031530421 -0.999194503 -9.215667725 -0.025734894 0.999191403 0.030890809 -2.086027384 0.999360561 0.024947131 0.025621414 238.772842407
0.024931788 0.031422220 -0.999195278 -9.236267090 -0.025732931 0.999194860 0.030780125 -2.085796356 0.999357939 0.024944816 0.025720298 238.773376465
0.024863124 0.031134358 -0.999206007 -9.264282227 -0.025933547 0.999198616 0.030488828 -2.083234310 0.999354541 0.025154905 0.025650620 238.776779175
0.025121629 0.030291226 -0.999225497 -9.296249390 -0.025852419 0.999226213 0.029641291 -2.081494093 0.999350190 0.025087753 0.025885284 238.774948120
0.025522590 0.027986612 -0.999282539 -9.340270996 -0.025743984 0.999294937 0.027329434 -2.079957962 0.999342799 0.025027990 0.026225090 238.777084351
0.026239157 0.025574347 -0.999328494 -9.396026611 -0.025524609 0.999363899 0.024905058 -2.083085299 0.999329805 0.024853980 0.026875257 238.779373169
0.027582169 0.023191763 -0.999350548 -9.472335815 -0.025469784 0.999422550 0.022490466 -2.076045275 0.999295115 0.024832902 0.028156936 238.782257080
0.029780984 0.022089008 -0.999312460 -9.572631836 -0.025207877 0.999454439 0.021340914 -2.075015068 0.999238670 0.024554987 0.030321538 238.788696289
0.033538401 0.020912137 -0.999218762 -9.692077637 -0.024968635 0.999486566 0.020079678 -2.072208166 0.999125600 0.024275681 0.034043372 238.793930054
0.038980186 0.018957401 -0.999060214 -9.832778931 -0.024314228 0.999541998 0.018017877 -2.069068193 0.998944223 0.023589034 0.039423287 238.807769775
0.046822608 0.017780600 -0.998744965 -9.993209839 -0.024422904 0.999563038 0.016650183 -2.069426775 0.998604596 0.023612646 0.047236443 238.817108154
0.056366384 0.017222414 -0.998261690 -10.168273926 -0.025044495 0.999561012 0.015830703 -2.063773155 0.998096108 0.024108637 0.056772947 238.837997437
0.068272412 0.017322030 -0.997516453 -10.356292725 -0.026286766 0.999533355 0.015557922 -2.064545870 0.997320533 0.025159299 0.068695903 238.855575562
0.082605839 0.016350636 -0.996448278 -10.569641113 -0.028007314 0.999508560 0.014079038 -2.055873394 0.996188760 0.026744824 0.083023131 238.881515503
0.099259198 0.017615182 -0.994905710 -10.790710449 -0.028563738 0.999481738 0.014846472 -2.056474209 0.994651616 0.026944576 0.099710941 238.914993286
0.118554592 0.022176966 -0.992699921 -11.031036377 -0.027391592 0.999443114 0.019056330 -2.055454493 0.992569685 0.024932412 0.119096041 238.963851929
0.141542673 0.026682016 -0.989572585 -11.278076172 -0.028172653 0.999340355 0.022915736 -2.055398941 0.989531279 0.024635326 0.142201006 239.008255005
0.164942622 0.027794413 -0.985911489 -11.498550415 -0.029194200 0.999302447 0.023287747 -2.060278177 0.985871017 0.024941754 0.165638983 239.071380615
0.191582322 0.026633240 -0.981115222 -11.761077881 -0.027175127 0.999392450 0.021822905 -2.054737329 0.981100380 0.022481041 0.192189634 239.149597168
0.222106695 0.026389660 -0.974665225 -12.018585205 -0.025572840 0.999447465 0.021233115 -2.047692776 0.974687040 0.020208936 0.222658813 239.233016968
0.255278587 0.026483763 -0.966504812 -12.295623779 -0.021725670 0.999529541 0.021650389 -2.047758102 0.966623485 0.015471079 0.255733848 239.340972900
0.291745722 0.027282765 -0.956106782 -12.569839478 -0.017877435 0.999574065 0.023068009 -2.047993183 0.956328869 0.010362743 0.292109191 239.453231812
0.331661105 0.030755881 -0.942897141 -12.845108032 -0.016473422 0.999504864 0.026807865 -2.041165352 0.943254769 0.006641617 0.332003534 239.586791992
0.373824358 0.036678050 -0.926774085 -13.102165222 -0.018891992 0.999311566 0.031928509 -2.045026779 0.927307189 0.005572949 0.374259949 239.717514038
0.418687940 0.041198142 -0.907195270 -13.396995544 -0.024532950 0.999118984 0.034050219 -2.037992001 0.907798767 0.007999755 0.419329762 239.879821777
0.465348363 0.044326276 -0.884017050 -13.681976318 -0.029743545 0.998964310 0.034432884 -2.031560898 0.884627759 0.010270508 0.466184855 240.060577393
0.512694061 0.045780100 -0.857349992 -13.967742920 -0.029881328 0.998923898 0.035470761 -2.025626183 0.858051240 0.007433107 0.513510346 240.271270752
0.560492933 0.045540173 -0.826906145 -14.242256165 -0.028289426 0.998957038 0.035840407 -2.021828175 0.827675879 0.003304404 0.561196685 240.508392334
0.607769370 0.042421013 -0.792979717 -14.481445312 -0.025647162 0.999099791 0.033790611 -2.023762703 0.793699324 -0.000199217 0.608310223 240.764801025
0.654905796 0.038620036 -0.754723132 -14.742904663 -0.026103487 0.999253392 0.028481808 -2.012909651 0.755259633 0.001048002 0.655424953 241.045425415
0.701451242 0.033664435 -0.711921990 -14.993026733 -0.027013535 0.999421895 0.020643126 -1.997962236 0.712205350 0.004751378 0.701955140 241.349822998
0.746387422 0.033142377 -0.664685965 -15.242382050 -0.030979810 0.999406755 0.015044358 -1.991200686 0.664790273 0.009362923 0.746971369 241.678100586
0.789111555 0.033288568 -0.613347232 -15.453085899 -0.033080835 0.999384463 0.011679529 -1.984761477 0.613358498 0.011073587 0.789727032 242.011840820
0.827600956 0.032854799 -0.560354531 -15.659595490 -0.031606965 0.999429345 0.011917619 -1.978890896 0.560426295 0.007848071 0.828167140 242.400985718
0.861406326 0.030426007 -0.507004440 -15.857122421 -0.028492277 0.999526978 0.011574235 -1.981702328 0.507116735 0.004475590 0.861865759 242.816650391
0.891166866 0.026046358 -0.452927381 -16.053329468 -0.023748154 0.999660075 0.010760963 -1.975898266 0.453053683 0.001166376 0.891482472 243.258804321
0.916188359 0.023145078 -0.400078982 -16.202087402 -0.021131728 0.999732077 0.009443719 -1.977820396 0.400190383 -0.000197866 0.916432023 243.713043213
0.936691642 0.020024821 -0.349582255 -16.333518982 -0.019009003 0.999799252 0.006336778 -1.978701115 0.349638969 0.000709604 0.936884224 244.192764282
0.953175306 0.018835787 -0.301831067 -16.461347580 -0.019447748 0.999810398 0.000977708 -1.972478867 0.301792234 0.004938008 0.953360915 244.689453125
0.966451824 0.018610772 -0.256172806 -16.567905426 -0.019824537 0.999801159 -0.002156314 -1.970813990 0.256081760 0.007162481 0.966628611 245.214782715
0.976596117 0.018216882 -0.214308515 -16.660615921 -0.019165965 0.999813557 -0.002351388 -1.978266239 0.214225724 0.006403786 0.976763189 245.760528564
0.983937979 0.018769018 -0.177521259 -16.740135193 -0.019407485 0.999809921 -0.001860677 -1.988074064 0.177452594 0.005276031 0.984115183 246.322418213
0.989181519 0.018071879 -0.145579278 -16.804182053 -0.018481357 0.999828160 -0.001460670 -1.990870476 0.145527855 0.004135370 0.989345491 246.900054932
0.992782235 0.015679924 -0.118901335 -16.859899521 -0.015976617 0.999871194 -0.001542449 -1.994847178 0.118861832 0.003430957 0.992904902 247.499893188
0.995127082 0.012879936 -0.097756028 -16.909351349 -0.013089263 0.999913216 -0.001500281 -2.000751257 0.097728223 0.002772525 0.995209277 248.120651245
0.996638477 0.011262255 -0.081147812 -16.950967789 -0.011400010 0.999934256 -0.001234470 -2.005096436 0.081128575 0.002155406 0.996701300 248.751571655
0.997594059 0.010094517 -0.068587020 -16.988458633 -0.010199312 0.999947309 -0.001177889 -2.009400845 0.068571515 0.001874595 0.997644424 249.404464722
0.998227656 0.010226592 -0.058625951 -17.034212112 -0.010363907 0.999944210 -0.002038612 -2.015070677 0.058601834 0.002642592 0.998277962 250.073074341
0.998641431 0.009939520 -0.051152233 -17.052705765 -0.010101509 0.999944746 -0.002909240 -2.022968292 0.051120490 0.003422003 0.998686612 250.751861572
0.998975217 0.008777210 -0.044400807 -17.083927155 -0.008971570 0.999951005 -0.004180031 -2.027742863 0.044361945 0.004574093 0.999005079 251.444946289
0.999140620 0.008359788 -0.040597565 -17.107278824 -0.008575331 0.999950051 -0.005138015 -2.033112526 0.040552586 0.005481737 0.999162376 252.161941528
0.999246120 0.007966629 -0.037996765 -17.131153107 -0.008156257 0.999955058 -0.004838245 -2.039568424 0.037956513 0.005144509 0.999266148 252.883209229
0.999317944 0.007782572 -0.036097601 -17.158985138 -0.007922034 0.999961674 -0.003722033 -2.047648191 0.036067251 0.004005461 0.999341309 253.627380371
0.999360979 0.008567265 -0.034701630 -17.190799713 -0.008627963 0.999961495 -0.001599772 -2.054053307 0.034686588 0.001898154 0.999396443 254.380798340
0.999400020 0.007799971 -0.033745311 -17.221740723 -0.007778056 0.999969423 0.000780647 -2.055587769 0.033750370 -0.000517706 0.999430180 255.151016235
0.999386668 0.007370932 -0.034233160 -17.247097015 -0.007322572 0.999971986 0.001537848 -2.064881563 0.034243535 -0.001286231 0.999412715 255.937210083
0.999327600 0.006841601 -0.036021426 -17.277755737 -0.006847759 0.999976575 -0.000047577 -2.067780733 0.036020257 0.000294211 0.999351025 256.736053467
0.999258697 0.004928306 -0.038180858 -17.302724838 -0.005068326 0.999980807 -0.003571360 -2.071908951 0.038162522 0.003762226 0.999264479 257.550781250
0.999194443 0.007073902 -0.039501742 -17.345975876 -0.007450193 0.999928176 -0.009386872 -2.080903053 0.039432503 0.009673607 0.999175429 258.366394043
0.999140739 0.009088646 -0.040437676 -17.377365112 -0.009633117 0.999865294 -0.013290036 -2.091829538 0.040311441 0.013668158 0.999093652 259.210357666
0.999107540 0.011144793 -0.040741805 -17.419639587 -0.011673559 0.999850392 -0.012763658 -2.105183125 0.040593464 0.013227869 0.999088168 260.059844971
0.999109328 0.011494705 -0.040600557 -17.456777573 -0.011765319 0.999910116 -0.006432634 -2.113602877 0.040522963 0.006904583 0.999154747 260.932220459
0.999155939 0.010924472 -0.039599188 -17.504196167 -0.010798177 0.999935925 0.003401820 -2.124052286 0.039633814 -0.002971349 0.999209881 261.830596924
0.999192774 0.008779351 -0.039201006 -17.547754288 -0.008448146 0.999927282 0.008606549 -2.131780624 0.039273717 -0.008268426 0.999194264 262.727264404
0.999193311 0.004932152 -0.039855491 -17.582365036 -0.004688807 0.999969780 0.006196856 -2.134947538 0.039884850 -0.006004982 0.999186218 263.627288818
0.999161899 0.002480181 -0.040857285 -17.622884750 -0.002530494 0.999996126 -0.001179766 -2.134525299 0.040854201 0.001282167 0.999164283 264.544067383
0.999078572 -0.000607267 -0.042913660 -17.651998520 0.000258434 0.999966860 -0.008133796 -2.142927170 0.042917181 0.008115211 0.999045670 265.460388184
0.999012351 -0.000789996 -0.044426318 -17.693088531 0.000217254 0.999916852 -0.012895315 -2.149614811 0.044432811 0.012872927 0.998929441 266.399475098
0.998985112 -0.000699671 -0.045036282 -17.741424561 0.000104553 0.999912679 -0.013215194 -2.177953720 0.045041595 0.013197074 0.998897910 267.348327637
0.998964965 0.001950373 -0.045444045 -17.789661407 -0.002481039 0.999929368 -0.011623876 -2.195760250 0.045418162 0.011724594 0.998899281 268.302703857
0.998959422 0.003796759 -0.045450069 -17.841897964 -0.004033698 0.999978721 -0.005122592 -2.210610151 0.045429654 0.005300594 0.998953462 269.275085449
0.998973906 0.004380493 -0.045077492 -17.889724731 -0.004292108 0.999988675 0.002057337 -2.222784042 0.045085993 -0.001861749 0.998981357 270.266082764
0.998985469 0.004103902 -0.044845942 -17.931379318 -0.003861348 0.999977469 0.005493886 -2.227538586 0.044867478 -0.005315147 0.998978794 271.267456055
0.998988509 0.002718754 -0.044883478 -17.976280212 -0.002568872 0.999990940 0.003396715 -2.230518103 0.044892307 -0.003277980 0.998986483 272.275970459
0.998997748 0.000862078 -0.044751525 -18.024545670 -0.000905436 0.999999166 -0.000948610 -2.232515097 0.044750668 0.000988179 0.998997688 273.284271240
0.998973906 0.000078042 -0.045289055 -18.077306747 -0.000281415 0.999989927 -0.004484190 -2.241907120 0.045288250 0.004492334 0.998963833 274.300231934
0.998954296 -0.001111878 -0.045705792 -18.124563217 0.000839848 0.999981821 -0.005970531 -2.253385544 0.045711599 0.005925901 0.998937130 275.327911377
0.998906612 -0.001369654 -0.046730522 -18.170907974 0.001100414 0.999982655 -0.005786772 -2.267283201 0.046737637 0.005729022 0.998890758 276.361663818
0.998836517 -0.002808586 -0.048142776 -18.225263596 0.002685402 0.999992967 -0.002623206 -2.282178879 0.048149802 0.002490872 0.998836994 277.403228760
0.998747945 -0.002580631 -0.049959000 -18.281312943 0.002616239 0.999996364 0.000647367 -2.293834209 0.049957149 -0.000777262 0.998751044 278.448730469
0.998626888 -0.004293694 -0.052210070 -18.321874619 0.004229814 0.999990165 -0.001333946 -2.306008339 0.052215286 0.001111276 0.998635232 279.484100342
0.998511255 -0.006547046 -0.054151759 -18.381006241 0.006169617 0.999955535 -0.007134081 -2.321264505 0.054196056 0.006789365 0.998507261 280.531616211
0.998437166 -0.005884038 -0.055575240 -18.446285248 0.005259675 0.999921501 -0.011374162 -2.338272572 0.055637803 0.011064078 0.998389721 281.585296631
0.998364031 -0.005583625 -0.056903735 -18.508529663 0.004888114 0.999911726 -0.012354469 -2.359824657 0.056967698 0.012056106 0.998303235 282.631286621
0.998261988 -0.003456693 -0.058831006 -18.577365875 0.002839260 0.999940038 -0.010575392 -2.384746790 0.058864035 0.010389975 0.998211920 283.689514160
0.998199642 -0.002142329 -0.059941068 -18.650375366 0.001724930 0.999973893 -0.007014367 -2.403932095 0.059954531 0.006898344 0.998177290 284.737457275
0.998090148 -0.000455829 -0.061772615 -18.718406677 0.000360520 0.999998748 -0.001554035 -2.425155401 0.061773244 0.001528797 0.998089015 285.805877686
0.998017430 0.001728861 -0.062914267 -18.796426773 -0.001585076 0.999996006 0.002335254 -2.443778038 0.062918052 -0.002230900 0.998016179 286.854431152
0.997968137 0.003613579 -0.063612878 -18.865423203 -0.003428440 0.999989569 0.003019314 -2.452804327 0.063623130 -0.002795086 0.997970104 287.881530762
0.997956634 0.004040049 -0.063767225 -18.937019348 -0.003936086 0.999990702 0.001755882 -2.467523336 0.063773729 -0.001501300 0.997963250 288.932220459
0.997970998 0.002891722 -0.063604772 -19.004793167 -0.002921410 0.999995649 -0.000373757 -2.480560541 0.063603416 0.000558814 0.997975111 289.976440430
0.997962296 0.003556676 -0.063706927 -19.076766968 -0.003796939 0.999986112 -0.003650694 -2.498863459 0.063693061 0.003885146 0.997961998 291.008178711
0.997948647 0.002097056 -0.063984759 -19.137784958 -0.002584707 0.999968231 -0.007539533 -2.516289949 0.063966915 0.007689449 0.997922421 292.035430908
0.997937441 0.002480430 -0.064146005 -19.205570221 -0.003069087 0.999954045 -0.009079931 -2.535358906 0.064120539 0.009258073 0.997899234 293.059814453
0.997980475 0.003521353 -0.063424006 -19.280004501 -0.004001290 0.999964297 -0.007441700 -2.556492567 0.063395537 0.007680449 0.997958899 294.084564209
0.997985423 0.005823623 -0.063175611 -19.350402832 -0.006092438 0.999973178 -0.004063231 -2.581582069 0.063150257 0.004439939 0.997994184 295.126739502
0.998028815 0.007514426 -0.062305976 -19.424692154 -0.007698243 0.999966681 -0.002710684 -2.597143412 0.062283531 0.003184987 0.998053432 296.147674561
0.998036146 0.009403391 -0.061930377 -19.499309540 -0.009536195 0.999952793 -0.001849180 -2.612424374 0.061910063 0.002436129 0.998078763 297.181365967
0.998015046 0.010825180 -0.062038314 -19.558141708 -0.010721809 0.999940515 0.001998903 -2.625126362 0.062056262 -0.001329772 0.998071790 298.200164795
0.998040974 0.012736749 -0.061253428 -19.627798080 -0.012332987 0.999899685 0.006965241 -2.639184713 0.061336000 -0.006196158 0.998097956 299.215850830
0.998006880 0.015295564 -0.061223075 -19.694324493 -0.014888836 0.999863982 0.007094099 -2.647882462 0.061323255 -0.006168419 0.998098910 300.237792969
0.997978926 0.018027518 -0.060935214 -19.767374039 -0.017944088 0.999837160 0.001916150 -2.656796932 0.060959835 -0.000818850 0.998139858 301.235046387
0.997955501 0.020133853 -0.060658760 -19.837661743 -0.020350516 0.999788523 -0.002956096 -2.659924507 0.060586415 0.004184489 0.998154163 302.251281738
0.997954905 0.022811837 -0.059712552 -19.914806366 -0.023196923 0.999714315 -0.005763682 -2.670005560 0.059564013 0.007137042 0.998198986 303.254974365
0.997869074 0.026120707 -0.059791908 -19.973701477 -0.026547715 0.999627352 -0.006358245 -2.695479155 0.059603542 0.007932034 0.998190641 304.263793945
0.997831404 0.028518420 -0.059322618 -20.045957565 -0.029018328 0.999550104 -0.007582417 -2.712200880 0.059079692 0.009287417 0.998210073 305.264587402
0.997817516 0.028699623 -0.059468776 -20.109506607 -0.029122833 0.999556243 -0.006261888 -2.733566999 0.059262671 0.007980120 0.998210549 306.293365479
0.997826278 0.028941534 -0.059204202 -20.183172226 -0.029219177 0.999565721 -0.003829068 -2.749011755 0.059067670 0.005550642 0.998238564 307.302825928
0.997824132 0.028224325 -0.059585430 -20.241590500 -0.028401086 0.999594331 -0.002121535 -2.761945724 0.059501380 0.003809210 0.998220980 308.321380615
0.997810721 0.028317992 -0.059765186 -20.299623489 -0.028469615 0.999593258 -0.001686804 -2.774389505 0.059693109 0.003384603 0.998211026 309.345489502
0.997765660 0.029264178 -0.060060594 -20.357959747 -0.029455319 0.999563456 -0.002299389 -2.784866810 0.059967086 0.004063355 0.998192072 310.367858887
0.997820854 0.029115280 -0.059210207 -20.419347763 -0.029274222 0.999569774 -0.001818535 -2.800224304 0.059131783 0.003547905 0.998243868 311.395172119
0.997905195 0.029020922 -0.057819035 -20.488677979 -0.029163923 0.999573290 -0.001630769 -2.816759348 0.057747040 0.003313583 0.998325765 312.438262939
0.997957945 0.028673517 -0.057077043 -20.552791595 -0.028855124 0.999580801 -0.002359998 -2.826409817 0.056985449 0.004002144 0.998367012 313.474365234
0.997982740 0.029195569 -0.056374684 -20.617128372 -0.029388577 0.999564707 -0.002597488 -2.834842443 0.056274310 0.004249020 0.998406291 314.505615234
0.997994244 0.028742200 -0.056403361 -20.670751572 -0.028815342 0.999584615 -0.000483728 -2.855326414 0.056366030 0.002108040 0.998407960 315.579010010
0.998060524 0.027610384 -0.055792656 -20.737277985 -0.027755756 0.999613047 -0.001832210 -2.870516300 0.055720482 0.003377224 0.998440683 316.633636475
0.998025358 0.028701590 -0.055871621 -20.797409058 -0.029106649 0.999555528 -0.006449443 -2.881314039 0.055661675 0.008062943 0.998417139 317.696319580
0.998027384 0.028272916 -0.056053042 -20.862005234 -0.028860549 0.999536335 -0.009701722 -2.893677473 0.055752758 0.011300306 0.998380661 318.760467529
0.998065650 0.026644360 -0.056170102 -20.925640106 -0.027080376 0.999608636 -0.007015453 -2.909279823 0.055961195 0.008522990 0.998396575 319.835632324
0.998064578 0.027286997 -0.055879448 -20.994926453 -0.027455389 0.999620497 -0.002247892 -2.923560858 0.055796903 0.003777733 0.998435020 320.912139893
0.998076677 0.027480166 -0.055567730 -21.055608749 -0.027473602 0.999622166 0.000882175 -2.942861080 0.055570975 0.000646167 0.998454511 321.983154297
0.998122871 0.026928257 -0.055005714 -21.122352600 -0.026818721 0.999636590 0.002728688 -2.950974464 0.055059206 -0.001248383 0.998482287 323.055755615
0.998110533 0.027594697 -0.054898825 -21.183837891 -0.027384115 0.999614477 0.004584513 -2.962079763 0.055004168 -0.003072495 0.998481393 324.137786865
0.998190939 0.025289463 -0.054546680 -21.256238937 -0.025059188 0.999673963 0.004901576 -2.973082781 0.054652851 -0.003525813 0.998499215 325.209747314
0.998232782 0.022692969 -0.054920927 -21.313135147 -0.022565477 0.999741018 0.002940501 -2.980379581 0.054973435 -0.001695988 0.998486400 326.268829346
0.998229086 0.021491006 -0.055469375 -21.371101379 -0.021515181 0.999768496 0.000161376 -2.996896029 0.055460002 0.001032344 0.998460352 327.339813232
0.998258233 0.019045552 -0.055836666 -21.433032990 -0.019135948 0.999816298 -0.001084667 -3.011334896 0.055805750 0.002151265 0.998439312 328.402435303
0.998263419 0.017490871 -0.056250934 -21.495166779 -0.017507222 0.999846697 0.000202132 -3.024893284 0.056245845 0.000783017 0.998416662 329.458801270
0.998299956 0.015520522 -0.056180920 -21.560043335 -0.015379224 0.999877393 0.002946570 -3.034781456 0.056219764 -0.002077542 0.998416245 330.510864258
0.998294711 0.012422845 -0.057038292 -21.612377167 -0.012066103 0.999905467 0.006594586 -3.045896053 0.057114825 -0.005895110 0.998350203 331.575683594
0.998304784 0.008994184 -0.057503209 -21.671550751 -0.008551028 0.999931872 0.007948047 -3.053589821 0.057570774 -0.007442862 0.998313665 332.629150391
0.998307288 0.005847217 -0.057865370 -21.733308792 -0.005571278 0.999972343 0.004928827 -3.061490536 0.057892591 -0.004598100 0.998312235 333.672668457
0.998292267 0.002074130 -0.058380317 -21.792148590 -0.002062614 0.999997854 0.000257529 -3.064387083 0.058380723 -0.000136673 0.998294353 334.702178955
0.998258948 0.000860476 -0.058977798 -21.845684052 -0.000907276 0.999999285 -0.000766733 -3.080897570 0.058977097 0.000818908 0.998259008 335.755889893
0.998242795 -0.000616206 -0.059253499 -21.918338776 0.000630073 0.999999762 0.000215338 -3.089941502 0.059253354 -0.000252294 0.998242974 336.781829834
0.998156667 -0.002089692 -0.060653653 -21.976110458 0.002259236 0.999993742 0.002726828 -3.116065741 0.060647573 -0.002858833 0.998155177 337.799926758
0.998096228 -0.004158485 -0.061535981 -22.034826279 0.004506249 0.999974668 0.005513687 -3.124000788 0.061511490 -0.005780486 0.998089612 338.812652588
0.998019874 -0.006354143 -0.062577806 -22.094869614 0.006863825 0.999944985 0.007933177 -3.131767750 0.062523954 -0.008346992 0.998008549 339.814514160
0.997944057 -0.007826702 -0.063610882 -22.158393860 0.008434437 0.999921262 0.009291030 -3.142811537 0.063533150 -0.009808450 0.997931540 340.803802490
0.997839153 -0.009896973 -0.064953975 -22.216485977 0.010446625 0.999912381 0.008127984 -3.150433540 0.064867839 -0.008788970 0.997855186 341.800872803
0.997749031 -0.011305425 -0.066099063 -22.282833099 0.011762992 0.999909461 0.006537351 -3.155770779 0.066019170 -0.007300158 0.997791648 342.771545410
0.997691512 -0.011528097 -0.066923209 -22.356180191 0.011888766 0.999916852 0.004993517 -3.164844990 0.066860080 -0.005777624 0.997745633 343.748382568
0.997635424 -0.009940892 -0.068005666 -22.417734146 0.010264048 0.999937654 0.004404132 -3.176168919 0.067957647 -0.005091732 0.997675240 344.699340820
0.997593105 -0.009970251 -0.068619043 -22.489814758 0.010293733 0.999937475 0.004362182 -3.183510303 0.068571270 -0.005058029 0.997633398 345.637847900
0.997551382 -0.008910904 -0.069367051 -22.557735443 0.009311790 0.999941766 0.005457971 -3.199141264 0.069314376 -0.006090538 0.997576296 346.567718506
0.997524440 -0.007614590 -0.069906779 -22.633653641 0.008107654 0.999944210 0.006772137 -3.208572388 0.069851309 -0.007322152 0.997530520 347.494659424
0.997522354 -0.005384001 -0.070143677 -22.700565338 0.005778303 0.999968648 0.005419661 -3.215904713 0.070112303 -0.005811545 0.997522175 348.411285400
0.997530699 -0.004395311 -0.070094340 -22.771549225 0.004617296 0.999984801 0.003005236 -3.223828793 0.070080064 -0.003321462 0.997535825 349.300201416
0.997573555 -0.005421485 -0.069408834 -22.836383820 0.005565149 0.999982774 0.001876610 -3.234550238 0.069397464 -0.002258327 0.997586548 350.178192139
0.997655034 -0.004790686 -0.068275005 -22.898658752 0.004984446 0.999984026 0.002667865 -3.247727871 0.068261132 -0.003001922 0.997662961 351.054931641
0.997780502 -0.004068223 -0.066464461 -22.960897446 0.004291216 0.999985635 0.003212653 -3.261673450 0.066450439 -0.003490736 0.997783601 351.900543213
0.997875571 -0.005760486 -0.064893380 -23.010799408 0.006063345 0.999971628 0.004471044 -3.272543907 0.064865783 -0.004855017 0.997882187 352.734100342
0.997955739 -0.007614806 -0.063453674 -23.058631897 0.007920028 0.999958217 0.004560000 -3.281568050 0.063416302 -0.005053233 0.997974396 353.543853760
0.998056769 -0.008031326 -0.061791729 -23.107015610 0.008417223 0.999946654 0.005987338 -3.298439264 0.061740346 -0.006495818 0.998071134 354.335479736
0.998140812 -0.010901297 -0.059967197 -23.150062561 0.011387203 0.999904990 0.007767088 -3.305174589 0.059876829 -0.008435506 0.998170137 355.107360840
0.998227835 -0.011459921 -0.058394235 -23.193725586 0.012030224 0.999883235 0.009424262 -3.311466217 0.058279414 -0.010110056 0.998249114 355.853363037
0.998344362 -0.009498850 -0.056730188 -23.235351562 0.010137801 0.999888241 0.010985816 -3.320851088 0.056619499 -0.011542746 0.998329103 356.576019287
0.998428285 -0.009811715 -0.055179130 -23.274877548 0.010438045 0.999884188 0.011074110 -3.328285456 0.055064086 -0.011632666 0.998415053 357.275512695
0.998496830 -0.010050613 -0.053880215 -23.312545776 0.010473856 0.999916434 0.007578651 -3.336500645 0.053799544 -0.008131593 0.998518646 357.951538086
0.998566806 -0.010206202 -0.052537214 -23.348251343 0.010336616 0.999944150 0.002211192 -3.348334789 0.052511711 -0.002751080 0.998616517 358.595855713
0.998632848 -0.009834141 -0.051339585 -23.381168365 0.009834807 0.999951601 -0.000239652 -3.356342077 0.051339455 -0.000265591 0.998681247 359.224670410
0.998682916 -0.009778625 -0.050366364 -23.415590286 0.009813761 0.999951720 0.000450359 -3.362623453 0.050359529 -0.000944050 0.998730719 359.836944580
0.998704612 -0.009642306 -0.049960747 -23.447650909 0.009823141 0.999946058 0.003375259 -3.367170095 0.049925506 -0.003861659 0.998745501 360.428344727
0.998683453 -0.009777924 -0.050356302 -23.472705841 0.010135095 0.999925256 0.006842421 -3.382755995 0.050285634 -0.007343778 0.998707891 360.993865967
0.998573422 -0.009728639 -0.052502222 -23.506216049 0.010168929 0.999915302 0.008125497 -3.394316435 0.052418724 -0.008647796 0.998587728 361.533599854
0.998376787 -0.008057521 -0.056381032 -23.538026810 0.008369090 0.999950945 0.005292208 -3.395591736 0.056335628 -0.005755476 0.998395324 362.055999756
0.998057663 -0.007218915 -0.061877057 -23.583148956 0.007340356 0.999971569 0.001735520 -3.404273748 0.061862767 -0.002186349 0.998082280 362.546417236
0.997486770 -0.006454777 -0.070558265 -23.615249634 0.006429256 0.999979138 -0.000588800 -3.415246964 0.070560597 0.000133683 0.997507513 363.022369385
0.996582329 -0.006703886 -0.082333282 -23.671651840 0.006597927 0.999976993 -0.001558960 -3.421612024 0.082341842 0.001010403 0.996603608 363.478668213
0.995135128 -0.006470403 -0.098306842 -23.722801208 0.006265977 0.999977529 -0.002388062 -3.429171562 0.098320082 0.001760456 0.995153308 363.930206299
0.993140161 -0.004525448 -0.116842538 -23.801261902 0.004176660 0.999986053 -0.003229785 -3.438310385 0.116855524 0.002719617 0.993145227 364.370361328
0.990370154 -0.001385295 -0.138437942 -23.876989365 0.001051991 0.999996364 -0.002480746 -3.446208477 0.138440877 0.002311222 0.990368009 364.794158936
0.986538291 0.001275545 -0.163525552 -23.982593536 -0.001306119 0.999999166 -0.000079452 -3.452859163 0.163525313 0.000291967 0.986539066 365.219665527
0.981175780 0.001229874 -0.193112940 -24.089620590 -0.000486100 0.999992311 0.003898836 -3.458980799 0.193116248 -0.003731571 0.981168807 365.642730713
0.973857701 0.000477979 -0.227158427 -24.215404510 0.000778542 0.999984860 0.005441844 -3.461924314 0.227157593 -0.005476434 0.973842621 366.052825928
0.964115679 0.000757739 -0.265481353 -24.368722916 0.000875170 0.999981403 0.006032402 -3.467866898 0.265480995 -0.006048275 0.964097142 366.449798584
0.951755047 0.003988538 -0.306832790 -24.519081116 -0.001700888 0.999968708 0.007722726 -3.466471434 0.306854010 -0.006828255 0.951732099 366.807312012
0.936840653 0.008406624 -0.349655449 -24.708393097 -0.004896713 0.999928355 0.010920985 -3.461261272 0.349722236 -0.008519060 0.936814725 367.187377930
0.919387221 0.012054919 -0.393168986 -24.911447525 -0.006389260 0.999856055 0.015715841 -3.463531256 0.393301845 -0.011936884 0.919331908 367.546417236
0.899121881 0.012714247 -0.437513679 -25.123134613 -0.004340169 0.999787867 0.020134704 -3.456840038 0.437676877 -0.016204670 0.898986280 367.887329102
0.875441909 0.017864080 -0.482993066 -25.279514313 -0.006281823 0.999652863 0.025587339 -3.475396395 0.483282506 -0.019366153 0.875250220 368.155670166
0.847207487 0.024118954 -0.530714452 -25.510524750 -0.010517324 0.999534607 0.028635692 -3.466723204 0.531158090 -0.018678676 0.847066820 368.479675293
0.815447748 0.031524785 -0.577971578 -25.784866333 -0.015158040 0.999336362 0.033121485 -3.459284782 0.578632176 -0.018247925 0.815384507 368.791564941
0.780450344 0.036240581 -0.624166548 -26.084541321 -0.015234272 0.999124527 0.038962774 -3.448229313 0.625032127 -0.020899791 0.780319214 369.093627930
0.741334915 0.036727067 -0.670129538 -26.400028229 -0.009791058 0.998987138 0.043918990 -3.432293892 0.671063781 -0.025997406 0.740943670 369.405914307
0.698817134 0.035139114 -0.714436710 -26.758312225 -0.002439797 0.998903930 0.046744000 -3.418947220 0.715296209 -0.030922431 0.698136926 369.714477539
0.652411103 0.034984306 -0.757057369 -27.101425171 0.004919083 0.998717487 0.050390769 -3.398853302 0.757849276 -0.036599528 0.651402295 369.988006592
0.602906823 0.035163157 -0.797036469 -27.498855591 0.011628343 0.998534799 0.052848842 -3.383429050 0.797726989 -0.041131139 0.601614535 370.241546631
0.548598170 0.031482935 -0.835493207 -27.901634216 0.020578414 0.998479605 0.051136684 -3.357648849 0.835832834 -0.045246616 0.547116280 370.481384277
0.490513980 0.027487209 -0.870999753 -28.337448120 0.029240387 0.998420417 0.047975462 -3.340353966 0.870942652 -0.049001005 0.488935471 370.709716797
0.429442942 0.025191855 -0.902742565 -28.807632446 0.030008294 0.998660803 0.042143766 -3.308355331 0.902595341 -0.045188107 0.428111851 370.899902344
0.367449939 0.024453552 -0.929721773 -29.311996460 0.029997246 0.998822570 0.038126726 -3.296716690 0.929559469 -0.041898753 0.366283715 371.035583496
0.301811457 0.020380424 -0.953149855 -29.820449829 0.034465577 0.998884678 0.032271747 -3.278385162 0.952744544 -0.042590845 0.300772429 371.162170410
0.236691952 0.017196063 -0.971432686 -30.347122192 0.047384199 0.998449266 0.029219592 -3.265912056 0.970428705 -0.052946597 0.235510051 371.264190674
0.171989977 0.020966372 -0.984875560 -30.900177002 0.050203323 0.998287797 0.030018963 -3.238318443 0.983818650 -0.054606989 0.170642912 371.344299316
0.111596167 0.030572815 -0.993283212 -31.433593750 0.042788368 0.998451889 0.035539210 -3.219158173 0.992832005 -0.046467010 0.110115230 371.360717773
0.057488382 0.039024089 -0.997583270 -31.995605469 0.031932984 0.998652577 0.040906146 -3.206666946 0.997835457 -0.034207437 0.056164801 371.336547852
0.009172618 0.042520598 -0.999053597 -32.568725586 0.022639289 0.998830616 0.042718969 -3.190349579 0.999701679 -0.023009710 0.008199275 371.302062988
-0.030442476 0.044733983 -0.998535037 -33.179168701 0.018548971 0.998851240 0.044182647 -3.174848557 0.999364436 -0.017176770 -0.031237245 371.258880615
-0.059601545 0.050582875 -0.996939778 -33.763488770 0.014935991 0.998648703 0.049776636 -3.147464752 0.998110473 -0.011923518 -0.060276508 371.185546875
-0.081361413 0.056203958 -0.995098710 -34.368103027 0.014515313 0.998369694 0.055201903 -3.119192123 0.996578932 -0.009952866 -0.082044482 371.117858887
-0.097661495 0.058489788 -0.993499577 -34.977844238 0.012502054 0.998264849 0.057541382 -3.100830078 0.995141268 -0.006801210 -0.098223329 371.038879395
-0.107445478 0.052762911 -0.992810130 -35.591033936 0.007720321 0.998604953 0.052235369 -3.072651863 0.994181216 -0.002052363 -0.107702971 370.953887939
-0.112039566 0.041542362 -0.992835224 -36.211578369 0.003796893 0.999136388 0.041377556 -3.050804138 0.993696690 0.000866224 -0.112100482 370.856964111
-0.114583611 0.029317426 -0.992980957 -36.814849854 0.002554847 0.999569833 0.029217148 -3.019054890 0.993410349 0.000810890 -0.114609241 370.787231445
-0.114214420 0.025001023 -0.993141532 -37.459930420 0.005512176 0.999683857 0.024531800 -2.995359898 0.993440866 -0.002672486 -0.114316225 370.712890625
-0.112864852 0.028570466 -0.993199468 -38.121154785 0.008612852 0.999577105 0.027775180 -2.979295254 0.993573010 -0.005419437 -0.113063216 370.641387939
-0.111483335 0.034092773 -0.993181229 -38.799163818 0.011431638 0.999389231 0.033022683 -2.967228889 0.993700445 -0.007672211 -0.111804962 370.564453125
-0.111199260 0.036065273 -0.993143499 -39.483428955 0.010184948 0.999330163 0.035149559 -2.951295853 0.993745923 -0.006206508 -0.111492157 370.492248535
-0.110191584 0.035277605 -0.993284285 -40.179534912 0.007739626 0.999370039 0.034635145 -2.930379868 0.993880391 -0.003871150 -0.110395193 370.410369873
-0.108902454 0.034179512 -0.993464649 -40.881347656 0.002788104 0.999415278 0.034078609 -2.907852173 0.994048536 0.000941361 -0.108934045 370.327270508
-0.105756998 0.031978659 -0.993877709 -41.607879639 -0.001385511 0.999477029 0.032306254 -2.888501644 0.994391084 0.004793640 -0.105657458 370.243621826
-0.100923061 0.030587509 -0.994423926 -42.335388184 -0.004453298 0.999503374 0.031195709 -2.867028713 0.994884253 0.007576833 -0.100736618 370.161834717
-0.096628904 0.030684793 -0.994847417 -43.095367432 -0.007409515 0.999474823 0.031547204 -2.845848560 0.995292962 0.010419708 -0.096350789 370.086090088
-0.092282057 0.033606432 -0.995165765 -43.870086670 -0.008678235 0.999365211 0.034552984 -2.820726871 0.995695233 0.011824896 -0.091931820 370.015258789
-0.087894082 0.037243932 -0.995433390 -44.650817871 -0.012260055 0.999184668 0.038466819 -2.801453590 0.996054471 0.015585067 -0.087365746 369.935333252
-0.084141612 0.039025385 -0.995689452 -45.449523926 -0.013646411 0.999093950 0.040312026 -2.777992249 0.996360481 0.016979495 -0.083532810 369.859924316
-0.081303596 0.036955390 -0.996003985 -46.278350830 -0.014121737 0.999169350 0.038225591 -2.745852470 0.996589303 0.017173186 -0.080714226 369.790008545
-0.077915668 0.034233585 -0.996372163 -47.107757568 -0.012467631 0.999298692 0.035309099 -2.713015079 0.996882081 0.015173528 -0.077434182 369.722137451
-0.074409723 0.035166230 -0.996607602 -47.961273193 -0.010379040 0.999296606 0.036036048 -2.682494640 0.997173846 0.013025256 -0.073992372 369.663574219
-0.071524501 0.039968569 -0.996637702 -48.833068848 -0.010318160 0.999113739 0.040808354 -2.657768726 0.997385502 0.013202262 -0.071048737 369.597595215
-0.068071842 0.045347091 -0.996649325 -49.715454102 -0.009561241 0.998890996 0.046102125 -2.625846863 0.997634649 0.012667457 -0.067562699 369.532043457
-0.065210819 0.050491542 -0.996593297 -50.606079102 -0.008115417 0.998659194 0.051127229 -2.592687607 0.997838557 0.011421816 -0.064713597 369.472564697
-0.062929392 0.052283719 -0.996647537 -51.503356934 -0.007020069 0.998578906 0.052828293 -2.559724808 0.997993290 0.010320986 -0.062472939 369.424621582
-0.060410857 0.051343050 -0.996852338 -52.401306152 -0.009129427 0.998606026 0.051986635 -2.526188850 0.998131931 0.012241243 -0.059857845 369.363342285
-0.058447361 0.046208989 -0.997220635 -53.309448242 -0.011448993 0.998831391 0.046954662 -2.482517719 0.998225033 0.014161537 -0.057850003 369.304168701
-0.057218194 0.043267556 -0.997423708 -54.211853027 -0.010311319 0.998981535 0.043926653 -2.450412273 0.998308480 0.012798157 -0.056713820 369.248229980
-0.056901813 0.042723127 -0.997465372 -55.129089355 -0.009771871 0.999012291 0.043346837 -2.416774750 0.998332083 0.012213607 -0.056428075 369.192687988
-0.057164907 0.043478716 -0.997417510 -56.058349609 -0.009591281 0.998981237 0.044096585 -2.382986546 0.998318672 0.012087294 -0.056689739 369.137390137
-0.058123231 0.044910926 -0.997298777 -56.984283447 -0.008496899 0.998929143 0.045479555 -2.356626034 0.998273313 0.011117360 -0.057679415 369.083862305
-0.059067488 0.045853384 -0.997200429 -57.910858154 -0.008418744 0.998886108 0.046429567 -2.326103687 0.998218596 0.011137650 -0.058615685 369.029357910
-0.060481310 0.046483126 -0.997086465 -58.830383301 -0.010130627 0.998835087 0.047179151 -2.294225216 0.998117924 0.012954564 -0.059939861 368.966400146
-0.061927080 0.046940498 -0.996976376 -59.746551514 -0.013124003 0.998768806 0.047840089 -2.263241768 0.997994542 0.016046911 -0.061234713 368.901153564
-0.062972784 0.047131132 -0.996901751 -60.678466797 -0.013371481 0.998754799 0.048063397 -2.228370667 0.997925699 0.016356736 -0.062264204 368.843719482
-0.063851953 0.047649957 -0.996821344 -61.591552734 -0.012653215 0.998740494 0.048552211 -2.196698189 0.997879326 0.015713137 -0.063168645 368.780670166
-0.065355539 0.046658095 -0.996770620 -62.498962402 -0.015432487 0.998739541 0.047762126 -2.163874149 0.997742712 0.018504174 -0.064553142 368.716369629
-0.066718698 0.044284288 -0.996788740 -63.412414551 -0.015355061 0.998850703 0.045403671 -2.128431797 0.997653842 0.018335020 -0.065962076 368.648132324
-0.069669127 0.043143734 -0.996636868 -64.325347900 -0.013445529 0.998932958 0.044183034 -2.101355076 0.997479618 0.016478501 -0.069014788 368.584533691
-0.073543310 0.045682587 -0.996245205 -65.215301514 -0.014579372 0.998794317 0.046875734 -2.070170879 0.997185469 0.017972028 -0.072788715 368.510192871
-0.077907324 0.049813718 -0.995715320 -66.126098633 -0.015399687 0.998571634 0.051161524 -2.035989761 0.996841669 0.019319560 -0.077028990 368.434875488
-0.081305385 0.052122541 -0.995325387 -67.042144775 -0.017161064 0.998410404 0.053685933 -2.005249977 0.996541500 0.021445796 -0.080281615 368.343292236
-0.084550261 0.050128445 -0.995157659 -67.935791016 -0.022058133 0.998394787 0.052165605 -1.970441818 0.996175230 0.026361918 -0.083308816 368.255615234
-0.087117910 0.048329424 -0.995025039 -68.834838867 -0.024830550 0.998406827 0.050667685 -1.931851864 0.995888591 0.029121077 -0.085779071 368.164276123
-0.089784145 0.043815900 -0.994996965 -69.716583252 -0.024515852 0.998631895 0.046188168 -1.904512405 0.995659471 0.028540162 -0.088587165 368.084777832
-0.091148257 0.041503873 -0.994972169 -70.609222412 -0.022366481 0.998793781 0.043712255 -1.873800278 0.995586216 0.026238317 -0.090110064 368.001708984
-0.092355967 0.043624759 -0.994769871 -71.511505127 -0.022405639 0.998695791 0.045877099 -1.839684486 0.995473862 0.026525483 -0.091258049 367.914245605
-0.092582107 0.045487568 -0.994665623 -72.404327393 -0.023535950 0.998576880 0.047857128 -1.810837746 0.995427012 0.027841104 -0.091379762 367.824829102
-0.091661930 0.047306690 -0.994665861 -73.289367676 -0.022504136 0.998517394 0.049563702 -1.780515194 0.995535910 0.026927197 -0.090461373 367.733001709
-0.090547442 0.043268401 -0.994951904 -74.178955078 -0.024141857 0.998666763 0.045627028 -1.751215935 0.995599627 0.028151385 -0.089382052 367.650970459
-0.087499619 0.041427389 -0.995302916 -75.075164795 -0.025544198 0.998713017 0.043814987 -1.715520382 0.995837152 0.029257998 -0.086328745 367.572937012
-0.084464073 0.041666776 -0.995554984 -75.956329346 -0.028462630 0.998616755 0.044209722 -1.688302517 0.996019959 0.032070246 -0.083161354 367.491119385
-0.079956532 0.043991558 -0.995827317 -76.841796875 -0.028896067 0.998503506 0.046429899 -1.658508301 0.996379614 0.032487858 -0.078565717 367.411529541
-0.075746894 0.045733221 -0.996077716 -77.744171143 -0.030375250 0.998378217 0.048148733 -1.628269196 0.996664286 0.033903230 -0.074234843 367.350952148
-0.070351362 0.047101501 -0.996409655 -78.625885010 -0.031000396 0.998298883 0.049379583 -1.599048138 0.997040510 0.034363013 -0.068771601 367.283172607
-0.064995050 0.047950529 -0.996732891 -79.509826660 -0.030690087 0.998276293 0.050026018 -1.567039967 0.997413576 0.033841256 -0.063411474 367.216827393
-0.059955835 0.048292071 -0.997032285 -80.395172119 -0.030734338 0.998266160 0.050200030 -1.531117916 0.997727871 0.033652909 -0.058367729 367.156585693
-0.054878950 0.047353692 -0.997369647 -81.277618408 -0.029698448 0.998355448 0.049034618 -1.502754688 0.998051405 0.032311291 -0.053382397 367.121093750
-0.049829602 0.045196772 -0.997734666 -82.155944824 -0.030026350 0.998456240 0.046729058 -1.470059872 0.998306334 0.032286815 -0.048395514 367.075317383
-0.044831514 0.043693025 -0.998038709 -83.025390625 -0.031045754 0.998499572 0.045107767 -1.441202164 0.998512149 0.033007108 -0.043407798 367.034118652
-0.039911628 0.042784143 -0.998286843 -83.912536621 -0.031034069 0.998547792 0.044036075 -1.412158489 0.998721182 0.032738455 -0.038525939 366.995239258
-0.034740210 0.043413848 -0.998452961 -84.788146973 -0.030925201 0.998530924 0.044493251 -1.383675098 0.998917758 0.032423064 -0.033346653 366.963043213
-0.029839039 0.044626918 -0.998558104 -85.663146973 -0.031577077 0.998462141 0.045566224 -1.351526737 0.999055922 0.032891192 -0.028383970 366.935363770
-0.025045514 0.046510573 -0.998603761 -86.538299561 -0.032101814 0.998364568 0.047304559 -1.326134205 0.999170780 0.033241753 -0.023511410 366.904998779
-0.021005511 0.049026839 -0.998576522 -87.408172607 -0.031391006 0.998272121 0.049672216 -1.296027184 0.999286413 0.032389715 -0.019430280 366.893981934
-0.017516375 0.050288148 -0.998581290 -88.267639160 -0.029098397 0.998285711 0.050783686 -1.266491413 0.999423206 0.029946648 -0.016023040 366.879638672
-0.014410973 0.050769709 -0.998606503 -89.112670898 -0.026986515 0.998326540 0.051144917 -1.239882469 0.999532044 0.027685942 -0.013016701 366.865600586
-0.012150645 0.049289566 -0.998710692 -89.959716797 -0.025319098 0.998448968 0.049584687 -1.205465317 0.999605596 0.025888933 -0.010883808 366.860290527
-0.010580420 0.046750203 -0.998850584 -90.771484375 -0.022471469 0.998643100 0.046978522 -1.177460194 0.999691546 0.022942690 -0.009515524 366.854736328
-0.009481192 0.046654906 -0.998866141 -91.568084717 -0.019283835 0.998716652 0.046830967 -1.150537968 0.999769151 0.019705981 -0.008569360 366.852783203
-0.009493113 0.046241682 -0.998885214 -92.338684082 -0.017605197 0.998767614 0.046403553 -1.128699303 0.999799967 0.018026080 -0.008667231 366.845275879
-0.009418607 0.044171818 -0.998979568 -93.086791992 -0.014422514 0.998913944 0.044304896 -1.111261368 0.999851644 0.014825085 -0.008771300 366.840515137
-0.010441065 0.043482438 -0.998999596 -93.817504883 -0.012083337 0.998975635 0.043607682 -1.092323303 0.999872446 0.012526561 -0.009904981 366.834106445
-0.012386322 0.043181773 -0.998990595 -94.529510498 -0.009554495 0.999016345 0.043301359 -1.069363594 0.999877810 0.010081187 -0.011961579 366.826171875
-0.015838623 0.045378208 -0.998844445 -95.206848145 -0.007403223 0.998936892 0.045499809 -1.053935051 0.999847293 0.008115315 -0.015485764 366.809417725
-0.020106316 0.047812231 -0.998654008 -95.870483398 -0.004978792 0.998838723 0.047921319 -1.039011002 0.999785483 0.005935611 -0.019844890 366.798004150
-0.025165081 0.048746318 -0.998494148 -96.512237549 -0.003511621 0.998799980 0.048849750 -1.019418716 0.999677122 0.004735637 -0.024963737 366.777099609
-0.030835629 0.048519481 -0.998346210 -97.118896484 -0.001403971 0.998818040 0.048585780 -1.001617432 0.999523520 0.002899821 -0.030731082 366.753265381
-0.037408113 0.046410076 -0.998221815 -97.721618652 -0.000387716 0.998920202 0.046457078 -0.982648849 0.999300003 0.002124899 -0.037349701 366.726318359
-0.044442654 0.044128098 -0.998036981 -98.312042236 0.000530229 0.999024868 0.044148169 -0.965661049 0.999011934 0.001432865 -0.044422626 366.690063477
-0.052525163 0.044398494 -0.997632146 -98.918304443 0.000158092 0.999011517 0.044451561 -0.949455261 0.998619616 0.002177109 -0.052480340 366.654205322
-0.059693575 0.045457743 -0.997181177 -99.512725830 0.001671769 0.998965740 0.045439020 -0.929438591 0.998215377 0.001045362 -0.059707880 366.612548828
-0.067109585 0.045777477 -0.996694982 -100.107055664 0.000863164 0.998949230 0.045822896 -0.911293983 0.997745275 0.002214844 -0.067078590 366.566589355
-0.073862791 0.043378096 -0.996324539 -100.691131592 0.000382618 0.999054730 0.043468595 -0.895898819 0.997268319 0.002829502 -0.073809624 366.508575439
-0.080713868 0.039405033 -0.995958209 -101.270477295 -0.001198316 0.999213696 0.039630953 -0.876889229 0.996736705 0.004392235 -0.080603242 366.452270508
-0.087006450 0.036184918 -0.995550334 -101.850555420 -0.000346581 0.999338925 0.036352910 -0.856142998 0.996207714 0.003507976 -0.086936474 366.394683838
-0.093182564 0.033449914 -0.995087028 -102.431579590 -0.000011508 0.999435484 0.033597164 -0.837633610 0.995649040 0.003142121 -0.093129635 366.327270508
-0.098779440 0.030986801 -0.994626820 -103.011199951 -0.000324704 0.999513984 0.031171305 -0.828174114 0.995109320 0.003402041 -0.098721385 366.267761230
-0.104041219 0.029686095 -0.994129956 -103.598876953 -0.002340022 0.999544382 0.030092677 -0.812204838 0.994570315 0.005457162 -0.103924394 366.193237305
-0.108676434 0.029413816 -0.993641973 -104.188262939 -0.004089047 0.999540448 0.030035652 -0.807041168 0.994068801 0.007327218 -0.108506203 366.114990234
-0.113176942 0.028915927 -0.993154049 -104.774475098 -0.003474513 0.999558806 0.029498348 -0.797533989 0.993568838 0.006789257 -0.113026619 366.039978027
-0.117821097 0.028769732 -0.992618024 -105.382507324 -0.002579390 0.999567986 0.029277334 -0.787477970 0.993031561 0.006009833 -0.117695928 365.975830078
-0.121448278 0.027607417 -0.992213845 -105.991546631 -0.003391524 0.999595761 0.028227940 -0.770585537 0.992592096 0.006793350 -0.121305585 365.891326904
-0.125004292 0.025346430 -0.991832554 -106.600982666 -0.008664377 0.999607623 0.026637128 -0.760103703 0.992118537 0.011923360 -0.124735594 365.803161621
-0.127107739 0.024100957 -0.991596222 -107.226989746 -0.011664260 0.999599338 0.025790662 -0.747653961 0.991820455 0.014844425 -0.126775742 365.707885742
-0.128772259 0.023275331 -0.991401017 -107.858734131 -0.011748009 0.999618590 0.024994195 -0.738845348 0.991604626 0.014865547 -0.128449678 365.631683350
-0.129369617 0.022995120 -0.991329849 -108.494293213 -0.010071774 0.999649048 0.024502469 -0.725120068 0.991545379 0.013154321 -0.129092574 365.547058105
-0.129623413 0.024403220 -0.991262913 -109.144165039 -0.011455218 0.999593556 0.026106259 -0.711267948 0.991497099 0.014739117 -0.129291177 365.456481934
-0.129193306 0.028550660 -0.991208434 -109.815673828 -0.010656298 0.999487758 0.030178070 -0.696531296 0.991562247 0.014461413 -0.128822923 365.364013672
-0.128720760 0.034007445 -0.991097569 -110.482147217 -0.014484336 0.999240756 0.036168046 -0.683856964 0.991575062 0.019010970 -0.128130555 365.269897461
-0.128031969 0.045919336 -0.990706503 -111.182891846 -0.015867664 0.998704851 0.048340689 -0.655213833 0.991643131 0.021909352 -0.127137542 365.176879883
-0.126096368 0.056125555 -0.990429044 -111.890045166 -0.019447157 0.998066485 0.059034266 -0.625093460 0.991827369 0.026705034 -0.124761105 365.079040527
-0.123453379 0.058729388 -0.990611136 -112.607727051 -0.020745009 0.997876346 0.061745431 -0.597057343 0.992133677 0.028172912 -0.121972919 364.987060547
-0.120622039 0.050071981 -0.991435111 -113.331298828 -0.025451738 0.998242795 0.053512365 -0.571876049 0.992372394 0.031688504 -0.119135618 364.897460938
-0.115860701 0.033794425 -0.992690563 -114.051269531 -0.027438138 0.998930752 0.037209269 -0.535918474 0.992886603 0.031548660 -0.114809513 364.804595947
-0.112600327 0.029926600 -0.993189633 -114.804595947 -0.029694701 0.998998523 0.033468194 -0.498499870 0.993196607 0.033260994 -0.111598849 364.714447021
-0.107930541 0.040164016 -0.993346930 -115.604522705 -0.028190110 0.998658180 0.043441720 -0.459074974 0.993758857 0.032691240 -0.106653571 364.630004883
-0.103794575 0.059170164 -0.992837191 -116.409088135 -0.028583143 0.997639060 0.062444523 -0.434517860 0.994188011 0.034859806 -0.101858258 364.541534424
-0.100080609 0.063510530 -0.992950499 -117.227935791 -0.026862042 0.997424483 0.066504158 -0.399718285 0.994616866 0.033328440 -0.098116875 364.464874268
-0.096651196 0.053879146 -0.993859112 -118.044982910 -0.026256479 0.998048246 0.056659650 -0.358628273 0.994972110 0.031571452 -0.095047832 364.383911133
-0.092988968 0.036270268 -0.995006382 -118.866943359 -0.027265169 0.998868763 0.038959149 -0.320551872 0.995293796 0.030751783 -0.091894865 364.304138184
-0.088787556 0.026481546 -0.995698571 -119.709106445 -0.030063571 0.999119818 0.029253338 -0.281754971 0.995596826 0.032531582 -0.087913275 364.223114014
-0.084872246 0.029951099 -0.995941639 -120.578247070 -0.035828382 0.998809934 0.033090588 -0.251548767 0.995747507 0.038491447 -0.083698153 364.141906738
-0.079476595 0.040331319 -0.996020496 -121.469940186 -0.041883916 0.998163700 0.043760195 -0.225441217 0.995956421 0.045195155 -0.077641487 364.056457520
-0.073162794 0.043512255 -0.996370375 -122.372497559 -0.045316361 0.997870862 0.046905335 -0.191598892 0.996289909 0.048583601 -0.071035147 363.981201172
-0.066189766 0.034542095 -0.997208953 -123.280456543 -0.047868166 0.998139977 0.037751593 -0.169769764 0.996658146 0.050233334 -0.064413190 363.915344238
-0.058292985 0.020215616 -0.998094916 -124.186523438 -0.045179151 0.998717129 0.022866871 -0.140755415 0.997276783 0.046426054 -0.057304859 363.856475830
-0.051188588 0.012436333 -0.998611569 -125.118164062 -0.038317412 0.999161780 0.014407325 -0.117054582 0.997953653 0.039001700 -0.050669074 363.818054199
-0.044525146 0.017580181 -0.998853743 -126.069183350 -0.034043204 0.999237776 0.019104453 -0.104317501 0.998428226 0.034854800 -0.043892741 363.789001465
-0.037193894 0.029997349 -0.998857737 -127.047332764 -0.031086292 0.999030888 0.031160092 -0.085455418 0.998824418 0.032209750 -0.036225319 363.756042480
-0.031034946 0.039619941 -0.998732924 -128.026763916 -0.028405828 0.998775482 0.040504325 -0.056016922 0.999114752 0.029626874 -0.029871464 363.735198975
-0.025772452 0.040930346 -0.998829663 -129.004959106 -0.026461722 0.998783410 0.041611236 -0.031809807 0.999317646 0.027503174 -0.024657965 363.708129883
-0.021373868 0.036891330 -0.999090672 -129.986755371 -0.026315987 0.998951972 0.037449192 0.003649235 0.999425113 0.027092490 -0.020380616 363.680419922
-0.019560337 0.033353817 -0.999252200 -130.966522217 -0.024600429 0.999124765 0.033831116 0.035499573 0.999505997 0.025243780 -0.018722773 363.663543701
-0.018800020 0.033969358 -0.999246180 -131.965393066 -0.022709189 0.999150336 0.034393355 0.059408188 0.999565482 0.023338661 -0.018012643 363.642303467
-0.018636703 0.035184965 -0.999207020 -132.973907471 -0.020752531 0.999151707 0.035570081 0.085272312 0.999610901 0.021398982 -0.017890692 363.627197266
-0.019304633 0.036069371 -0.999162912 -133.970077515 -0.021042101 0.999113023 0.036474124 0.116104126 0.999592304 0.021728601 -0.018528581 363.603759766
-0.020737886 0.038903981 -0.999027789 -134.968765259 -0.022527505 0.998970747 0.039369393 0.146458626 0.999531150 0.023322042 -0.019840240 363.560211182
-0.023745418 0.043919321 -0.998752773 -135.971374512 -0.022415802 0.998759985 0.044452574 0.168917656 0.999466658 0.023443390 -0.022731423 363.544677734
-0.027272224 0.043434728 -0.998684049 -136.966674805 -0.021962050 0.998788357 0.044039011 0.199196815 0.999386847 0.023134187 -0.026285291 363.512695312
-0.030392647 0.035984565 -0.998890102 -137.950973511 -0.019119700 0.999147952 0.036575597 0.229477406 0.999355137 0.020210108 -0.029678702 363.478149414
-0.033681512 0.029082030 -0.999009430 -138.941497803 -0.014249781 0.999460995 0.029575607 0.243902206 0.999331057 0.015231817 -0.033249021 363.446411133
-0.036963701 0.027302943 -0.998943686 -139.924423218 -0.009636902 0.999570489 0.027676668 0.271037102 0.999270260 0.010649748 -0.036684632 363.407592773
-0.040609241 0.033507038 -0.998613238 -140.908493042 -0.006398846 0.999408364 0.033793930 0.287678719 0.999154747 0.007762315 -0.040370822 363.362396240
-0.043440938 0.039536424 -0.998273432 -141.904708862 -0.006373772 0.999185324 0.039849900 0.308782578 0.999035716 0.008093882 -0.043153644 363.316833496
-0.045986295 0.041095063 -0.998096526 -142.888061523 -0.007864193 0.999107599 0.041499034 0.331704140 0.998911202 0.009757605 -0.045621991 363.272949219
-0.048925519 0.037724718 -0.998089850 -143.861831665 -0.011688768 0.999196410 0.038339518 0.358173370 0.998734117 0.013542215 -0.048445225 363.218139648
-0.050587893 0.033979267 -0.998141527 -144.826980591 -0.016634744 0.999253750 0.034860216 0.383399963 0.998581171 0.018367330 -0.049984932 363.144439697
-0.052438378 0.031354103 -0.998131931 -145.809097290 -0.018024197 0.999314427 0.032338176 0.406641483 0.998461604 0.019686280 -0.051837206 363.083404541
-0.054927468 0.030347571 -0.998029172 -146.776733398 -0.016975615 0.999365151 0.031322464 0.429719925 0.998346150 0.018662617 -0.054377437 363.040740967
-0.057019591 0.032520860 -0.997843325 -147.743347168 -0.015203038 0.999325156 0.033437904 0.454650402 0.998257399 0.017076863 -0.056486607 362.983703613
-0.058961749 0.037679050 -0.997548878 -148.721313477 -0.010964951 0.999202669 0.038389619 0.477510929 0.998199999 0.013201594 -0.058501601 362.924438477
-0.062571526 0.045209363 -0.997016013 -149.703338623 -0.010295031 0.998891115 0.045940496 0.504287720 0.997987390 0.013138876 -0.062036753 362.872467041
-0.065520048 0.049086299 -0.996643186 -150.667861938 -0.008657927 0.998723805 0.049757950 0.534444809 0.997813702 0.011889009 -0.065011501 362.804412842
-0.069525480 0.047247108 -0.996460736 -151.632247925 -0.009994488 0.998794675 0.048055112 0.562155724 0.997530103 0.013300169 -0.068969369 362.735229492
-0.073161840 0.039634626 -0.996532440 -152.586303711 -0.012514522 0.999094844 0.040655315 0.592971802 0.997241795 0.015445529 -0.072599530 362.657775879
-0.075809121 0.033677187 -0.996553481 -153.541976929 -0.014470361 0.999287069 0.034870345 0.626432419 0.997017384 0.017063979 -0.075267792 362.581115723
-0.077528715 0.034736007 -0.996384978 -154.499816895 -0.011819105 0.999290645 0.035756953 0.652503967 0.996920228 0.014548562 -0.077063203 362.503845215
-0.079139352 0.039913390 -0.996064186 -155.453033447 -0.010786228 0.999105334 0.040892240 0.675009727 0.996805191 0.013979960 -0.078638077 362.430236816
-0.080815315 0.044954661 -0.995714784 -156.403167725 -0.009837974 0.998897731 0.045896847 0.701278687 0.996680498 0.013504983 -0.080283999 362.349884033
-0.082186460 0.047069758 -0.995504797 -157.342147827 -0.007080071 0.998831272 0.047811553 0.733733177 0.996591806 0.010977706 -0.081757069 362.272827148
-0.082475066 0.048893660 -0.995392978 -158.291702271 -0.006256578 0.998750687 0.049576990 0.765480995 0.996573448 0.010316624 -0.082066178 362.191802979
-0.082483649 0.050119348 -0.995331347 -159.228164673 -0.007658998 0.998673260 0.050922330 0.798542976 0.996562958 0.011823501 -0.081990361 362.108032227
-0.082108736 0.049208965 -0.995407879 -160.161331177 -0.010301770 0.998685002 0.050220747 0.832451820 0.996570230 0.014378017 -0.081493735 362.024658203
-0.081570029 0.047337677 -0.995542824 -161.086547852 -0.013935573 0.998719633 0.048630547 0.863783836 0.996570170 0.017840255 -0.080805898 361.942047119
-0.080608606 0.044929206 -0.995732784 -162.014297485 -0.017395239 0.998768032 0.046474379 0.894305229 0.996594071 0.021067237 -0.079727769 361.862854004
-0.079006672 0.042002752 -0.995988846 -162.944320679 -0.016258666 0.998924792 0.043416280 0.923766136 0.996741474 0.019623624 -0.078238726 361.785858154
-0.077972054 0.039026059 -0.996191561 -163.867477417 -0.015110208 0.999072492 0.040321607 0.950609207 0.996841133 0.018196614 -0.077310085 361.714721680
-0.076008797 0.039032377 -0.996343017 -164.807418823 -0.013906670 0.999094844 0.040201094 0.978569984 0.997010291 0.016911441 -0.075397134 361.636657715
-0.074860930 0.043384556 -0.996249795 -165.693023682 -0.012764307 0.998929620 0.044460401 1.004807472 0.997112274 0.016044786 -0.074227095 361.570373535
-0.074205995 0.049517859 -0.996012926 -166.605346680 -0.010473799 0.998672664 0.050430425 1.036980629 0.997188091 0.014174268 -0.073588848 361.505920410
-0.073258758 0.052564804 -0.995926797 -167.501678467 -0.009317939 0.998530388 0.053387634 1.071485519 0.997269511 0.013191089 -0.072661281 361.436828613
-0.071594596 0.052381195 -0.996057451 -168.391067505 -0.010484518 0.998525381 0.053264584 1.099037170 0.997378707 0.014256638 -0.070939898 361.361206055
-0.070315123 0.050590172 -0.996241152 -169.274887085 -0.009714612 0.998631060 0.051397197 1.127470970 0.997477531 0.013292097 -0.069727421 361.310058594
-0.069363832 0.048095826 -0.996431351 -170.138809204 -0.010387383 0.998748183 0.048930746 1.158268929 0.997537315 0.013744343 -0.068777442 361.245178223
-0.068332434 0.049063779 -0.996455431 -170.997055054 -0.011788261 0.998680532 0.049981728 1.186216354 0.997592986 0.015161850 -0.067663908 361.178161621
-0.067949176 0.052319892 -0.996315956 -171.826110840 -0.013103561 0.998491108 0.053327780 1.221974373 0.997602701 0.016678872 -0.067161083 361.112365723
-0.067171335 0.055056721 -0.996221304 -172.646057129 -0.011940651 0.998360455 0.055980060 1.245111465 0.997670054 0.015655784 -0.066403747 361.057006836
-0.066477895 0.051069867 -0.996480167 -173.445724487 -0.007174506 0.998638988 0.051659141 1.270949364 0.997762203 0.010583438 -0.066020966 361.005401611
-0.066139460 0.044098124 -0.996835530 -174.225952148 -0.004311517 0.999000967 0.044479989 1.296644211 0.997801185 0.007239752 -0.065883279 360.957702637
-0.066589475 0.040730231 -0.996948838 -174.987106323 -0.003096350 0.999153256 0.041027110 1.322853088 0.997775674 0.005818878 -0.066406965 360.908020020
-0.066475153 0.045630936 -0.996744215 -175.723556519 0.000583054 0.998955369 0.045693278 1.349006653 0.997787952 0.002456312 -0.066432357 360.859436035
-0.067521691 0.053401910 -0.996287882 -176.451614380 0.006495679 0.998568952 0.053083956 1.369365692 0.997696877 -0.002887258 -0.067771912 360.817199707
-0.069512844 0.056547333 -0.995977223 -177.151535034 0.005879904 0.998398006 0.056274407 1.390160561 0.997563839 -0.001944466 -0.069733977 360.766082764
-0.070883989 0.052694030 -0.996091783 -177.833892822 0.005301492 0.998609483 0.052449953 1.408683777 0.997470498 -0.001562912 -0.071064830 360.713531494
-0.074283957 0.044195339 -0.996257424 -178.484634399 0.002599222 0.999022663 0.044124205 1.428270340 0.997233808 0.000688225 -0.074326277 360.661376953
-0.076613784 0.037670132 -0.996349037 -179.106567383 0.001789018 0.999289632 0.037643746 1.445817947 0.997059286 0.001101541 -0.076626778 360.599792480
-0.079223394 0.036473602 -0.996189475 -179.727371216 -0.003079271 0.999316692 0.036832988 1.464580536 0.996852160 0.005985571 -0.079056978 360.540740967
-0.083715200 0.039056059 -0.995724082 -180.330673218 -0.004975738 0.999202788 0.039610844 1.484491348 0.996477306 0.008270488 -0.083454132 360.482940674
-0.088832736 0.043569300 -0.995093286 -180.923828125 -0.006230374 0.998999000 0.044296503 1.493706703 0.996027172 0.010134778 -0.088472366 360.422454834
-0.094824910 0.045829978 -0.994438648 -181.519332886 -0.005722111 0.998898149 0.046581142 1.506247520 0.995477736 0.010107329 -0.094458103 360.361877441
-0.103441715 0.046965674 -0.993526101 -182.089477539 -0.004914765 0.998848259 0.047728967 1.520907402 0.994623423 0.009820107 -0.103091717 360.296081543
-0.115388393 0.046604466 -0.992226541 -182.641540527 -0.002177676 0.998884499 0.047170430 1.537389755 0.993318081 0.007603668 -0.115158200 360.218688965
-0.131986737 0.045475900 -0.990207851 -183.187057495 0.000577991 0.998950422 0.045800369 1.553984642 0.991251409 0.005472706 -0.131874442 360.144683838
-0.152801275 0.043858610 -0.987283468 -183.717407227 0.002317888 0.999027908 0.044021610 1.571690559 0.988254428 0.004438137 -0.152754426 360.048217773
-0.178481817 0.042788509 -0.983012557 -184.239349365 0.003983326 0.999077260 0.042764541 1.591048241 0.983935297 0.003717027 -0.178487539 359.937377930
-0.208669901 0.042187162 -0.977075934 -184.757781982 0.004991617 0.999102116 0.042072151 1.604065895 0.977973521 0.003901995 -0.208693027 359.798706055
-0.242997169 0.042980950 -0.969074368 -185.261322021 0.005540551 0.999063075 0.042921726 1.615862846 0.970011234 0.005060651 -0.243007660 359.645355225
-0.282275319 0.043512166 -0.958346307 -185.753936768 0.007893318 0.999042392 0.043034978 1.629454613 0.959301114 0.004583174 -0.282348394 359.470886230
-0.325934887 0.044070974 -0.944364488 -186.223846436 0.011455697 0.999023616 0.042667989 1.647013664 0.945322871 0.003088631 -0.326121569 359.279571533
-0.373184204 0.044822987 -0.926673949 -186.687713623 0.015192939 0.998993576 0.042202666 1.659060478 0.927632928 0.001670467 -0.373489618 359.064056396
-0.422564030 0.046654414 -0.905131817 -187.095306396 0.017943827 0.998909116 0.043110978 1.661051750 0.906155765 0.001975608 -0.422940135 358.849792480
-0.473424196 0.047780596 -0.879537761 -187.499725342 0.020644151 0.998855293 0.043150466 1.675060272 0.880592704 0.002271162 -0.473868608 358.616546631
-0.523590803 0.048765618 -0.850573301 -187.896209717 0.022554493 0.998804033 0.043380126 1.690448761 0.851671457 0.003529181 -0.524064422 358.336456299
-0.574472189 0.049168546 -0.817046165 -188.285522461 0.022795742 0.998768032 0.044076405 1.707685471 0.818206787 0.006695491 -0.574885368 358.028411865
-0.625245571 0.049779024 -0.778838992 -188.642669678 0.022542130 0.998699248 0.045734625 1.717424393 0.780102551 0.011038678 -0.625554442 357.690246582
-0.675379872 0.049816437 -0.735785902 -188.986602783 0.022456093 0.998642385 0.047000665 1.731653214 0.737128377 0.015220417 -0.675581694 357.318054199
-0.723876476 0.048811577 -0.688200772 -189.336425781 0.024179475 0.998676240 0.045399558 1.755285263 0.689505756 0.016223339 -0.724098444 356.913024902
-0.769640088 0.048359610 -0.636644185 -189.636413574 0.026254058 0.998681128 0.044121448 1.780893326 0.637938201 0.017243138 -0.769894719 356.489135742
-0.812218666 0.048772544 -0.581310868 -189.920349121 0.027487760 0.998591721 0.045376394 1.796082020 0.582705379 0.020876614 -0.812415481 356.030426025
-0.850843072 0.044657871 -0.523518562 -190.163665771 0.024904527 0.998689294 0.044715688 1.825004339 0.524829268 0.025008053 -0.850840092 355.547302246
-0.884596705 0.042689964 -0.464398742 -190.359985352 0.024181681 0.998660624 0.045740329 1.832387924 0.465729386 0.029231803 -0.884444237 355.066833496
-0.914846182 0.042180069 -0.401593775 -190.545288086 0.026002884 0.998618960 0.045651067 1.856769562 0.402964711 0.031321105 -0.914679646 354.554229736
-0.939694524 0.047048461 -0.338764101 -190.709259033 0.032944303 0.998338819 0.047268096 1.871449113 0.340425253 0.033257212 -0.939683437 354.008850098
-0.959671736 0.049563978 -0.276719481 -190.852935791 0.037936788 0.998163939 0.047217902 1.898334742 0.278551728 0.034815837 -0.959789991 353.443725586
-0.974510074 0.049692448 -0.218771771 -190.954895020 0.040262114 0.998066247 0.047357697 1.908901691 0.220702037 0.037342329 -0.974626303 352.870178223
-0.984866142 0.047010444 -0.166820064 -191.018371582 0.040328167 0.998251200 0.043222584 1.940220714 0.168560237 0.035840906 -0.985039711 352.310272217
-0.991752148 0.042077303 -0.121068098 -191.060119629 0.037306502 0.998445630 0.041407276 1.959978342 0.122622222 0.036549125 -0.991780400 351.713348389
-0.995713830 0.037181288 -0.084688045 -191.070358276 0.033959836 0.998655438 0.039167605 1.975048065 0.086030476 0.036123723 -0.995637655 351.106872559
-0.997937918 0.032941684 -0.055090416 -191.090911865 0.030717351 0.998697221 0.040746909 2.001395702 0.056360919 0.038970653 -0.997649670 350.492584229
-0.998904943 0.032825969 -0.033338733 -191.092803955 0.031417161 0.998626173 0.041936785 2.025693893 0.034669548 0.040843450 -0.998564005 349.858428955
-0.999318838 0.033028819 -0.016467009 -191.085189819 0.032341667 0.998660803 0.040380921 2.044688225 0.017778689 0.039820839 -0.999048710 349.222808838
-0.999350309 0.036034856 -0.000753375 -191.083084106 0.035987217 0.998752773 0.034610376 2.060359001 0.001999615 0.034560777 -0.999400735 348.566497803
-0.999071479 0.040825952 0.013776340 -191.071411133 0.041182358 0.998795807 0.026663437 2.076105595 -0.012671190 0.027206019 -0.999549747 347.915832520
-0.998623013 0.044415973 0.027929172 -191.048461914 0.044920310 0.998833835 0.017697124 2.097000122 -0.027110567 0.018927334 -0.999453545 347.242370605
-0.998130560 0.043015070 0.043416589 -191.010665894 0.043668672 0.998944879 0.014219281 2.112406969 -0.042759135 0.016088644 -0.998955846 346.560852051
-0.997577429 0.040522795 0.056543645 -190.954421997 0.041377310 0.999045193 0.014023945 2.120079279 -0.055921365 0.016329594 -0.998301625 345.858459473
-0.996881485 0.039828759 0.068127155 -190.897674561 0.040937137 0.999049842 0.014950735 2.126447916 -0.067466959 0.017693039 -0.997564793 345.137084961
-0.996225595 0.040353332 0.076852851 -190.832702637 0.041517396 0.999045074 0.013608972 2.134731770 -0.076230295 0.016748335 -0.996949673 344.416748047
-0.995888352 0.038102835 0.082186773 -190.759231567 0.039358556 0.999131083 0.013712634 2.136424541 -0.081592865 0.016891005 -0.996522665 343.668945312
-0.995674372 0.034330402 0.086336210 -190.688323975 0.035645362 0.999270141 0.013735019 2.141954422 -0.085801668 0.016753092 -0.996171355 342.909057617
-0.995362759 0.032833245 0.090418682 -190.615997314 0.034115594 0.999337554 0.012673163 2.151883364 -0.089942679 0.015699077 -0.995823503 342.145385742
-0.994989038 0.032558754 0.094534427 -190.532562256 0.034031600 0.999322593 0.014009426 2.155244827 -0.094014257 0.017156383 -0.995423079 341.367126465
-0.994390845 0.033982784 0.100159958 -190.453811646 0.035646223 0.999253929 0.014864706 2.168038845 -0.099580087 0.018351652 -0.994860291 340.569061279
-0.994034529 0.031521793 0.104411289 -190.361755371 0.033641238 0.999260902 0.018600062 2.169292688 -0.103747807 0.022001628 -0.994360209 339.774444580
-0.993579030 0.027900521 0.109648928 -190.261245728 0.030228425 0.999350309 0.019625587 2.178155899 -0.109030128 0.022814078 -0.993776917 338.962646484
-0.993050575 0.026142778 0.114749908 -190.157791138 0.028705673 0.999372721 0.020738998 2.189674854 -0.114135757 0.023888843 -0.993178129 338.133239746
-0.992656827 0.025243787 0.118303776 -190.042236328 0.027737072 0.999425530 0.019476151 2.199782133 -0.117744155 0.022614529 -0.992786646 337.284881592
-0.992494702 0.022535425 0.120192416 -189.929473877 0.024565931 0.999579012 0.015438775 2.208532095 -0.119793899 0.018275542 -0.992630482 336.447296143
-0.992434025 0.020214036 0.121104322 -189.820831299 0.021765329 0.999696970 0.011500344 2.219889879 -0.120835155 0.014049206 -0.992573261 335.591033936
-0.992505312 0.019286418 0.120670997 -189.706481934 0.020501243 0.999750793 0.008833740 2.226986885 -0.120470554 0.011241438 -0.992653370 334.717071533
-0.992702842 0.019432945 0.119010627 -189.598587036 0.020811575 0.999729812 0.010352136 2.227099419 -0.118777305 0.012753393 -0.992839098 333.831695557
-0.992891431 0.017549809 0.117724568 -189.494354248 0.019279692 0.999722004 0.013571559 2.227978230 -0.117453657 0.015744774 -0.992953777 332.936157227
-0.993229628 0.015232765 0.115166262 -189.375961304 0.017064586 0.999742806 0.014936680 2.233167410 -0.114909120 0.016800815 -0.993234158 332.015563965
-0.993558049 0.013747194 0.112486608 -189.265167236 0.015509523 0.999770105 0.014806912 2.240936756 -0.112257190 0.016456142 -0.993542790 331.100830078
-0.993889213 0.011475903 0.109785825 -189.156372070 0.013293226 0.999786258 0.015835760 2.251152515 -0.109580629 0.017198397 -0.993829250 330.181518555
-0.994210362 0.009506042 0.107031330 -189.051605225 0.011440140 0.999781907 0.017470911 2.254914284 -0.106841907 0.018594213 -0.994102240 329.255950928
-0.994410515 0.009464798 0.105159871 -188.951538086 0.011698155 0.999718487 0.020641243 2.264374256 -0.104934908 0.021756040 -0.994241357 328.324981689
-0.994741797 0.008101121 0.102094308 -188.844100952 0.010747230 0.999619722 0.025394935 2.284388065 -0.101849757 0.026358634 -0.994450688 327.401397705
-0.994974494 0.007455597 0.099850714 -188.747055054 0.010765549 0.999408841 0.032651320 2.298112869 -0.099548250 0.033562176 -0.994466543 326.467163086
-0.995211720 0.006326574 0.097540081 -188.648071289 0.009903454 0.999294400 0.036230456 2.318206787 -0.097242042 0.037022952 -0.994572163 325.521240234
-0.995406151 0.004566235 0.095635623 -188.557861328 0.007935113 0.999360144 0.034875568 2.332988739 -0.095415182 0.035474230 -0.994805455 324.601257324
-0.995634079 0.002681277 0.093304120 -188.461517334 0.005579771 0.999509454 0.030818025 2.357952118 -0.093175717 0.031204091 -0.995160699 323.672393799
-0.995840669 0.003592252 0.091041304 -188.369445801 0.006299088 0.999546051 0.029462090 2.371621132 -0.090894140 0.029913025 -0.995411277 322.736907959
-0.995997906 0.002022068 0.089353733 -188.283218384 0.004760583 0.999525070 0.030445542 2.390064240 -0.089249738 0.030749071 -0.995534539 321.809539795
-0.996155381 0.004602815 0.087485090 -188.202056885 0.007267139 0.999518633 0.030160563 2.408097267 -0.087304153 0.030680368 -0.995709300 320.876770020
-0.996266961 0.006239147 0.086102523 -188.123092651 0.008729171 0.999553561 0.028573155 2.421041489 -0.085885815 0.029218089 -0.995876670 319.945312500
-0.996454358 0.005595412 0.083948411 -188.035354614 0.007929211 0.999590576 0.027492786 2.435941696 -0.083760202 0.028060952 -0.996090651 319.005249023
-0.996619701 0.001571663 0.082140222 -187.947692871 0.003826370 0.999619961 0.027299294 2.449254990 -0.082066104 0.027521310 -0.996247053 318.086364746
-0.996778369 -0.002554617 0.080165260 -187.861358643 -0.000536514 0.999682665 0.025185730 2.465240479 -0.080204159 0.025061581 -0.996463418 317.158630371
-0.996937752 -0.005933720 0.077975541 -187.780288696 -0.004011544 0.999684751 0.024784567 2.483492851 -0.078098021 0.024395866 -0.996647358 316.224395752
-0.997110605 -0.009358278 0.075384676 -187.696273804 -0.007393860 0.999626875 0.026295666 2.500810623 -0.075602628 0.025662303 -0.996807814 315.284545898
-0.997265339 -0.013597413 0.072643593 -187.612579346 -0.011562579 0.999530911 0.028358674 2.517515182 -0.072995126 0.027441172 -0.996954799 314.341156006
-0.997390151 -0.013934956 0.070843346 -187.534484863 -0.011809123 0.999469936 0.030338302 2.539065361 -0.071228556 0.029422525 -0.997025967 313.395812988
-0.997619390 -0.007169974 0.068591937 -187.477493286 -0.005115396 0.999534309 0.030082522 2.557855606 -0.068775684 0.029660022 -0.997191429 312.445587158
-0.997770905 0.000408010 0.066731021 -187.429260254 0.002199998 0.999638855 0.026782617 2.571853638 -0.066695988 0.026869725 -0.997411489 311.473266602
-0.997864723 0.000103177 0.065317191 -187.363479614 0.001682520 0.999707520 0.024125045 2.591546059 -0.065295599 0.024183424 -0.997573018 310.525909424
-0.997894168 -0.001284050 0.064855516 -187.301208496 0.000567547 0.999592960 0.028523084 2.615827560 -0.064865738 0.028499819 -0.997487307 309.566772461
-0.997957587 0.000533126 0.063876510 -187.236068726 0.002931111 0.999294102 0.037453130 2.626501083 -0.063811451 0.037563868 -0.997254729 308.597015381
-0.997945905 0.001488185 0.064042985 -187.167953491 0.003982772 0.999237418 0.038841747 2.649256706 -0.063936345 0.039017037 -0.997190833 307.647979736
-0.997918487 -0.005322298 0.064269751 -187.087631226 -0.003114526 0.999403179 0.034403101 2.668014526 -0.064414501 0.034131318 -0.997339487 306.716064453
-0.997797489 -0.008618505 0.065773286 -187.018432617 -0.006865368 0.999616325 0.026833875 2.684680939 -0.065979317 0.026323212 -0.997473836 305.763702393
-0.997684717 -0.004859427 0.067838259 -186.956192017 -0.003339114 0.999741137 0.022506284 2.698524952 -0.067930065 0.022227651 -0.997442722 304.819519043
-0.997633100 -0.004547077 0.068610743 -186.881607056 -0.003121693 0.999777377 0.020867858 2.709820747 -0.068690360 0.020604286 -0.997425199 303.878417969
-0.997581601 -0.004643772 0.069350511 -186.814804077 -0.003073328 0.999736786 0.022734581 2.716910839 -0.069437832 0.022466460 -0.997333407 302.936553955
-0.997576118 -0.003406533 0.069499031 -186.744598389 -0.001734865 0.999708056 0.024099298 2.728066921 -0.069560841 0.023920316 -0.997290850 301.994506836
-0.997667313 -0.004569019 0.068112843 -186.671035767 -0.002912812 0.999698162 0.024395149 2.736849785 -0.068203740 0.024139840 -0.997379541 301.069915771
-0.997838020 -0.005128271 0.065520845 -186.601959229 -0.003624128 0.999727607 0.023054989 2.749047279 -0.065621227 0.022767687 -0.997584820 300.137969971
-0.997991562 -0.005203641 0.063133650 -186.542419434 -0.003776648 0.999735177 0.022701060 2.755970955 -0.063235059 0.022417033 -0.997746944 299.205657959
-0.998143435 -0.003886043 0.060786754 -186.484756470 -0.002339864 0.999672413 0.025486661 2.769002914 -0.060865887 0.025297103 -0.997825623 298.283508301
-0.998323917 -0.004469082 0.057704549 -186.423217773 -0.003052818 0.999692500 0.024608241 2.775388718 -0.057796784 0.024390830 -0.998030543 297.356170654
-0.998496294 -0.004457430 0.054637287 -186.363281250 -0.003300114 0.999768674 0.021253763 2.780529499 -0.054719385 0.021041496 -0.998280048 296.426910400
-0.998570800 -0.001123045 0.053440142 -186.322875977 -0.000158289 0.999836981 0.018053839 2.794208527 -0.053451706 0.018019570 -0.998408198 295.493438721
-0.998576045 -0.001260258 0.053332813 -186.270294189 -0.000131232 0.999775946 0.021167645 2.810351849 -0.053347539 0.021130504 -0.998352408 294.567047119
-0.998655677 -0.002007453 0.051799420 -186.214218140 -0.000632636 0.999647439 0.026543934 2.813437462 -0.051834442 0.026475474 -0.998304844 293.645568848
-0.998633623 -0.000451600 0.052260183 -186.170700073 0.000975468 0.999627411 0.027278259 2.821194649 -0.052253030 0.027291957 -0.998261094 292.722381592
-0.998636842 0.000861927 0.052193884 -186.115310669 0.002095431 0.999719679 0.023583001 2.837873936 -0.052158926 0.023660215 -0.998358727 291.794372559
-0.998541951 0.002372397 0.053934459 -186.067382812 0.003406533 0.999811947 0.019090092 2.862969875 -0.053879030 0.019245980 -0.998362303 290.840362549
-0.998385787 0.007973081 0.056234032 -186.007339478 0.009072240 0.999772251 0.019317992 2.863062382 -0.056067202 0.019796979 -0.998230696 289.964599609
-0.998055696 0.012404202 0.061085261 -185.959884644 0.013707107 0.999686420 0.020956637 2.874531269 -0.060806155 0.021753190 -0.997912765 289.029876709
-0.997697115 0.016018147 0.065911770 -185.898147583 0.017407445 0.999637127 0.020558113 2.887631178 -0.065558553 0.021658121 -0.997613907 288.095916748
-0.997505307 0.010778464 0.069764584 -185.817993164 0.012062682 0.999764979 0.018012824 2.900840521 -0.069554038 0.018809432 -0.997400880 287.161651611
-0.997323632 0.006819841 0.072795436 -185.739486694 0.008005661 0.999839783 0.016010430 2.898005724 -0.072674587 0.016550355 -0.997218490 286.248107910
-0.997139573 0.006289206 0.075324789 -185.666442871 0.007854029 0.999759078 0.020496165 2.906945705 -0.075177737 0.021029131 -0.996948719 285.306945801
-0.997130990 0.005092314 0.075523347 -185.586318970 0.007018088 0.999656379 0.025255620 2.919925690 -0.075368792 0.025713194 -0.996824145 284.370788574
-0.997119308 0.003740301 0.075758986 -185.506515503 0.005996589 0.999544501 0.029576916 2.931470871 -0.075613849 0.029946003 -0.996687651 283.421325684
-0.997036934 0.006516477 0.076649137 -185.433471680 0.008284654 0.999706328 0.022773134 2.943525314 -0.076478228 0.023340663 -0.996798158 282.483062744
-0.996909022 0.012879259 0.077504575 -185.362411499 0.014100165 0.999784648 0.015226122 2.957370520 -0.077291787 0.016271882 -0.996875882 281.546661377
-0.996771812 0.016335420 0.078610465 -185.295349121 0.017288435 0.999784887 0.011457934 2.969465733 -0.078406386 0.012779995 -0.996839762 280.607086182
-0.996864676 0.012971614 0.078055926 -185.219070435 0.014393410 0.999740064 0.017680135 2.963101625 -0.077806301 0.018748190 -0.996792316 279.648742676
-0.996895909 0.011612521 0.077871859 -185.131973267 0.013547326 0.999611378 0.024363905 2.974710941 -0.077558674 0.025343228 -0.996665835 278.683288574
-0.996947885 0.010126092 0.077411406 -185.056869507 0.012363482 0.999517977 0.028478192 2.982935429 -0.077085719 0.029348345 -0.996592522 277.731018066
-0.997095227 0.011745553 0.075255439 -184.973785400 0.013910584 0.999502420 0.028309811 3.004486084 -0.074885480 0.029274423 -0.996762395 276.766418457
-0.997320533 0.012833183 0.072019450 -184.893249512 0.014601341 0.999603450 0.024078581 3.021590710 -0.071681887 0.025065649 -0.997112393 275.806884766
-0.997482777 0.014753161 0.069357552 -184.833084106 0.016325517 0.999621153 0.022158351 3.040225029 -0.069004372 0.023234870 -0.997345686 274.847778320
-0.997637033 0.015311783 0.066976801 -184.759582520 0.016925788 0.999578238 0.023597239 3.054648399 -0.066587232 0.024675114 -0.997475386 273.877502441
-0.997799039 0.017871138 0.063858181 -184.699386597 0.019824296 0.999350786 0.030084260 3.067615986 -0.063279085 0.031283986 -0.997505546 272.893829346
-0.997913241 0.018129779 0.061973032 -184.640975952 0.020149054 0.999281049 0.032114930 3.084972382 -0.061346240 0.033296607 -0.997561097 271.919342041
-0.998070121 0.017258568 0.059652202 -184.572402954 0.019179368 0.999310911 0.031778827 3.102915764 -0.059062641 0.032861583 -0.997713327 270.935516357
-0.998032451 0.014787067 0.060935169 -184.509262085 0.016615797 0.999423265 0.029614454 3.121878147 -0.060462117 0.030568665 -0.997702479 269.962036133
-0.997956991 0.017648110 0.061406013 -184.441955566 0.019463805 0.999387085 0.029097212 3.141550064 -0.060854863 0.030232957 -0.997688770 268.978118896
-0.997783899 0.019218722 0.063703589 -184.375732422 0.021121951 0.999346316 0.029338727 3.158648014 -0.063098095 0.030619251 -0.997537613 267.992767334
-0.997623444 0.017142670 0.066734284 -184.303924561 0.019143512 0.999382675 0.029459085 3.177504539 -0.066188075 0.030666605 -0.997335792 267.006439209
-0.997409821 0.015226348 0.070299216 -184.226959229 0.017618794 0.999282122 0.033538636 3.199304581 -0.069738075 0.034690347 -0.996962070 266.008117676
-0.997182131 0.015093969 0.073484741 -184.146438599 0.017784366 0.999190092 0.036096033 3.222572327 -0.072880387 0.037301201 -0.996642828 265.024108887
-0.997097850 0.015124722 0.074614719 -184.068862915 0.017673809 0.999278307 0.033622161 3.237474442 -0.074052349 0.034843303 -0.996645570 264.038574219
-0.997062922 0.015682088 0.074966513 -183.986801147 0.017718503 0.999489725 0.026576841 3.258043289 -0.074511483 0.027827071 -0.996832013 263.057525635
-0.996965885 0.015502309 0.076281264 -183.904693604 0.017187385 0.999621451 0.021483576 3.276001453 -0.075919345 0.022729466 -0.996854901 262.072723389
-0.996815801 0.014302097 0.078444801 -183.824127197 0.016022587 0.999643743 0.021347079 3.288041115 -0.078111544 0.022535995 -0.996689796 261.072692871
-0.996694207 0.013690904 0.080082886 -183.738479614 0.015852470 0.999525249 0.026418386 3.299061775 -0.079683177 0.027600562 -0.996438146 260.071899414
-0.996582627 0.007740844 0.082242139 -183.643508911 0.010466400 0.999408424 0.032761361 3.314391136 -0.081939884 0.033510175 -0.996074080 259.073181152
-0.996445656 0.005484183 0.084061831 -183.546997070 0.008093952 0.999494731 0.030736540 3.335901737 -0.083850794 0.031307679 -0.995986581 258.070037842
-0.996281862 0.007268726 0.085849583 -183.453582764 0.009437262 0.999645889 0.024880953 3.356923580 -0.085638329 0.025598619 -0.995997667 257.075592041
-0.996081114 0.010781744 0.087785982 -183.366531372 0.011727554 0.999878526 0.010265425 3.368724346 -0.087664641 0.011254709 -0.996086478 256.088134766
-0.995788574 0.014884982 0.090466328 -183.281066895 0.014986824 0.999887586 0.000446517 3.367665291 -0.090449512 0.001800439 -0.995899796 255.095977783
-0.995587826 0.018045453 0.092082620 -183.185943604 0.018248657 0.999832571 0.001365190 3.361604452 -0.092042558 0.003039551 -0.995750427 254.092620850
-0.995413303 0.018544726 0.093853362 -183.092300415 0.019815236 0.999723971 0.012623347 3.357938528 -0.093593359 0.014425175 -0.995506048 253.077392578
-0.995388865 0.016680203 0.094459817 -182.990585327 0.019041285 0.999526978 0.024149630 3.366564035 -0.094012320 0.025836911 -0.995235682 252.066802979
-0.995470762 0.015382122 0.093816526 -182.886062622 0.018429741 0.999327302 0.031705417 3.377265930 -0.093265720 0.033290826 -0.995084643 251.061706543
-0.995548964 0.013210525 0.093315527 -182.790359497 0.016215768 0.999371529 0.031520665 3.389923573 -0.092840478 0.032893546 -0.995137453 250.052764893
-0.995655537 0.015010908 0.091898173 -182.695037842 0.017413512 0.999525726 0.025398398 3.406354427 -0.091473334 0.026888316 -0.995444775 249.058563232
-0.995757818 0.018419947 0.090149119 -182.605529785 0.020378936 0.999574721 0.020858493 3.424251080 -0.089726567 0.022607151 -0.995709777 248.062438965
-0.995869160 0.021198280 0.088294059 -182.521865845 0.022850759 0.999581337 0.017746998 3.432832718 -0.087880895 0.019691268 -0.995936632 247.072845459
-0.996035933 0.023085557 0.085903980 -182.426849365 0.024473105 0.999585927 0.015134244 3.433850050 -0.085519023 0.017176587 -0.996188521 246.084655762
-0.996109724 0.025806708 0.084257156 -182.343582153 0.027150968 0.999521077 0.014847371 3.438874960 -0.083833642 0.017077275 -0.996333361 245.091705322
-0.996234775 0.026237315 0.082630508 -182.259140015 0.027809760 0.999452293 0.017936565 3.440494537 -0.082114637 0.020166963 -0.996418834 244.101074219
-0.996292710 0.026827775 0.081742436 -182.184371948 0.028695203 0.999351382 0.021756615 3.446169376 -0.081105739 0.024021566 -0.996416330 243.125213623
-0.996493101 0.026479105 0.079375252 -182.088638306 0.028366623 0.999338746 0.022747021 3.456285238 -0.078720443 0.024918858 -0.996585250 242.144348145
-0.996636987 0.025260217 0.077954128 -182.009094238 0.026940424 0.999425232 0.020577760 3.468471766 -0.077389523 0.022608673 -0.996744633 241.177642822
-0.996828437 0.022713268 0.076274015 -181.927474976 0.024333788 0.999496043 0.020384204 3.469550610 -0.075772583 0.022175584 -0.996878743 240.215759277
-0.996862650 0.024606019 0.075234443 -181.853759766 0.026248101 0.999436617 0.020915719 3.481427670 -0.074677408 0.022824852 -0.996946812 239.255981445
-0.996881247 0.024876233 0.074894488 -181.786056519 0.026705720 0.999366462 0.023525842 3.484378576 -0.074261807 0.025452580 -0.996914029 238.305541992
-0.997029662 0.025151856 0.072798386 -181.701705933 0.027086236 0.999302506 0.025707468 3.491167068 -0.072101019 0.027602937 -0.997015476 237.351074219
-0.996836185 0.032090947 0.072720274 -181.640731812 0.034329921 0.998967648 0.029750731 3.501779079 -0.071690470 0.032153081 -0.996908665 236.415435791
-0.996706843 0.034972560 0.073159851 -181.577255249 0.037387390 0.998791456 0.031902324 3.515117407 -0.071955733 0.034532521 -0.996809840 235.482177734
-0.996761560 0.033718854 0.073005214 -181.507461548 0.035971738 0.998909354 0.029767215 3.527697563 -0.071921870 0.032296937 -0.996887326 234.574066162
-0.996408224 0.042981111 0.072964266 -181.451507568 0.045021132 0.998633206 0.026547924 3.544188499 -0.071723476 0.029737495 -0.996981382 233.681060791
-0.996173978 0.047504541 0.073358059 -181.395767212 0.049485769 0.998451054 0.025429543 3.558948517 -0.072036415 0.028962418 -0.996981740 232.791442871
-0.996705294 0.036001597 0.072679982 -181.320953369 0.037726346 0.999034822 0.022498690 3.558137417 -0.071799837 0.025166515 -0.997101426 231.923309326
-0.997151375 0.026650442 0.070563607 -181.245437622 0.027913840 0.999466121 0.016979098 3.560033560 -0.070073433 0.018900428 -0.997362971 231.073410034
-0.997330546 0.027584190 0.067607388 -181.184509277 0.028431544 0.999528408 0.011603300 3.572059155 -0.067255437 0.013494509 -0.997644544 230.233825684
-0.997668028 0.026780831 0.062781617 -181.133483887 0.027730087 0.999513209 0.014297565 3.578603745 -0.062368151 0.016005160 -0.997925043 229.389495850
-0.998088121 0.019678256 0.058589827 -181.070983887 0.020964449 0.999550760 0.021419302 3.574039698 -0.058142014 0.022606656 -0.998052239 228.560562134
-0.998363256 0.016682528 0.054706406 -181.017700195 0.018021010 0.999547958 0.024065303 3.579773426 -0.054280207 0.025011776 -0.998212576 227.736145020
-0.998533607 0.016973084 0.051407307 -180.972671509 0.018322660 0.999496698 0.025896085 3.586073875 -0.050941899 0.026800027 -0.998342037 226.948410034
-0.998689413 0.018149113 0.047854815 -180.929107666 0.019394027 0.999482095 0.025679698 3.598542452 -0.047363967 0.026574140 -0.998524189 226.164566040
-0.998821735 0.019090239 0.044622224 -180.890487671 0.020286757 0.999442518 0.026517129 3.606659174 -0.044091128 0.027391119 -0.998652101 225.404434204
-0.999001503 0.018471463 0.040677313 -180.851013184 0.019581607 0.999441862 0.027064271 3.609593153 -0.040154696 0.027833778 -0.998805642 224.667770386
-0.999153018 0.017813524 0.037096176 -180.830368042 0.018833579 0.999448955 0.027332166 3.615495682 -0.036588855 0.028007666 -0.998937964 223.935379028
-0.999229670 0.018272886 0.034736458 -180.806167603 0.019236216 0.999433815 0.027603643 3.622543097 -0.034212392 0.028250569 -0.999015450 223.240005493
-0.999242544 0.021135779 0.032681029 -180.783065796 0.022050837 0.999367535 0.027897505 3.626926661 -0.032070722 0.028597010 -0.999076605 222.561920166
-0.999227166 0.023154998 0.031763837 -180.762680054 0.024033716 0.999330997 0.027567038 3.640314817 -0.031104272 0.028309135 -0.999115109 221.906204224
-0.999171376 0.025364781 0.031833116 -180.745925903 0.026208324 0.999308705 0.026367454 3.644547462 -0.031142307 0.027179895 -0.999145508 221.269897461
-0.999099493 0.026904019 0.032804631 -180.716445923 0.027753105 0.999284148 0.025708502 3.650344849 -0.032089487 0.026595784 -0.999130964 220.664733887
-0.998892665 0.030165412 0.036106333 -180.701202393 0.031069461 0.999210894 0.024744920 3.654191494 -0.035331402 0.025839321 -0.999041677 220.074264526
-0.998601198 0.033076040 0.041256111 -180.681533813 0.034081690 0.999132872 0.023915311 3.653856993 -0.040429313 0.025287932 -0.998862505 219.488708496
-0.998256326 0.034494352 0.047902148 -180.653884888 0.035645422 0.999090791 0.023386749 3.663009882 -0.047051888 0.025053458 -0.998578310 218.956649780
-0.997846127 0.033556573 0.056368887 -180.613052368 0.034970753 0.999093056 0.024291461 3.663436651 -0.055502627 0.026210399 -0.998114586 218.439804077
-0.997183919 0.033243142 0.067229822 -180.571136475 0.034942597 0.999094784 0.024262019 3.669232845 -0.066362418 0.026542868 -0.997442842 217.944076538
-0.996076226 0.034785174 0.081378721 -180.529022217 0.036809266 0.999045849 0.023505514 3.669079304 -0.080483429 0.026408771 -0.996406198 217.467590332
-0.994354486 0.038043261 0.099055588 -180.485961914 0.040342100 0.998958707 0.021308254 3.673223972 -0.098141804 0.025184069 -0.994853854 217.001678467
-0.991864085 0.039011572 0.121178724 -180.427673340 0.041466411 0.998981297 0.017801827 3.677363873 -0.120360807 0.022681834 -0.992471337 216.535598755
-0.988527775 0.038864478 0.145954192 -180.338256836 0.041675299 0.998999059 0.016248992 3.665259361 -0.145176589 0.022145262 -0.989158034 216.122192383
-0.983431697 0.037875533 0.177279398 -180.233764648 0.041121714 0.999046445 0.014671605 3.668623924 -0.176554665 0.021718550 -0.984051466 215.693481445
-0.976025701 0.037621051 0.214379802 -180.109222412 0.041551627 0.999040246 0.013856288 3.673859596 -0.213652775 0.022431921 -0.976652145 215.269104004
-0.966215730 0.036703173 0.255108625 -179.960235596 0.041521754 0.999046028 0.013526810 3.670646906 -0.254368782 0.023662372 -0.966817975 214.855865479
-0.953514099 0.034515359 0.299365669 -179.811706543 0.040329851 0.999098361 0.013264182 3.666863680 -0.298637956 0.024720956 -0.954046369 214.448577881
-0.938846469 0.028246641 0.343175888 -179.617156982 0.034391545 0.999338388 0.011831901 3.667247295 -0.342614621 0.022910684 -0.939196706 214.099822998
-0.921558261 0.021767365 0.387629181 -179.424453735 0.027660822 0.999570966 0.009630425 3.661270618 -0.387253255 0.019597141 -0.921765089 213.764404297
-0.901864886 0.018506844 0.431622058 -179.202087402 0.023897868 0.999689400 0.007069950 3.662468910 -0.431357175 0.016690984 -0.902027011 213.409027100
-0.879382491 0.018353136 0.475762278 -178.963851929 0.023011794 0.999727309 0.003968443 3.663239002 -0.475559711 0.014437922 -0.879565001 213.061614990
-0.853961706 0.019937498 0.519954026 -178.713348389 0.024320548 0.999702930 0.001610217 3.670827866 -0.519767463 0.014020630 -0.854192972 212.712524414
-0.825730443 0.019131970 0.563740492 -178.455581665 0.024522867 0.999697268 0.001992223 3.662465572 -0.563531756 0.015469571 -0.825949669 212.389068604
-0.794524550 0.016593650 0.607005477 -178.132064819 0.023464747 0.999718964 0.003384365 3.667102337 -0.606778681 0.016932189 -0.794690609 212.032562256
-0.758927822 0.015367059 0.650993407 -177.815887451 0.025785016 0.999646604 0.006462949 3.658078671 -0.650664091 0.021690788 -0.759055853 211.689361572
-0.720523357 0.015065714 0.693267167 -177.442718506 0.028892932 0.999548018 0.008307225 3.663116455 -0.692828655 0.026016068 -0.720633030 211.357269287
-0.678695083 0.016192766 0.734241545 -177.047409058 0.031289175 0.999486685 0.006879693 3.657626629 -0.733753264 0.027643027 -0.678853393 211.033615112
-0.633471251 0.016169647 0.773597240 -176.638397217 0.029976854 0.999543905 0.003654621 3.653568745 -0.773185313 0.025505109 -0.633666992 210.739730835
-0.585505486 0.016558683 0.810499251 -176.189453125 0.028674396 0.999588788 0.000292590 3.655098438 -0.810161114 0.023411890 -0.585739493 210.458663940
-0.535290122 0.016433192 0.844508410 -175.736694336 0.025585720 0.999667406 -0.003234950 3.647505760 -0.844280720 0.019875720 -0.535532594 210.203399658
-0.484937072 0.021455610 0.874285996 -175.241043091 0.026812101 0.999593854 -0.009658989 3.646995068 -0.874138176 0.018757442 -0.485315323 209.963531494
-0.434911013 0.025324965 0.900117457 -174.710800171 0.027787125 0.999505818 -0.014695339 3.635863543 -0.900044799 0.018620512 -0.435399771 209.738403320
-0.384678602 0.025385071 0.922701240 -174.161651611 0.026510119 0.999513268 -0.016446091 3.628309488 -0.922669590 0.018134460 -0.385164380 209.550415039
-0.331346869 0.022212079 0.943247676 -173.582916260 0.024202270 0.999593973 -0.015037108 3.618634939 -0.943198681 0.017846236 -0.331749916 209.361297607
-0.278385401 0.018281391 0.960295439 -173.001510620 0.018393802 0.999736965 -0.013699966 3.609398365 -0.960293293 0.013849612 -0.278648496 209.230590820
-0.226604819 0.015362893 0.973865688 -172.391876221 0.010436735 0.999856472 -0.013344424 3.601797104 -0.973930955 0.007140068 -0.226732612 209.133102417
-0.179030895 0.010388955 0.983788729 -171.775756836 0.004313433 0.999942899 -0.009774583 3.587400913 -0.983834088 0.002493555 -0.179065466 209.063781738
-0.137107968 0.005967320 0.990538120 -171.139099121 0.003892293 0.999977350 -0.005485422 3.580044746 -0.990548491 0.003103370 -0.137128115 208.990219116
-0.101986289 0.006228575 0.994766414 -170.488174438 0.002605042 0.999978662 -0.005994135 3.566784620 -0.994782507 0.001980089 -0.102000356 208.951904297
-0.072463036 0.011138976 0.997308910 -169.841232300 -0.000367571 0.999937236 -0.011195039 3.552113295 -0.997371078 -0.001177809 -0.072454453 208.930343628
-0.049186707 0.017816624 0.998630762 -169.162597656 -0.005232370 0.999822557 -0.018095603 3.538384199 -0.998775959 -0.006115266 -0.049084783 208.931579590
-0.029696465 0.024106767 0.999268293 -168.484725952 -0.008122450 0.999670327 -0.024357852 3.533792973 -0.999526024 -0.008839846 -0.029490948 208.926345825
-0.013712049 0.024067068 0.999616444 -167.772048950 -0.007704477 0.999678075 -0.024174238 3.518308163 -0.999876440 -0.008032994 -0.013522148 208.916839600
-0.003902435 0.017052671 0.999847054 -167.054244995 -0.006078987 0.999835730 -0.017076204 3.497487307 -0.999974012 -0.006144694 -0.003798127 208.922378540
0.002700388 0.011601083 0.999929130 -166.335220337 -0.005470807 0.999917924 -0.011586179 3.477108479 -0.999981463 -0.005439132 0.002763629 208.928527832
0.007413805 0.010319564 0.999919355 -165.587387085 -0.003653954 0.999940336 -0.010292689 3.456647396 -0.999965966 -0.003577350 0.007451057 208.948242188
0.011844754 0.013677821 0.999836385 -164.851043701 -0.000708322 0.999906301 -0.013670388 3.438766479 -0.999929667 -0.000546282 0.011853337 208.948028564
0.016026258 0.022798868 0.999611616 -164.113052368 0.000740693 0.999739468 -0.022813659 3.418817043 -0.999871314 0.001106024 0.016005218 208.962509155
0.018378735 0.030902697 0.999353528 -163.355331421 0.001264600 0.999520719 -0.030931128 3.403214455 -0.999830425 0.001832262 0.018330872 208.988967896
0.021234334 0.032215286 0.999255478 -162.584320068 0.003004129 0.999474168 -0.032286178 3.378807545 -0.999770105 0.003687472 0.021126390 209.004562378
0.023364305 0.026822841 0.999367297 -161.815826416 0.004231106 0.999628425 -0.026928775 3.354490519 -0.999718249 0.004857605 0.023242116 209.017639160
0.025560081 0.017703412 0.999516666 -161.020660400 0.005263044 0.999826968 -0.017843502 3.324147701 -0.999659598 0.005716584 0.025462508 209.042190552
0.027884662 0.014138805 0.999511361 -160.220993042 0.007166248 0.999871433 -0.014343828 3.296979189 -0.999585629 0.007562720 0.027779758 209.066345215
0.030152559 0.015387587 0.999426961 -159.420700073 0.010713948 0.999819100 -0.015716866 3.275341749 -0.999487996 0.011181713 0.029982269 209.090942383
0.033170760 0.017470589 0.999297142 -158.604782104 0.012738315 0.999758601 -0.017901499 3.257198334 -0.999368668 0.013323170 0.032940209 209.105285645
0.035353243 0.019323409 0.999188066 -157.785751343 0.014180060 0.999702692 -0.019835081 3.239273548 -0.999274313 0.014869783 0.035068691 209.138488770
0.036893487 0.019489026 0.999129176 -156.964263916 0.014915126 0.999687731 -0.020050673 3.216562510 -0.999207914 0.015641879 0.036591291 209.171783447
0.038742721 0.020915618 0.999030471 -156.120330811 0.011136527 0.999709785 -0.021361722 3.186310530 -0.999187291 0.011953342 0.038498521 209.211349487
0.039501190 0.021841520 0.998980999 -155.275955200 0.010430319 0.999697566 -0.022269625 3.163161278 -0.999165297 0.011299369 0.039261460 209.256011963
0.041577995 0.021215597 0.998910129 -154.426620483 0.011319690 0.999700367 -0.021703549 3.140476942 -0.999071300 0.012209743 0.041325331 209.290084839
0.041980505 0.016664060 0.998979449 -153.517715454 0.014047807 0.999752223 -0.017267287 3.121506691 -0.999019623 0.014758360 0.041736007 209.333709717
0.043149710 0.012431023 0.998991370 -152.633880615 0.015217273 0.999798417 -0.013098352 3.099258423 -0.998952806 0.015767114 0.042951822 209.379104614
0.044919193 0.012116507 0.998917162 -151.738464355 0.015933935 0.999790549 -0.012843616 3.074224949 -0.998863518 0.016493605 0.044716775 209.425552368
0.048624635 0.014909744 0.998705804 -150.849884033 0.020746887 0.999657750 -0.015934072 3.057478428 -0.998601615 0.021494826 0.048298657 209.462539673
0.052497327 0.015252598 0.998504579 -149.954803467 0.024204910 0.999570131 -0.016541472 3.030721664 -0.998327672 0.025037097 0.052105606 209.518005371
0.056561708 0.012166615 0.998325109 -149.026870728 0.025242407 0.999588668 -0.013612169 3.007071495 -0.998080075 0.025970055 0.056231320 209.566131592
0.061609626 0.009309188 0.998057008 -148.125778198 0.024703622 0.999635935 -0.010848861 2.985585213 -0.997794628 0.025324015 0.061357260 209.622299194
0.066367686 0.008158260 0.997761965 -147.229904175 0.023909925 0.999666452 -0.009764240 2.953013420 -0.997508824 0.024504442 0.066150486 209.689788818
0.071495533 0.007737020 0.997411072 -146.321319580 0.025447147 0.999630272 -0.009578319 2.934812069 -0.997116387 0.026066070 0.071272194 209.758789062
0.077039182 0.003285818 0.997022748 -145.428939819 0.024279760 0.999691844 -0.005170695 2.917090416 -0.996732473 0.024605818 0.076935709 209.832275391
0.081506252 0.000187572 0.996672928 -144.532974243 0.024552394 0.999696136 -0.002195998 2.902069092 -0.996370494 0.024649691 0.081476927 209.914016724
0.087169945 0.001434496 0.996192515 -143.623474121 0.023759320 0.999711514 -0.003518581 2.880597115 -0.995910168 0.023975570 0.087110698 209.991607666
0.092556894 0.009723929 0.995660007 -142.735168457 0.018018981 0.999772191 -0.011439142 2.863057375 -0.995544434 0.018999549 0.092360556 210.085693359
0.097439468 0.015526987 0.995120466 -141.858078003 0.015659783 0.999730587 -0.017132288 2.848724127 -0.995118380 0.017252732 0.097170055 210.182861328
0.101675153 0.014193109 0.994716525 -140.935775757 0.016054090 0.999744594 -0.015905827 2.823855639 -0.994688213 0.017586496 0.101421297 210.283264160
0.105368197 0.008511695 0.994396925 -140.052215576 0.012421931 0.999874055 -0.009874832 2.797667027 -0.994355798 0.013392823 0.105249166 210.381378174
0.107277215 0.004653914 0.994218349 -139.162765503 0.006664342 0.999963224 -0.005399896 2.774830103 -0.994206905 0.007205096 0.107242227 210.492309570
0.108139157 0.006111329 0.994116962 -138.266067505 0.004925612 0.999965549 -0.006683087 2.751031876 -0.994123578 0.005619338 0.108105302 210.600799561
0.107639551 0.007367848 0.994162798 -137.389907837 0.002896536 0.999965966 -0.007724470 2.730907440 -0.994185865 0.003711088 0.107614577 210.705230713
0.107421994 0.008733542 0.994175136 -136.523849487 0.000354640 0.999961019 -0.008822688 2.717049360 -0.994213402 0.001300324 0.107414722 210.805145264
0.106894374 0.008203525 0.994236648 -135.635437012 -0.004100251 0.999961078 -0.007809924 2.693439960 -0.994262040 -0.003241782 0.106923878 210.907440186
0.105435133 0.011885177 0.994355321 -134.735168457 -0.010474425 0.999886394 -0.010840647 2.675540447 -0.994371176 -0.009272311 0.105547667 211.025299072
0.103555024 0.012940470 0.994539678 -133.870437622 -0.013827073 0.999837458 -0.011569679 2.651809931 -0.994527698 -0.012553472 0.103717089 211.129669189
0.101740956 0.017510513 0.994656920 -133.009780884 -0.015291861 0.999754488 -0.016036088 2.628711224 -0.994693518 -0.013578625 0.101983726 211.228744507
0.099710226 0.019673150 0.994822085 -132.155349731 -0.018887615 0.999661803 -0.017875768 2.600980043 -0.994837284 -0.017007418 0.100048065 211.322463989
0.098759174 0.019872362 0.994912922 -131.322097778 -0.019289449 0.999650955 -0.018052250 2.577197075 -0.994924366 -0.017408498 0.099107981 211.405975342
0.096546590 0.017933240 0.995167017 -130.495544434 -0.017895143 0.999707341 -0.016278954 2.550723076 -0.995167673 -0.016236978 0.096839249 211.490020752
0.093488216 0.016470328 0.995484173 -129.651245117 -0.019441726 0.999702692 -0.014714307 2.524282217 -0.995430529 -0.017978314 0.093780637 211.579315186
0.090577066 0.016524540 0.995752394 -128.857711792 -0.021475855 0.999662220 -0.014635906 2.500053167 -0.995657921 -0.020058956 0.090901375 211.660675049
0.087850869 0.016340852 0.995999634 -128.064971924 -0.026390208 0.999552667 -0.014071428 2.478383064 -0.995784044 -0.025048448 0.088242769 211.740463257
0.084030867 0.016114654 0.996332884 -127.302444458 -0.027653007 0.999521852 -0.013833972 2.456281900 -0.996079445 -0.026389116 0.084436297 211.808212280
0.078644395 0.016427862 0.996767402 -126.543533325 -0.027056055 0.999531090 -0.014338702 2.434090614 -0.996535540 -0.025840934 0.079052031 211.881942749
0.072535694 0.019110436 0.997182786 -125.816238403 -0.027441723 0.999476135 -0.017158259 2.413029671 -0.996988297 -0.026119824 0.073022127 211.942138672
0.065899849 0.020773301 0.997610033 -125.113784790 -0.026912250 0.999456584 -0.019033989 2.384268999 -0.997463286 -0.025593592 0.066423118 211.989639282
0.059756219 0.021630865 0.997978628 -124.439620972 -0.024998732 0.999484062 -0.020166637 2.368542910 -0.997899950 -0.023743117 0.060266137 212.035568237
0.054538369 0.020756084 0.998295963 -123.779373169 -0.022415392 0.999557436 -0.019557728 2.341860294 -0.998260081 -0.021310547 0.054979503 212.070037842
0.049395800 0.021612028 0.998545587 -123.145355225 -0.018416444 0.999615610 -0.020724166 2.318099499 -0.998609602 -0.017365966 0.049774826 212.090270996
0.043262601 0.022182187 0.998817444 -122.517211914 -0.015853895 0.999642849 -0.021513823 2.287988424 -0.998937964 -0.014904402 0.043598831 212.112670898
0.037114024 0.024475237 0.999011338 -121.899017334 -0.016330622 0.999581397 -0.023882510 2.271507978 -0.999177635 -0.015428099 0.037498176 212.135726929
0.030921280 0.027529141 0.999142706 -121.286697388 -0.014299122 0.999530554 -0.027097300 2.246430159 -0.999419630 -0.013448976 0.031300426 212.155731201
0.025402904 0.028743932 0.999263942 -120.684967041 -0.014000628 0.999498725 -0.028394766 2.219232321 -0.999579191 -0.013269015 0.025792599 212.174301147
0.020620227 0.029220505 0.999360383 -120.070480347 -0.014034497 0.999482751 -0.028934505 2.184859753 -0.999688983 -0.013428881 0.021019638 212.184204102
0.014942825 0.029979702 0.999439001 -119.458786011 -0.017116806 0.999411583 -0.029722966 2.174498796 -0.999742031 -0.016663048 0.015447199 212.205718994
0.011780798 0.026599566 0.999576867 -118.855773926 -0.015357387 0.999532998 -0.026417401 2.161022425 -0.999812782 -0.015039667 0.012183785 212.211746216
0.010947526 0.018011009 0.999777973 -118.252822876 -0.012537831 0.999761641 -0.017873427 2.136135340 -0.999861598 -0.012339373 0.011170745 212.210617065
0.009576023 0.012750361 0.999872923 -117.654861450 -0.010953487 0.999860048 -0.012645294 2.114872932 -0.999894202 -0.010831003 0.009714305 212.225357056
0.010051608 0.008910149 0.999909818 -117.072525024 -0.011523185 0.999894917 -0.008794180 2.088299513 -0.999883115 -0.011433749 0.010153234 212.237670898
0.012393713 0.002229726 0.999920726 -116.468215942 -0.015124703 0.999883533 -0.002042177 2.083122253 -0.999808848 -0.015098194 0.012426019 212.262878418
0.016653478 -0.002121707 0.999859154 -115.857192993 -0.014843216 0.999887049 0.002368993 2.071240902 -0.999751210 -0.014880576 0.016620100 212.250320435
0.022246182 -0.000634579 0.999752462 -115.275650024 -0.009435656 0.999955118 0.000844668 2.057361126 -0.999708116 -0.009452109 0.022239208 212.259368896
0.030198812 0.002495809 0.999540865 -114.693649292 -0.001132938 0.999996305 -0.002462717 2.044278622 -0.999543369 -0.001058047 0.030201554 212.276977539
0.042422712 0.007398950 0.999072433 -114.114013672 0.003880185 0.999963820 -0.007570313 2.025413513 -0.999092281 0.004197739 0.042392492 212.300888062
0.058709860 0.016002215 0.998147011 -113.546646118 0.009084006 0.999821544 -0.016563378 2.018688679 -0.998233914 0.010039609 0.058554053 212.335021973
0.078624129 0.017916324 0.996743441 -112.981094360 0.013270374 0.999731064 -0.019016812 2.011141539 -0.996816099 0.014722340 0.078365207 212.397399902
0.100955009 0.015420439 0.994771481 -112.425994873 0.017050112 0.999706209 -0.017227275 1.985354185 -0.994744897 0.018700143 0.100662410 212.468139648
0.124813974 0.015972683 0.992051601 -111.863357544 0.015923014 0.999709368 -0.018099315 1.961440086 -0.992052376 0.018055499 0.124523342 212.556732178
0.151036441 0.020475840 0.988316178 -111.297332764 0.016060928 0.999602675 -0.023164138 1.947629690 -0.988397777 0.019371904 0.150647581 212.652969360
0.181125104 0.020199260 0.983252704 -110.756072998 0.015618199 0.999603868 -0.023412203 1.927641630 -0.983336151 0.019597175 0.180737913 212.769821167
0.215473413 0.016758272 0.976365983 -110.215209961 0.015653258 0.999664962 -0.020612683 1.897673368 -0.976384342 0.019724794 0.215138912 212.888290405
0.252815723 0.014113403 0.967411578 -109.673355103 0.014462587 0.999726772 -0.018364385 1.880428553 -0.967406452 0.018634079 0.252542496 213.029602051
0.290386975 0.011171704 0.956844151 -109.141708374 0.008949509 0.999856412 -0.014389931 1.875809431 -0.956867516 0.012741934 0.290245295 213.241119385
0.331912816 0.005145272 0.943296015 -108.661163330 0.005555877 0.999957144 -0.007409252 1.836398602 -0.943293691 0.007700062 0.331870019 213.440521240
0.376048446 0.005712599 0.926582456 -108.165283203 0.004932962 0.999954462 -0.008166973 1.830421805 -0.926586926 0.007641974 0.376003146 213.671157837
0.420760751 0.004687817 0.907159567 -107.683059692 0.004682106 0.999962091 -0.007339047 1.809239864 -0.907159567 0.007335400 0.420722842 213.930038452
0.468668699 0.004678941 0.883361697 -107.194496155 0.004539473 0.999960005 -0.007704957 1.793960690 -0.883362412 0.007621069 0.468628705 214.200042725
0.515261710 0.007671386 0.856998563 -106.739799500 0.003470479 0.999933064 -0.011037448 1.798185110 -0.857025862 0.008661371 0.515200615 214.508239746
0.561040640 0.011321251 0.827710807 -106.350509644 0.004544391 0.999849260 -0.016756015 1.777407885 -0.827775776 0.013162248 0.560904682 214.809280396
0.606001139 0.015339891 0.795315921 -105.944808960 0.004551940 0.999730825 -0.022751017 1.765089750 -0.795450807 0.017407373 0.605768204 215.154739380
0.649578989 0.018555900 0.760067642 -105.555366516 0.002436551 0.999646187 -0.026487207 1.751034260 -0.760290205 0.019057477 0.649303913 215.523971558
0.690342546 0.018414568 0.723248303 -105.185516357 0.003532681 0.999578297 -0.028822141 1.741348982 -0.723474085 0.022452155 0.689986348 215.920181274
0.728494644 0.011545397 0.684954226 -104.878456116 0.009976430 0.999573171 -0.027459130 1.722850084 -0.684978843 0.026837228 0.728068471 216.290191650
0.763867021 0.004604757 0.645357251 -104.542083740 0.013033977 0.999660492 -0.022560246 1.704049706 -0.645242035 0.025644600 0.763547659 216.720809937
0.796204150 0.000155325 0.605028033 -104.236053467 0.013827815 0.999734104 -0.018453766 1.684087157 -0.604870021 0.023059180 0.795990288 217.165954590
0.825982034 0.000379044 0.563696325 -103.985260010 0.011536772 0.999778926 -0.017577065 1.663417459 -0.563578367 0.021021575 0.825795054 217.602813721
0.853371382 -0.001302533 0.521301866 -103.730529785 0.013508883 0.999716341 -0.019616144 1.652667522 -0.521128416 0.023782061 0.853146911 218.071487427
0.878352284 -0.001587477 0.478011310 -103.502639771 0.013542838 0.999675691 -0.021565229 1.636448383 -0.477822065 0.025415497 0.878088951 218.542449951
0.900212526 -0.000278529 0.435450763 -103.310493469 0.010889293 0.999701500 -0.021872124 1.623297095 -0.435314685 0.024431311 0.899946809 219.017166138
0.919452906 0.003424589 0.393185318 -103.145233154 0.005213427 0.999768019 -0.020899294 1.599159241 -0.393165678 0.021265758 0.919221699 219.483825684
0.936382115 0.008035513 0.350890189 -102.988044739 -0.001509298 0.999820828 -0.018868558 1.586751461 -0.350978941 0.017138584 0.936226487 219.955749512
0.949807107 0.011976073 0.312606901 -102.862930298 -0.006987127 0.999829829 -0.017074514 1.578101158 -0.312758178 0.014033270 0.949729085 220.456771851
0.960217953 0.016872371 0.278741449 -102.747047424 -0.013625278 0.999814928 -0.013582515 1.561572313 -0.278919011 0.009244245 0.960270107 220.935913086
0.967564642 0.024745487 0.251408756 -102.650901794 -0.022720259 0.999681830 -0.010955441 1.551582694 -0.251599878 0.004888026 0.967818975 221.441711426
0.972520828 0.036779802 0.229892269 -102.562240601 -0.035520542 0.999322712 -0.009615046 1.539480329 -0.230090201 0.001184934 0.973168612 221.963363647
0.975536883 0.045360882 0.215104952 -102.469779968 -0.044783015 0.998968124 -0.007561851 1.524399281 -0.215226009 -0.002256183 0.976561666 222.508071899
0.977743745 0.046904448 0.204492256 -102.376815796 -0.046269216 0.998897851 -0.007889384 1.520149469 -0.204636931 -0.001747899 0.978836417 223.014556885
0.979220927 0.047359884 0.197188646 -102.287902832 -0.046496928 0.998877823 -0.009006470 1.510491848 -0.197393924 -0.000349343 0.980324209 223.518737793
0.980090141 0.046461515 0.193040580 -102.185997009 -0.045330036 0.998919189 -0.010276476 1.496473551 -0.193309397 0.001321338 0.981136978 224.019851685
0.979962111 0.050608985 0.192647219 -102.098220825 -0.049553327 0.998718381 -0.010297257 1.482354760 -0.192921460 0.000544611 0.981214046 224.533264160
0.979383290 0.053731769 0.194733873 -102.000289917 -0.052534219 0.998555064 -0.011312828 1.470475912 -0.195060343 0.000849403 0.980790854 225.047561646
0.978668094 0.050009791 0.199268192 -101.899757385 -0.048244063 0.998741508 -0.013709811 1.458932519 -0.199703038 0.003803849 0.979849100 225.538619995
0.976713479 0.045191176 0.209734499 -101.787460327 -0.042808980 0.998956978 -0.015886435 1.442485690 -0.210233659 0.006537977 0.977629304 226.017776489
0.973287463 0.041488677 0.225809991 -101.660194397 -0.038814705 0.999113977 -0.016270528 1.431170940 -0.226284951 0.007071153 0.974035501 226.490997314
0.968236566 0.040674578 0.246705294 -101.532577515 -0.038332392 0.999162853 -0.014291158 1.413529992 -0.247080043 0.004380418 0.968985200 226.962524414
0.960722804 0.043042287 0.274151444 -101.395004272 -0.041411590 0.999073267 -0.011735623 1.411183000 -0.274402499 -0.000078366 0.961614907 227.419555664
0.950509071 0.040774345 0.308009624 -101.236305237 -0.041089322 0.999140501 -0.005465819 1.398147941 -0.307967752 -0.007460596 0.951367557 227.857376099
0.938079178 0.033601087 0.344787568 -101.060424805 -0.036912881 0.999313831 0.003042956 1.385161638 -0.344448745 -0.015581636 0.938675821 228.277313232
0.923347712 0.013947140 0.383711487 -100.840385437 -0.016678888 0.999853730 0.003792732 1.372599125 -0.383602440 -0.009901891 0.923445225 228.651321411
0.904517829 0.003187788 0.426423848 -100.624298096 -0.003181236 0.999994695 -0.000727646 1.356768250 -0.426423907 -0.000698386 0.904523194 228.991516113
0.881111622 0.004245298 0.472889304 -100.410476685 0.000537288 0.999950051 -0.009978017 1.337806940 -0.472908050 0.009045824 0.881065369 229.315093994
0.853235841 0.016091237 0.521277070 -100.199966431 -0.007292003 0.999794304 -0.018926844 1.319076777 -0.521474361 0.012347909 0.853177607 229.638687134
0.821249068 0.030124323 0.569774151 -99.964080811 -0.019627931 0.999505818 -0.024553623 1.316071033 -0.570232213 0.008981157 0.821434498 229.954650879
0.784776092 0.033834919 0.618855178 -99.707717896 -0.025119949 0.999424696 -0.022787105 1.309659958 -0.619270146 0.002337167 0.785174549 230.237930298
0.745556712 0.026629666 0.665909946 -99.417366028 -0.019829746 0.999645352 -0.017774209 1.307511449 -0.666147113 0.000046854 0.745820403 230.508285522
0.704186082 0.014171994 0.709874034 -99.103492737 -0.007456092 0.999893248 -0.012565617 1.299214363 -0.709976315 0.003555648 0.704216599 230.743301392
0.660642266 0.009577788 0.750639796 -98.784278870 -0.002326775 0.999939919 -0.010710926 1.280264616 -0.750697315 0.005329521 0.660624862 230.954040527
0.614980221 0.009816759 0.788481474 -98.462921143 0.001496612 0.999906182 -0.013616332 1.272508621 -0.788541138 0.009553825 0.614907801 231.147735596
0.567941666 0.011391615 0.822990000 -98.135444641 0.003702650 0.999858737 -0.016394969 1.255295157 -0.823060513 0.012358630 0.567819238 231.322479248
0.522452474 0.012994870 0.852569401 -97.807884216 0.006254456 0.999798536 -0.019071655 1.244719744 -0.852645516 0.015296393 0.522265971 231.462570190
0.478292406 0.014916598 0.878073990 -97.499511719 0.005112569 0.999791503 -0.019769169 1.236605883 -0.878185809 0.013944659 0.478116453 231.609375000
0.438130617 0.015846228 0.898771644 -97.155883789 0.002068534 0.999824166 -0.018636249 1.232041121 -0.898908973 0.010024251 0.438020825 231.748626709
0.397812247 0.016602622 0.917316675 -96.800399780 -0.001452802 0.999846399 -0.017466303 1.227503896 -0.917465746 0.005615630 0.397775233 231.874740601
0.356985509 0.015826790 0.933975816 -96.426315308 -0.001794011 0.999866247 -0.016257634 1.219270349 -0.934108198 0.004128178 0.356966138 231.990646362
0.317685366 0.012034140 0.948119819 -96.023712158 0.000753321 0.999915957 -0.012943983 1.206868172 -0.948195875 0.004826352 0.317649603 232.102188110
0.281302094 0.008502657 0.959581614 -95.626373291 0.004359824 0.999939084 -0.010138342 1.195761323 -0.959609389 0.007035544 0.281247854 232.188522339
0.247390151 0.008004877 0.968882918 -95.213150024 0.007314531 0.999921918 -0.010128981 1.184165001 -0.968888402 0.009592734 0.247312307 232.268722534
0.218489647 0.010003338 0.975787938 -94.789428711 0.009715438 0.999875605 -0.012425666 1.174248219 -0.975790858 0.012195086 0.218365252 232.340057373
0.195381939 0.013274215 0.980637491 -94.351776123 0.011884373 0.999802947 -0.015901487 1.162889957 -0.980655313 0.014761127 0.195185721 232.413177490
0.176751673 0.017754234 0.984095335 -93.899475098 0.011140502 0.999737144 -0.020037359 1.155095339 -0.984192431 0.014504952 0.176507413 232.482757568
0.160856783 0.021865375 0.986735523 -93.419555664 0.009526867 0.999673605 -0.023705136 1.143682480 -0.986931741 0.013213629 0.160595953 232.558258057
0.145846844 0.026002880 0.988965452 -92.937728882 0.008431226 0.999585569 -0.027525505 1.131027937 -0.989271283 0.012352699 0.145567179 232.619522095
0.130447328 0.028796740 0.991036952 -92.433959961 0.008201997 0.999512553 -0.030122623 1.115266800 -0.991421342 0.012057899 0.130147517 232.683502197
0.116210759 0.029628122 0.992782712 -91.914321899 0.011104855 0.999453723 -0.031127101 1.094684124 -0.993162632 0.014642014 0.115818262 232.730743408
0.104921401 0.029048901 0.994056165 -91.365570068 0.015198371 0.999409735 -0.030809518 1.081707954 -0.994364381 0.018340616 0.104417980 232.773345947
0.097599208 0.027300140 0.994851410 -90.810119629 0.018683804 0.999397278 -0.029257853 1.063126087 -0.995050490 0.021443153 0.097030342 232.816619873
0.094244361 0.025011761 0.995234847 -90.236495972 0.020700095 0.999418974 -0.027077124 1.047791958 -0.995333850 0.023153322 0.093671858 232.870117188
0.093641996 0.022153271 0.995359421 -89.633850098 0.020859187 0.999489307 -0.024207588 1.028726101 -0.995387435 0.023029234 0.093132079 232.930541992
0.093050599 0.019127909 0.995477617 -89.029357910 0.020355824 0.999569952 -0.021109268 1.012638092 -0.995453298 0.022227997 0.092621207 232.987136841
0.091053247 0.018292060 0.995678008 -88.409408569 0.019763889 0.999601185 -0.020171512 0.994390965 -0.995649874 0.021515150 0.090655386 233.047454834
0.089423597 0.018433591 0.995823205 -87.777008057 0.018814741 0.999619067 -0.020193402 0.978227615 -0.995816112 0.020541923 0.089042723 233.105850220
0.088473499 0.018908588 0.995899200 -87.120269775 0.018251510 0.999621153 -0.020600686 0.964341640 -0.995911419 0.019999279 0.088094890 233.162551880
0.086199939 0.020918708 0.996058166 -86.439376831 0.018536929 0.999572814 -0.022596726 0.948921680 -0.996105373 0.020411696 0.085775375 233.217437744
0.083345413 0.023460116 0.996244609 -85.755477905 0.018159211 0.999521077 -0.025056468 0.929373264 -0.996355355 0.020179357 0.082879484 233.278198242
0.080388010 0.025543401 0.996436298 -85.056533813 0.017495861 0.999481440 -0.027032949 0.910912514 -0.996610105 0.019606637 0.079899430 233.341369629
0.078164876 0.026737632 0.996581793 -84.341461182 0.016810460 0.999462843 -0.028133422 0.887918949 -0.996798635 0.018952046 0.077673435 233.393096924
0.075775027 0.026790598 0.996764898 -83.607116699 0.014887207 0.999497175 -0.027995775 0.868253231 -0.997013748 0.016960427 0.075338125 233.459518433
0.074338555 0.025871523 0.996897399 -82.836380005 0.014820575 0.999524355 -0.027044864 0.843230724 -0.997122884 0.016785067 0.073919773 233.508575439
0.072024226 0.024679078 0.997097611 -82.080673218 0.015290009 0.999549031 -0.025844214 0.820598602 -0.997285783 0.017107042 0.071614385 233.564300537
0.069489062 0.023253703 0.997311652 -81.312927246 0.015739230 0.999578297 -0.024403207 0.792047024 -0.997458518 0.017392674 0.069093764 233.622406006
0.066331089 0.022182522 0.997551203 -80.529220581 0.016270621 0.999595881 -0.023309894 0.767242908 -0.997665107 0.017776949 0.065943360 233.679183960
0.063622177 0.021693455 0.997738421 -79.741119385 0.016992671 0.999595225 -0.022817396 0.743811607 -0.997829556 0.018405933 0.063227773 233.733901978
0.061344981 0.021883860 0.997876823 -78.947250366 0.017604612 0.999580383 -0.023003478 0.717858315 -0.997961521 0.018978383 0.060933948 233.783691406
0.059422791 0.021664064 0.997997880 -78.139938354 0.020964779 0.999516904 -0.022945328 0.695104122 -0.998012841 0.022286279 0.058939934 233.830856323
0.057705283 0.021886630 0.998093903 -77.323760986 0.021306785 0.999504924 -0.023149444 0.671781063 -0.998106480 0.022602018 0.057210386 233.881134033
0.056256115 0.022951724 0.998152554 -76.487091064 0.022484099 0.999453068 -0.024248837 0.649288654 -0.998163164 0.023806706 0.055709302 233.931884766
0.054899931 0.025004750 0.998178780 -75.654983521 0.022658503 0.999397755 -0.026281510 0.624906540 -0.998234808 0.024060089 0.054300308 233.978683472
0.052905262 0.028024821 0.998206258 -74.826599121 0.020924842 0.999355555 -0.029166114 0.590255737 -0.998380363 0.022430349 0.052284777 234.027832031
0.051266313 0.030281326 0.998225987 -74.004959106 0.019138588 0.999326885 -0.031297639 0.559412956 -0.998501778 0.020709151 0.050652266 234.069061279
0.049518049 0.031947177 0.998262227 -73.139892578 0.017837476 0.999300599 -0.032865226 0.526487827 -0.998613954 0.019433901 0.048913538 234.116729736
0.048139274 0.031379167 0.998347580 -72.281967163 0.018912772 0.999298573 -0.032321010 0.493584633 -0.998661518 0.020437431 0.047511995 234.157333374
0.047860026 0.029551804 0.998416781 -71.408905029 0.019481536 0.999344468 -0.030513126 0.458979130 -0.998664021 0.020911053 0.047252953 234.201141357
0.049321473 0.026534386 0.998430610 -70.536315918 0.021707457 0.999382436 -0.027632019 0.433189392 -0.998547196 0.023036242 0.048714995 234.241455078
0.051441848 0.023991477 0.998387814 -69.647232056 0.024224699 0.999387264 -0.025263673 0.395940304 -0.998382151 0.025485255 0.050829113 234.287139893
0.054803312 0.022841584 0.998236001 -68.764205933 0.027279984 0.999330878 -0.024364317 0.365592957 -0.998124540 0.028567106 0.054143488 234.331115723
0.057746410 0.022497073 0.998077810 -67.891830444 0.028367352 0.999305427 -0.024166016 0.331809044 -0.997928202 0.029708326 0.057068110 234.390609741
0.061375737 0.023226328 0.997844458 -67.003494263 0.029284101 0.999256909 -0.025060421 0.296116829 -0.997685075 0.030759081 0.060649991 234.443206787
0.064545989 0.025667440 0.997584701 -66.130859375 0.028966259 0.999199748 -0.027583184 0.269044876 -0.997494340 0.030676682 0.063750863 234.496566772
0.067238808 0.027808096 0.997349441 -65.258193970 0.027589157 0.999177456 -0.029719066 0.230869293 -0.997355521 0.029514305 0.066416264 234.558029175
0.069303870 0.028055176 0.997201025 -64.382492065 0.027841974 0.999160707 -0.030045284 0.195458889 -0.997207046 0.029846299 0.068464577 234.621566772
0.070618868 0.029171607 0.997076809 -63.512588501 0.025461605 0.999193907 -0.031036891 0.158531189 -0.997178435 0.027578967 0.069819212 234.684890747
0.071584344 0.028781192 0.997019231 -62.634719849 0.023656303 0.999253452 -0.030544173 0.119627476 -0.997153997 0.025772274 0.070850074 234.761627197
0.073210597 0.025205730 0.996997952 -61.768051147 0.021966750 0.999397278 -0.026879430 0.086667061 -0.997074544 0.023868663 0.072612762 234.826400757
0.075002849 0.016343540 0.997049332 -60.900405884 0.019893879 0.999642134 -0.017882552 0.050998211 -0.996984839 0.021176422 0.074650884 234.901123047
0.076502442 0.011917787 0.996998131 -60.035598755 0.024889784 0.999594152 -0.013858681 0.021794796 -0.996758640 0.025875293 0.076174796 234.968109131
0.078714907 0.015630474 0.996774614 -59.182022095 0.025116595 0.999528587 -0.017657107 -0.004635811 -0.996580720 0.026425462 0.078285217 235.034545898
0.079191804 0.026175251 0.996515810 -58.345947266 0.022051377 0.999364614 -0.028002478 -0.029342175 -0.996615589 0.024192113 0.078564286 235.117614746
0.080900073 0.034600142 0.996121526 -57.488952637 0.022698374 0.999074161 -0.036546152 -0.063816071 -0.996463776 0.025566924 0.080039799 235.184326172
0.081797004 0.034550749 0.996049941 -56.645339966 0.025940845 0.998986542 -0.036782913 -0.105114937 -0.996311367 0.028847110 0.080817878 235.246643066
0.081507802 0.027454395 0.996294618 -55.786880493 0.027837094 0.999167860 -0.029810958 -0.141296387 -0.996284008 0.030163772 0.080675721 235.316162109
0.080717146 0.018725978 0.996561229 -54.935241699 0.026124129 0.999440312 -0.020896025 -0.175985336 -0.996394753 0.027720964 0.080182791 235.387557983
0.080005229 0.016497817 0.996658027 -54.089614868 0.025772046 0.999494553 -0.018613588 -0.210745335 -0.996461332 0.027175099 0.079539597 235.460052490
0.080148518 0.020542847 0.996571243 -53.272155762 0.028637240 0.999327481 -0.022902794 -0.239968777 -0.996371448 0.030374674 0.079506338 235.522598267
0.080530465 0.024463173 0.996451914 -52.443084717 0.031295445 0.999143839 -0.027058471 -0.269909382 -0.996260762 0.033363435 0.079695940 235.588073730
0.081471205 0.024660453 0.996370554 -51.619247437 0.032804184 0.999085844 -0.027409988 -0.298811436 -0.996135712 0.034918249 0.080587745 235.654617310
0.082921565 0.020739922 0.996340394 -50.791198730 0.032100625 0.999208987 -0.023471255 -0.334869862 -0.996039093 0.033929422 0.082190216 235.725738525
0.083919823 0.018848017 0.996294379 -49.972274780 0.031133406 0.999283373 -0.021526998 -0.368858337 -0.995986164 0.032824576 0.083272874 235.798233032
0.085062444 0.019977355 0.996175349 -49.165527344 0.030595990 0.999275148 -0.022652082 -0.395675659 -0.995905757 0.032405812 0.084389567 235.871994019
0.086170852 0.022832362 0.996018767 -48.357696533 0.030393599 0.999211788 -0.025535073 -0.427282333 -0.995816767 0.032472976 0.085408986 235.948425293
0.087542713 0.024892835 0.995849788 -47.557846069 0.031645060 0.999113679 -0.027756266 -0.455638885 -0.995658100 0.033943586 0.086677372 236.015548706
0.088968813 0.024594240 0.995730758 -46.765548706 0.032175109 0.999102414 -0.027552376 -0.484086514 -0.995514631 0.034489051 0.088097632 236.081970215
0.089556396 0.023073521 0.995714486 -45.959152222 0.032748960 0.999122798 -0.026098007 -0.517012119 -0.995443225 0.034945857 0.088722229 236.162933350
0.090837538 0.020889567 0.995646656 -45.170761108 0.032546110 0.999183655 -0.023933114 -0.547757149 -0.995333791 0.034578454 0.090083539 236.237075806
0.091945648 0.020017913 0.995562911 -44.383926392 0.032475207 0.999205768 -0.023090431 -0.579704285 -0.995234489 0.034454178 0.091222525 236.316345215
0.093208611 0.019629415 0.995453060 -43.610153198 0.033235781 0.999187112 -0.022815058 -0.607804298 -0.995091677 0.035211220 0.092480481 236.393890381
0.094455421 0.019808313 0.995332122 -42.856124878 0.032282561 0.999215305 -0.022949163 -0.639010906 -0.995005608 0.034299541 0.093741834 236.468704224
0.095429480 0.019652924 0.995242298 -42.106536865 0.029770641 0.999301493 -0.022587664 -0.668476105 -0.994991004 0.031784527 0.094777703 236.540924072
0.096333504 0.019859677 0.995151043 -41.378646851 0.027041739 0.999379635 -0.022561785 -0.694533825 -0.994981766 0.029084068 0.095736682 236.620208740
0.097088099 0.020641869 0.995061874 -40.667282104 0.023732124 0.999452651 -0.023048501 -0.724828243 -0.994992971 0.025852665 0.096545100 236.705856323
0.098050058 0.021492530 0.994949520 -39.963546753 0.020255189 0.999516547 -0.023587294 -0.757874966 -0.994975448 0.022465626 0.097567320 236.781188965
0.097408235 0.023494115 0.994967222 -39.285964966 0.016488222 0.999546051 -0.025216449 -0.781430721 -0.995107949 0.018861530 0.096976638 236.862091064
0.097226441 0.024383748 0.994963646 -38.585418701 0.014569225 0.999557853 -0.025920028 -0.813921452 -0.995155752 0.017015962 0.096828163 236.932769775
0.096635342 0.024902927 0.995008349 -37.894500732 0.013302794 0.999565363 -0.026308952 -0.839969158 -0.995231032 0.015778767 0.096262097 237.002319336
0.096133232 0.025238005 0.995048523 -37.221084595 0.009726555 0.999606967 -0.026293324 -0.866309643 -0.995320976 0.012206058 0.095849991 237.069686890
0.094622612 0.023636639 0.995232642 -36.538391113 0.008895542 0.999658108 -0.024587499 -0.891707897 -0.995473564 0.011179669 0.094380021 237.148635864
0.093876958 0.021578755 0.995349944 -35.845214844 0.009914312 0.999695241 -0.022608036 -0.916250467 -0.995534480 0.011990584 0.093634427 237.213287354
0.092141807 0.019533813 0.995554388 -35.175903320 0.012028079 0.999712765 -0.020728648 -0.943373203 -0.995673358 0.013884583 0.091880381 237.275512695
0.090028226 0.019539492 0.995747626 -34.517532349 0.013605522 0.999690115 -0.020846970 -0.967846632 -0.995846391 0.015424483 0.089734495 237.337066650
0.087953925 0.021062478 0.995901823 -33.870788574 0.012983530 0.999667287 -0.022288768 -0.995208740 -0.996039927 0.014890707 0.087651193 237.393661499
0.085967779 0.023731975 0.996015251 -33.244216919 0.012960298 0.999605060 -0.024936134 -1.017301321 -0.996213615 0.015052359 0.085626245 237.449157715
0.083392739 0.025695680 0.996185422 -32.635894775 0.012831227 0.999556959 -0.026856776 -1.039190769 -0.996434152 0.015021943 0.083026111 237.500015259
0.080174625 0.026099231 0.996439099 -32.042098999 0.013133325 0.999542713 -0.027237244 -1.062101364 -0.996694326 0.015270292 0.079795182 237.550186157
0.076023579 0.025261182 0.996785998 -31.472656250 0.012115590 0.999581814 -0.026256077 -1.090388060 -0.997032464 0.014072733 0.075685740 237.596862793
0.071248293 0.024713147 0.997152507 -30.915222168 0.011751141 0.999602854 -0.025613520 -1.111237288 -0.997389436 0.013542600 0.070929587 237.638168335
0.066022873 0.022201626 0.997571111 -30.392623901 0.010431385 0.999682426 -0.022939002 -1.141752958 -0.997763634 0.011920548 0.065770328 237.672592163
0.059634268 0.020888416 0.998001873 -29.879791260 0.009410084 0.999724865 -0.021486772 -1.160008430 -0.998176098 0.010672633 0.059421301 237.704040527
0.052011549 0.021291113 0.998419464 -29.385086060 0.008994651 0.999722183 -0.021787457 -1.180907965 -0.998605907 0.010113633 0.051805615 237.735198975
0.044424355 0.021719487 0.998776615 -28.909729004 0.008777492 0.999716580 -0.022130340 -1.203079224 -0.998974204 0.009749880 0.044221103 237.751022339
0.035975516 0.021355309 0.999124587 -28.451202393 0.010159649 0.999712169 -0.021733690 -1.222093582 -0.999301136 0.010932637 0.035748243 237.768051147
0.027538657 0.020577988 0.999408901 -28.010772705 0.011466617 0.999715805 -0.020900268 -1.241458178 -0.999554932 0.012035403 0.027294874 237.762084961
0.018066227 0.020835366 0.999619782 -27.578155518 0.012656043 0.999697983 -0.021065734 -1.252882242 -0.999756753 0.013031811 0.017797112 237.763931274
0.008556545 0.021169038 0.999739289 -27.164001465 0.012789519 0.999691784 -0.021277497 -1.271052122 -0.999881625 0.012968248 0.008283138 237.767822266
-0.000930548 0.020562278 0.999788225 -26.765487671 0.013325843 0.999700069 -0.020548062 -1.286397934 -0.999910891 0.013303900 -0.001204252 237.756896973
-0.011119008 0.019722275 0.999743819 -26.378356934 0.013674121 0.999714971 -0.019569630 -1.298625469 -0.999844849 0.013453024 -0.011385441 237.749237061
-0.021336555 0.017837072 0.999613225 -26.018920898 0.013058125 0.999760509 -0.017560976 -1.319017172 -0.999687076 0.012678383 -0.021564364 237.734512329
-0.032386780 0.016330305 0.999342024 -25.679931641 0.013921959 0.999776900 -0.015886230 -1.328794241 -0.999378502 0.013398297 -0.032606840 237.716232300
-0.043913603 0.017566288 0.998880982 -25.350250244 0.018551895 0.999687314 -0.016764879 -1.341029406 -0.998863161 0.017794929 -0.044225812 237.688873291
-0.055647850 0.019626105 0.998257697 -25.045059204 0.024909737 0.999522865 -0.018262396 -1.350237846 -0.998139858 0.023850072 -0.056110144 237.655410767
-0.067740679 0.019189408 0.997518420 -24.749588013 0.030575341 0.999385357 -0.017148979 -1.365310669 -0.997234404 0.029337782 -0.068285704 237.617782593
-0.079502463 0.017098388 0.996688068 -24.470596313 0.032224692 0.999374390 -0.014574021 -1.371675014 -0.996313751 0.030959297 -0.080003619 237.580963135
-0.092261910 0.014971746 0.995622337 -24.211090088 0.032054417 0.999413371 -0.012058355 -1.379234791 -0.995218813 0.030801563 -0.092687607 237.549987793
-0.105333686 0.013825736 0.994340837 -23.972961426 0.029087482 0.999518335 -0.010816397 -1.388025284 -0.994011462 0.027783539 -0.105685115 237.520477295
-0.118945718 0.013121411 0.992814243 -23.771789551 0.027106944 0.999582887 -0.009963283 -1.389689207 -0.992530823 0.025727069 -0.119251728 237.495025635
-0.132171869 0.013101343 0.991140425 -23.569824219 0.026733011 0.999596059 -0.009648181 -1.392504454 -0.990866423 0.025220945 -0.132468700 237.452209473
-0.144925237 0.014836863 0.989331365 -23.423431396 0.028392568 0.999538183 -0.010830760 -1.400938988 -0.989035189 0.026520008 -0.145279527 237.411071777
-0.158945203 0.018745014 0.987109542 -23.264770508 0.029235555 0.999470651 -0.014272222 -1.406695843 -0.986854553 0.026590193 -0.159409046 237.375274658
-0.171740890 0.021825634 0.984900355 -23.104248047 0.031592429 0.999362350 -0.016637221 -1.413643360 -0.984635472 0.028258102 -0.172320843 237.331176758
-0.184892297 0.022236062 0.982507288 -22.942504883 0.036172863 0.999220550 -0.015807161 -1.421432018 -0.982092917 0.032617476 -0.185552597 237.280731201
-0.199466348 0.021252286 0.979674280 -22.780792236 0.039140817 0.999139726 -0.013705299 -1.427632809 -0.979122758 0.035611503 -0.200126648 237.227813721
-0.213979483 0.021150861 0.976609290 -22.626220703 0.040472724 0.999099016 -0.012770182 -1.432553291 -0.975999475 0.036793478 -0.214642763 237.180557251
-0.227856755 0.022565100 0.973433256 -22.464935303 0.040443402 0.999087989 -0.013693003 -1.432204247 -0.972854435 0.036248907 -0.228561521 237.127853394
-0.243044853 0.023396596 0.969732940 -22.310241699 0.039542072 0.999117076 -0.014195089 -1.439052105 -0.969208896 0.034895208 -0.243755460 237.081161499
-0.258542895 0.024483489 0.965689600 -22.159942627 0.038636833 0.999140918 -0.014987407 -1.441354275 -0.965226889 0.033436298 -0.259266734 237.027740479
-0.273936033 0.025768524 0.961402774 -22.007415771 0.037801027 0.999157012 -0.016009673 -1.447391987 -0.961004853 0.031956386 -0.274679184 236.969543457
-0.291362643 0.029334655 0.956162930 -21.837158203 0.035852399 0.999162316 -0.019728895 -1.447824001 -0.955940723 0.028532468 -0.292170286 236.904724121
-0.311127305 0.033426270 0.949780345 -21.673950195 0.035469413 0.999093413 -0.023542780 -1.458215714 -0.949706256 0.026363349 -0.312030792 236.840087891
-0.333244920 0.036840573 0.942120314 -21.526062012 0.035592720 0.999015629 -0.026475621 -1.454793453 -0.942168295 0.024709759 -0.334228158 236.782119751
-0.358625174 0.038243625 0.932698071 -21.318878174 0.035608884 0.998993635 -0.027270246 -1.460492134 -0.932802379 0.023432540 -0.359626055 236.688369751
-0.387177467 0.039066534 0.921177208 -21.095855713 0.036952984 0.998956680 -0.026833508 -1.467968941 -0.921264410 0.023650914 -0.388217211 236.564819336
-0.420292616 0.039821561 0.906514585 -20.874176025 0.038174774 0.998928010 -0.026181938 -1.473135948 -0.906585455 0.023601914 -0.421362281 236.439788818
-0.455321789 0.040159661 0.889420807 -20.631805420 0.039123122 0.998919725 -0.025075499 -1.484706402 -0.889467001 0.023379499 -0.456401110 236.286178589
-0.491045952 0.040318273 0.870200276 -20.381042480 0.039940663 0.998919904 -0.023743998 -1.491508961 -0.870217681 0.023096981 -0.492125869 236.118606567
-0.528476715 0.040631451 0.847975016 -20.120697021 0.040005915 0.998936236 -0.022932326 -1.500036240 -0.848004758 0.021804815 -0.529540062 235.927124023
-0.568527102 0.040101912 0.821686625 -19.863555908 0.037537742 0.999035418 -0.022784851 -1.511207104 -0.821807742 0.017890455 -0.569483995 235.734191895
-0.608665586 0.038024586 0.792515218 -19.597564697 0.033842888 0.999186099 -0.021948645 -1.522358418 -0.792704821 0.013461620 -0.609457016 235.501998901
-0.648718953 0.035549313 0.760197699 -19.322479248 0.030222446 0.999323785 -0.020941146 -1.526235819 -0.760428131 0.009390118 -0.649354696 235.242645264
-0.687353969 0.035637449 0.725448132 -19.069030762 0.030732606 0.999328077 -0.019972945 -1.536480665 -0.725672424 0.008566428 -0.687987328 234.950027466
-0.726652265 0.037158523 0.685999990 -18.806259155 0.032361362 0.999279141 -0.019848809 -1.541939259 -0.686243057 0.007776715 -0.727330923 234.634750366
-0.764276862 0.039812833 0.643658161 -18.568649292 0.035650991 0.999174595 -0.019471122 -1.548327446 -0.643902063 0.008065720 -0.765065312 234.285263062
-0.800983191 0.042983264 0.597141981 -18.329650879 0.038162209 0.999056637 -0.020724436 -1.550770283 -0.597469449 0.006188333 -0.801867962 233.916748047
-0.835758567 0.044150341 0.547319353 -18.111175537 0.038533326 0.999020636 -0.021746987 -1.556276083 -0.547743440 0.002914803 -0.836641312 233.520355225
-0.867796302 0.043590687 0.495004565 -17.904724121 0.038215049 0.999049246 -0.020982360 -1.570345283 -0.495448560 0.000708210 -0.868636966 233.109008789
-0.895656347 0.042123619 0.442747921 -17.722991943 0.037945215 0.999112308 -0.018295649 -1.581022859 -0.443125576 0.000413552 -0.896459699 232.658157349
-0.919416904 0.044380132 0.390772492 -17.557479858 0.041270044 0.999014139 -0.016357355 -1.587316394 -0.391113162 0.001087970 -0.920341969 232.177825928
-0.938406110 0.050660126 0.341800213 -17.427612305 0.048854098 0.998709261 -0.013896269 -1.594300032 -0.342063040 0.003657998 -0.939669847 231.674484253
-0.954354405 0.052960549 0.293944150 -17.293022156 0.052002262 0.998585522 -0.011080525 -1.596308112 -0.294115216 0.004711016 -0.955758452 231.167282104
-0.967158437 0.051581252 0.248885423 -17.177864075 0.051698331 0.998644292 -0.006070456 -1.599159598 -0.248861134 0.006995867 -0.968513966 230.613296509
-0.976692080 0.049393520 0.208885238 -17.079036713 0.050203525 0.998737991 -0.001425680 -1.598514557 -0.208692029 0.009094324 -0.977939248 230.030929565
-0.983480215 0.048822302 0.174306929 -16.980297089 0.050100517 0.998739839 0.002937870 -1.610054493 -0.173943847 0.011622205 -0.984686971 229.441619873
-0.988007188 0.050253380 0.146002069 -16.907089233 0.051643867 0.998649061 0.005746624 -1.605827451 -0.145516038 0.013217817 -0.989267707 228.814422607
-0.991039991 0.051972520 0.123039491 -16.840559006 0.053152066 0.998566449 0.006321573 -1.603943229 -0.122534558 0.012804734 -0.992381692 228.172119141
-0.993195772 0.052859984 0.103770629 -16.776733398 0.053837724 0.998527586 0.006641935 -1.599447846 -0.103266746 0.012183514 -0.994579196 227.502365112
-0.994941235 0.051899590 0.086013563 -16.706426620 0.052767612 0.998575985 0.007847514 -1.597934961 -0.085483789 0.012346545 -0.996263027 226.807891846
-0.996337891 0.050062336 0.069317117 -16.656242371 0.050784528 0.998671770 0.008694850 -1.590717554 -0.068789765 0.012183243 -0.997556925 226.093048096
-0.997193336 0.050248601 0.055507645 -16.621065140 0.050942801 0.998639166 0.011162105 -1.591379166 -0.054871228 0.013958489 -0.998396158 225.354690552
-0.997535586 0.053694796 0.045167301 -16.598722458 0.054342177 0.998434722 0.013228454 -1.581739902 -0.044386305 0.015650339 -0.998892069 224.586395264
-0.997699738 0.056479875 0.037484195 -16.575191498 0.057058465 0.998264849 0.014548814 -1.567386866 -0.036597438 0.016654139 -0.999191284 223.810409546
-0.997758865 0.058809910 0.031920407 -16.561950684 0.059320208 0.998122036 0.015281388 -1.564801812 -0.030961765 0.017140662 -0.999373674 223.013442993
-0.997867703 0.058934927 0.028046438 -16.535881042 0.059386455 0.998113990 0.015547690 -1.552597761 -0.027077239 0.017180117 -0.999485731 222.204727173
-0.997860551 0.059914425 0.026179537 -16.517499924 0.060363650 0.998036444 0.016719155 -1.546906590 -0.025126413 0.018263672 -0.999517798 221.381805420
-0.997765303 0.061949942 0.025033405 -16.505277634 0.062378097 0.997912884 0.016699949 -1.535171866 -0.023946596 0.018224167 -0.999547243 220.524185181
-0.997719765 0.062742949 0.024866998 -16.485929489 0.063166112 0.997864723 0.016612621 -1.521835446 -0.023771575 0.018145492 -0.999552608 219.656585693
-0.997657418 0.063545197 0.025330631 -16.456624985 0.063987091 0.997805357 0.017032852 -1.516019106 -0.024192683 0.018613784 -0.999534011 218.784423828
-0.997551560 0.064718708 0.026505357 -16.433593750 0.065158322 0.997745514 0.016071418 -1.502982378 -0.025405478 0.017759113 -0.999519467 217.887725830
-0.997466445 0.065484330 0.027802236 -16.401477814 0.065925419 0.997707903 0.015255453 -1.493529081 -0.026739519 0.017049672 -0.999497294 216.956573486
-0.997268200 0.068057597 0.028710034 -16.374593735 0.068466499 0.997561991 0.013507207 -1.479929209 -0.027720770 0.015435983 -0.999496460 216.019821167
-0.997228265 0.068118200 0.029941784 -16.337886810 0.068495706 0.997582018 0.011767145 -1.476231098 -0.029067829 0.013785409 -0.999482751 215.065811157
-0.997014284 0.070463121 0.031581338 -16.310520172 0.070803925 0.997442067 0.009804608 -1.469755888 -0.030809691 0.012011418 -0.999453068 214.080825806
-0.996748090 0.073143944 0.033811547 -16.273612976 0.073512211 0.997246385 0.009778420 -1.464163542 -0.033003211 0.012232183 -0.999380350 213.101058960
-0.996552706 0.074035183 0.037433311 -16.232912064 0.074443579 0.997178674 0.009634407 -1.462633133 -0.036614414 0.012387866 -0.999252558 212.102828979
-0.996450305 0.073232032 0.041520450 -16.192642212 0.073637702 0.997250319 0.008324654 -1.455334425 -0.040796649 0.011352574 -0.999102950 211.078460693
-0.996387243 0.071935058 0.045142338 -16.134426117 0.072326764 0.997355700 0.007102693 -1.452446580 -0.044512033 0.010342033 -0.998955250 210.057708740
-0.996451378 0.068596929 0.048775874 -16.070077896 0.069069162 0.997579277 0.008061144 -1.445739388 -0.048104830 0.011401447 -0.998777151 209.021286011
-0.996353626 0.067130379 0.052659657 -16.019462585 0.067707293 0.997662365 0.009247216 -1.456339478 -0.051915787 0.012778941 -0.998569727 207.946929932
-0.996290207 0.065669708 0.055618834 -15.953412056 0.066243701 0.997766972 0.008538139 -1.453622103 -0.054933939 0.012190861 -0.998415709 206.891082764
-0.996177435 0.065468736 0.057830982 -15.878821373 0.066068985 0.997778594 0.008527047 -1.454214573 -0.057144262 0.012315285 -0.998290062 205.815338135
-0.995898366 0.067001529 0.060804203 -15.822060585 0.067704581 0.997659445 0.009574533 -1.444614410 -0.060020380 0.013651984 -0.998103738 204.723464966
-0.995643020 0.068525009 0.063242681 -15.751268387 0.069366805 0.997528255 0.011209651 -1.447229743 -0.062318217 0.015547751 -0.997935414 203.617462158
-0.995366573 0.070187479 0.065719880 -15.681781769 0.071050972 0.997413218 0.010892405 -1.443811178 -0.064785361 0.015511396 -0.997778654 202.511795044
-0.995215178 0.070172876 0.067990109 -15.603150368 0.071014374 0.997424781 0.010036933 -1.441479206 -0.067110702 0.014817183 -0.997635603 201.400527954
-0.995167136 0.068985507 0.069880456 -15.513054848 0.069879428 0.997500956 0.010426407 -1.445800424 -0.068986550 0.015259224 -0.997500777 200.279495239
-0.995178938 0.067323789 0.071317978 -15.435321808 0.068223014 0.997617483 0.010245891 -1.438910365 -0.070458271 0.015062023 -0.997400999 199.147018433
-0.995170832 0.066196464 0.072480224 -15.349206924 0.067122392 0.997690439 0.010411903 -1.436689734 -0.071623594 0.015226666 -0.997315645 198.016403198
-0.995143056 0.065833844 0.073185816 -15.260260582 0.066825159 0.997702062 0.011177542 -1.439770579 -0.072281778 0.016013907 -0.997255683 196.884689331
-0.995107532 0.066242047 0.073302336 -15.172071457 0.067219131 0.997678220 0.010941176 -1.439564586 -0.072407380 0.015814966 -0.997249842 195.745330811
-0.994966984 0.066763349 0.074722871 -15.092570305 0.067748778 0.997644722 0.010728794 -1.435660720 -0.073830590 0.015737178 -0.997146726 194.594146729
-0.994893670 0.067722790 0.074836515 -14.999270439 0.068741493 0.997572541 0.011118487 -1.435885072 -0.073901877 0.016206084 -0.997133970 193.447296143
-0.994961619 0.066943444 0.074632660 -14.912921906 0.068042271 0.997606933 0.012276079 -1.440477014 -0.073632255 0.017292401 -0.997135639 192.296264648
-0.995034695 0.065900907 0.074590124 -14.825558662 0.067029312 0.997669876 0.012724448 -1.435867429 -0.073577769 0.017660987 -0.997133374 191.143173218
-0.995231032 0.064166144 0.073469788 -14.731777191 0.065328613 0.997772098 0.013527730 -1.431289315 -0.072438076 0.018262895 -0.997205734 189.986083984
-0.995411634 0.062096074 0.072797440 -14.643424988 0.063240021 0.997906864 0.013513700 -1.425005913 -0.071805909 0.018055407 -0.997255087 188.824630737
-0.995603204 0.061262816 0.070860341 -14.550334930 0.062298708 0.997979283 0.012500201 -1.423026681 -0.069951355 0.016859747 -0.997407913 187.654418945
-0.995768309 0.060312409 0.069341779 -14.466679573 0.061250750 0.998056352 0.011484551 -1.420034289 -0.068514340 0.015683185 -0.997527003 186.482833862
-0.995877266 0.060171023 0.067886122 -14.379754066 0.061169401 0.998046279 0.012723172 -1.419344902 -0.066987932 0.016823266 -0.997612238 185.303833008
-0.995938301 0.060720097 0.066483922 -14.307296753 0.061872836 0.997964978 0.015417208 -1.415682673 -0.065412492 0.019468136 -0.997668386 184.105346680
-0.995981812 0.061030831 0.065544508 -14.229190826 0.062419217 0.997862518 0.019345708 -1.409139156 -0.064223722 0.023359206 -0.997662425 182.902694702
-0.996028185 0.061657973 0.064239010 -14.148710251 0.063139290 0.997777641 0.021288462 -1.397668839 -0.062783644 0.025259908 -0.997707725 181.702789307
-0.996139407 0.062069979 0.062078394 -14.071791649 0.063527137 0.997742414 0.021779390 -1.387132406 -0.060586400 0.025638970 -0.997833610 180.481872559
-0.996229887 0.062055115 0.060629629 -13.997017860 0.063368179 0.997790217 0.019978069 -1.367098570 -0.059255909 0.023744728 -0.997960687 179.266967773
-0.996216059 0.063668966 0.059163425 -13.927849770 0.064878881 0.997716844 0.018757736 -1.357295275 -0.057834059 0.022525212 -0.998072267 178.052505493
-0.996208072 0.065447278 0.057327777 -13.852821350 0.066589199 0.997613788 0.018238621 -1.353945017 -0.055997312 0.021986870 -0.998188972 176.830871582
-0.996121168 0.067625344 0.056298837 -13.790664673 0.068670943 0.997497082 0.016847391 -1.336321115 -0.055018615 0.020648137 -0.998271942 175.589385986
-0.996029019 0.070431627 0.054458234 -13.722610474 0.071385585 0.997324109 0.015772659 -1.333967566 -0.053201616 0.019597556 -0.998391509 174.355377197
-0.996009350 0.071581125 0.053312015 -13.649612427 0.072450966 0.997265637 0.014563738 -1.330409646 -0.052123751 0.018368121 -0.998471975 173.122863770
-0.996039629 0.071636423 0.052661933 -13.587060928 0.072413027 0.997290194 0.012987306 -1.328521252 -0.051588863 0.016749281 -0.998528004 171.867752075
-0.996174574 0.070511505 0.051623449 -13.515653610 0.071307957 0.997359574 0.013750083 -1.319920659 -0.050517600 0.017378641 -0.998572230 170.609939575
-0.996369123 0.068491764 0.050574321 -13.439878464 0.069410630 0.997449398 0.016639590 -1.311767220 -0.049305651 0.020089567 -0.998581886 169.334808350
-0.996585369 0.065709092 0.049998090 -13.371662140 0.066725515 0.997591615 0.018937392 -1.304465175 -0.048633318 0.022208879 -0.998569727 168.063674927
-0.996601820 0.065635681 0.049767114 -13.301565170 0.066561297 0.997634530 0.017173659 -1.297063231 -0.048522189 0.020427864 -0.998613238 166.793411255
-0.996582866 0.066182010 0.049421668 -13.230388641 0.066977777 0.997647345 0.014621219 -1.291872978 -0.048337732 0.017881410 -0.998670936 165.523147583
-0.996516705 0.067192450 0.049393203 -13.172389984 0.067856684 0.997624159 0.011894545 -1.286609769 -0.048476629 0.015204770 -0.998708606 164.238265991
-0.996384740 0.068392985 0.050402779 -13.112903595 0.069034688 0.997552514 0.011100502 -1.281445861 -0.049520221 0.014539908 -0.998667479 162.948776245
-0.996305227 0.069017664 0.051114030 -13.046391487 0.069805130 0.997465432 0.013782320 -1.276847839 -0.050033256 0.017299417 -0.998597860 161.652557373
-0.996274590 0.069561094 0.050970983 -12.980491638 0.070485219 0.997375369 0.016560655 -1.274371624 -0.049685225 0.020091660 -0.998562813 160.353744507
-0.996171713 0.070539445 0.051637419 -12.912532806 0.071475551 0.997305691 0.016509790 -1.267444730 -0.050333701 0.020137396 -0.998529553 159.065322876
-0.996134520 0.070812032 0.051985405 -12.839213371 0.071726903 0.997296810 0.015946809 -1.265329123 -0.050715655 0.019613910 -0.998520851 157.782241821
-0.996089697 0.070782326 0.052869745 -12.779474258 0.071675785 0.997312188 0.015196363 -1.257952332 -0.051652007 0.018926421 -0.998485804 156.478546143
-0.995962977 0.071757421 0.053935587 -12.709135056 0.072657630 0.997245371 0.014916730 -1.252518177 -0.052716631 0.018775340 -0.998433232 155.182098389
-0.995966196 0.071611390 0.054067332 -12.633981705 0.072486132 0.997265577 0.014392297 -1.243931293 -0.052888837 0.018253371 -0.998433590 153.874252319
-0.995980859 0.070613518 0.055100910 -12.562511444 0.071560636 0.997317255 0.015406848 -1.239488006 -0.053865157 0.019287979 -0.998362064 152.569549561
-0.996001601 0.070235796 0.055209510 -12.478229523 0.071215458 0.997332931 0.015979573 -1.236826062 -0.053939927 0.019847449 -0.998347044 151.262313843
-0.995996237 0.069513179 0.056208529 -12.398506165 0.070551492 0.997368276 0.016701791 -1.232000709 -0.054899611 0.020600516 -0.998279333 149.966125488
-0.995948315 0.069350243 0.057255402 -12.324426651 0.070488438 0.997348309 0.018102668 -1.232783318 -0.055848155 0.022065159 -0.998195767 148.673645020
-0.995918632 0.069072664 0.058097024 -12.250690460 0.070267156 0.997351527 0.018772535 -1.231702328 -0.056646485 0.022778228 -0.998134613 147.397537231
-0.995851517 0.069003090 0.059318740 -12.172163010 0.070227712 0.997353613 0.018811515 -1.225023389 -0.057863705 0.022899291 -0.998062015 146.107574463
-0.995829463 0.068583615 0.060171004 -12.095016479 0.069774203 0.997402012 0.017911518 -1.217542768 -0.058786243 0.022035195 -0.998027682 144.818191528
-0.995751500 0.069306925 0.060629226 -12.013521194 0.070457757 0.997368991 0.017051592 -1.210453391 -0.059287917 0.021250945 -0.998014927 143.534866333
-0.995700479 0.069366500 0.061394714 -11.931413651 0.070504919 0.997373760 0.016571959 -1.200066328 -0.060083937 0.020829333 -0.997976184 142.241821289
-0.995602489 0.070302077 0.061913703 -11.846530914 0.071509711 0.997286260 0.017507587 -1.205225945 -0.060514864 0.021858029 -0.997927904 140.965667725
-0.995632529 0.069360435 0.062493276 -11.759992599 0.070508972 0.997376919 0.016361894 -1.194367886 -0.061194487 0.020696769 -0.997911453 139.678741455
-0.995681405 0.067858353 0.063354634 -11.677623749 0.069000974 0.997487903 0.016022475 -1.191668868 -0.062108222 0.020324813 -0.997862458 138.383026123
-0.995703459 0.066934958 0.063990928 -11.588830948 0.068242073 0.997497976 0.018461581 -1.182566166 -0.062595092 0.022749130 -0.997779965 137.106552124
-0.995749474 0.065595016 0.064655885 -11.499120712 0.067281589 0.997439027 0.024260361 -1.174678087 -0.062898941 0.028507389 -0.997612834 135.809844971
-0.995661616 0.066223137 0.065364510 -11.406558037 0.068194650 0.997267604 0.028403759 -1.158266068 -0.063304923 0.032738041 -0.997457147 134.518859863
-0.995589614 0.066268444 0.066405855 -11.316644669 0.068233073 0.997282982 0.027764956 -1.144434214 -0.064385489 0.032173578 -0.997406363 133.244842529
-0.995393515 0.068102397 0.067484379 -11.243507385 0.069989197 0.997208893 0.025997978 -1.135355711 -0.065525495 0.030601390 -0.997381687 131.974380493
-0.995347857 0.067738742 0.068514571 -11.151460648 0.069590107 0.997262299 0.025002999 -1.116035700 -0.066633321 0.029654616 -0.997336864 130.712051392
-0.995245814 0.068660714 0.069076322 -11.067878723 0.070610918 0.997159898 0.026195772 -1.104156494 -0.067081518 0.030948773 -0.997267365 129.438598633
-0.995079160 0.070267625 0.069857821 -10.979391098 0.072290890 0.997021675 0.026866041 -1.086233854 -0.067761943 0.031783920 -0.997195125 128.180877686
-0.994954824 0.071108602 0.070772536 -10.892159462 0.073251493 0.996915996 0.028155169 -1.068679571 -0.068552196 0.033197310 -0.997095227 126.923576355
-0.994829655 0.073217198 0.070381314 -10.792831421 0.075401396 0.996734619 0.028891420 -1.062656879 -0.068036146 0.034048885 -0.997101784 125.677276611
-0.994823575 0.072805896 0.070889503 -10.699988365 0.075007826 0.996763825 0.028907964 -1.045022249 -0.068555422 0.034075592 -0.997065187 124.449615479
-0.994832754 0.073150255 0.070408620 -10.615240097 0.075095139 0.996853352 0.025380531 -1.031899929 -0.068330474 0.030536721 -0.997195482 123.220726013
-0.994942784 0.072480969 0.069537841 -10.524553299 0.074212275 0.996985376 0.022642231 -1.016670942 -0.067687079 0.027688282 -0.997322440 121.999977112
-0.995115638 0.070067458 0.069541015 -10.434701920 0.071800165 0.997159898 0.022734623 -1.012488127 -0.067750558 0.027616628 -0.997320294 120.810310364
-0.995200157 0.069442883 0.068951331 -10.345983505 0.071135879 0.997214913 0.022406489 -0.999310613 -0.067203321 0.027203854 -0.997368336 119.627586365
-0.995335937 0.068980448 0.067440875 -10.264966965 0.070660792 0.997238576 0.022853477 -1.000803828 -0.065678194 0.027512310 -0.997461557 118.464050293
-0.995429158 0.068594612 0.066448905 -10.179172516 0.070239462 0.997270942 0.022739233 -1.000731826 -0.064707778 0.027302632 -0.997530699 117.319351196
-0.995466590 0.069026627 0.065436676 -10.105479240 0.070641123 0.997243822 0.022685891 -0.995174766 -0.063690394 0.027205562 -0.997599006 116.183265686
-0.995576620 0.068398051 0.064412974 -10.031331062 0.069994770 0.997285306 0.022864582 -0.991839528 -0.062674217 0.027272014 -0.997661471 115.055107117
-0.995650172 0.068504214 0.063151479 -9.966657639 0.070061028 0.997282684 0.022773808 -1.000067830 -0.061419778 0.027099201 -0.997744203 114.013008118
-0.995785475 0.067581996 0.062004253 -9.900054932 0.069071561 0.997364640 0.022200739 -0.995971799 -0.060340479 0.026389895 -0.997829318 112.940368652
-0.995832205 0.068114869 0.060652349 -9.825054169 0.069512092 0.997355163 0.021230159 -0.992489815 -0.059045844 0.025357747 -0.997933149 111.895896912
-0.995862603 0.068524502 0.059684500 -9.768878937 0.069899164 0.997327626 0.021254817 -0.990329266 -0.058068525 0.025338771 -0.997991085 110.849922180
-0.995790601 0.070224106 0.058906525 -9.711313248 0.071548939 0.997222483 0.020688653 -0.984699488 -0.057290070 0.024816263 -0.998049259 109.829978943
-0.995742798 0.071677968 0.057957847 -9.657041550 0.073004201 0.997108519 0.021096028 -0.984033942 -0.056278143 0.025237378 -0.998096466 108.837860107
-0.995813251 0.071881913 0.056470975 -9.597005844 0.073222674 0.997072041 0.022040684 -0.983587503 -0.054721303 0.026083361 -0.998160958 107.848640442
-0.995854378 0.072059423 0.055513073 -9.544269562 0.073396772 0.997050345 0.022438122 -0.980565786 -0.053732451 0.026419578 -0.998205900 106.899833679
-0.995982409 0.071377136 0.054079905 -9.483232498 0.072743602 0.997068286 0.023732595 -0.978717327 -0.052227393 0.027571213 -0.998254657 105.983642578
-0.996143460 0.069976829 0.052932166 -9.430357933 0.071344234 0.997153342 0.024398189 -0.976003408 -0.051074177 0.028080497 -0.998300195 105.100234985
-0.996261835 0.069096446 0.051851310 -9.382902145 0.070489213 0.997185826 0.025528878 -0.976105571 -0.049941435 0.029088397 -0.998328805 104.217239380
-0.996303439 0.069217660 0.050875660 -9.345712662 0.070634507 0.997147560 0.026597943 -0.968598723 -0.048889495 0.030093201 -0.998350739 103.360137939
-0.996380091 0.068707190 0.050062988 -9.299033165 0.070188366 0.997127891 0.028452586 -0.963571310 -0.047964305 0.031863425 -0.998340726 102.548805237
-0.996240020 0.070960023 0.049702074 -9.261805534 0.072489582 0.996927559 0.029677359 -0.956417680 -0.047443461 0.033168659 -0.998322964 101.735061646
-0.996052623 0.072964512 0.050551116 -9.219838142 0.074595056 0.996727109 0.031154426 -0.950387955 -0.048112500 0.034802310 -0.998235464 100.964485168
-0.995587826 0.076442592 0.054420542 -9.181635857 0.078193270 0.996462345 0.030799039 -0.942018270 -0.051873665 0.034918465 -0.998043060 100.205940247
-0.994845271 0.080440991 0.061742432 -9.133817673 0.082429089 0.996134579 0.030354230 -0.935521364 -0.059062045 0.035287134 -0.997630477 99.484741211
-0.993655443 0.084561758 0.074149281 -9.083631516 0.086975031 0.995760500 0.029939093 -0.930982590 -0.071303219 0.036198281 -0.996797681 98.778442383
-0.992088079 0.086717963 0.090781659 -9.013389587 0.089691371 0.995541632 0.029195312 -0.923528194 -0.087845162 0.037106652 -0.995442867 98.102836609
-0.989884615 0.087949924 0.111325800 -8.927867889 0.091714688 0.995358527 0.029150885 -0.922113180 -0.108245268 0.039066222 -0.993356347 97.445007324
-0.986561179 0.089301795 0.136829481 -8.842511177 0.093851984 0.995215654 0.027159197 -0.916256428 -0.133749485 0.039635926 -0.990222335 96.809051514
-0.981764674 0.091738969 0.166499346 -8.725849152 0.097053245 0.994988561 0.024049519 -0.911116600 -0.163458660 0.039770272 -0.985748291 96.193458557
-0.975529790 0.091376983 0.199979931 -8.585039139 0.097504057 0.995013833 0.020985868 -0.906165123 -0.197065175 0.039971191 -0.979575276 95.600090027
-0.967648268 0.088749386 0.236179978 -8.421083450 0.095557369 0.995269835 0.017513381 -0.911826849 -0.233508512 0.039515521 -0.971551776 95.043823242
-0.958049536 0.083569184 0.274147838 -8.248004913 0.091050610 0.995738387 0.014656186 -0.917911053 -0.271754742 0.039002683 -0.961575747 94.531188965
-0.946329594 0.078284793 0.313579649 -8.040550232 0.086360060 0.996192634 0.011921440 -0.919677496 -0.311452478 0.038362365 -0.949487209 94.005683899
-0.931798100 0.072945483 0.355571628 -7.818138123 0.081928082 0.996585548 0.010248337 -0.928862572 -0.353609949 0.038680680 -0.934592843 93.499275208
-0.914589286 0.065381311 0.399063826 -7.560699463 0.074915983 0.997155130 0.008324595 -0.930214405 -0.397384256 0.037509844 -0.916885495 93.017311096
-0.894434094 0.055588551 0.443731904 -7.295730591 0.065934964 0.997792602 0.007907066 -0.942961454 -0.442312866 0.036329791 -0.896124840 92.558448792
-0.870582223 0.046681978 0.489804029 -6.994392395 0.058072291 0.998279750 0.008074691 -0.948758364 -0.488584489 0.035473719 -0.871795535 92.109336853
-0.843027711 0.037869759 0.536535680 -6.681678772 0.049956188 0.998719335 0.008001662 -0.952589989 -0.535545528 0.033548895 -0.843839884 91.687896729
-0.812463403 0.031281531 0.582172930 -6.345657349 0.044531584 0.998972058 0.008469807 -0.948969603 -0.581309557 0.032806482 -0.813021183 91.270675659
-0.779470444 0.022604166 0.626031101 -6.010192871 0.038149558 0.999206781 0.011421502 -0.968685865 -0.625276327 0.032785531 -0.779714465 90.912338257
-0.741737366 0.018004347 0.670448780 -5.632369995 0.035676118 0.999283552 0.012634616 -0.975695372 -0.669740915 0.033290576 -0.741848230 90.544723511
-0.699697733 0.015182587 0.714277864 -5.255447388 0.035381213 0.999283791 0.013418358 -0.991501331 -0.713562608 0.034660809 -0.699733734 90.203369141
-0.655349135 0.015982065 0.755157232 -4.852554321 0.036592074 0.999274015 0.010607216 -0.980315924 -0.754439473 0.034584194 -0.655458093 89.892601013
-0.608757257 0.017114773 0.793172181 -4.423561096 0.038142294 0.999242544 0.007712805 -0.991450071 -0.792439342 0.034948628 -0.608948946 89.599143982
-0.564693093 0.016596831 0.825134039 -3.946144104 0.035327904 0.999367476 0.004075814 -0.992175341 -0.824544489 0.031451840 -0.564922214 89.389976501
-0.513972998 0.014293071 0.857687533 -3.486190796 0.034195248 0.999407828 0.003836852 -0.995860696 -0.857124746 0.031300873 -0.514157414 89.154739380
-0.461662054 0.012314653 0.886970460 -3.004562378 0.031606380 0.999497056 0.002573936 -1.000150681 -0.886492670 0.029222211 -0.461819053 88.945602417
-0.409605861 0.010375069 0.912203729 -2.509765625 0.026115894 0.999658883 0.000357037 -1.000504732 -0.911888838 0.023969257 -0.409737110 88.785446167
-0.355930924 0.009686465 0.934462309 -2.060562134 0.025116891 0.999684215 -0.000795683 -1.008972883 -0.934174895 0.023187578 -0.356061816 88.637168884
-0.304189682 0.012350176 0.952531576 -1.571517944 0.026173044 0.999646842 -0.004602734 -1.017242312 -0.952251971 0.023530545 -0.304405451 88.513900757
-0.255649209 0.015590776 0.966643989 -1.096313477 0.025861677 0.999622405 -0.009283019 -1.029624581 -0.966423750 0.022625836 -0.255955935 88.414688110
-0.211017966 0.014721320 0.977371275 -0.595100403 0.017671930 0.999780595 -0.011243419 -1.038595915 -0.977322400 0.014899474 -0.211231828 88.353683472
-0.171070218 0.013202133 0.985170364 -0.091377258 0.014112370 0.999840498 -0.010948177 -1.044548273 -0.985157728 0.012030181 -0.171229243 88.301261902
-0.136919260 0.014080328 0.990482271 0.417373657 0.011847601 0.999850750 -0.012575756 -1.055881023 -0.990511477 0.010012975 -0.137065649 88.273735046
-0.107164025 0.016921178 0.994097471 0.943832397 0.014225513 0.999778926 -0.015484373 -1.076778769 -0.994139671 0.012482179 -0.107381105 88.218948364
-0.083246946 0.019436467 0.996339500 1.469352722 0.014515430 0.999727368 -0.018289756 -1.098043203 -0.996423364 0.012939730 -0.083506465 88.189346313
-0.063857913 0.024468543 0.997659087 2.000518799 0.012975262 0.999635220 -0.023686497 -1.114588976 -0.997874737 0.011432320 -0.064152122 88.172309875
-0.049233794 0.031085681 0.998303413 2.541435242 0.011505614 0.999466896 -0.030554483 -1.123686552 -0.998721004 0.009981779 -0.049565196 88.163459778
-0.037692189 0.033069901 0.998742223 3.083610535 0.014626648 0.999363422 -0.032538474 -1.132997036 -0.999182522 0.013381808 -0.038151860 88.151390076
-0.028682113 0.029426172 0.999155521 3.660675049 0.016132101 0.999450028 -0.028971760 -1.162543654 -0.999458551 0.015287511 -0.029141068 88.121498108
-0.022362232 0.024638716 0.999446452 4.231109619 0.017028261 0.999560654 -0.024260538 -1.187130928 -0.999605060 0.016476315 -0.022771955 88.116844177
-0.018223643 0.021666680 0.999599278 4.814773560 0.016164117 0.999640882 -0.021372901 -1.211729527 -0.999703407 0.015768148 -0.018567324 88.120887756
-0.016930223 0.021581765 0.999623835 5.415817261 0.016415954 0.999638259 -0.021304050 -1.229821682 -0.999722004 0.016049096 -0.017278433 88.116401672
-0.015667558 0.022410354 0.999626100 6.032127380 0.018630030 0.999581814 -0.022117365 -1.248561382 -0.999703705 0.018276539 -0.016078591 88.101577759
-0.014655590 0.022900516 0.999630392 6.659912109 0.022407288 0.999494135 -0.022568887 -1.266971588 -0.999641538 0.022068247 -0.015161276 88.091018677
-0.014673710 0.024172490 0.999600112 7.301460266 0.025233766 0.999398291 -0.023797188 -1.284951210 -0.999573886 0.024874480 -0.015274882 88.088150024
-0.015127897 0.024474280 0.999585986 7.973129272 0.027630085 0.999328852 -0.024049826 -1.305785656 -0.999503732 0.027254822 -0.015794039 88.074584961
-0.014977574 0.024809374 0.999580026 8.630790710 0.029422840 0.999270141 -0.024360815 -1.322505713 -0.999454856 0.029045617 -0.015696645 88.061363220
-0.015016556 0.024170334 0.999595165 9.311256409 0.030963508 0.999239564 -0.023696588 -1.343669772 -0.999407768 0.030595129 -0.015753627 88.051948547
-0.014412522 0.024190692 0.999603570 10.004684448 0.034344435 0.999129355 -0.023684036 -1.363310099 -0.999306262 0.033989470 -0.015230775 88.036003113
-0.013037562 0.024131387 0.999623835 10.721405029 0.039591670 0.998937249 -0.023598442 -1.383617878 -0.999130964 0.039269108 -0.013979197 88.020454407
-0.010210156 0.024293752 0.999652803 11.452590942 0.043552477 0.998766959 -0.023827396 -1.404941440 -0.998999000 0.043294072 -0.011255622 88.005058289
-0.005833745 0.024274059 0.999688387 12.189498901 0.046518393 0.998629630 -0.023976892 -1.426438570 -0.998900473 0.046364021 -0.006954908 87.998809814
0.000647247 0.024385715 0.999702394 12.952697754 0.050019536 0.998450458 -0.024387559 -1.448116183 -0.998748004 0.050020434 -0.000573516 87.997962952
0.009192765 0.023954557 0.999670804 13.728828430 0.052964382 0.998298049 -0.024408713 -1.469363451 -0.998554111 0.053171325 0.007908404 87.999198914
0.018561721 0.022355894 0.999577820 14.516418457 0.055510327 0.998184919 -0.023355547 -1.495020390 -0.998285651 0.055920407 0.017287016 88.016357422
0.029064417 0.021160260 0.999353588 15.319992065 0.056245714 0.998157263 -0.022770738 -1.514582634 -0.997993886 0.056871176 0.027820706 88.033493042
0.039663374 0.019318338 0.999026418 16.144134521 0.053137008 0.998357594 -0.021415059 -1.537703395 -0.997799277 0.053934664 0.038571715 88.085556030
0.050168812 0.019371631 0.998552859 16.983955383 0.051363625 0.998438776 -0.021950001 -1.561823964 -0.997419119 0.052390497 0.049095511 88.133163452
0.060900211 0.020825289 0.997926652 17.820365906 0.048171662 0.998556018 -0.023778187 -1.590594888 -0.996980846 0.049519878 0.059809089 88.201110840
0.071584880 0.025243441 0.997115135 18.677822113 0.044154998 0.998619497 -0.028451513 -1.624849081 -0.996456802 0.046064317 0.070371449 88.266418457
0.080184817 0.029333891 0.996348441 19.538330078 0.040210996 0.998658001 -0.032638028 -1.658297896 -0.995968759 0.042681240 0.078897655 88.350746155
0.086459100 0.031040216 0.995771766 20.403869629 0.033231262 0.998868465 -0.034022093 -1.686794758 -0.995701015 0.036032274 0.085329771 88.450424194
0.089626312 0.029020350 0.995552659 21.267147064 0.027737763 0.999114990 -0.031621333 -1.726286054 -0.995589256 0.030448508 0.088742018 88.537689209
0.090259254 0.027068535 0.995550454 22.143047333 0.022738693 0.999313951 -0.029232416 -1.765403748 -0.995658755 0.025276015 0.089581847 88.632171631
0.087783098 0.026173875 0.995795786 23.008472443 0.018408567 0.999441385 -0.027892487 -1.799614787 -0.995969653 0.020779664 0.087252259 88.722785950
0.083448350 0.025291545 0.996191204 23.869472504 0.013970857 0.999549925 -0.026547125 -1.842016459 -0.996414244 0.016132962 0.083057404 88.804687500
0.077179790 0.026261361 0.996671379 24.728713989 0.011138512 0.999567926 -0.027200226 -1.877192020 -0.996955037 0.013200745 0.076853931 88.878753662
0.068943501 0.027449518 0.997242868 25.589107513 0.008265309 0.999571383 -0.028085027 -1.907953739 -0.997586370 0.010178803 0.068687081 88.942611694
0.058594048 0.028106201 0.997886240 26.451313019 0.005663655 0.999578118 -0.028486418 -1.943809628 -0.998265862 0.007320818 0.058410108 89.000991821
0.047359347 0.026620340 0.998523235 27.300590515 0.003821734 0.999632657 -0.026831184 -1.977225304 -0.998870730 0.005086801 0.047240198 89.047073364
0.035966694 0.023966456 0.999065757 28.161716461 0.003262827 0.999704242 -0.024099240 -2.012168884 -0.999347866 0.004126553 0.035877883 89.080566406
0.024368584 0.022228334 0.999455988 29.018856049 0.003018537 0.999746561 -0.022308396 -2.044718266 -0.999698579 0.003560521 0.024295330 89.091392517
0.012203097 0.023235457 0.999655545 29.863952637 0.004259204 0.999719679 -0.023288941 -2.079885721 -0.999916494 0.004541933 0.012100697 89.104797363
0.000274181 0.024808353 0.999692321 30.710086823 0.005981158 0.999674320 -0.024809550 -2.108065367 -0.999982238 0.005986123 0.000125706 89.101516724
-0.011658192 0.025301049 0.999611914 31.562431335 0.007801531 0.999651730 -0.025211070 -2.139776707 -0.999901652 0.007504589 -0.011851549 89.087570190
-0.024012089 0.024564413 0.999410033 32.409179688 0.009525233 0.999658346 -0.024341667 -2.171514034 -0.999666512 0.008935122 -0.024237871 89.068603516
-0.035076261 0.023606028 0.999105930 33.248645782 0.010566648 0.999673903 -0.023248481 -2.204285622 -0.999328911 0.009741731 -0.035314202 89.037063599
-0.045442581 0.023785319 0.998683751 34.088115692 0.013125695 0.999644399 -0.023210946 -2.229339123 -0.998880744 0.012053653 -0.045738578 88.999122620
-0.053228140 0.024318404 0.998286247 34.931838989 0.015004452 0.999610066 -0.023550622 -2.259161472 -0.998469651 0.013725182 -0.053572297 88.953247070
-0.058643341 0.025920292 0.997942448 35.768291473 0.016719634 0.999548137 -0.024979481 -2.287229776 -0.998138964 0.015220354 -0.059050202 88.900817871
-0.062028170 0.028593309 0.997664750 36.610504150 0.017082550 0.999473512 -0.027583070 -2.322135210 -0.997928202 0.015331727 -0.062484026 88.836883545
-0.064543724 0.031581100 0.997415185 37.478092194 0.018726276 0.999361455 -0.030430937 -2.351209402 -0.997739315 0.016713751 -0.065093875 88.790298462
-0.065303445 0.033299807 0.997309864 38.345592499 0.019488666 0.999294937 -0.032089990 -2.387720346 -0.997675300 0.017340653 -0.065906405 88.736648560
-0.064829588 0.033823479 0.997322977 39.210163116 0.020130143 0.999266386 -0.032580860 -2.421854973 -0.997693300 0.017964054 -0.065462828 88.687675476
-0.062758565 0.033252023 0.997474849 40.094165802 0.019973388 0.999286473 -0.032055754 -2.454692841 -0.997829020 0.017911183 -0.063377976 88.635314941
-0.060040355 0.031223305 0.997707665 40.989364624 0.019947827 0.999348581 -0.030074241 -2.489817142 -0.997996807 0.018096434 -0.060624003 88.580642700
-0.057724476 0.028527999 0.997924984 41.882770538 0.020181907 0.999420702 -0.027403349 -2.529145479 -0.998128653 0.018558187 -0.058266759 88.529548645
-0.055146933 0.026987959 0.998113453 42.783809662 0.020569351 0.999453187 -0.025887704 -2.560322285 -0.998266399 0.019102918 -0.055671930 88.481918335
-0.053737640 0.025339695 0.998233676 43.681106567 0.018074432 0.999538898 -0.024399837 -2.594733238 -0.998391628 0.016731320 -0.054170847 88.441139221
-0.053470969 0.025366811 0.998247147 44.595092773 0.016186411 0.999567986 -0.024533352 -2.624073744 -0.998438239 0.014846215 -0.053858399 88.401435852
-0.054989696 0.025556669 0.998159885 45.473026276 0.011755381 0.999619663 -0.024946431 -2.660187483 -0.998417795 0.010361955 -0.055269241 88.356117249
-0.059461951 0.025784625 0.997897565 46.350669861 0.006937714 0.999652863 -0.025416583 -2.695696831 -0.998206496 0.005411809 -0.059620261 88.318771362
-0.065499902 0.026281096 0.997506559 47.266635895 0.001234466 0.999654472 -0.026256630 -2.725052357 -0.997851968 -0.000488416 -0.065509677 88.259155273
-0.075750709 0.026733380 0.996768475 48.163978577 -0.003486203 0.999627352 -0.027074996 -2.759093761 -0.997120857 -0.005525884 -0.075629354 88.205863953
-0.089872241 0.029142886 0.995527029 49.061862946 -0.007430441 0.999524355 -0.029930698 -2.802525043 -0.995925784 -0.010087135 -0.089612842 88.141326904
-0.106360435 0.032765266 0.993787825 49.932373047 -0.011317836 0.999352276 -0.034160022 -2.847060442 -0.994263411 -0.014880794 -0.105920672 88.059234619
-0.124782681 0.034102086 0.991597950 50.820045471 -0.011674560 0.999289513 -0.035835735 -2.879218340 -0.992115498 -0.016048145 -0.124295831 87.953262329
-0.144379973 0.030765882 0.989044011 51.698467255 -0.009062517 0.999433517 -0.032412004 -2.922145844 -0.989480913 -0.013642868 -0.144019365 87.822433472
-0.164953470 0.026394365 0.985948205 52.581817627 -0.005936790 0.999597192 -0.027753009 -2.955067635 -0.986283541 -0.010431321 -0.164730430 87.671463013
-0.186719298 0.024879793 0.982098222 53.431632996 -0.004881306 0.999643445 -0.026252320 -2.997431040 -0.982401192 -0.009695737 -0.186531305 87.512390137
-0.208157063 0.025361363 0.977766693 54.292335510 -0.000322731 0.999661922 -0.025997993 -3.035046577 -0.978095472 -0.005727220 -0.208078504 87.332145691
-0.227848291 0.027594374 0.973305702 55.122016907 0.005148043 0.999618530 -0.027135236 -3.075131655 -0.973683178 -0.001172096 -0.227903366 87.119140625
-0.247753143 0.027133090 0.968443155 55.969963074 0.010291041 0.999625027 -0.025374003 -3.107279062 -0.968768537 0.003679801 -0.247939467 86.898651123
-0.266511917 0.026850216 0.963457704 56.797424316 0.014478054 0.999610662 -0.023852831 -3.141191483 -0.963723063 0.007591932 -0.266796827 86.658370972
-0.282550931 0.029049162 0.958812356 57.619766235 0.019869521 0.999504149 -0.024426682 -3.173550844 -0.959046483 0.012149357 -0.282988071 86.401367188
-0.297331572 0.030738756 0.954279482 58.441848755 0.021343093 0.999445856 -0.025543619 -3.199454784 -0.954535842 0.012772353 -0.297822833 86.137161255
-0.309987426 0.028361497 0.950317621 59.276145935 0.024150679 0.999467313 -0.021950539 -3.225235701 -0.950433969 0.016146423 -0.310507298 85.862503052
-0.320428371 0.019180356 0.947078586 60.108444214 0.025904315 0.999598503 -0.011479702 -3.245562315 -0.946918488 0.020855000 -0.320796490 85.586936951
-0.328206897 0.008826736 0.944564760 60.948318481 0.024223186 0.999706149 -0.000925217 -3.262768984 -0.944295347 0.022576703 -0.328324318 85.297851562
-0.332689404 0.005480622 0.943020582 61.777847290 0.025426678 0.999671698 0.003160442 -3.279356003 -0.942693651 0.025029324 -0.332719445 85.004699707
-0.334105730 0.013185534 0.942443430 62.619033813 0.027562505 0.999611199 -0.004214171 -3.291085720 -0.942132592 0.024568122 -0.334339261 84.703727722
-0.334817171 0.025126617 0.941948116 63.432388306 0.029564604 0.999432385 -0.016151229 -3.306937695 -0.941819310 0.022440616 -0.335369945 84.415496826
-0.334198356 0.034583848 0.941867948 64.267318726 0.029800076 0.999214649 -0.026115710 -3.324423552 -0.942031443 0.019339910 -0.334966540 84.125869751
-0.333773375 0.036177412 0.941959023 65.113670349 0.030155793 0.999161601 -0.027688984 -3.349696875 -0.942171037 0.019163677 -0.334584594 83.829467773
-0.334585667 0.032727148 0.941796899 65.960563660 0.030425033 0.999250948 -0.023914766 -3.382033587 -0.941874087 0.020652663 -0.335330725 83.530975342
-0.336794734 0.026886284 0.941194355 66.811637878 0.029592086 0.999400675 -0.017959861 -3.420366287 -0.941113174 0.021803116 -0.337388515 83.224365234
-0.341563940 0.022940056 0.939578712 67.673194885 0.030525638 0.999445438 -0.013304777 -3.442822218 -0.939362884 0.024136806 -0.342074871 82.914733887
-0.347438097 0.020607362 0.937476456 68.544311523 0.031045200 0.999463201 -0.010464276 -3.463559628 -0.937188864 0.025468457 -0.347891450 82.589752197
-0.356078029 0.021625876 0.934206009 69.405570984 0.030984856 0.999455690 -0.011326279 -3.484338999 -0.933942437 0.024913199 -0.356554389 82.262290955
-0.366930723 0.025040636 0.929911256 70.282051086 0.030346407 0.999427795 -0.014938286 -3.502004862 -0.929753244 0.022738148 -0.367480755 81.922348022
-0.380334973 0.027505666 0.924439847 71.137260437 0.032968398 0.999325573 -0.016169887 -3.521406651 -0.924261153 0.024327325 -0.380985260 81.562973022
-0.394684076 0.028982811 0.918359697 72.008102417 0.032571293 0.999315500 -0.017539537 -3.547156572 -0.918239474 0.022989590 -0.395357847 81.188850403
-0.408468485 0.033532642 0.912156284 72.870201111 0.032588050 0.999223590 -0.022140302 -3.576351166 -0.912190497 0.020681778 -0.409244180 80.807128906
-0.420510054 0.043337490 0.906252384 73.728981018 0.035574090 0.998878002 -0.031260177 -3.604558468 -0.906590343 0.019093892 -0.421579838 80.411605835
-0.430993438 0.048002895 0.901077330 74.576385498 0.038281661 0.998657644 -0.034890808 -3.639478683 -0.901542664 0.019457027 -0.432252526 80.002029419
-0.438681245 0.045409180 0.897494912 75.452011108 0.037827402 0.998770356 -0.032043837 -3.676209450 -0.897846460 0.019892870 -0.439859629 79.573638916
-0.443479419 0.039881896 0.895397067 76.321853638 0.038674090 0.998930573 -0.025338586 -3.716190815 -0.895450056 0.023391526 -0.444547534 79.144073486
-0.445746303 0.039018892 0.894308627 77.215492249 0.039365686 0.998937488 -0.023963010 -3.747938871 -0.894293427 0.024523646 -0.446808696 78.692337036
-0.447085500 0.038762584 0.893650889 78.097877502 0.040620431 0.998909771 -0.023006206 -3.778120995 -0.893568397 0.026014742 -0.448172688 78.252883911
-0.447501659 0.039907455 0.893392324 78.980995178 0.041877508 0.998843014 -0.023641385 -3.810698032 -0.893302143 0.026833484 -0.448655128 77.807128906
-0.448437929 0.037726399 0.893017530 79.863304138 0.040634777 0.998936296 -0.021795871 -3.848551035 -0.892889917 0.026513472 -0.449494004 77.367225647
-0.449406385 0.037563395 0.892537534 80.749092102 0.039346527 0.998978257 -0.022231497 -3.880930185 -0.892460704 0.025127273 -0.450425267 76.927978516
-0.450473428 0.035145275 0.892097831 81.617134094 0.036031567 0.999126434 -0.021167310 -3.915054083 -0.892062426 0.022608368 -0.451346278 76.489501953
-0.452541113 0.033768393 0.891103983 82.490745544 0.032567188 0.999241948 -0.021327257 -3.950790882 -0.891148686 0.019369291 -0.453297734 76.053665161
-0.457437158 0.031414554 0.888687015 83.367118835 0.027782867 0.999392807 -0.021027165 -3.988563538 -0.888807952 0.015071666 -0.458032250 75.620971680
-0.464204788 0.029891185 0.885223627 84.241302490 0.024274740 0.999484301 -0.021019917 -4.020280361 -0.885395408 0.011731029 -0.464690924 75.171432495
-0.473013759 0.024762189 0.880707085 85.097396851 0.018227039 0.999666095 -0.018317420 -4.048641682 -0.880866587 0.007388292 -0.473307133 74.726150513
-0.482892752 0.021927910 0.875404954 85.937789917 0.017176135 0.999731302 -0.015567412 -4.086364746 -0.875511110 0.007518684 -0.483139634 74.264862061
-0.494025588 0.020044049 0.869216502 86.802009583 0.017704150 0.999758840 -0.012992066 -4.109818459 -0.869267344 0.008970326 -0.494261265 73.782745361
-0.505587697 0.019686341 0.862550914 87.629623413 0.015775688 0.999783456 -0.013571477 -4.133463860 -0.862631321 0.006745762 -0.505788803 73.302764893
-0.517927408 0.018174168 0.855231464 88.456367493 0.015420392 0.999810159 -0.011907974 -4.154955864 -0.855285585 0.007020537 -0.518109322 72.808174133
-0.530142903 0.017299751 0.847731888 89.263572693 0.014022449 0.999834001 -0.011634549 -4.191129208 -0.847792447 0.005719304 -0.530297518 72.300765991
-0.543290734 0.018381923 0.839343369 90.056892395 0.014133688 0.999818861 -0.012747931 -4.213097572 -0.839425623 0.004937184 -0.543452144 71.790802002
-0.556079507 0.020656403 0.830872416 90.837776184 0.013620954 0.999783337 -0.015739596 -4.241094112 -0.831017554 0.002564809 -0.556240439 71.268753052
-0.568723083 0.021179609 0.822256446 91.644943237 0.013916806 0.999773085 -0.016126351 -4.265712738 -0.822411418 0.002271756 -0.568888783 70.728973389
-0.581105471 0.020511014 0.813570023 92.410797119 0.014226059 0.999785602 -0.015044534 -4.293254852 -0.813704193 0.002831437 -0.581272721 70.186050415
-0.593114495 0.019010289 0.804893732 93.161437988 0.014990514 0.999808669 -0.012567574 -4.324151039 -0.804978609 0.004611762 -0.593286037 69.626014709
-0.604697943 0.019760611 0.796209931 93.909095764 0.016953664 0.999785006 -0.011937204 -4.354033470 -0.796274602 0.006280274 -0.604902983 69.062004089
-0.614792228 0.021153878 0.788405657 94.635757446 0.019224387 0.999745190 -0.011833361 -4.379409790 -0.788455069 0.007881558 -0.615042210 68.494163513
-0.623106718 0.023213610 0.781792521 95.356849670 0.022300873 0.999680400 -0.011909006 -4.401072025 -0.781819105 0.010014075 -0.623425245 67.917892456
-0.628926635 0.025978902 0.777030349 96.059539795 0.027042152 0.999567807 -0.011531262 -4.422744751 -0.776994050 0.013760255 -0.629357338 67.338073730
-0.632642031 0.026915552 0.773976684 96.761367798 0.029778874 0.999502242 -0.010417359 -4.447484016 -0.773871839 0.016457694 -0.633128643 66.755668640
-0.635236740 0.029289940 0.771762073 97.453193665 0.033115774 0.999394536 -0.010671496 -4.470560551 -0.771607399 0.018778570 -0.635822177 66.188598633
-0.635827899 0.030686956 0.771220744 98.136856079 0.034979139 0.999328315 -0.010925064 -4.489912510 -0.771037996 0.020030173 -0.636474252 65.622489929
-0.635080218 0.032805160 0.771749318 98.811187744 0.038259782 0.999207377 -0.010989491 -4.514194965 -0.771498144 0.022547752 -0.635831952 65.070571899
-0.632810950 0.034145866 0.773553252 99.479949951 0.040748436 0.999111414 -0.010767808 -4.529695988 -0.773233593 0.024707099 -0.633639932 64.518936157
-0.629176497 0.034483537 0.776497424 100.130172729 0.042088650 0.999061167 -0.010264017 -4.553629875 -0.776122391 0.026223848 -0.630037189 63.994606018
-0.624380112 0.035805620 0.780299723 100.764938354 0.044643350 0.998951793 -0.010116206 -4.580155373 -0.779844046 0.028518837 -0.625324130 63.483692169
-0.618892074 0.036359005 0.784634292 101.384101868 0.045656495 0.998904347 -0.010275790 -4.600715160 -0.784148276 0.029464044 -0.619874001 63.001007080
-0.613966823 0.036351811 0.788494527 101.994888306 0.046204206 0.998881221 -0.010074006 -4.621852875 -0.787978590 0.030246656 -0.614959478 62.530632019
-0.609375954 0.034825977 0.792116523 102.587036133 0.044710200 0.998954594 -0.009524180 -4.646616936 -0.791620135 0.029611880 -0.610296011 62.092864990
-0.604694128 0.034283508 0.795719802 103.171585083 0.044590112 0.998963416 -0.009154727 -4.668051720 -0.795208812 0.029945424 -0.605596066 61.644302368
-0.601475477 0.033568695 0.798186004 103.733093262 0.044267155 0.998982251 -0.008655794 -4.687143326 -0.797664165 0.030127173 -0.602349281 61.229339600
-0.599270225 0.035324793 0.799767435 104.290275574 0.043934245 0.998971581 -0.011203254 -4.705169678 -0.799340725 0.028423401 -0.600205898 60.825134277
-0.598742604 0.037706207 0.800053477 104.822669983 0.043540377 0.998946488 -0.014495291 -4.724466801 -0.799757183 0.026155679 -0.599753618 60.411247253
-0.600232363 0.043004036 0.798668921 105.360702515 0.045469567 0.998773277 -0.019606356 -4.748549938 -0.798532367 0.024546759 -0.601451397 60.001800537
-0.602764726 0.048718069 0.796430349 105.900382996 0.048240881 0.998533487 -0.024570540 -4.770772457 -0.796459436 0.023610244 -0.604231000 59.591255188
-0.605976939 0.050190140 0.793897390 106.425621033 0.050847422 0.998410583 -0.024307931 -4.791625500 -0.793855608 0.025637591 -0.607565880 59.180725098
-0.610357046 0.046274155 0.790773690 106.955200195 0.051082529 0.998513639 -0.019002648 -4.806973457 -0.790477633 0.028796323 -0.611813664 58.771423340
-0.614344120 0.037848465 0.788130224 107.480484009 0.049701251 0.998721600 -0.009219821 -4.827609539 -0.787471652 0.033506911 -0.615439892 58.363265991
-0.619291306 0.030846184 0.784555316 108.009063721 0.047597986 0.998865128 -0.001700540 -4.849771976 -0.783717394 0.036290120 -0.620056629 57.950462341
-0.624196410 0.029954327 0.780693173 108.531105042 0.045266729 0.998972654 -0.002136857 -4.869462490 -0.779955149 0.034005605 -0.624911189 57.532546997
-0.628118396 0.032601815 0.777434587 109.035758972 0.042952698 0.999051213 -0.007192256 -4.881299019 -0.776931465 0.028875323 -0.628922701 57.129684448
-0.631201267 0.036920205 0.774739802 109.578529358 0.042416953 0.999014795 -0.013049792 -4.888246536 -0.774458289 0.024625054 -0.632145405 56.694030762
-0.633179665 0.037161894 0.773112476 110.098480225 0.039704092 0.999091148 -0.015506548 -4.898610592 -0.772986054 0.020877298 -0.634079695 56.267738342
-0.634941578 0.036904231 0.771678269 110.630126953 0.038073786 0.999139428 -0.016454846 -4.913290977 -0.771621406 0.018932845 -0.635800242 55.838539124
-0.636479855 0.035954226 0.770455062 111.160469055 0.035756487 0.999214351 -0.017090810 -4.936184406 -0.770464242 0.016670808 -0.637265444 55.406211853
-0.637321472 0.036151271 0.769749522 111.700622559 0.035255436 0.999220908 -0.017738312 -4.955155373 -0.769791067 0.015832849 -0.638099432 54.963027954
-0.636450171 0.036397528 0.770458758 112.253898621 0.036308613 0.999192417 -0.017209904 -4.967730045 -0.770462930 0.017021043 -0.637257695 54.495605469
-0.635221481 0.033665486 0.771596193 112.811813354 0.038172677 0.999197066 -0.012170041 -4.975523949 -0.771386325 0.021723220 -0.635996580 54.037841797
-0.631811142 0.026194807 0.774679661 113.377876282 0.037258152 0.999299884 -0.003403154 -4.996026993 -0.774226427 0.026712980 -0.632344842 53.582244873
-0.626379609 0.023771780 0.779155791 113.956474304 0.037913758 0.999280989 -0.000008069 -5.006698608 -0.778595746 0.029535666 -0.626830578 53.122795105
-0.620093703 0.023833761 0.784165919 114.532630920 0.037737153 0.999287546 -0.000530777 -5.014564037 -0.783619881 0.029263055 -0.620551348 52.678268433
-0.612993002 0.024316937 0.789714396 115.127479553 0.034198403 0.999406099 -0.004228270 -5.018883228 -0.789348245 0.024415068 -0.613460541 52.230979919
-0.606560707 0.021854717 0.794737101 115.743331909 0.031124216 0.999508560 -0.003731121 -5.024277687 -0.794428051 0.022472415 -0.606942773 51.778190613
-0.600034833 0.017215448 0.799788713 116.371902466 0.024335237 0.999698520 -0.003261198 -5.031774521 -0.799603701 0.017506214 -0.600272894 51.328506470
-0.594960809 0.013643565 0.803638995 117.010025024 0.017799886 0.999834359 -0.003796568 -5.041860104 -0.803557634 0.012045871 -0.595105171 50.869453430
-0.591511369 0.012427425 0.806200981 117.658210754 0.007176714 0.999922752 -0.010148037 -5.051653385 -0.806264818 -0.000216805 -0.591554761 50.420547485
-0.589251876 0.014226512 0.807824135 118.308219910 -0.000850156 0.999833465 -0.018228101 -5.065855026 -0.807948947 -0.011427719 -0.589141607 49.962829590
-0.587242246 0.011853690 0.809324503 118.979370117 -0.010334354 0.999701440 -0.022140590 -5.085035801 -0.809345365 -0.021365734 -0.586944461 49.509086609
-0.585831881 0.012032563 0.810343683 119.655487061 -0.010096755 0.999703825 -0.022143690 -5.100867748 -0.810370088 -0.021154312 -0.585536838 49.033920288
-0.583705902 0.009865271 0.811905384 120.340232849 -0.009056338 0.999784887 -0.018659055 -5.125088215 -0.811914802 -0.018244289 -0.583490968 48.546440125
-0.582388163 0.006012333 0.812888682 121.019691467 -0.011763343 0.999805629 -0.015822578 -5.153548241 -0.812825799 -0.018777169 -0.582204223 48.065475464
-0.582287312 0.005077796 0.812967479 121.733253479 -0.011937943 0.999819279 -0.014795412 -5.174569130 -0.812895715 -0.018320335 -0.582121372 47.574485779
-0.581848741 0.009270822 0.813244164 122.444473267 -0.007969933 0.999822021 -0.017099990 -5.190587997 -0.813257933 -0.016431110 -0.581671238 47.059677124
-0.583428621 0.012537693 0.812067628 123.141105652 -0.005617643 0.999794602 -0.019472037 -5.213506222 -0.812144995 -0.015922450 -0.583238363 46.544311523
-0.585484505 0.010526524 0.810615420 123.875442505 -0.007510247 0.999802351 -0.018407714 -5.234537125 -0.810648978 -0.016865350 -0.585289717 46.029884338
-0.586368561 0.008673890 0.809998035 124.608169556 -0.006268172 0.999864161 -0.015244693 -5.258561134 -0.810020268 -0.014016215 -0.586234570 45.499511719
-0.587748528 0.007393326 0.809010208 125.354576111 -0.003819916 0.999921739 -0.011913197 -5.277783871 -0.809035003 -0.010092311 -0.587674260 44.955345154
-0.589275599 0.005857041 0.807910860 126.102951050 -0.007062152 0.999898195 -0.012399880 -5.293574810 -0.807901204 -0.013012536 -0.589174271 44.420440674
-0.591008306 0.003869747 0.806656182 126.880798340 -0.011604300 0.999844253 -0.013298580 -5.308260441 -0.806581974 -0.017220251 -0.590871334 43.873481750
-0.592190385 0.004314273 0.805786729 127.644760132 -0.011774133 0.999832571 -0.014006284 -5.326298714 -0.805712283 -0.017781824 -0.592040420 43.318595886
-0.593831539 0.002553225 0.804585576 128.413345337 -0.010633483 0.999882698 -0.011021105 -5.347508430 -0.804519355 -0.015100223 -0.593734741 42.751983643
-0.595264912 -0.004990611 0.803514302 129.189987183 -0.014638850 0.999882102 -0.004634602 -5.364398479 -0.803396404 -0.014521339 -0.595267892 42.186866760
-0.596894622 -0.011986194 0.802230120 129.985778809 -0.015721440 0.999871135 0.003241722 -5.380132198 -0.802165627 -0.010677246 -0.597006083 41.609878540
-0.596875072 -0.015671462 0.802181184 130.761306763 -0.017866220 0.999820948 0.006238932 -5.386772156 -0.802135348 -0.010608084 -0.597048163 41.039794922
-0.597741485 -0.015256532 0.801543832 131.534027100 -0.021489996 0.999764562 0.003003554 -5.400943756 -0.801400959 -0.015429824 -0.597928524 40.479293823
-0.597457409 -0.013567021 0.801785886 132.307159424 -0.026360342 0.999648809 -0.002727568 -5.406947613 -0.801467299 -0.022764957 -0.597605228 39.918182373
-0.596701503 -0.012718734 0.802362680 133.083801270 -0.031019444 0.999492645 -0.007224991 -5.421172619 -0.801863730 -0.029200003 -0.596793294 39.357299805
-0.594831467 -0.014172887 0.803725779 133.864135742 -0.031039184 0.999503851 -0.005346623 -5.437738895 -0.803251266 -0.028127326 -0.594976187 38.787628174
-0.593254566 -0.012950834 0.804911017 134.658035278 -0.027911302 0.999600351 -0.004488502 -5.455492496 -0.804531157 -0.025128935 -0.593378901 38.217437744
-0.590645075 -0.007675173 0.806895077 135.448593140 -0.019191040 0.999805510 -0.004537655 -5.470252037 -0.806703329 -0.018165298 -0.590677500 37.633850098
-0.586543679 -0.004242262 0.809906483 136.214721680 -0.015831953 0.999855280 -0.006228479 -5.490749359 -0.809762836 -0.016475676 -0.586526036 37.069290161
-0.582781315 0.001655555 0.812627614 136.998260498 -0.008011069 0.999937654 -0.007782350 -5.506407738 -0.812589765 -0.011045421 -0.582731724 36.506317139
-0.580160975 0.007853298 0.814464211 137.771240234 0.003035196 0.999967396 -0.007479937 -5.528570175 -0.814496458 -0.001867508 -0.580165863 35.936523438
-0.579472661 0.006865983 0.814962983 138.553451538 -0.000826924 0.999959052 -0.009012535 -5.546124458 -0.814991474 -0.005896429 -0.579443216 35.395233154
-0.579936743 0.002611909 0.814657390 139.323394775 -0.003400772 0.999978364 -0.005627010 -5.566612720 -0.814654469 -0.006033773 -0.579915404 34.846069336
-0.580954909 -0.002914791 0.813930750 140.104614258 -0.006001107 0.999981761 -0.000702311 -5.583546638 -0.813913882 -0.005292497 -0.580961704 34.298706055
-0.581998825 -0.007989853 0.813150644 140.892562866 -0.010482277 0.999942362 0.002322720 -5.595714092 -0.813122332 -0.007171849 -0.582049012 33.753875732
-0.584550619 -0.010064585 0.811294794 141.659820557 -0.012032641 0.999920607 0.003734892 -5.607157230 -0.811268032 -0.007578786 -0.584625244 33.217590332
-0.586935639 -0.008851892 0.809585214 142.430191040 -0.015180583 0.999884784 -0.000073066 -5.617034435 -0.809491277 -0.012332860 -0.587002397 32.675308228
-0.587696314 -0.015191696 0.808939099 143.198684692 -0.022729227 0.999739110 0.002262039 -5.623986244 -0.808762431 -0.017057167 -0.587888241 32.133666992
-0.589891672 -0.008271726 0.807439923 143.952224731 -0.019666625 0.999798059 -0.004125538 -5.636181355 -0.807242751 -0.018313240 -0.589935303 31.584487915
-0.591337323 -0.005178208 0.806407869 144.710296631 -0.020848079 0.999743342 -0.008868174 -5.650687218 -0.806154966 -0.022056134 -0.591293573 31.034515381
-0.593565941 -0.000258823 0.804785550 145.467834473 -0.022559410 0.999612331 -0.016317107 -5.668641090 -0.804469347 -0.027840760 -0.593341589 30.490203857
-0.595186830 -0.000197150 0.803587317 146.212738037 -0.018523030 0.999737620 -0.013474036 -5.692502975 -0.803373814 -0.022904441 -0.595034361 29.943603516
-0.595363498 -0.003027845 0.803451002 146.971130371 -0.017378595 0.999807477 -0.009109847 -5.710471630 -0.803268731 -0.019386517 -0.595301390 29.388458252
-0.595567942 -0.008562445 0.803259552 147.723373413 -0.018548718 0.999823153 -0.003095001 -5.731263638 -0.803090990 -0.016742716 -0.595621467 28.840744019
-0.595419407 -0.003834948 0.803405821 148.472488403 -0.013621174 0.999893069 -0.005322060 -5.749838352 -0.803299487 -0.014112188 -0.595408082 28.287719727
-0.594679356 -0.002448425 0.803959489 149.215759277 -0.016238568 0.999827921 -0.008966541 -5.765207291 -0.803799212 -0.018387364 -0.594616771 27.750946045
-0.593853593 0.002628100 0.804568887 149.944519043 -0.016399318 0.999747396 -0.015370007 -5.787874699 -0.804406047 -0.022321915 -0.593660474 27.213973999
-0.593617916 -0.000023518 0.804747283 150.683517456 -0.020280173 0.999682844 -0.014930353 -5.810072899 -0.804491699 -0.025183333 -0.593430161 26.680847168
-0.593803883 -0.005170440 0.804593265 151.424911499 -0.022848025 0.999684453 -0.010438114 -5.831183434 -0.804285407 -0.024581559 -0.593734622 26.149627686
-0.594487429 -0.008769704 0.804057240 152.142044067 -0.019911727 0.999794483 -0.003817351 -5.852220058 -0.803858519 -0.018279534 -0.594539881 25.622451782
-0.595505595 -0.007784829 0.803313792 152.841979980 -0.017235056 0.999846697 -0.003087127 -5.874452114 -0.803166568 -0.015683554 -0.595548511 25.109619141
-0.597118139 -0.000374765 0.802153349 153.505523682 -0.016322548 0.999798536 -0.011683301 -5.899056911 -0.801987350 -0.020069495 -0.597003937 24.609848022
-0.599443913 0.010840813 0.800343454 154.177978516 -0.014737571 0.999589264 -0.024577832 -5.917572975 -0.800281167 -0.026528148 -0.599038005 24.114227295
-0.603771567 0.012987279 0.797051609 154.824401855 -0.010619623 0.999647498 -0.024332838 -5.945720673 -0.797086656 -0.023155862 -0.603420734 23.640213013
-0.607837677 0.007597186 0.794025123 155.463363647 -0.007449282 0.999855697 -0.015269093 -5.969228268 -0.794026554 -0.015196044 -0.607693315 23.150314331
-0.612521052 -0.001871253 0.790452123 156.089263916 -0.005642826 0.999982059 -0.002005347 -5.994696140 -0.790434182 -0.005688700 -0.612520576 22.667465210
-0.615836501 -0.007044700 0.787842453 156.686843872 -0.007506829 0.999967098 0.003073570 -6.014608860 -0.787838161 -0.004021381 -0.615869164 22.201690674
-0.620291471 -0.003460573 0.784363866 157.255569458 -0.006815275 0.999976277 -0.000977818 -6.034803391 -0.784341872 -0.005952187 -0.620300412 21.759887695
-0.622347713 0.007367222 0.782706320 157.793594360 -0.002075705 0.999936640 -0.011062344 -6.052120686 -0.782738268 -0.008509290 -0.622292995 21.322937012
-0.624617934 0.014480361 0.780796409 158.319869995 -0.000782326 0.999815941 -0.019168058 -6.066747189 -0.780930281 -0.012583547 -0.624491572 20.898162842
-0.625818133 0.018755242 0.779743791 158.826232910 0.003341555 0.999766171 -0.021365549 -6.086037636 -0.779962182 -0.010765386 -0.625734448 20.494445801
-0.623263240 0.020843599 0.781734347 159.323074341 0.009795493 0.999774396 -0.018847486 -6.100128651 -0.781950831 -0.004089471 -0.623326778 20.101043701
-0.618314266 0.025178991 0.785527766 159.805541992 0.019290518 0.999671757 -0.016858896 -6.119513035 -0.785694420 0.004729144 -0.618597031 19.740432739
-0.606536150 0.026559444 0.794612169 160.278121948 0.024331482 0.999593794 -0.014838348 -6.138939381 -0.794683516 0.010334096 -0.606936097 19.385848999
-0.588603616 0.032014787 0.807787716 160.751983643 0.032379627 0.999347329 -0.016013030 -6.163492203 -0.807773173 0.016730540 -0.589256048 19.043197632
-0.564667344 0.038163062 0.824435830 161.238510132 0.040882129 0.998997450 -0.018242775 -6.177597046 -0.824305475 0.023403592 -0.565661430 18.720550537
-0.534207821 0.041289136 0.844344437 161.732177734 0.046878964 0.998716474 -0.019178240 -6.211869240 -0.844052553 0.029336827 -0.535457730 18.420211792
-0.498413920 0.040501043 0.865992844 162.219161987 0.049320079 0.998615026 -0.018317875 -6.213099480 -0.865535378 0.033580951 -0.499721169 18.130538940
-0.460960984 0.035489604 0.886710465 162.725967407 0.042987637 0.998919964 -0.017633321 -6.235403061 -0.886378586 0.029989317 -0.461988807 17.893768311
-0.421303630 0.033413943 0.906304061 163.244628906 0.037591662 0.999105632 -0.019360568 -6.253839016 -0.906140387 0.025912795 -0.422182918 17.686645508
-0.381867170 0.036773540 0.923485458 163.765106201 0.036755949 0.999021888 -0.024582611 -6.279157162 -0.923486173 0.024556292 -0.382845283 17.494171143
-0.341004610 0.041917462 0.939126730 164.286926270 0.037600990 0.998814106 -0.030928355 -6.298970222 -0.939309478 0.024765383 -0.342176437 17.314132690
-0.300473809 0.047372065 0.952613115 164.837432861 0.035901025 0.998619795 -0.038335998 -6.317850113 -0.953114390 0.022680823 -0.301759839 17.171539307
-0.259343982 0.047358207 0.964623272 165.392974854 0.034288794 0.998618841 -0.039808508 -6.347036362 -0.965176225 0.022751672 -0.260609627 17.044937134
-0.218464971 0.044869937 0.974812686 165.959869385 0.030202949 0.998774648 -0.039204117 -6.368419647 -0.975377321 0.020877492 -0.219552517 16.956344604
-0.176898122 0.040610909 0.983390927 166.495330811 0.028749235 0.998935223 -0.036081258 -6.392459869 -0.983809114 0.021889031 -0.177877307 16.876342773
-0.140519023 0.033619080 0.989507139 167.083435059 0.021830587 0.999285579 -0.030851170 -6.423153877 -0.989837408 0.017266346 -0.141152620 16.829589844
-0.107461214 0.026360748 0.993859887 167.681854248 0.016539758 0.999557495 -0.024723511 -6.446810722 -0.994071782 0.013781385 -0.107849598 16.796722412
-0.078305960 0.023942066 0.996641874 168.280120850 0.011270510 0.999668956 -0.023129264 -6.467008591 -0.996865690 0.009421503 -0.078549981 16.781555176
-0.053891063 0.021920912 0.998306215 168.863616943 0.006371127 0.999746203 -0.021608602 -6.481118202 -0.998526514 0.005195825 -0.054017067 16.761596680
-0.036591291 0.018212734 0.999164462 169.482421875 -0.003159653 0.999826789 -0.018340522 -6.505185127 -0.999325395 -0.003828115 -0.036527395 16.771545410
-0.023980141 0.016637113 0.999574125 170.110717773 -0.015720563 0.999731600 -0.017016875 -6.524503231 -0.999588966 -0.016121930 -0.023712158 16.792114258
-0.015944004 0.019057300 0.999691427 170.726379395 -0.022828257 0.999550819 -0.019418703 -6.543361664 -0.999612391 -0.023130817 -0.015501738 16.798019409
-0.011566162 0.021880519 0.999693692 171.378662109 -0.028044853 0.999360144 -0.022197692 -6.554093361 -0.999539733 -0.028293004 -0.010945201 16.801879883
-0.010516763 0.023790263 0.999661744 172.023452759 -0.028930452 0.999291182 -0.024085799 -6.571776390 -0.999526203 -0.029173965 -0.009821057 16.803604126
-0.012328386 0.022157283 0.999678612 172.676605225 -0.030021669 0.999295533 -0.022519032 -6.589156151 -0.999473333 -0.030289637 -0.011654496 16.800643921
-0.015581727 0.020386690 0.999670744 173.328857422 -0.029180061 0.999356985 -0.020835118 -6.609274864 -0.999452710 -0.029495100 -0.014976859 16.789154053
-0.020180702 0.015428405 0.999677300 173.977035522 -0.029835884 0.999426305 -0.016026838 -6.635033131 -0.999351084 -0.030149689 -0.019708872 16.775711060
-0.025369167 0.016873807 0.999535739 174.684249878 -0.028490894 0.999439180 -0.017595302 -6.655758858 -0.999272108 -0.028924044 -0.024874210 16.756576538
-0.031204820 0.023926962 0.999226630 175.353576660 -0.029972684 0.999241412 -0.024863331 -6.680092812 -0.999063551 -0.030725354 -0.030463934 16.742599487
-0.037729740 0.034298856 0.998699248 176.035156250 -0.029882932 0.998925090 -0.035435557 -6.703708172 -0.998841166 -0.031181032 -0.036664128 16.723587036
-0.044299960 0.039355084 0.998242795 176.720199585 -0.028522493 0.998766601 -0.040641505 -6.728638172 -0.998611033 -0.030272787 -0.043122768 16.685638428
-0.050182700 0.037156906 0.998048723 177.418121338 -0.028152732 0.998857975 -0.038602579 -6.749917984 -0.998343289 -0.030034972 -0.049079299 16.644866943
-0.057777286 0.029504165 0.997893453 178.130889893 -0.030534221 0.999043345 -0.031306073 -6.781361103 -0.997862458 -0.032278679 -0.056821108 16.616744995
-0.064726949 0.023510952 0.997626185 178.873504639 -0.034457821 0.999073565 -0.025780717 -6.814711571 -0.997308075 -0.036044721 -0.063856840 16.581726074
-0.070922971 0.022147793 0.997235954 179.592636108 -0.037672859 0.998980701 -0.024865817 -6.840278149 -0.996770203 -0.039332282 -0.070016265 16.537139893
-0.076446176 0.025587991 0.996745527 180.314086914 -0.041256145 0.998733342 -0.028803188 -6.869693279 -0.996219993 -0.043323759 -0.075293660 16.495712280
-0.079840064 0.028316880 0.996405423 181.036666870 -0.039062619 0.998739719 -0.031513233 -6.895174026 -0.996042013 -0.041438226 -0.078633428 16.438690186
-0.081346393 0.030702114 0.996212900 181.768142700 -0.031044135 0.998962402 -0.033321779 -6.924063206 -0.996202290 -0.033637177 -0.080308795 16.364257812
-0.082752705 0.029475687 0.996134281 182.510894775 -0.028057938 0.999097347 -0.031894244 -6.951956749 -0.996175230 -0.030588798 -0.081851006 16.300231934
-0.083047032 0.027120698 0.996176541 183.254562378 -0.034343746 0.998957932 -0.030059515 -6.979846478 -0.995953679 -0.036708787 -0.082029104 16.250534058
-0.081481457 0.023505172 0.996397674 184.008056641 -0.039062560 0.998878419 -0.026758073 -7.007178783 -0.995909095 -0.041102130 -0.080471873 16.205688477
-0.079007745 0.022966716 0.996609449 184.760696411 -0.035646759 0.999030113 -0.025848450 -7.036075592 -0.996236503 -0.037568118 -0.078112483 16.142700195
-0.078108788 0.023266049 0.996673405 185.507492065 -0.030982796 0.999188125 -0.025752855 -7.065563202 -0.996463358 -0.032891247 -0.077324510 16.079299927
-0.077651739 0.022056520 0.996736526 186.283172607 -0.033631716 0.999128282 -0.024729559 -7.090177536 -0.996413112 -0.035442255 -0.076842308 16.027465820
-0.077368498 0.019387484 0.996814072 187.043548584 -0.036873508 0.999071240 -0.022293352 -7.111299992 -0.996320486 -0.038480833 -0.076581836 15.976821899
-0.075960875 0.016158963 0.996980011 187.822357178 -0.039762203 0.999024272 -0.019221613 -7.138672829 -0.996317804 -0.041102201 -0.075244308 15.931533813
-0.074405789 0.013595460 0.997135520 188.592010498 -0.040746246 0.999030590 -0.016661761 -7.162432671 -0.996395409 -0.041869253 -0.073779702 15.879028320
-0.073481321 0.015474639 0.997176528 189.369094849 -0.038509302 0.999089897 -0.018342057 -7.187374115 -0.996552825 -0.039748371 -0.072818518 15.820144653
-0.073017597 0.020535115 0.997119367 190.141983032 -0.033653803 0.999167919 -0.023041720 -7.211354256 -0.996762812 -0.035239302 -0.072265744 15.761123657
-0.073347926 0.024187442 0.997013152 190.906341553 -0.035158992 0.999021709 -0.026822735 -7.237303734 -0.996686578 -0.037021365 -0.072425723 15.715774536
-0.074292898 0.025811156 0.996902406 191.690383911 -0.039891195 0.998787940 -0.028832817 -7.256602764 -0.996438324 -0.041909702 -0.073173165 15.664199829
-0.075398445 0.023239326 0.996882737 192.483489990 -0.039779320 0.998862445 -0.026294153 -7.276471615 -0.996359766 -0.041637849 -0.074388266 15.609527588
-0.076475143 0.020571170 0.996859252 193.253112793 -0.036514141 0.999058723 -0.023417782 -7.313789845 -0.996402681 -0.038190339 -0.075652122 15.548416138
-0.077534795 0.022331435 0.996739507 194.032516479 -0.038842458 0.998922408 -0.025401838 -7.338153362 -0.996232688 -0.040685341 -0.076583862 15.492004395
-0.080055475 0.026998268 0.996424735 194.831451416 -0.042844392 0.998616099 -0.030499876 -7.367500782 -0.995869219 -0.045132890 -0.078787923 15.447952271
-0.082787275 0.031711157 0.996062577 195.619750977 -0.042864002 0.998455346 -0.035349954 -7.398027420 -0.995644927 -0.045621756 -0.081300139 15.389099121
-0.085470557 0.032381225 0.995814443 196.379669189 -0.043919098 0.998377800 -0.036234144 -7.430266857 -0.995372355 -0.046832215 -0.083909750 15.312255859
-0.088624477 0.032997131 0.995518446 197.197235107 -0.042252183 0.998426974 -0.036854971 -7.469979286 -0.995168626 -0.045329075 -0.087090850 15.246002197
-0.089520574 0.031504646 0.995486736 198.016891479 -0.042005174 0.998490870 -0.035377093 -7.506719589 -0.995098948 -0.044982560 -0.088062167 15.174148560
-0.091205597 0.031287786 0.995340526 198.827850342 -0.036711711 0.998721242 -0.034758043 -7.538584232 -0.995155275 -0.039710779 -0.089940429 15.098785400
-0.091394067 0.027331108 0.995439827 199.643630981 -0.033908930 0.998958170 -0.030540984 -7.577833652 -0.995237470 -0.036545556 -0.090372086 15.023834229
-0.091612935 0.024497142 0.995493412 200.472625732 -0.032352012 0.999096394 -0.027563084 -7.604011059 -0.995269120 -0.034731343 -0.090737700 14.952865601
-0.092292428 0.023472302 0.995455384 201.310302734 -0.028203955 0.999259353 -0.026176892 -7.634102821 -0.995332599 -0.030491702 -0.091562033 14.878341675
-0.091152310 0.024319131 0.995540023 202.135192871 -0.026488584 0.999288857 -0.026836017 -7.666851997 -0.995484650 -0.028816605 -0.090443254 14.798736572
-0.091213822 0.024904052 0.995519876 202.969238281 -0.023345297 0.999359012 -0.027139092 -7.694148064 -0.995557666 -0.025716169 -0.090574026 14.730056763
-0.090101361 0.026667140 0.995575488 203.802673340 -0.017223882 0.999450207 -0.028329721 -7.725761890 -0.995783627 -0.019700224 -0.089592576 14.650436401
-0.088275909 0.026998565 0.995730221 204.647720337 -0.015222695 0.999479294 -0.028449779 -7.762866020 -0.995979846 -0.017669121 -0.087818861 14.580215454
-0.085923314 0.026098680 0.995959878 205.460845947 -0.018715126 0.999438167 -0.027804416 -7.792256355 -0.996125996 -0.021028563 -0.085386515 14.510940552
-0.081797957 0.023316864 0.996376097 206.292831421 -0.023019437 0.999415398 -0.025277779 -7.819630623 -0.996383011 -0.025003687 -0.081213355 14.449249268
-0.079747438 0.021952409 0.996573329 207.130889893 -0.019967746 0.999521673 -0.023615206 -7.855472565 -0.996615112 -0.021782575 -0.079270959 14.391845703
-0.077652454 0.028747408 0.996566117 207.955657959 -0.018734029 0.999365628 -0.030287921 -7.894367695 -0.996804655 -0.021021623 -0.077064633 14.329483032
-0.076391816 0.039428730 0.996297956 208.788162231 -0.021675196 0.998916030 -0.041194301 -7.926911831 -0.996842265 -0.024741862 -0.075454473 14.278228760
-0.075045943 0.039840098 0.996383905 209.608703613 -0.023991520 0.998840213 -0.041745313 -7.955880165 -0.996891439 -0.027037578 -0.074002981 14.228317261
-0.073972821 0.028629348 0.996849358 210.445968628 -0.027419712 0.999151528 -0.030730190 -7.996659279 -0.996883392 -0.029606516 -0.073125124 14.176101685
-0.074809313 0.017540682 0.997043669 211.278610229 -0.027200267 0.999437392 -0.019623658 -8.035509109 -0.996826887 -0.028587880 -0.074290037 14.121536255
-0.075986624 0.017415296 0.996956885 212.129379272 -0.027098872 0.999442101 -0.019524144 -8.069301605 -0.996740699 -0.028499974 -0.075472355 14.058853149
-0.077887058 0.024809929 0.996653557 212.965072632 -0.030253632 0.999171078 -0.027236873 -8.096513748 -0.996503174 -0.032273781 -0.077071905 14.005691528
-0.079333901 0.029370336 0.996415496 213.799530029 -0.038997922 0.998709202 -0.032542933 -8.121322632 -0.996085167 -0.041439880 -0.078086138 13.954589844
-0.080045700 0.029443759 0.996356249 214.619827271 -0.040371116 0.998647749 -0.032754831 -8.154562950 -0.995973349 -0.042845897 -0.078748822 13.879425049
-0.080916405 0.023977444 0.996432483 215.468902588 -0.036599409 0.998964906 -0.027010480 -8.192150116 -0.996048748 -0.038654432 -0.079955101 13.821792603
-0.081510901 0.018469764 0.996501386 216.327117920 -0.035408188 0.999143481 -0.021415019 -8.220550537 -0.996043384 -0.037029862 -0.080787182 13.755477905
-0.081776261 0.016501144 0.996514320 217.177917480 -0.031996485 0.999304056 -0.019173041 -8.249975204 -0.996137142 -0.033452846 -0.081191421 13.686904907
-0.081047416 0.020621179 0.996497035 218.033111572 -0.028225565 0.999337494 -0.022975609 -8.283204079 -0.996310651 -0.029988799 -0.080411673 13.616149902
-0.080447912 0.025966736 0.996420562 218.897064209 -0.025081625 0.999291360 -0.028066559 -8.317018509 -0.996443272 -0.027249740 -0.079739690 13.546157837
-0.078983784 0.030032359 0.996423483 219.760360718 -0.021798616 0.999255061 -0.031845618 -8.344301224 -0.996637642 -0.024235936 -0.078270316 13.473373413
-0.078305960 0.027294224 0.996555686 220.645141602 -0.019812722 0.999385118 -0.028928535 -8.377214432 -0.996732533 -0.022009755 -0.077717066 13.407806396
-0.077275991 0.022651643 0.996752381 221.527023315 -0.016147427 0.999582291 -0.023967829 -8.411003113 -0.996878982 -0.017947126 -0.076877952 13.337448120
-0.076947212 0.021132402 0.996811330 222.416030884 -0.015836857 0.999623299 -0.022414517 -8.440070152 -0.996909499 -0.017511088 -0.076583624 13.272064209
-0.076887131 0.021123488 0.996816039 223.296478271 -0.023775803 0.999452412 -0.023013247 -8.470899582 -0.996756315 -0.025469521 -0.076342821 13.220001221
-0.076935887 0.021007624 0.996814668 224.187591553 -0.027215168 0.999361217 -0.023161806 -8.501787186 -0.996664524 -0.028910454 -0.076315045 13.163238525
-0.077294230 0.020060996 0.996806622 225.073547363 -0.028619744 0.999340892 -0.022331223 -8.528822899 -0.996597648 -0.030254416 -0.076669216 13.100341797
-0.079004169 0.021199327 0.996649027 225.969131470 -0.031633709 0.999217033 -0.023761546 -8.569002151 -0.996372402 -0.033404954 -0.078271747 13.040939331
-0.080894828 0.022026559 0.996479392 226.893844604 -0.033905301 0.999116361 -0.024837300 -8.588735580 -0.996145964 -0.035795134 -0.080076575 12.978363037
-0.082664490 0.019929059 0.996378183 227.756347656 -0.030852631 0.999269605 -0.022546578 -8.609991074 -0.996099830 -0.032604687 -0.081989169 12.898773193
-0.084083200 0.016795978 0.996317267 228.652862549 -0.025799634 0.999486029 -0.019026732 -8.643783569 -0.996124804 -0.027304446 -0.083606720 12.818740845
-0.085391283 0.019825652 0.996150255 229.538116455 -0.027758440 0.999366581 -0.022269156 -8.684268951 -0.995960772 -0.029553168 -0.084786892 12.748046875
-0.086966872 0.027661489 0.995827079 230.423782349 -0.020971095 0.999342084 -0.029590558 -8.714610100 -0.995990455 -0.023456980 -0.086329460 12.667648315
-0.087396145 0.029464355 0.995737851 231.336730957 -0.018868860 0.999334216 -0.031226899 -8.747129440 -0.995994925 -0.021517549 -0.086782098 12.589538574
-0.089884877 0.022076143 0.995707572 232.240768433 -0.024504531 0.999402642 -0.024370149 -8.782322884 -0.995650768 -0.026589848 -0.089290142 12.526550293
-0.090818524 0.013597601 0.995774686 233.137542725 -0.031173328 0.999377966 -0.016489934 -8.814561844 -0.995379508 -0.032539200 -0.090338111 12.455047607
-0.092327952 0.011455773 0.995662868 234.025939941 -0.035398386 0.999264002 -0.014779703 -8.848186493 -0.995099366 -0.036609434 -0.091854453 12.382186890
-0.095511794 0.012584703 0.995348811 234.953475952 -0.036351942 0.999208987 -0.016121775 -8.873244286 -0.994764388 -0.037722681 -0.094978809 12.329788208
-0.096511602 0.018990519 0.995150805 235.848815918 -0.040913690 0.998897254 -0.023029894 -8.900412560 -0.994490743 -0.042937934 -0.095628142 12.263427734
-0.095650911 0.024425425 0.995115280 236.731292725 -0.037399530 0.998904884 -0.028113304 -8.937135696 -0.994712174 -0.039905909 -0.094632745 12.173095703
-0.095007777 0.030826652 0.994999290 237.611999512 -0.032363482 0.998896420 -0.034037627 -8.972003937 -0.994950473 -0.035435468 -0.093905330 12.084808350
-0.094310284 0.026977301 0.995177269 238.505920410 -0.030012246 0.999101400 -0.029927857 -9.009772301 -0.995090365 -0.032690011 -0.093415976 12.005432129
-0.092303872 0.023028344 0.995464563 239.402770996 -0.027882440 0.999280751 -0.025702011 -9.045746803 -0.995340407 -0.030128378 -0.091595411 11.921325684
-0.089198351 0.022718759 0.995754898 240.281692505 -0.029983228 0.999225497 -0.025483798 -9.087278366 -0.995562613 -0.032129049 -0.088448167 11.849548340
-0.087391138 0.030047527 0.995720804 241.155822754 -0.029729618 0.999021113 -0.032756388 -9.125195503 -0.995730340 -0.032465018 -0.086412311 11.775360107
-0.085284948 0.033140387 0.995805442 242.029769897 -0.029282311 0.998931587 -0.035752282 -9.158324242 -0.995926321 -0.032208607 -0.084223390 11.709808350
-0.082878828 0.027160071 0.996189535 242.910186768 -0.029994486 0.999107659 -0.029735046 -9.194887161 -0.996108234 -0.032344595 -0.081990242 11.644287109
-0.081321120 0.019772220 0.996491969 243.794311523 -0.026850846 0.999396861 -0.022021085 -9.246633530 -0.996326387 -0.028547421 -0.080741167 11.578002930
-0.079904318 0.021681670 0.996566772 244.657592773 -0.027082436 0.999347150 -0.023913618 -9.278448105 -0.996434629 -0.028900255 -0.079264998 11.521270752
-0.078111529 0.030389007 0.996481538 245.512908936 -0.029479763 0.999027789 -0.032777499 -9.321735382 -0.996508837 -0.031936329 -0.077139735 11.469757080
-0.075032830 0.034611512 0.996580184 246.345672607 -0.029156597 0.998894036 -0.036887079 -9.345043182 -0.996754646 -0.031824626 -0.073940635 11.381317139
-0.074303031 0.031309146 0.996744275 247.216674805 -0.027126830 0.999073684 -0.033404507 -9.381234169 -0.996866882 -0.029520558 -0.073384881 11.325561523
-0.074158072 0.022985892 0.996981680 248.078903198 -0.029972766 0.999231279 -0.025267210 -9.427543640 -0.996796072 -0.031756058 -0.073412061 11.281860352
-0.071698427 0.020526970 0.997215092 248.935806274 -0.031613749 0.999239147 -0.022841617 -9.456754684 -0.996925235 -0.033163417 -0.070994973 11.223846436
-0.069577098 0.020292968 0.997370183 249.795989990 -0.027950957 0.999360919 -0.022283347 -9.492156982 -0.997184992 -0.029427862 -0.068965435 11.184204102
-0.067281961 0.023307798 0.997461796 250.621017456 -0.022391323 0.999440014 -0.024864389 -9.522390366 -0.997482836 -0.024007408 -0.066722393 11.125610352
-0.066443801 0.025048228 0.997475863 251.439727783 -0.023081576 0.999378741 -0.026633520 -9.558755875 -0.997523308 -0.024792939 -0.065824389 11.084106445
-0.063931823 0.024914611 0.997643173 252.231781006 -0.023692267 0.999368668 -0.026475972 -9.591505051 -0.997672975 -0.025329089 -0.063301206 11.026611328
-0.062299371 0.021228094 0.997831702 253.025253296 -0.024923321 0.999428928 -0.022818154 -9.620363235 -0.997746229 -0.026290836 -0.061734676 10.983123779
-0.062533855 0.014219130 0.997941673 253.807189941 -0.025417136 0.999551535 -0.015834777 -9.649152756 -0.997719288 -0.026355023 -0.062144399 10.942901611
-0.062542915 0.010466153 0.997987568 254.577957153 -0.026024971 0.999587893 -0.012113896 -9.675165176 -0.997703075 -0.026730232 -0.062244773 10.895477295
-0.063148975 0.013768340 0.997909129 255.328781128 -0.025343686 0.999560237 -0.015394903 -9.705047607 -0.997682273 -0.026262868 -0.062772274 10.859191895
-0.063701749 0.020059055 0.997767329 256.052185059 -0.025637249 0.999435127 -0.021729376 -9.723834038 -0.997639596 -0.026964210 -0.063151479 10.817016602
-0.064524651 0.025382973 0.997593403 256.763885498 -0.025099147 0.999318898 -0.027050298 -9.748175621 -0.997600555 -0.026784148 -0.063843608 10.769683838
-0.066283822 0.026552970 0.997447431 257.482727051 -0.025597844 0.999271572 -0.028302593 -9.782935143 -0.997472405 -0.027408505 -0.065555811 10.731170654
-0.069413424 0.026426783 0.997237980 258.179718018 -0.022042081 0.999364376 -0.028017387 -9.808818817 -0.997344553 -0.023925979 -0.068786860 10.676116943
-0.074865937 0.025153752 0.996876478 258.883148193 -0.022307530 0.999389410 -0.026892470 -9.843637466 -0.996944189 -0.024251176 -0.074259162 10.637634277
-0.081469774 0.025631573 0.996346176 259.566558838 -0.021633592 0.999388278 -0.027478781 -9.869008064 -0.996441007 -0.023793235 -0.080865383 10.580200195
-0.089872599 0.027237335 0.995580792 260.225860596 -0.021595677 0.999337673 -0.029289590 -9.899610519 -0.995719135 -0.024132570 -0.089224815 10.524536133
-0.099683642 0.027247218 0.994646132 260.867370605 -0.021032242 0.999343932 -0.029483765 -9.929806709 -0.994796991 -0.023858681 -0.099045157 10.456878662
-0.110888004 0.028064288 0.993436575 261.505249023 -0.019522881 0.999346793 -0.030410407 -9.958427429 -0.993641138 -0.022766894 -0.110267758 10.376770020
-0.123036027 0.024935527 0.992088974 262.130065918 -0.016396122 0.999496758 -0.027155118 -9.984813690 -0.992266834 -0.019607468 -0.122565269 10.294860840
-0.135031700 0.022198293 0.990592599 262.740600586 -0.010403116 0.999662161 -0.023819624 -10.009227753 -0.990786672 -0.013521652 -0.134755135 10.200988770
-0.146589994 0.017793972 0.989037275 263.335662842 -0.006281348 0.999801278 -0.018918619 -10.037508965 -0.989177406 -0.008985769 -0.146449089 10.098449707
-0.158151627 0.013153670 0.987327337 263.919738770 -0.002127635 0.999904394 -0.013662037 -10.055781364 -0.987412632 -0.004261344 -0.158108473 9.991973877
-0.169429064 0.011116173 0.985479712 264.476745605 0.001259931 0.999938011 -0.011062648 -10.077941895 -0.985541582 -0.000632697 -0.169432640 9.890960693
-0.180228710 0.012450282 0.983546078 265.017120361 0.006190306 0.999914467 -0.011523148 -10.099128723 -0.983605444 0.004011650 -0.180290341 9.782562256
-0.189870119 0.015673740 0.981684208 265.538299561 0.011069710 0.999843180 -0.013822651 -10.116150856 -0.981746912 0.008242453 -0.190013885 9.665802002
-0.200599313 0.019376300 0.979481816 266.041778564 0.014231924 0.999756515 -0.016862661 -10.132019043 -0.979570091 0.010557271 -0.200826287 9.562744141
-0.209915042 0.022142705 0.977468967 266.520080566 0.017219499 0.999672174 -0.018947728 -10.148236275 -0.977568090 0.012854114 -0.210227609 9.451324463
-0.218681693 0.023032203 0.975524485 266.977203369 0.020743344 0.999605238 -0.018950753 -10.153256416 -0.975575805 0.016091457 -0.219073176 9.349426270
-0.225290537 0.022004856 0.974043250 267.411987305 0.023373200 0.999579251 -0.017175669 -10.169473648 -0.974011362 0.018896991 -0.225710034 9.246124268
-0.230516076 0.021679286 0.972827077 267.815673828 0.026373003 0.999523699 -0.016025010 -10.187529564 -0.972711146 0.021962350 -0.230978012 9.148010254
-0.233012915 0.022994442 0.972201705 268.212097168 0.028592775 0.999450207 -0.016785933 -10.204176903 -0.972053170 0.023886606 -0.233542204 9.044372559
-0.233042359 0.023053154 0.972193241 268.575408936 0.030631281 0.999396920 -0.016355662 -10.220878601 -0.971984029 0.025967963 -0.233608007 8.949279785
-0.229639769 0.023579547 0.972990155 268.945922852 0.032976612 0.999320984 -0.016434699 -10.220104218 -0.972716987 0.028311856 -0.230261326 8.859588623
-0.224854827 0.024201382 0.974091649 269.268646240 0.033998378 0.999277651 -0.016979100 -10.228883743 -0.973798931 0.029299704 -0.225515246 8.789978027
-0.217866302 0.024404712 0.975673616 269.571533203 0.032262564 0.999321043 -0.017792039 -10.254512787 -0.975445390 0.027601445 -0.218505740 8.736602783
-0.206493974 0.025489781 0.978115797 269.864349365 0.030925941 0.999331176 -0.019513756 -10.266160011 -0.977959037 0.026219677 -0.207144141 8.682250977
-0.192654371 0.028399503 0.980855823 270.136718750 0.028241860 0.999327481 -0.023387227 -10.275590897 -0.980860353 0.023195542 -0.193326831 8.643005371
-0.176258564 0.031576544 0.983837366 270.399505615 0.027886039 0.999244392 -0.027075138 -10.288416862 -0.983948886 0.022663102 -0.177005887 8.609558105
-0.156002522 0.032626320 0.987217784 270.659912109 0.027425561 0.999212086 -0.028688870 -10.300979614 -0.987375915 0.022599468 -0.156774402 8.579345703
-0.132291794 0.031267773 0.990717649 270.919494629 0.028759824 0.999202609 -0.027695235 -10.311914444 -0.990793645 0.024829013 -0.133085608 8.544708252
-0.106901407 0.030272573 0.993808746 271.176513672 0.027902842 0.999234021 -0.027436404 -10.317543030 -0.993878126 0.024797099 -0.107664227 8.543853760
-0.076717496 0.030078445 0.996599257 271.443115234 0.024028271 0.999310315 -0.028310599 -10.320028305 -0.996763468 0.021774638 -0.077387333 8.552947998
-0.044107199 0.028424606 0.998622477 271.687866211 0.021884177 0.999382794 -0.027479673 -10.331897736 -0.998787165 0.020641983 -0.044702053 8.579650879
-0.009299278 0.023954522 0.999669909 271.923980713 0.018932663 0.999538064 -0.023775246 -10.345866203 -0.999777615 0.018705321 -0.009748578 8.602294922
0.027426243 0.020656889 0.999410510 272.157714844 0.017198527 0.999628723 -0.021133373 -10.338785172 -0.999475956 0.017767999 0.027060807 8.635528564
0.065991282 0.016554192 0.997682810 272.395477295 0.011267805 0.999786258 -0.017334396 -10.364940643 -0.997756541 0.012385614 0.065790653 8.686386108
0.108186960 0.015454802 0.994010448 272.632995605 0.005957118 0.999851108 -0.016193978 -10.374509811 -0.994112790 0.007673416 0.108078778 8.752502441
0.153932512 0.016298085 0.987946987 272.873229980 -0.002872834 0.999867082 -0.016047115 -10.379974365 -0.988077283 -0.000368033 0.153958857 8.837509155
0.202068567 0.017578140 0.979213595 273.108367920 -0.006490382 0.999840975 -0.016609084 -10.389289856 -0.979349852 -0.002999298 0.202150524 8.926773071
0.252131462 0.018975958 0.967506945 273.356994629 -0.009876184 0.999806106 -0.017035725 -10.403994560 -0.967642605 -0.005260034 0.252269983 9.035369873
0.303947926 0.020891834 0.952459574 273.611450195 -0.012189465 0.999762952 -0.018039526 -10.411561012 -0.952610672 -0.006126896 0.304130554 9.160507202
0.356004536 0.022307040 0.934217870 273.848114014 -0.009431328 0.999749899 -0.020277780 -10.415203094 -0.934436560 -0.001591935 0.356125891 9.321243286
0.412098229 0.021578437 0.910883963 274.078918457 0.000913352 0.999709249 -0.024095885 -10.428192139 -0.911139011 0.010761831 0.411958694 9.457717896
0.467699528 0.020330027 0.883653700 274.333526611 0.006982057 0.999619305 -0.026693482 -10.424538612 -0.883859932 0.018654250 0.467379510 9.614593506
0.522392094 0.020141037 0.852467477 274.580505371 0.002099916 0.999687612 -0.024906199 -10.433456421 -0.852702796 0.014800912 0.522186637 9.820869446
0.575835586 0.024602728 0.817195237 274.816619873 -0.004316250 0.999624670 -0.027053563 -10.435610771 -0.817554116 0.012051185 0.575725615 10.049797058
0.626783907 0.030954193 0.778578043 275.040649414 -0.014437001 0.999500453 -0.028115164 -10.451653481 -0.779059410 0.006381803 0.626917720 10.312545776
0.676293314 0.035082716 0.735796511 275.263977051 -0.022412762 0.999382794 -0.027050223 -10.446172714 -0.736291349 0.001802652 0.676662207 10.600273132
0.725113153 0.032741278 0.687850952 275.501464844 -0.019835485 0.999447644 -0.026663074 -10.451602936 -0.688344002 0.005689889 0.725362062 10.900360107
0.768753111 0.032475777 0.638720572 275.725311279 -0.021897973 0.999460936 -0.024461610 -10.449284554 -0.639170647 0.004818252 0.769049883 11.240501404
0.806496441 0.030660693 0.590443373 275.879028320 -0.024953941 0.999529779 -0.017818831 -10.469336510 -0.590712070 -0.000363066 0.806882322 11.562026978
0.839668930 0.033820238 0.542044580 276.060760498 -0.032711886 0.999396563 -0.011682938 -10.481252670 -0.542112589 -0.007921499 0.840268552 11.941022873
0.868284702 0.039435908 0.494496256 276.224243164 -0.039545894 0.999165237 -0.010244556 -10.483689308 -0.494487464 -0.010660104 0.869119406 12.336322784
0.892509282 0.042525396 0.449019760 276.381988525 -0.042772833 0.999038756 -0.009597277 -10.483729362 -0.448996246 -0.010640189 0.893470287 12.729001999
0.912231266 0.048594639 0.406783313 276.527587891 -0.049243174 0.998747349 -0.008880896 -10.488137245 -0.406705320 -0.011929869 0.913481534 13.172962189
0.927808106 0.057577617 0.368587732 276.671966553 -0.057812791 0.998273134 -0.010415465 -10.488956451 -0.368550926 -0.011645533 0.929534614 13.634159088
0.939596057 0.065345407 0.335990012 276.800506592 -0.065024987 0.997808814 -0.012217646 -10.485392570 -0.336052179 -0.010368092 0.941786289 14.128530502
0.949385643 0.065520339 0.307203472 276.942413330 -0.065504290 0.997798324 -0.010375061 -10.492134094 -0.307206899 -0.010273210 0.951587319 14.625730515
0.957489431 0.060398415 0.282074511 277.093261719 -0.060184572 0.998142719 -0.009430650 -10.493047714 -0.282120198 -0.007946786 0.959346175 15.161373138
0.964029908 0.059405562 0.259070069 277.224731445 -0.058993548 0.998214364 -0.009371745 -10.495018005 -0.259164214 -0.006248817 0.965813041 15.718449593
0.969908416 0.060789082 0.235758990 277.345703125 -0.060516398 0.998131871 -0.008399056 -10.506464958 -0.235829145 -0.006120969 0.971775234 16.298095703
0.975819886 0.059606276 0.210291892 277.460083008 -0.059785414 0.998196065 -0.005511163 -10.506051064 -0.210241035 -0.007194485 0.977623105 16.908790588
0.981166303 0.058580294 0.184067994 277.565429688 -0.059178140 0.998244882 -0.002248543 -10.502904892 -0.183876663 -0.008686608 0.982910931 17.530042648
0.985280216 0.058256358 0.160714269 277.654449463 -0.058468301 0.998283446 -0.003414111 -10.510689735 -0.160637289 -0.006032832 0.986995101 18.172168732
0.988184333 0.062019680 0.140161857 277.722290039 -0.061346050 0.998074830 -0.009125705 -10.519112587 -0.140457988 0.000419503 0.990086555 18.837837219
0.990319848 0.066909365 0.121612996 277.794708252 -0.065517157 0.997732341 -0.015415271 -10.525492668 -0.122368641 0.007298311 0.992457867 19.518522263
0.991727412 0.071146928 0.106840387 277.849731445 -0.069265552 0.997372508 -0.021222696 -10.515952110 -0.108069599 0.013646771 0.994049668 20.226211548
0.993050516 0.072351746 0.092821740 277.900421143 -0.071307570 0.997348666 -0.014521394 -10.517419815 -0.093626283 0.007801586 0.995576859 20.964132309
0.994544089 0.067308679 0.079696856 277.965240479 -0.067356981 0.997726738 -0.002085141 -10.535593033 -0.079656035 -0.003294375 0.996816993 21.698215485
0.995609462 0.062585056 0.069605656 278.015930176 -0.063084327 0.997995675 0.004995737 -10.542722702 -0.069153488 -0.009364828 0.997562051 22.466619492
0.996066630 0.063565440 0.061730906 278.049621582 -0.063899033 0.997950435 0.003442958 -10.544831276 -0.061385531 -0.007373961 0.998086870 23.248371124
0.996149659 0.067874193 0.055488504 278.086486816 -0.067948945 0.997688651 -0.000540476 -10.540395737 -0.055396937 -0.003231990 0.998459160 24.053401947
0.996073008 0.071753882 0.051864516 278.114990234 -0.071638003 0.997422278 -0.004092169 -10.538511276 -0.052024454 0.000360629 0.998645723 24.865568161
0.996070921 0.073647685 0.049181111 278.156585693 -0.073581599 0.997284234 -0.003155323 -10.543634415 -0.049279928 -0.000475900 0.998784900 25.691812515
0.995794654 0.077492423 0.048866343 278.180511475 -0.077500872 0.996990800 -0.001724666 -10.552643776 -0.048852939 -0.002069772 0.998803854 26.566434860
0.996001124 0.074496768 0.049314730 278.222564697 -0.074397467 0.997221231 -0.003848681 -10.558982849 -0.049464408 0.000164400 0.998775899 27.436098099
0.996189415 0.070623107 0.051176261 278.273315430 -0.070410520 0.997500360 -0.005947336 -10.565442085 -0.051468357 0.002321326 0.998671949 28.319669724
0.995927930 0.072632618 0.053405102 278.314086914 -0.072330460 0.997352004 -0.007571562 -10.568158150 -0.053813625 0.003677914 0.998544216 29.222288132
0.995832562 0.071825996 0.056200899 278.362579346 -0.071726181 0.997417152 -0.003793810 -10.573555946 -0.056328237 -0.000253076 0.998412251 30.141683578
0.996121883 0.064895310 0.059412148 278.423004150 -0.065149583 0.997872770 0.002350772 -10.576166153 -0.059133209 -0.006212332 0.998230755 31.071619034
0.995985627 0.063995048 0.062587619 278.481719971 -0.064519741 0.997895956 0.006396422 -10.587042809 -0.062046591 -0.010408880 0.998018980 32.011295319
0.995931029 0.061882433 0.065513402 278.538726807 -0.062336374 0.998043120 0.004905717 -10.587152481 -0.065081619 -0.008969624 0.997839630 32.950519562
0.995941222 0.059073083 0.067908041 278.602874756 -0.059330180 0.998236835 0.001773578 -10.591117859 -0.067683540 -0.005795375 0.997690022 33.889148712
0.995891750 0.056745373 0.070566140 278.671386719 -0.056575991 0.998388588 -0.004398319 -10.604890823 -0.070702016 0.000387900 0.997497380 34.829334259
0.995752394 0.056852940 0.072422154 278.742889404 -0.056178212 0.998356581 -0.011321340 -10.615703583 -0.072946787 0.007204704 0.997309804 35.778331757
0.995550334 0.057570811 0.074599795 278.809356689 -0.056894265 0.998317778 -0.011164364 -10.625075340 -0.075117044 0.006870386 0.997151077 36.748561859
0.995659709 0.053600449 0.076083362 278.888397217 -0.053463798 0.998562455 -0.003833216 -10.639695168 -0.076179445 -0.000251126 0.997094095 37.725257874
0.995840132 0.048186541 0.077333622 278.964752197 -0.048629533 0.998809457 0.003854327 -10.648233414 -0.077055819 -0.007598991 0.996997833 38.725006104
0.995792568 0.047611568 0.078296058 279.034851074 -0.048307050 0.998807907 0.007011723 -10.650318146 -0.077868879 -0.010764473 0.996905506 39.713352203
0.995670676 0.049957786 0.078384385 279.100494385 -0.050492927 0.998712599 0.004858823 -10.658057213 -0.078040741 -0.008795645 0.996911347 40.703330994
0.995843291 0.047796141 0.077534854 279.186798096 -0.047687910 0.998857021 -0.003247891 -10.671257019 -0.077601470 -0.000463084 0.996984363 41.683582306
0.995729327 0.050396629 0.077351443 279.252655029 -0.049783282 0.998711586 -0.009838535 -10.685064316 -0.077747606 0.005945710 0.996955335 42.703792572
0.995542347 0.053772707 0.077485234 279.317993164 -0.053344555 0.998547375 -0.007586374 -10.702161789 -0.077780619 0.003419141 0.996964633 43.709701538
0.995547175 0.054273367 0.077072620 279.390136719 -0.054371055 0.998520434 -0.000831879 -10.714360237 -0.077003732 -0.003362344 0.997025132 44.722545624
0.995460510 0.056282803 0.076750271 279.460998535 -0.056718025 0.998384118 0.003500981 -10.725682259 -0.076429203 -0.007838213 0.997044206 45.708061218
0.995213807 0.060571056 0.076685399 279.523773193 -0.061037987 0.998128355 0.003757688 -10.737627983 -0.076314263 -0.008420425 0.997048259 46.749427795
0.995093465 0.063038543 0.076256961 279.591339111 -0.063582309 0.997965455 0.004721654 -10.741792679 -0.075804166 -0.009547080 0.997077048 47.759311676
0.994760096 0.068946071 0.075490005 279.646118164 -0.070020571 0.997477174 0.011677507 -10.743434906 -0.074494444 -0.016902173 0.997078180 48.789402008
0.994749665 0.069503434 0.075116046 279.719177246 -0.070948735 0.997339427 0.016743585 -10.740059853 -0.073752455 -0.021985063 0.997034192 49.809101105
0.994716883 0.071338147 0.073818363 279.782379150 -0.072621167 0.997249186 0.014841787 -10.738082886 -0.072556511 -0.020124152 0.997161269 50.820915222
0.994889975 0.070758842 0.072021611 279.845611572 -0.071682610 0.997374117 0.010320154 -10.728795052 -0.071102247 -0.015430114 0.997349679 51.835777283
0.995077312 0.069104970 0.071032882 279.911987305 -0.070007935 0.997493267 0.010298972 -10.725961685 -0.070143111 -0.015221138 0.997420788 52.851459503
0.995025873 0.070077047 0.070800908 279.982238770 -0.070705131 0.997476697 0.006401132 -10.734833717 -0.070173681 -0.011375279 0.997469902 53.852630615
0.994944751 0.071388036 0.070630625 280.043792725 -0.071421802 0.997444093 -0.002050465 -10.739856720 -0.070596479 -0.003004467 0.997500420 54.855274200
0.995282114 0.065828733 0.071274683 280.120819092 -0.065772958 0.997829676 -0.003131747 -10.746703148 -0.071326151 -0.001570975 0.997451782 55.863800049
0.995288730 0.063797668 0.073008530 280.190246582 -0.064093068 0.997942448 0.001707998 -10.753895760 -0.072749346 -0.006379292 0.997329831 56.891963959
0.994734704 0.069990471 0.074861303 280.256774902 -0.070707619 0.997472763 0.006969305 -10.768330574 -0.074184321 -0.012225874 0.997169614 57.904479980
0.994616926 0.069616176 0.076751485 280.328033447 -0.070247293 0.997514188 0.005550767 -10.780553818 -0.076174274 -0.010912471 0.997034788 58.906684875
0.993960500 0.076815650 0.078370482 280.395385742 -0.077094555 0.997023642 0.000534937 -10.781548500 -0.078096129 -0.006573644 0.996924162 59.922779083
0.993549824 0.078138784 0.082177475 280.470764160 -0.078422286 0.996920228 0.000222807 -10.784992218 -0.081906974 -0.006665914 0.996617675 60.933834076
0.992900491 0.083306484 0.084903516 280.543884277 -0.084010221 0.996453583 0.004743624 -10.788599968 -0.084207237 -0.011842710 0.996377885 61.948833466
0.992591023 0.083053485 0.088685714 280.624664307 -0.084452525 0.996353626 0.012134694 -10.795158386 -0.087354504 -0.019534521 0.995985746 62.962856293
0.992645502 0.080984659 0.089980006 280.710815430 -0.082647599 0.996467352 0.014905551 -10.799944878 -0.088455021 -0.022232560 0.995832026 63.987297058
0.993111312 0.075438179 0.089660503 280.803405762 -0.076733857 0.996989965 0.011088022 -10.802605629 -0.088554159 -0.017891636 0.995910645 64.995170593
0.993964076 0.065837607 0.087754153 280.897918701 -0.066346653 0.997792423 0.002893609 -10.803199768 -0.087369919 -0.008698338 0.996137977 66.009880066
0.994095385 0.066654585 0.085624099 280.977691650 -0.067073621 0.997745991 0.002023229 -10.808520317 -0.085296243 -0.007754401 0.996325433 67.036224365
0.994359910 0.065624699 0.083316959 281.063293457 -0.066683978 0.997724116 0.009992394 -10.817838669 -0.082471594 -0.015491943 0.996473014 68.053916931
0.994577825 0.066222019 0.080184519 281.139190674 -0.067577161 0.997611523 0.014303257 -10.817200661 -0.079045810 -0.019644344 0.996677399 69.068771362
0.994545400 0.069369212 0.077893369 281.204193115 -0.070576638 0.997423530 0.012853269 -10.822280884 -0.076801054 -0.018280612 0.996878862 70.078407288
0.994405806 0.074654661 0.074724309 281.264495850 -0.074888296 0.997191846 0.000325694 -10.820500374 -0.074490160 -0.005919848 0.997204185 71.088119507
0.994398177 0.077986158 0.071347065 281.328887939 -0.077575274 0.996950150 -0.008516106 -10.827971458 -0.071793601 0.002933632 0.997415185 72.090942383
0.994638383 0.076571316 0.069507651 281.396087646 -0.076263376 0.997062564 -0.007077147 -10.842303276 -0.069845386 0.001738314 0.997556329 73.106437683
0.994772255 0.076034546 0.068168461 281.454345703 -0.076270334 0.997086823 0.000859171 -10.860891342 -0.067904547 -0.006053911 0.997673452 74.146095276
0.994627714 0.077922665 0.068145454 281.505889893 -0.078440443 0.996906519 0.004951532 -10.871731758 -0.067548804 -0.010270290 0.997663081 75.166290283
0.994435251 0.081881329 0.066286989 281.568115234 -0.082288004 0.996602714 0.003423630 -10.871349335 -0.065781467 -0.008859203 0.997794747 76.184066772
0.994387686 0.082118265 0.066706568 281.626464844 -0.082317017 0.996606171 0.000231742 -10.882401466 -0.066461146 -0.005721527 0.997772634 77.189285278
0.994185150 0.083726086 0.067718513 281.688415527 -0.083764814 0.996482968 -0.002272412 -10.889812469 -0.067670599 -0.003413230 0.997701883 78.194633484
0.994076669 0.083841763 0.069152825 281.750335693 -0.083823100 0.996475577 -0.003176711 -10.903406143 -0.069175437 -0.002638710 0.997601032 79.201049805
0.994248271 0.080695227 0.070417501 281.822540283 -0.080930099 0.996719658 0.000484103 -10.921114922 -0.070147440 -0.006180213 0.997517467 80.209381104
0.994247496 0.079118267 0.072196074 281.890075684 -0.079589859 0.996820927 0.003674325 -10.925341606 -0.071675852 -0.009399263 0.997383714 81.218536377
0.994298756 0.076325811 0.074460506 281.956146240 -0.076815628 0.997038305 0.003732472 -10.941989899 -0.073955096 -0.009430923 0.997217000 82.219375610
0.994505465 0.074010797 0.074035339 282.031280518 -0.073886089 0.997256875 -0.004425563 -10.958329201 -0.074159786 -0.001068935 0.997245789 83.210716248
0.994584680 0.072345749 0.074615017 282.103393555 -0.071831539 0.997371018 -0.009555724 -10.973994255 -0.075110175 0.004144264 0.997166634 84.207107544
0.994475424 0.071330890 0.077009633 282.172973633 -0.071346827 0.997448325 -0.002547863 -10.983763695 -0.076994874 -0.002960605 0.997027099 85.221069336
0.994558632 0.067775436 0.079118058 282.255645752 -0.068803810 0.997576594 0.010341835 -10.992637634 -0.078225404 -0.015729185 0.996811628 86.242881775
0.994622588 0.065551877 0.080180220 282.334747314 -0.066957623 0.997643530 0.014968232 -11.000436783 -0.079010084 -0.020256419 0.996667981 87.246894836
0.994347453 0.068768434 0.080895387 282.409606934 -0.069316424 0.997586787 0.003982046 -11.005642891 -0.080426328 -0.009566916 0.996714652 88.234016418
0.994152486 0.071040928 0.081326410 282.481445312 -0.070357434 0.997458458 -0.011243010 -11.018539429 -0.081918426 0.005455349 0.996624112 89.229934692
0.993990958 0.070719197 0.083550707 282.556671143 -0.069434769 0.997420728 -0.018183710 -11.031009674 -0.084621146 0.012273120 0.996337593 90.223358154
0.993755817 0.070173413 0.086747222 282.637329102 -0.069450900 0.997521102 -0.011322850 -11.059739113 -0.087326743 0.005227476 0.996165991 91.236976624
0.993493021 0.068704203 0.090837240 282.725433350 -0.069003373 0.997616410 0.000153276 -11.079360008 -0.090610191 -0.006420354 0.995865762 92.246566772
0.993298054 0.066648602 0.094429485 282.815551758 -0.067663945 0.997679293 0.007588051 -11.088071823 -0.093704611 -0.013926667 0.995502651 93.263618469
0.993175268 0.063427627 0.097876422 282.914855957 -0.064615160 0.997869611 0.009008088 -11.093667984 -0.097096547 -0.015270911 0.995157778 94.274368286
0.992911041 0.062468302 0.101120673 283.013977051 -0.063175730 0.997995138 0.003805510 -11.100466728 -0.100680217 -0.010166905 0.994866908 95.267021179
0.992432177 0.063220523 0.105268724 283.108520508 -0.063171148 0.997995436 -0.003806573 -11.110012054 -0.105298355 -0.002872179 0.994436502 96.267364502
0.991647840 0.066667795 0.110408165 283.204254150 -0.066448644 0.997773767 -0.005667327 -11.123140335 -0.110540196 -0.001716480 0.993870199 97.268005371
0.991227031 0.062743358 0.116328239 283.320495605 -0.062616907 0.998026371 -0.004744784 -11.139287949 -0.116396353 -0.002580956 0.993199468 98.259078979
0.990515053 0.061719328 0.122762807 283.437896729 -0.062004156 0.998074770 -0.001502531 -11.150419235 -0.122619189 -0.006123524 0.992434919 99.258972168
0.989685774 0.062323093 0.128987983 283.564758301 -0.062675476 0.998033047 -0.001329449 -11.163749695 -0.128817126 -0.006768646 0.991645277 100.267120361
0.989428818 0.053500459 0.134789973 283.706939697 -0.054331031 0.998519897 0.002488419 -11.172030449 -0.134457335 -0.009785390 0.990871072 101.258392334
0.988861561 0.050768498 0.139911875 283.845703125 -0.052021597 0.998631835 0.005311357 -11.190183640 -0.139450803 -0.012530635 0.990149736 102.253822327
0.988264561 0.045582149 0.145792440 283.989471436 -0.046605121 0.998906851 0.003606940 -11.194949150 -0.145468652 -0.010359284 0.989308655 103.236091614
0.987747550 0.041672386 0.150393531 284.141906738 -0.042463895 0.999095917 0.002053936 -11.204053879 -0.150171965 -0.008415065 0.988624096 104.204391479
0.986981392 0.048836131 0.153240919 284.286193848 -0.049727086 0.998760879 0.001984395 -11.210256577 -0.152954131 -0.009578786 0.988186836 105.180557251
0.986064434 0.053692661 0.157461315 284.425537109 -0.054201823 0.998529434 -0.001061935 -11.220333099 -0.157286778 -0.007487554 0.987524569 106.156494141
0.985645533 0.054082897 0.159930825 284.576477051 -0.054174691 0.998524308 -0.003789401 -11.243453979 -0.159899741 -0.004929197 0.987120926 107.121650696
0.985177159 0.056678258 0.161906123 284.717529297 -0.056654781 0.998382449 -0.004765618 -11.254392624 -0.161914349 -0.004477778 0.986794651 108.075416565
0.985123336 0.056077417 0.162441626 284.864288330 -0.056465093 0.998402059 -0.002232975 -11.269913673 -0.162307277 -0.006972524 0.986715615 109.030723572
0.985472381 0.052004602 0.161677882 285.014526367 -0.052661724 0.998612404 -0.000221210 -11.288316727 -0.161465034 -0.008296238 0.986843586 109.983367920
0.986138284 0.045932803 0.159441173 285.180206299 -0.046358936 0.998924315 -0.001047866 -11.300744057 -0.159317791 -0.006358183 0.987206876 110.946220398
0.986888647 0.040135503 0.156332701 285.339874268 -0.040753379 0.999168932 0.000747755 -11.313636780 -0.156172767 -0.007109037 0.987704158 111.895828247
0.987511337 0.036793519 0.153191477 285.481140137 -0.037814237 0.999277711 0.003753755 -11.326066971 -0.152942732 -0.009499695 0.988189399 112.853271484
0.988055289 0.037958212 0.149351627 285.622009277 -0.039108623 0.999223590 0.004772245 -11.333364487 -0.149054512 -0.010556179 0.988772631 113.794036865
0.988719702 0.037444837 0.145021647 285.755676270 -0.038114216 0.999271691 0.001839093 -11.345052719 -0.144847170 -0.007345733 0.989426792 114.728286743
0.989242494 0.036635429 0.141623393 285.883758545 -0.036397334 0.999328256 -0.004272103 -11.359607697 -0.141684771 -0.000928567 0.989911377 115.644203186
0.989685655 0.034257922 0.139099643 286.017913818 -0.033281766 0.999402404 -0.009338353 -11.371344566 -0.139336422 0.004612552 0.990234375 116.577590942
0.990108311 0.031038107 0.136828989 286.149993896 -0.030461377 0.999516070 -0.006307316 -11.383812904 -0.136958539 0.002076926 0.990574598 117.498832703
0.990469635 0.024542114 0.135527149 286.272155762 -0.024960479 0.999687493 0.001388293 -11.404043198 -0.135450721 -0.004757884 0.990772665 118.431983948
0.990818679 0.014000623 0.134470686 286.420440674 -0.015497450 0.999828994 0.010090934 -11.408985138 -0.134306401 -0.012082239 0.990866184 119.361328125
0.990989208 0.004519003 0.133865356 286.553558350 -0.006554086 0.999869525 0.014765692 -11.412250519 -0.133781165 -0.015510007 0.990889549 120.264427185
0.991005480 0.000405734 0.133820832 286.682891846 -0.002353318 0.999893606 0.014395815 -11.418273926 -0.133800760 -0.014581254 0.990900993 121.160789490
0.990936577 0.001174245 0.134325430 286.803253174 -0.002310069 0.999962866 0.008300220 -11.422730446 -0.134310693 -0.008535292 0.990902483 122.027702332
0.990647614 0.003357945 0.136403784 286.912109375 -0.003514876 0.999993384 0.000909656 -11.421512604 -0.136399820 -0.001380591 0.990652919 122.893699646
0.990320027 0.003351697 0.138762623 287.032226562 -0.003347648 0.999994338 -0.000262573 -11.428377151 -0.138762712 -0.000204497 0.990325630 123.750839233
0.989825845 0.003981898 0.142228678 287.157287598 -0.004754628 0.999975741 0.005093573 -11.439667702 -0.142204955 -0.005717995 0.989820719 124.592163086
0.989181280 0.003957617 0.146645069 287.274658203 -0.005484719 0.999934852 0.010010715 -11.448376656 -0.146595895 -0.010706718 0.989138544 125.434371948
0.988349497 0.003101353 0.152169853 287.402252197 -0.004827902 0.999928057 0.010978025 -11.454577446 -0.152124867 -0.011584787 0.988293409 126.244956970
0.987376630 0.002122002 0.158375666 287.539611816 -0.003753989 0.999942899 0.010006083 -11.463253975 -0.158345401 -0.010474313 0.987328231 127.050125122
0.986157775 0.000938947 0.165807098 287.678131104 -0.002242482 0.999968052 0.007674727 -11.463574409 -0.165794581 -0.007940311 0.986128330 127.842895508
0.984733343 -0.001387693 0.174063966 287.823028564 0.000613659 0.999989688 0.004500572 -11.473346710 -0.174068421 -0.004325047 0.984724045 128.615127563
0.983085513 -0.000518827 0.183146343 287.965393066 -0.000014719 0.999995768 0.002911849 -11.485290527 -0.183147073 -0.002865292 0.983081341 129.366012573
0.981179059 0.003016485 0.193076491 288.108398438 -0.003777551 0.999986470 0.003573762 -11.488262177 -0.193063095 -0.004235857 0.981177211 130.117706299
0.979117870 0.005500035 0.203219011 288.252593994 -0.007072719 0.999950409 0.007013436 -11.500240326 -0.203170359 -0.008304291 0.979108214 130.839477539
0.977213860 0.007547207 0.212123007 288.395660400 -0.008857232 0.999947131 0.005226220 -11.516633034 -0.212072343 -0.006985957 0.977228999 131.528762817
0.975176990 0.011687525 0.221118107 288.552062988 -0.011453351 0.999931693 -0.002341199 -11.528352737 -0.221130356 -0.000249460 0.975244224 132.198898315
0.973027825 0.017688312 0.230008557 288.701873779 -0.015712919 0.999822259 -0.010417270 -11.537760735 -0.230151951 0.006522188 0.973132849 132.842620850
0.971016586 0.021596240 0.238034546 288.846618652 -0.019149531 0.999737382 -0.012586653 -11.546272278 -0.238243863 0.007663600 0.971175134 133.465316772
0.969340861 0.023793044 0.244565293 288.994232178 -0.022604683 0.999715090 -0.007665116 -11.556674004 -0.244678006 0.001901790 0.969602525 134.067016602
0.967904449 0.020957870 0.250443220 289.145416260 -0.022557328 0.999739349 0.003517478 -11.572347641 -0.250304222 -0.009053912 0.968124926 134.656341553
0.966980815 0.015751328 0.254361868 289.298492432 -0.018896507 0.999772191 0.009926097 -11.588007927 -0.254147589 -0.014404896 0.967058182 135.220382690
0.966579556 0.008579954 0.256223202 289.456085205 -0.011483903 0.999885619 0.009839599 -11.599637032 -0.256109476 -0.012453198 0.966567576 135.763290405
0.966337800 0.005266879 0.257222652 289.603271484 -0.007553663 0.999940217 0.007902983 -11.606853485 -0.257165641 -0.009579924 0.966319859 136.305648804
0.966642797 0.008551721 0.255985439 289.734436035 -0.009637857 0.999949098 0.002988763 -11.611480713 -0.255946845 -0.005356217 0.966675997 136.833145142
0.967598736 0.013956363 0.252106994 289.862304688 -0.013199046 0.999901891 -0.004694887 -11.618638039 -0.252147764 0.001215195 0.967687964 137.359451294
0.969241560 0.009016478 0.245946243 289.993682861 -0.007371024 0.999943852 -0.007610077 -11.626282692 -0.246001065 0.005563127 0.969253600 137.882263184
0.971590102 -0.000943089 0.236668006 290.131134033 0.002375032 0.999980569 -0.005765405 -11.633472443 -0.236657962 0.006163705 0.971573472 138.402145386
0.974678755 -0.006676725 0.223509952 290.271179199 0.007111879 0.999974072 -0.001141988 -11.634584427 -0.223496526 0.002702647 0.974700987 138.954544067
0.978270769 -0.004848248 0.207274660 290.364471436 0.004147280 0.999984145 0.003816229 -11.638765335 -0.207289875 -0.002873679 0.978275359 139.484802246
0.982471704 -0.000857960 0.186409712 290.440155029 -0.000765622 0.999962389 0.008637587 -11.653121948 -0.186410114 -0.008628904 0.982434154 140.022430420
0.987106323 -0.002564239 0.160045311 290.514038086 0.000959989 0.999948502 0.010100242 -11.664315224 -0.160062969 -0.009816371 0.987057984 140.553436279
0.991760790 -0.004952792 0.128007695 290.585113525 0.004119496 0.999968588 0.006773660 -11.667205811 -0.128037229 -0.006190523 0.991750062 141.070983887
0.995555282 -0.005154371 0.094037786 290.614654541 0.004983982 0.999985456 0.002046693 -11.673658371 -0.094046973 -0.001568913 0.995566547 141.601928711
0.998430967 -0.003400098 0.055892907 290.623199463 0.003572288 0.999989152 -0.002981081 -11.671966553 -0.055882167 0.003176069 0.998432338 142.132980347
0.999931872 -0.002329684 0.011440156 290.614013672 0.002400932 0.999977767 -0.006218102 -11.670223236 -0.011425416 0.006245146 0.999915242 142.663772583
0.999405086 -0.003730781 -0.034286894 290.558593750 0.003534086 0.999976933 -0.005795560 -11.681843758 0.034307726 0.005670939 0.999395251 143.187194824
0.996524572 -0.003315172 -0.083233342 290.487670898 0.003141372 0.999992609 -0.002218977 -11.689415932 0.083240084 0.001949799 0.996527612 143.712768555
0.990873098 -0.002247576 -0.134779125 290.391418457 0.002643695 0.999992669 0.002760121 -11.700137138 0.134771928 -0.003091245 0.990871847 144.236557007
0.981888711 -0.001110157 -0.189455330 290.284149170 0.002157444 0.999983490 0.005321733 -11.702041626 0.189446300 -0.005634089 0.981874943 144.738403320
0.969548583 0.000948204 -0.244897231 290.121795654 0.000731358 0.999976814 0.006767204 -11.702246666 0.244897977 -0.006740240 0.969525397 145.262283325
0.953610122 0.004469977 -0.301011145 289.927062988 -0.001826450 0.999957263 0.009063004 -11.696976662 0.301038772 -0.008092791 0.953577578 145.777389526
0.933825612 0.007925411 -0.357640862 289.698974609 -0.003847683 0.999919236 0.012111889 -11.693697929 0.357707977 -0.009934304 0.933780670 146.276214600
0.910558581 0.009536103 -0.413270086 289.450164795 -0.003330766 0.999870658 0.015733084 -11.692252159 0.413366675 -0.012949388 0.910472572 146.742370605
0.883999228 0.011050168 -0.467357785 289.168762207 -0.002102574 0.999804497 0.019662311 -11.685756683 0.467483670 -0.016398814 0.883849621 147.206253052
0.853277862 0.015684955 -0.521220505 288.842193604 -0.002713170 0.999667525 0.025641071 -11.679327011 0.521449447 -0.020464800 0.853036761 147.686294556
0.819085598 0.022359580 -0.573235393 288.479034424 -0.006185300 0.999526262 0.030149389 -11.667857170 0.573637962 -0.021149298 0.818835855 148.141235352
0.782291532 0.028262129 -0.622271001 288.074310303 -0.009990277 0.999410987 0.032831635 -11.655035019 0.622832358 -0.019467251 0.782113075 148.578140259
0.742656350 0.033758555 -0.668821275 287.670959473 -0.012530047 0.999254227 0.036523748 -11.637752533 0.669555426 -0.018744230 0.742525518 148.966552734
0.702384472 0.036096036 -0.710881948 287.212005615 -0.008466142 0.999066353 0.042364065 -11.613864899 0.711747408 -0.023737434 0.702034295 149.372589111
0.660978973 0.040088415 -0.749332845 286.723144531 -0.010053370 0.998955429 0.044574954 -11.591765404 0.750337124 -0.021929791 0.660691619 149.752532959
0.619115829 0.039720818 -0.784294486 286.217010498 -0.008854512 0.999009609 0.043605447 -11.575115204 0.785249770 -0.020052282 0.618854403 150.111175537
0.579865932 0.038123894 -0.813819528 285.671447754 -0.010253546 0.999166906 0.039500721 -11.556360245 0.814647496 -0.014560590 0.579773784 150.442565918
0.541104674 0.031699900 -0.840357661 285.168243408 -0.009877159 0.999459922 0.031341661 -11.530114174 0.840897322 -0.008658776 0.541125536 150.763702393
0.507383227 0.028927382 -0.861234903 284.588378906 -0.015362010 0.999581218 0.024523905 -11.508423805 0.861583650 0.000787279 0.507615089 151.070617676
0.481113374 0.032288767 -0.876063645 283.970001221 -0.021073475 0.999458671 0.025263645 -11.484491348 0.876405120 0.006307025 0.481533349 151.371063232
0.461887658 0.040179130 -0.886027932 283.335876465 -0.026877744 0.999148667 0.031297464 -11.469034195 0.886531115 0.009358516 0.462574363 151.672607422
0.448186636 0.046573538 -0.892725945 282.704528809 -0.028782116 0.998875976 0.037661534 -11.452497482 0.893476486 0.008815147 0.449023366 151.977233887
0.439354002 0.052172363 -0.896797717 282.048400879 -0.032060985 0.998586714 0.042386934 -11.431936264 0.897741735 0.010129346 0.440405726 152.282028198
0.435002565 0.055520322 -0.898715913 281.378204346 -0.035986286 0.998371780 0.044258475 -11.405395508 0.899709880 0.013088899 0.436292231 152.591354370
0.433867157 0.055426180 -0.899270415 280.710632324 -0.039272163 0.998320758 0.042583637 -11.380342484 0.900120616 0.016840646 0.435315251 152.909805298
0.434486508 0.055382356 -0.898974121 280.027038574 -0.041740566 0.998273432 0.041326027 -11.352692604 0.899710715 0.019568084 0.436048031 153.231658936
0.435558379 0.054782879 -0.898492038 279.341369629 -0.041899845 0.998298347 0.040556654 -11.324175835 0.899184883 0.019981878 0.437112570 153.560668945
0.437753320 0.054959904 -0.897413731 278.633605957 -0.044231638 0.998237789 0.039558686 -11.296663284 0.898006439 0.022377133 0.439412892 153.894515991
0.440253198 0.055609219 -0.896149993 277.918823242 -0.048172224 0.998105645 0.038270269 -11.275472641 0.896580517 0.026320929 0.442098022 154.234313965
0.443169415 0.054777812 -0.894762754 277.199462891 -0.051589128 0.998035491 0.035548508 -11.248647690 0.894952238 0.030406013 0.445124745 154.583526611
0.445955276 0.053165790 -0.893474877 276.457977295 -0.056967903 0.997896314 0.030945258 -11.225497246 0.893240511 0.037099186 0.448045850 154.938369751
0.449389637 0.052268505 -0.891805470 275.717102051 -0.059183285 0.997835636 0.028659867 -11.203616142 0.891373277 0.039900530 0.451510370 155.301910400
0.452663183 0.052806389 -0.890116572 274.974853516 -0.059203196 0.997822046 0.029088628 -11.186108589 0.889714003 0.039530393 0.454803586 155.690048218
0.456307232 0.055274017 -0.888103962 274.207275391 -0.060256965 0.997697234 0.031134916 -11.163385391 0.887779772 0.039307348 0.458587110 156.081390381
0.460054219 0.057452664 -0.886030078 273.425842285 -0.060871389 0.997597277 0.033080678 -11.144147873 0.885801792 0.038714971 0.462446094 156.475845337
0.462417841 0.057365507 -0.884804487 272.625976562 -0.060705628 0.997611582 0.032953188 -11.118934631 0.884581625 0.038474463 0.464795828 156.896575928
0.463684142 0.055075515 -0.884287179 271.840637207 -0.057981424 0.997812867 0.031743068 -11.093187332 0.884101391 0.036553461 0.465863407 157.310394287
0.464429975 0.052487891 -0.884053171 271.031127930 -0.055981077 0.997985721 0.029843088 -11.069877625 0.883838892 0.035630215 0.466432810 157.739395142
0.465261698 0.050763503 -0.883716464 270.205871582 -0.054874592 0.998088062 0.028442835 -11.041271210 0.883470714 0.035260212 0.467157781 158.167434692
0.465875924 0.054551192 -0.883166909 269.368255615 -0.056022048 0.997913778 0.032086872 -11.021842957 0.883074820 0.034528315 0.467960060 158.605987549
0.466971099 0.059936322 -0.882238925 268.520355225 -0.056189761 0.997695208 0.038038656 -10.997699738 0.882485509 0.031809844 0.469262660 159.055252075
0.469205141 0.063565835 -0.880798519 267.673583984 -0.056726057 0.997515559 0.041770909 -10.968635559 0.881265461 0.030365091 0.471645296 159.498809814
0.472264767 0.059500899 -0.879446268 266.828216553 -0.055817522 0.997735381 0.037529871 -10.946612358 0.879687726 0.031364471 0.474516511 159.950012207
0.475559294 0.052440587 -0.878119230 265.993652344 -0.055634391 0.998016179 0.029471057 -10.920463562 0.877922654 0.034838390 0.477533340 160.400390625
0.478937685 0.048626259 -0.876501083 265.140350342 -0.057157282 0.998073339 0.024138929 -10.902458191 0.875986159 0.038537379 0.480794251 160.862396240
0.483102918 0.049767975 -0.874148071 264.290588379 -0.058143783 0.998002946 0.024685927 -10.881246567 0.873630941 0.038900428 0.485031843 161.326965332
0.489055693 0.054608610 -0.870541513 263.440338135 -0.057847995 0.997871578 0.030097922 -10.869403839 0.870332241 0.035639517 0.491173744 161.800201416
0.496594787 0.058940552 -0.865979075 262.600891113 -0.058314588 0.997703135 0.034465559 -10.842960358 0.866021454 0.033383787 0.498891294 162.279510498
0.505323291 0.060723249 -0.860790968 261.758544922 -0.059432797 0.997601390 0.035484601 -10.830583572 0.860881031 0.033228021 0.507720172 162.768249512
0.514436543 0.058055028 -0.855561078 260.928771973 -0.058813404 0.997745037 0.032339420 -10.811939240 0.855509281 0.033681873 0.516690910 163.265075684
0.523451328 0.054195102 -0.850330353 260.104187012 -0.056178913 0.997998774 0.029023685 -10.787327766 0.850201607 0.032578144 0.525448322 163.774017334
0.532627106 0.052736856 -0.844705403 259.286315918 -0.053509008 0.998158395 0.028577285 -10.769585609 0.844656825 0.029978314 0.534468055 164.287811279
0.541139245 0.053305876 -0.839241743 258.481842041 -0.052310165 0.998189986 0.029672386 -10.757791519 0.839304447 0.027843984 0.542948246 164.813339233
0.549865901 0.053203255 -0.833556771 257.677764893 -0.048617668 0.998315930 0.031648062 -10.740165710 0.833836794 0.023123393 0.551526546 165.343170166
0.557784438 0.051657159 -0.828376770 256.880126953 -0.042819049 0.998523235 0.033435360 -10.722241402 0.828880608 0.016820580 0.559172630 165.889099121
0.564103901 0.052488621 -0.824033856 256.087768555 -0.040297769 0.998538315 0.036017660 -10.702008247 0.824719906 0.012889019 0.565394521 166.438522339
0.568777502 0.049600441 -0.820994496 255.316070557 -0.035531234 0.998729885 0.035722625 -10.683995247 0.821723640 0.008852724 0.569817424 166.980789185
0.571750879 0.042664602 -0.819317222 254.533843994 -0.026410239 0.999086499 0.033595722 -10.659795761 0.820002139 0.002429978 0.572355390 167.538436890
0.572169781 0.037952177 -0.819256604 253.751922607 -0.019545684 0.999275982 0.032640871 -10.638495445 0.819902241 -0.002663190 0.572497368 168.095031738
0.571007729 0.037121214 -0.820105016 252.959411621 -0.015519057 0.999286711 0.034426365 -10.615826607 0.820798039 -0.006930470 0.571176589 168.647354126
0.567289472 0.039713942 -0.822560370 252.151626587 -0.014010442 0.999157369 0.038577721 -10.591863632 0.823399305 -0.010360302 0.567367852 169.209991455
0.562491536 0.037707333 -0.825942814 251.341247559 -0.009747108 0.999192476 0.038978755 -10.559587479 0.826745629 -0.013874669 0.562404871 169.762893677
0.557200193 0.034612615 -0.829656541 250.528564453 -0.002263897 0.999190509 0.040165000 -10.528505325 0.830375195 -0.020501690 0.556827426 170.314193726
0.550762773 0.036455590 -0.833865345 249.696685791 -0.005783629 0.999188423 0.039863266 -10.500537872 0.834641814 -0.017132435 0.550526619 170.860473633
0.544132948 0.036693349 -0.838196278 248.863861084 -0.006612130 0.999199688 0.039449122 -10.471143723 0.838972986 -0.015923306 0.543940127 171.387649536
0.536569238 0.030586978 -0.843301833 248.026458740 -0.002737946 0.999400735 0.034506686 -10.448984146 0.843851924 -0.016206315 0.536331415 171.915283203
0.529742002 0.024525996 -0.847804129 247.185806274 0.000954442 0.999563932 0.029512608 -10.420505524 0.848158240 -0.016443249 0.529487610 172.448516846
0.523823023 0.020950772 -0.851569533 246.334259033 0.005499453 0.999593496 0.027975399 -10.396348953 0.851809502 -0.019337326 0.523494840 172.971771240
0.516873300 0.025729474 -0.855675161 245.468215942 0.007843148 0.999363959 0.034787759 -10.380186081 0.856025994 -0.024692051 0.516342759 173.492858887
0.509806633 0.027965395 -0.859834433 244.617630005 0.015173829 0.999023736 0.041489165 -10.360090256 0.860155225 -0.034198433 0.508884549 174.006210327
0.502849340 0.027199082 -0.863946080 243.765579224 0.021317251 0.998810589 0.043852389 -10.331453323 0.864111245 -0.040468100 0.501671433 174.512802124
0.496320188 0.026173044 -0.867745042 242.893188477 0.024074648 0.998746097 0.043894190 -10.299199104 0.867805779 -0.042676229 0.495067716 175.005416870
0.489757061 0.024429228 -0.871516645 242.017959595 0.026387744 0.998734117 0.042824071 -10.271514893 0.871459544 -0.043970749 0.488492429 175.502838135
0.482719719 0.019346895 -0.875561297 241.149719238 0.031589232 0.998720765 0.039484266 -10.239362717 0.875205100 -0.046718139 0.481491029 175.989166260
0.476369500 0.015201300 -0.879113793 240.276763916 0.035234544 0.998717308 0.036362149 -10.215601921 0.878538907 -0.048296992 0.475222886 176.462493896
0.470860422 0.014272490 -0.882092297 239.405212402 0.036688525 0.998687327 0.035743352 -10.189178467 0.881444573 -0.049192794 0.469718695 176.929107666
0.466404617 0.015084008 -0.884442866 238.522064209 0.039293047 0.998514354 0.037750386 -10.165873528 0.883698344 -0.052359413 0.465119004 177.393737793
0.462089241 0.019523149 -0.886618555 237.640731812 0.039683398 0.998301029 0.042664632 -10.140254974 0.885945141 -0.054898903 0.460529387 177.851501465
0.458100498 0.023454066 -0.888590932 236.750595093 0.035492644 0.998372018 0.044649433 -10.109188080 0.888191581 -0.051992368 0.456522226 178.296020508
0.456385791 0.025175640 -0.889425814 235.850357056 0.036268529 0.998242557 0.046866011 -10.079938889 0.889042556 -0.053647149 0.454670668 178.755187988
0.455049038 0.026511377 -0.890071690 234.971862793 0.033627544 0.998332083 0.046928067 -10.044950485 0.889831245 -0.051285494 0.453398526 179.195831299
0.455091774 0.026481409 -0.890050769 234.091995239 0.028945997 0.998589456 0.044511113 -10.017938614 0.889973998 -0.046020050 0.453683317 179.630828857
0.454803824 0.020786555 -0.890349030 233.219268799 0.029587178 0.998823047 0.038432628 -9.996703148 0.890100062 -0.043822221 0.453653514 180.076110840
0.454752445 0.017296281 -0.890449882 232.350692749 0.029256437 0.998981714 0.034345675 -9.964008331 0.890137196 -0.041670173 0.453783333 180.517517090
0.455365777 0.015677573 -0.890166461 231.482177734 0.032524779 0.998884559 0.034230415 -9.943092346 0.889710248 -0.044539828 0.454347968 180.965316772
0.457344592 0.015394196 -0.889156342 230.611068726 0.029396921 0.999042034 0.032417219 -9.929683685 0.888803542 -0.040964298 0.456453919 181.406539917
0.460143924 0.014200498 -0.887730837 229.746749878 0.023420477 0.999329984 0.028125392 -9.910756111 0.887535453 -0.033732809 0.459503055 181.840332031
0.463362157 0.012622900 -0.886079192 228.895248413 0.020029973 0.999493897 0.024712967 -9.891838074 0.885942698 -0.029199196 0.462874770 182.276397705
0.466001213 0.017127426 -0.884618402 228.043426514 0.017781334 0.999429405 0.028717222 -9.877794266 0.884605527 -0.029111953 0.465430737 182.722320557
0.468360722 0.022429243 -0.883252680 227.197982788 0.015334065 0.999320805 0.033507835 -9.863656044 0.883404315 -0.029237607 0.467698693 183.161987305
0.470146835 0.024938950 -0.882235885 226.356353760 0.016436508 0.999179959 0.037003797 -9.842494965 0.882435262 -0.031898092 0.469351351 183.605606079
0.470150054 0.026108656 -0.882200241 225.516754150 0.018850047 0.999037325 0.039612178 -9.819700241 0.882385194 -0.035253182 0.469205260 184.065841675
0.469649255 0.026528070 -0.882454515 224.685211182 0.021523697 0.998907328 0.041483924 -9.795602798 0.882590711 -0.038476579 0.468565106 184.506668091
0.468703866 0.026400771 -0.882960737 223.854934692 0.021236636 0.998927653 0.041141298 -9.770727158 0.883100033 -0.038034197 0.467640579 184.940612793
0.467970490 0.023842221 -0.883422494 223.035140991 0.020584753 0.999070704 0.037867643 -9.749714851 0.883504391 -0.035905976 0.467044830 185.366333008
0.466990590 0.021576570 -0.883999109 222.226593018 0.017866692 0.999267936 0.033828493 -9.730394363 0.884081900 -0.031591728 0.466263175 185.797119141
0.466187716 0.022841176 -0.884390950 221.414169312 0.014470810 0.999336004 0.033437844 -9.710878372 0.884567499 -0.028386168 0.465547681 186.214050293
0.465024531 0.026193604 -0.884910166 220.607009888 0.013602469 0.999232829 0.036725748 -9.689050674 0.885193229 -0.029115338 0.464311481 186.622894287
0.463362098 0.028711366 -0.885703802 219.815307617 0.018261062 0.998953402 0.041935917 -9.671703339 0.885980904 -0.035605405 0.462352812 187.048309326
0.462537289 0.029443217 -0.886110783 219.021270752 0.022684647 0.998728216 0.045026273 -9.644159317 0.886309564 -0.040927440 0.461281121 187.469772339
0.461086929 0.031671077 -0.886789680 218.249786377 0.019829955 0.998745501 0.045980111 -9.620804787 0.887133420 -0.038785826 0.459880471 187.863418579
0.459769726 0.026546579 -0.887641370 217.481338501 0.018478289 0.999050677 0.039449643 -9.602096558 0.887845933 -0.034539845 0.458842695 188.251739502
0.457930267 0.016144982 -0.888841510 216.742034912 0.021797938 0.999330521 0.029382188 -9.587487221 0.888720810 -0.032829903 0.457271755 188.635803223
0.456705868 0.012080004 -0.889535725 215.999252319 0.025607033 0.999314964 0.026717994 -9.567399979 0.889249146 -0.034980636 0.456083655 189.018539429
0.455331206 0.018477637 -0.890130401 215.261459351 0.024003051 0.999166429 0.033019405 -9.552305222 0.889998555 -0.036400612 0.454508126 189.390792847
0.453123152 0.028303774 -0.890998542 214.529586792 0.022840982 0.998799086 0.043344136 -9.535296440 0.891155303 -0.039991513 0.451932490 189.756637573
0.450880587 0.030549126 -0.892061293 213.818954468 0.023409715 0.998665631 0.046031978 -9.524469376 0.892277241 -0.041637827 0.449563742 190.115814209
0.448858500 0.026259730 -0.893216968 213.145919800 0.023525285 0.998874426 0.041187868 -9.507391930 0.893293142 -0.039500710 0.447735548 190.450775146
0.447585046 0.022719420 -0.893952727 212.473495483 0.020698734 0.999146163 0.035756327 -9.486377716 0.894001782 -0.034507684 0.446732640 190.784713745
0.446933627 0.023297297 -0.894263685 211.815612793 0.016448481 0.999277830 0.034253709 -9.471973419 0.894415855 -0.030018415 0.446227670 191.096084595
0.445729554 0.025606906 -0.894801319 211.172546387 0.016276969 0.999193668 0.036702432 -9.458702087 0.895019650 -0.030924015 0.444953382 191.410293579
0.444535553 0.028015941 -0.895322978 210.542648315 0.014598563 0.999151468 0.038513195 -9.446298599 0.895642221 -0.030190913 0.443749368 191.717453003
0.443250716 0.032486290 -0.895808876 209.929962158 0.010169500 0.999096513 0.041263912 -9.424247742 0.896340013 -0.027400184 0.442519844 192.012145996
0.442152560 0.037451230 -0.896157682 209.327117920 0.008188810 0.998917699 0.045785919 -9.405601501 0.896902561 -0.027582826 0.441367328 192.302047729
0.441294253 0.038840149 -0.896521509 208.750778198 0.010731180 0.998763025 0.048551776 -9.391609192 0.897298276 -0.031046353 0.440331578 192.585083008
0.440487266 0.035764225 -0.897046268 208.200698853 0.014325244 0.998798966 0.046855289 -9.382781982 0.897644639 -0.033489566 0.439445853 192.861236572
0.441148639 0.031501647 -0.896880984 207.672393799 0.013816808 0.999026895 0.041885443 -9.368501663 0.897327662 -0.030869739 0.440284133 193.116958618
0.442440987 0.028880257 -0.896332562 207.154876709 0.011679147 0.999211013 0.037960030 -9.345979691 0.896721661 -0.027263474 0.441754639 193.372100830
0.443722785 0.029604668 -0.895675004 206.669113159 0.010421143 0.999216139 0.038189709 -9.328012466 0.896103561 -0.026279604 0.443066478 193.599594116
0.446709335 0.030588426 -0.894156098 206.197601318 0.012037203 0.999119461 0.040192783 -9.320881844 0.894598186 -0.028717628 0.445947766 193.840866089
0.451185048 0.032811623 -0.891827106 205.743637085 0.012311062 0.998999953 0.042982973 -9.315187454 0.892345607 -0.030372614 0.450329840 194.066238403
0.455696046 0.033218801 -0.889515460 205.327392578 0.011282324 0.999007583 0.043087669 -9.305944443 0.890064001 -0.029670680 0.454868972 194.286499023
0.460601091 0.030448785 -0.887084901 204.929275513 0.013427051 0.999058068 0.041263945 -9.288961411 0.887505770 -0.030917155 0.459758401 194.500671387
0.466906905 0.028902318 -0.883834124 204.547561646 0.014122393 0.999094605 0.040131964 -9.279796600 0.884193778 -0.031219745 0.466076016 194.705291748
0.474281251 0.030164247 -0.879856527 204.194183350 0.014283570 0.999017656 0.041948941 -9.267279625 0.880257547 -0.032463089 0.473384500 194.899353027
0.481104553 0.035483204 -0.875944853 203.862945557 0.012612032 0.998796999 0.047386803 -9.256929398 0.876572490 -0.033845454 0.480078220 195.088211060
0.489300668 0.040169373 -0.871189654 203.560760498 0.011221041 0.998566031 0.052344788 -9.243357658 0.872043073 -0.035387993 0.488148272 195.263351440
0.498111725 0.042706251 -0.866060615 203.288894653 0.009531352 0.998456419 0.054716740 -9.240661621 0.867060542 -0.035509780 0.496935785 195.427368164
0.506997705 0.043081053 -0.860870123 203.040206909 0.007554885 0.998489678 0.054417383 -9.234272003 0.861914337 -0.034093264 0.505906522 195.575775146
0.516517103 0.042642429 -0.855214477 202.811599731 0.006200237 0.998546779 0.053533930 -9.221914291 0.856254518 -0.032953728 0.515502095 195.722717285
0.524966717 0.041437741 -0.850113451 202.617156982 0.006745677 0.998580217 0.052840203 -9.221378326 0.851096034 -0.033473939 0.523941875 195.859283447
0.533368647 0.038221136 -0.845018983 202.419738770 0.008175742 0.998699069 0.050332718 -9.216314316 0.845843434 -0.033754554 0.532362223 195.996261597
0.541448832 0.035091620 -0.840001047 202.225860596 0.007512552 0.998886704 0.046571631 -9.210031509 0.840700150 -0.031526711 0.540582418 196.132232666
0.549618840 0.033716116 -0.834734917 202.030120850 0.004706147 0.999044478 0.043451503 -9.205358505 0.835402310 -0.027810147 0.548934937 196.268218994
0.558148742 0.032647777 -0.829098344 201.832885742 0.002015796 0.999169290 0.040701769 -9.196744919 0.829738438 -0.024388935 0.557619333 196.400527954
0.565865219 0.030871999 -0.823919654 201.645843506 0.000816994 0.999277294 0.038003705 -9.187506676 0.824497461 -0.022178115 0.565430999 196.541351318
0.573403716 0.027246160 -0.818819821 201.459884644 0.001744395 0.999403954 0.034476649 -9.179945946 0.819271147 -0.021197384 0.573014379 196.686141968
0.581128836 0.024989069 -0.813427866 201.269378662 0.002715979 0.999463320 0.032644559 -9.175216675 0.813807070 -0.021179950 0.580749154 196.828323364
0.588432550 0.024510993 -0.808174729 201.084365845 0.001168317 0.999513566 0.031164728 -9.168394089 0.808545470 -0.019282544 0.588117719 196.973251343
0.595631719 0.026670836 -0.802814841 200.895050049 -0.003972143 0.999534190 0.030259132 -9.162736893 0.803247929 -0.014834405 0.595460176 197.110702515
0.602325916 0.030347493 -0.797673225 200.706512451 -0.009498724 0.999478817 0.030852670 -9.160495758 0.798193753 -0.011006488 0.602300286 197.244491577
0.608559310 0.032738443 -0.792832792 200.512298584 -0.013197694 0.999427915 0.031139147 -9.149436951 0.793398678 -0.008486456 0.608643234 197.394805908
0.614929914 0.028386356 -0.788070738 200.318267822 -0.012202631 0.999574780 0.026483061 -9.147306442 0.788487375 -0.006668692 0.615014851 197.555328369
0.621061504 0.018755445 -0.783537388 200.112838745 -0.008572108 0.999816418 0.017137913 -9.144543648 0.783714950 -0.003927131 0.621108294 197.735321045
0.626751661 0.011339898 -0.779136539 199.879196167 -0.006015628 0.999934733 0.009714412 -9.138228416 0.779195845 -0.001401528 0.626778960 197.931564331
0.632047415 0.009446600 -0.774872243 199.620132446 -0.006760979 0.999954879 0.006675831 -9.138875008 0.774900317 0.001019452 0.632082701 198.146224976
0.635698259 0.012726468 -0.771832764 199.337524414 -0.009840557 0.999916434 0.008382360 -9.137748718 0.771874964 0.002266612 0.635770380 198.377914429
0.637268424 0.014822551 -0.770499349 199.027313232 -0.011051160 0.999888003 0.010095187 -9.132271767 0.770562649 0.002081568 0.637360811 198.632614136
0.636929452 0.017148269 -0.770731390 198.696899414 -0.015702145 0.999833763 0.009269455 -9.123075485 0.770762265 0.006198145 0.637092829 198.893127441
0.634620667 0.017969241 -0.772614896 198.344421387 -0.020049058 0.999776006 0.006784323 -9.109548569 0.772563756 0.011184726 0.634838820 199.164993286
0.631140113 0.019692719 -0.775418818 197.967926025 -0.020699639 0.999749243 0.008541717 -9.101908684 0.775392592 0.010659867 0.631389499 199.466430664
0.627016068 0.019447964 -0.778763592 197.585021973 -0.016100029 0.999798298 0.012005011 -9.100067139 0.778839946 0.005010780 0.627202749 199.778717041
0.621908307 0.021782603 -0.782787085 197.173614502 -0.013984630 0.999762595 0.016709875 -9.098459244 0.782965243 0.000554977 0.622065246 200.100555420
0.615568280 0.026034795 -0.787653446 196.738555908 -0.013088109 0.999654055 0.022813544 -9.088465691 0.787974894 -0.003734402 0.615696073 200.429214478
0.607871056 0.033641592 -0.793322802 196.281188965 -0.015051776 0.999410748 0.030847758 -9.071681023 0.793893158 -0.006810542 0.608019233 200.762298584
0.598831713 0.039290845 -0.799910545 195.813385010 -0.016950017 0.999193907 0.036390278 -9.054485321 0.800695539 -0.008233157 0.599014997 201.101882935
0.589792132 0.041661184 -0.806479812 195.330291748 -0.014951156 0.999060571 0.040675502 -9.041771889 0.807416797 -0.011932288 0.589860916 201.445831299
0.580880046 0.040263746 -0.812992752 194.835235596 -0.007904114 0.999007761 0.043828748 -9.022691727 0.813950837 -0.019033259 0.580621958 201.798522949
0.571732998 0.035711501 -0.819662213 194.322265625 -0.003432544 0.999147594 0.041137148 -8.995969772 0.820432603 -0.020705940 0.571368277 202.150451660
0.561966896 0.029397523 -0.826637149 193.794860840 0.000095865 0.999365926 0.035605412 -8.971634865 0.827159703 -0.020088313 0.561607778 202.509323120
0.551542401 0.026272111 -0.833733022 193.245422363 0.002062416 0.999457896 0.032858696 -8.950572014 0.834144294 -0.019842470 0.551189244 202.863525391
0.540873885 0.021200299 -0.840836585 192.682037354 0.006912041 0.999536514 0.029647877 -8.931114197 0.841075361 -0.021847660 0.540476620 203.221649170
0.530497074 0.016129510 -0.847533345 192.104568481 0.012279011 0.999567866 0.026708707 -8.910161972 0.847597837 -0.024575762 0.530069709 203.578338623
0.520669580 0.012813443 -0.853662193 191.513671875 0.020480627 0.999412179 0.027492786 -8.892387390 0.853512645 -0.031798191 0.520101070 203.953826904
0.511507094 0.010647548 -0.859213173 190.906188965 0.025874784 0.999278903 0.027787065 -8.877708435 0.858889461 -0.036445234 0.510862708 204.316223145
0.503089368 0.010740055 -0.864167690 190.274627686 0.027959494 0.999197125 0.028695308 -8.858184814 0.863781989 -0.038597994 0.502385139 204.682891846
0.495802820 0.013937538 -0.868323326 189.625350952 0.028730657 0.999060631 0.032440901 -8.838874817 0.867959797 -0.041031789 0.494936645 205.044479370
0.490027308 0.017188309 -0.871537626 188.988403320 0.034990072 0.998611987 0.039367829 -8.818900108 0.871004581 -0.049786475 0.488745749 205.410644531
0.485783160 0.020141540 -0.873847246 188.323913574 0.040439732 0.998146057 0.045487523 -8.793371201 0.873143375 -0.057435226 0.484068036 205.790435791
0.483025193 0.021930953 -0.875331759 187.649230957 0.041200403 0.998009741 0.047739770 -8.769979477 0.874636590 -0.059123535 0.481160283 206.159957886
0.481302679 0.019630373 -0.876334608 186.970748901 0.041191027 0.998138249 0.044981875 -8.741833687 0.875586033 -0.057747018 0.479598045 206.525604248
0.479864717 0.014764283 -0.877218306 186.290481567 0.043049660 0.998257756 0.040350933 -8.713433266 0.876285672 -0.057126936 0.478393078 206.900573730
0.478549659 0.015312314 -0.877926946 185.594009399 0.041556012 0.998332620 0.040064152 -8.682068825 0.877076566 -0.055655833 0.477115393 207.280120850
0.478185356 0.018486088 -0.878064334 184.884384155 0.039100431 0.998339057 0.042311974 -8.653855324 0.877388120 -0.054565661 0.476668298 207.659927368
0.477274716 0.022188781 -0.878474116 184.163391113 0.034956805 0.998410463 0.044210207 -8.629115105 0.878058732 -0.051809058 0.475740433 208.041992188
0.476547539 0.022043848 -0.878872335 183.443328857 0.029856304 0.998703182 0.041238315 -8.601665497 0.878641605 -0.045891900 0.475271404 208.424194336
0.476152301 0.019210575 -0.879153013 182.715118408 0.027674491 0.998938739 0.036816649 -8.576793671 0.878927290 -0.041860446 0.475115359 208.813476562
0.475693285 0.014978833 -0.879483700 181.976119995 0.025776856 0.999188185 0.030959699 -8.549301147 0.879233420 -0.037397645 0.474921048 209.203964233
0.475649059 0.013995387 -0.879523873 181.227188110 0.025382180 0.999238729 0.029627109 -8.530231476 0.879268944 -0.036416341 0.474931717 209.607299805
0.475812316 0.015588418 -0.879408777 180.467163086 0.025978766 0.999157608 0.031767149 -8.508518219 0.879163146 -0.037961155 0.475006521 210.012298584
0.475970387 0.019743308 -0.879239678 179.705718994 0.027545799 0.998922825 0.037342522 -8.486843109 0.879029810 -0.041993294 0.474913836 210.430038452
0.475953639 0.023955597 -0.879144132 178.937271118 0.029517224 0.998630702 0.043191586 -8.461543083 0.878974974 -0.046507087 0.474594772 210.852233887
0.476655185 0.027577626 -0.878657758 178.167373657 0.029584331 0.998438418 0.047386020 -8.433129311 0.878592491 -0.048581295 0.475094974 211.258422852
0.477049351 0.028963776 -0.878399193 177.386978149 0.025653413 0.998572052 0.046858381 -8.410499573 0.878502131 -0.044887699 0.475625157 211.678222656
0.477806687 0.029100152 -0.877982914 176.613464355 0.020549769 0.998807430 0.044288184 -8.379283905 0.878224671 -0.039203536 0.476638913 212.088958740
0.478350997 0.025411541 -0.877801061 175.839843750 0.020688282 0.998977721 0.040193420 -8.348458290 0.877925038 -0.037386756 0.477336228 212.504852295
0.478533626 0.025608812 -0.877695799 175.066894531 0.020762831 0.998965085 0.040467359 -8.325660706 0.877823830 -0.037588440 0.477506697 212.926086426
0.478388488 0.025863521 -0.877767384 174.296463013 0.021163784 0.998936296 0.040968169 -8.299905777 0.877893269 -0.038175579 0.477332294 213.343460083
0.478107512 0.027437683 -0.877872705 173.523300171 0.022488050 0.998801827 0.043464754 -8.277722359 0.878013432 -0.040522471 0.476917684 213.763656616
0.477486610 0.026911588 -0.878226757 172.752609253 0.022876313 0.998811245 0.043044381 -8.248094559 0.878341138 -0.040643707 0.476303339 214.192016602
0.477052450 0.029194675 -0.878389835 171.984313965 0.020388551 0.998811543 0.044270080 -8.221315384 0.878638327 -0.039028246 0.475890219 214.603744507
0.477225423 0.030143645 -0.878263831 171.218154907 0.021977391 0.998689532 0.046218820 -8.192310333 0.878506124 -0.041358747 0.475937605 215.018432617
0.477322638 0.028555861 -0.878264010 170.445205688 0.026476605 0.998550653 0.046856478 -8.167829514 0.878329158 -0.045619108 0.475874782 215.443176270
0.476891756 0.024330756 -0.878625214 169.691802979 0.027113700 0.998733878 0.042373300 -8.144773483 0.878543735 -0.044030257 0.475628257 215.849929810
0.476092219 0.016074533 -0.879248559 168.940612793 0.027379932 0.999077260 0.033090845 -8.121911049 0.878969133 -0.039828058 0.475212753 216.254043579
0.474397719 0.011652407 -0.880233586 168.190231323 0.030368522 0.999100626 0.029592931 -8.102365494 0.879786730 -0.040770210 0.473617196 216.663299561
0.473527193 0.013235174 -0.880679727 167.439514160 0.034233544 0.998854995 0.033417974 -8.080615997 0.880113661 -0.045973107 0.472531915 217.070205688
0.472825110 0.019824702 -0.880933344 166.697723389 0.032292500 0.998685420 0.039807044 -8.067836761 0.880564451 -0.047269307 0.471563339 217.465179443
0.472401023 0.021746067 -0.881115496 165.955459595 0.028229373 0.998809397 0.039785665 -8.050319672 0.880931616 -0.043668125 0.471224725 217.853683472
0.471520066 0.018302893 -0.881665468 165.236358643 0.029359346 0.998904526 0.036438279 -8.025444031 0.881366551 -0.043066502 0.470466197 218.236083984
0.470494092 0.015144655 -0.882273257 164.533935547 0.034277324 0.998784363 0.035423867 -8.005650520 0.881737173 -0.046908684 0.469403028 218.616241455
0.469223440 0.017429044 -0.882907510 163.851226807 0.034032397 0.998705566 0.037801567 -7.992883682 0.882423520 -0.047784839 0.468022943 218.978866577
0.468060374 0.019921623 -0.883471906 163.166442871 0.034712970 0.998559773 0.040907584 -7.980502605 0.883014441 -0.049815156 0.466694713 219.338882446
0.465115607 0.018168177 -0.885063529 162.519622803 0.037631556 0.998479843 0.040272348 -7.967762947 0.884449780 -0.052037615 0.463724911 219.684402466
0.462077498 0.017770693 -0.886661470 161.884521484 0.038441099 0.998458147 0.040044662 -7.950046539 0.886005998 -0.052587979 0.460681915 220.011825562
0.457836747 0.020619694 -0.888797224 161.268661499 0.035214487 0.998525858 0.041305020 -7.933692455 0.888338685 -0.050209492 0.456435680 220.316772461
0.451873660 0.021165464 -0.891830802 160.663803101 0.034577902 0.998551667 0.041218191 -7.917405605 0.891411543 -0.049463052 0.450487316 220.617340088
0.444776654 0.025448997 -0.895279944 160.080596924 0.031045169 0.998557508 0.043808039 -7.901801586 0.895103395 -0.047278911 0.443345010 220.897048950
0.436800599 0.027210534 -0.899146736 159.514297485 0.029458646 0.998573601 0.044530306 -7.884761333 0.899075925 -0.045938510 0.435375988 221.158355713
0.427212238 0.026078124 -0.903775215 158.964508057 0.026973762 0.998771429 0.041569635 -7.876649380 0.903748930 -0.042137273 0.425983906 221.407211304
0.415661812 0.019574491 -0.909308553 158.431701660 0.030170368 0.998921394 0.035295002 -7.871797562 0.909018695 -0.042104959 0.414622903 221.642150879
0.400427580 0.011384515 -0.916257679 157.884277344 0.035499424 0.998979449 0.027926473 -7.859095097 0.915640533 -0.043709151 0.399614811 221.884429932
0.380346239 0.007478808 -0.924814045 157.347167969 0.038743094 0.998960674 0.024012212 -7.848943710 0.924032390 -0.044963107 0.379661202 222.099456787
0.354528725 0.009408331 -0.934997797 156.806503296 0.038249210 0.998966515 0.024555195 -7.840016842 0.934262514 -0.044468448 0.353802443 222.292694092
0.325641513 0.015393060 -0.945368111 156.242614746 0.034770448 0.998996139 0.028243301 -7.825474262 0.944853842 -0.042068064 0.324779391 222.458648682
0.294390380 0.021454047 -0.955444396 155.688659668 0.031460758 0.998988569 0.032125462 -7.815710068 0.955167294 -0.039516434 0.293417692 222.618728638
0.260893166 0.026180398 -0.965012729 155.132446289 0.028809819 0.998975813 0.034890603 -7.802608490 0.964937806 -0.036904562 0.259871721 222.746429443
0.225865722 0.031181632 -0.973659337 154.569168091 0.024374330 0.998993754 0.037647240 -7.793412685 0.973853528 -0.032235518 0.224878430 222.845184326
0.190343201 0.034076121 -0.981126130 154.018386841 0.022014370 0.998997927 0.038967740 -7.779828548 0.981470883 -0.029016120 0.189402282 222.923126221
0.155520141 0.035885610 -0.987180769 153.486083984 0.019828053 0.999025226 0.039439883 -7.764800072 0.987633765 -0.025707573 0.154657006 222.980865479
0.120620966 0.037591808 -0.991986752 152.931427002 0.018644581 0.999020696 0.040125463 -7.752087593 0.992523670 -0.023335150 0.119801998 223.020111084
0.085581422 0.039173212 -0.995560884 152.373794556 0.015572079 0.999052107 0.040649213 -7.737265110 0.996209562 -0.018981773 0.084890306 223.039810181
0.050750971 0.037596479 -0.998003423 151.814422607 0.010844207 0.999211550 0.038193446 -7.715362549 0.998652458 -0.012760910 0.050303221 223.037811279
0.018962801 0.037922323 -0.999100685 151.261825562 0.004033405 0.999269426 0.038005278 -7.698795319 0.999812007 -0.004750464 0.018795967 223.022430420
-0.008716822 0.039385866 -0.999186099 150.680740356 -0.000690403 0.999223530 0.039393365 -7.670425892 0.999961793 0.001033227 -0.008682847 222.993835449
-0.030973792 0.044146542 -0.998544872 150.088424683 -0.000493776 0.999023318 0.044183016 -7.649134636 0.999520183 0.001861565 -0.030921698 222.952835083
-0.048827171 0.051006734 -0.997504115 149.489257812 -0.001445884 0.998690546 0.051138185 -7.624682426 0.998806298 0.003939202 -0.048689485 222.904235840
-0.062078714 0.058007263 -0.996384203 148.863769531 -0.003516688 0.998290718 0.058337364 -7.604214668 0.998065114 0.007125479 -0.061768651 222.859802246
-0.073890805 0.059057303 -0.995516300 148.231185913 -0.009040898 0.998164296 0.059885446 -7.573913574 0.997225523 0.013425331 -0.073221207 222.793762207
-0.083295345 0.059775285 -0.994730651 147.598907471 -0.013607050 0.998038054 0.061113447 -7.538791180 0.996432126 0.018625803 -0.082318544 222.723175049
-0.087644577 0.060257357 -0.994327664 146.938659668 -0.012682930 0.998020411 0.061599072 -7.504798412 0.996071100 0.018009814 -0.086706877 222.650604248
-0.090286493 0.059694428 -0.994125366 146.259719849 -0.008601356 0.998118043 0.060715362 -7.458261013 0.995878875 0.014032589 -0.089603066 222.596954346
-0.092257619 0.059804633 -0.993937731 145.574584961 -0.003208676 0.998171687 0.060357228 -7.423515797 0.995730162 0.008757629 -0.091897011 222.535949707
-0.093340755 0.057296209 -0.993984342 144.869400024 -0.001032278 0.998336673 0.057644032 -7.385230064 0.995633781 0.006406599 -0.093126297 222.466934204
-0.093551517 0.052689642 -0.994219303 144.150711060 0.002447635 0.998607814 0.052691907 -7.346371651 0.995611489 0.002495919 -0.093550205 222.403961182
-0.093755484 0.048699439 -0.994403481 143.407714844 0.007508430 0.998809159 0.048207279 -7.314989090 0.995566905 -0.002946706 -0.094009519 222.335433960
-0.093468666 0.046558533 -0.994533062 142.650146484 0.010102950 0.998898923 0.045813419 -7.274677277 0.995571017 -0.005765599 -0.093836069 222.268218994
-0.092139363 0.048886653 -0.994545460 141.881896973 0.010271693 0.998787582 0.048143566 -7.240043163 0.995693266 -0.005779754 -0.092529774 222.185897827
-0.091061592 0.054641835 -0.994345009 141.091644287 0.010782965 0.998489082 0.053882062 -7.206601143 0.995786846 -0.005815398 -0.091513157 222.118072510
-0.089428663 0.057576437 -0.994327784 140.287811279 0.011780495 0.998319030 0.056748036 -7.170218468 0.995923698 -0.006638780 -0.089956641 222.046218872
-0.086740732 0.053072412 -0.994816303 139.469070435 0.009060418 0.998580694 0.052483238 -7.131258011 0.996189773 -0.004461016 -0.087098479 221.969085693
-0.082903743 0.044362247 -0.995569706 138.641876221 0.007494570 0.999008179 0.043891374 -7.090497971 0.996529400 -0.003822605 -0.083154082 221.894454956
-0.079049826 0.038312089 -0.996134222 137.804122925 0.011602935 0.999228895 0.037510343 -7.048007965 0.996803164 -0.008592894 -0.079433441 221.832855225
-0.074643612 0.039359018 -0.996433318 136.938781738 0.016982561 0.999126077 0.038193207 -7.017093658 0.997065723 -0.014071112 -0.075246811 221.770751953
-0.069560289 0.042459488 -0.996673763 136.049499512 0.021639952 0.998922944 0.041044999 -6.988609791 0.997343063 -0.018712871 -0.070404172 221.716400146
-0.065303922 0.045347180 -0.996834576 135.153213501 0.022381114 0.998782158 0.043969568 -6.953078270 0.997614443 -0.019438887 -0.066239238 221.655242920
-0.061155200 0.047450613 -0.996999800 134.230102539 0.024175631 0.998646736 0.046046089 -6.911176205 0.997835517 -0.021287151 -0.062219501 221.607269287
-0.057090521 0.051590625 -0.997035146 133.311920166 0.026772384 0.998383939 0.050127424 -6.874440670 0.998009980 -0.023831207 -0.058379412 221.558166504
-0.054186821 0.053065632 -0.997119963 132.379867554 0.024882725 0.998348534 0.051778819 -6.834650517 0.998220921 -0.022005338 -0.055417776 221.503845215
-0.051458240 0.049069792 -0.997469008 131.424514771 0.032412529 0.998348057 0.047440916 -6.789255142 0.998149157 -0.029889267 -0.052963734 221.459884644
-0.049366236 0.044524699 -0.997787952 130.455673218 0.041235827 0.998244941 0.042504929 -6.747716904 0.997929275 -0.039046306 -0.051115632 221.416229248
-0.049092531 0.036158431 -0.998139679 129.481719971 0.040874768 0.998580039 0.034164011 -6.711395264 0.997957647 -0.039121527 -0.050500751 221.365936279
-0.049140811 0.030921694 -0.998313189 128.492034912 0.044038523 0.998615682 0.028763326 -6.685903549 0.997820616 -0.042550784 -0.050434589 221.318878174
-0.048875451 0.029442264 -0.998371005 127.493225098 0.046573605 0.998545349 0.027167397 -6.654350281 0.997718573 -0.045169916 -0.050175548 221.269927979
-0.048741221 0.036769487 -0.998134553 126.486892700 0.040222086 0.998583794 0.034821913 -6.628229141 0.998001397 -0.038449790 -0.050151229 221.209289551
-0.048383594 0.049153097 -0.997618854 125.447433472 0.037134126 0.998186469 0.047380108 -6.603747368 0.998138487 -0.034753289 -0.050121069 221.141693115
-0.050055504 0.058439154 -0.997035384 124.411636353 0.035108451 0.997772634 0.056719784 -6.558968544 0.998129249 -0.032165233 -0.051995754 221.081832886
-0.052225590 0.058831513 -0.996900916 123.389221191 0.035944171 0.997727096 0.056997232 -6.523023605 0.997988284 -0.032856070 -0.054221511 221.019104004
-0.055277705 0.048576500 -0.997288644 122.365493774 0.039928015 0.998124421 0.046404082 -6.473645210 0.997672319 -0.037254643 -0.057113647 220.974487305
-0.057788968 0.039337687 -0.997553647 121.355056763 0.040797010 0.998481750 0.037010901 -6.437390327 0.997495055 -0.038558386 -0.059306026 220.911499023
-0.060507059 0.035931766 -0.997520864 120.334396362 0.042750023 0.998528183 0.033374947 -6.411370277 0.997251928 -0.040624622 -0.061954021 220.847244263
-0.063427091 0.038332529 -0.997250021 119.298171997 0.042589612 0.998455703 0.035670090 -6.387923241 0.997077227 -0.040210042 -0.064961672 220.783432007
-0.066097021 0.042200278 -0.996920526 118.276977539 0.040210981 0.998406291 0.039597146 -6.362341881 0.997002721 -0.037469897 -0.067688584 220.707962036
-0.067495346 0.049296174 -0.996500969 117.250778198 0.041125011 0.998067260 0.046588156 -6.328413010 0.996871650 -0.037836626 -0.069392204 220.633041382
-0.069034815 0.057763267 -0.995940566 116.225921631 0.041086305 0.997639894 0.055013880 -6.296420097 0.996767819 -0.037121646 -0.071245193 220.562698364
-0.069801092 0.057973709 -0.995874882 115.214080811 0.037937831 0.997741938 0.055423319 -6.256361008 0.996839285 -0.033912726 -0.071842909 220.479492188
-0.071052432 0.051008370 -0.996167660 114.205642700 0.035370041 0.998192370 0.048589263 -6.215501785 0.996845424 -0.031782109 -0.072728157 220.401916504
-0.071516633 0.044092931 -0.996464372 113.229278564 0.037794486 0.998424768 0.041467156 -6.183331490 0.996723115 -0.034695268 -0.073070407 220.325805664
-0.072018623 0.042632256 -0.996491849 112.230285645 0.036910515 0.998515666 0.040051244 -6.147344589 0.996720195 -0.033896595 -0.073485255 220.246856689
-0.071218729 0.047489274 -0.996329546 111.224777222 0.039653052 0.998211205 0.044744518 -6.122575760 0.996672213 -0.036320861 -0.072974443 220.172073364
-0.071349621 0.054561183 -0.995958030 110.222778320 0.039496265 0.997874260 0.051836684 -6.086612701 0.996669173 -0.035638098 -0.073352814 220.098297119
-0.071168661 0.056558244 -0.995859504 109.221420288 0.041504517 0.997694373 0.053696349 -6.053513527 0.996600449 -0.037511170 -0.073351979 220.028411865
-0.069713116 0.053274684 -0.996143639 108.244674683 0.040672749 0.997894406 0.050521929 -6.013621330 0.996737719 -0.036993861 -0.071733117 219.951644897
-0.068498611 0.047810607 -0.996505022 107.267898560 0.040901214 0.998145819 0.045077838 -5.976728439 0.996812522 -0.037670497 -0.070327044 219.884277344
-0.067811131 0.044045880 -0.996725500 106.296325684 0.042997874 0.998225868 0.041186869 -5.946836472 0.996771276 -0.040064149 -0.069584727 219.820144653
-0.066646338 0.036465846 -0.997110069 105.332138062 0.046014689 0.998381019 0.033436723 -5.926913261 0.996715069 -0.043653276 -0.068216443 219.753601074
-0.066097021 0.035083625 -0.997196317 104.358428955 0.047490109 0.998359740 0.031976786 -5.900607109 0.996682525 -0.045243390 -0.067654729 219.694976807
-0.064284205 0.040667553 -0.997102737 103.383697510 0.050047081 0.998043358 0.037479337 -5.873925209 0.996675968 -0.047492750 -0.066193700 219.625701904
-0.063078523 0.048406985 -0.996833861 102.407623291 0.054388080 0.997505426 0.044997975 -5.852571487 0.996525407 -0.051377475 -0.065554023 219.568328857
-0.061694145 0.048237599 -0.996928751 101.441940308 0.053220041 0.997569501 0.044975124 -5.821854591 0.996675193 -0.050281890 -0.064111352 219.505371094
-0.060872078 0.047070757 -0.997035146 100.479934692 0.053166158 0.997622311 0.043852523 -5.788728714 0.996728718 -0.050339133 -0.063229918 219.439453125
-0.061035991 0.045975409 -0.997076273 99.531921387 0.058451273 0.997388959 0.042411752 -5.761095047 0.996422768 -0.055691734 -0.063563943 219.392181396
-0.061281204 0.044430736 -0.997131348 98.583145142 0.060798477 0.997319818 0.040702630 -5.734653473 0.996267319 -0.058129758 -0.063818336 219.330657959
-0.061931729 0.043040283 -0.997152030 97.635559082 0.061194822 0.997353911 0.039248277 -5.711092949 0.996202707 -0.058589824 -0.064401627 219.269042969
-0.062889576 0.046854496 -0.996920049 96.680130005 0.065761395 0.996921062 0.042706072 -5.681872368 0.995851576 -0.062873088 -0.065777063 219.208648682
-0.064332724 0.052787609 -0.996531367 95.743118286 0.068548784 0.996474981 0.048359346 -5.652612686 0.995571375 -0.065199926 -0.067724466 219.144256592
-0.066747546 0.053724460 -0.996322572 94.808746338 0.067525581 0.996503174 0.049210418 -5.624154091 0.995482445 -0.063992590 -0.070141912 219.076995850
-0.069249034 0.052739352 -0.996204436 93.866088867 0.067551583 0.996557474 0.048062351 -5.589885712 0.995309770 -0.063966915 -0.072573304 219.012237549
-0.072772145 0.053739294 -0.995899737 92.946426392 0.066735052 0.996571779 0.048899110 -5.552500725 0.995113373 -0.062902927 -0.076109052 218.943710327
-0.076070547 0.057714660 -0.995430768 92.017349243 0.064454839 0.996520042 0.052852206 -5.520793915 0.995017052 -0.060139839 -0.079525709 218.868988037
-0.079018235 0.058728963 -0.995141685 91.112533569 0.061620191 0.996641934 0.053924605 -5.489307404 0.994966865 -0.057059791 -0.082371831 218.783569336
-0.082007408 0.056364588 -0.995036602 90.217010498 0.059752114 0.996881545 0.051544540 -5.452297211 0.994838953 -0.055228509 -0.085119605 218.702011108
-0.084746838 0.054679777 -0.994901061 89.333068848 0.060328092 0.996942878 0.049653180 -5.416730881 0.994574547 -0.055812530 -0.087786555 218.626251221
-0.087178349 0.053319775 -0.994764805 88.476211548 0.059694134 0.997051835 0.048210938 -5.388691902 0.994402647 -0.055178672 -0.090104222 218.556243896
-0.088161111 0.052833419 -0.994704068 87.637313843 0.057281565 0.997208834 0.047889568 -5.361373901 0.994457841 -0.052756213 -0.090941429 218.472839355
-0.088929057 0.051685940 -0.994696021 86.808639526 0.055975918 0.997333825 0.046818569 -5.336188316 0.994463801 -0.051515490 -0.091585159 218.398071289
-0.089322209 0.052903373 -0.994596958 86.000259399 0.055615257 0.997295320 0.048052255 -5.311784744 0.994448960 -0.051022634 -0.092022896 218.325195312
-0.088906646 0.054984353 -0.994521320 85.216033936 0.052604333 0.997340858 0.050437614 -5.283753395 0.994650006 -0.047831889 -0.091562629 218.247756958
-0.087226987 0.056050513 -0.994610488 84.456970215 0.049428675 0.997429609 0.051874518 -5.261350632 0.994961560 -0.044637419 -0.089773297 218.174240112
-0.085023046 0.057245705 -0.994733095 83.715270996 0.048789304 0.997389734 0.053228408 -5.242857933 0.995183706 -0.044006694 -0.087594151 218.116836548
-0.080545187 0.058462463 -0.995034993 82.992813110 0.049389727 0.997286260 0.054596782 -5.211357117 0.995526612 -0.044746995 -0.083214045 218.062301636
-0.073926210 0.059724074 -0.995473742 82.297119141 0.048331093 0.997246742 0.056241266 -5.186014175 0.996091902 -0.043954629 -0.076609135 218.006805420
-0.066193104 0.060160607 -0.995991528 81.615081787 0.046582639 0.997278690 0.057142492 -5.162864685 0.996718824 -0.042613473 -0.068815470 217.967956543
-0.056486964 0.059284437 -0.996641636 80.954299927 0.044851821 0.997378409 0.056786180 -5.133347511 0.997395337 -0.041493513 -0.058997869 217.951385498
-0.042645097 0.056563877 -0.997487783 80.311538696 0.044341698 0.997519433 0.054669950 -5.104036331 0.998105824 -0.041898891 -0.045047402 217.928466797
-0.025629640 0.053690277 -0.998228788 79.685317993 0.045109831 0.997601628 0.052498359 -5.078168869 0.998653293 -0.043684419 -0.027990103 217.919555664
-0.005392671 0.052652355 -0.998598278 79.088333130 0.047340129 0.997506678 0.052339148 -5.057511330 0.998864233 -0.046991527 -0.007871747 217.929168701
0.018039525 0.052712701 -0.998446882 78.491073608 0.047169536 0.997452497 0.053512454 -5.039484978 0.998724103 -0.048061617 0.015507162 217.937927246
0.043209076 0.052746162 -0.997672796 77.893814087 0.045569867 0.997461975 0.054708648 -5.011161804 0.998026311 -0.047827728 0.040695786 217.977478027
0.071973622 0.055583227 -0.995856643 77.332153320 0.041677024 0.997406363 0.058681861 -5.006937027 0.996535480 -0.045727890 0.069470406 218.022018433
0.102530181 0.056002680 -0.993152201 76.750701904 0.038666178 0.997434974 0.060235966 -4.980597496 0.993978143 -0.044577405 0.100101769 218.099960327
0.136784494 0.054354858 -0.989108562 76.173294067 0.037743729 0.997482479 0.060034648 -4.956278801 0.989881575 -0.045544457 0.134388566 218.196746826
0.174662113 0.050876912 -0.983313143 75.605133057 0.032441277 0.997824609 0.057390165 -4.928571701 0.984093904 -0.041923825 0.172631681 218.301239014
0.215264857 0.046980664 -0.975425124 75.037277222 0.024411531 0.998271108 0.053468376 -4.899528503 0.976250708 -0.035321485 0.213745773 218.417602539
0.257046103 0.044681478 -0.965365648 74.482452393 0.017541718 0.998550296 0.050888211 -4.879418850 0.966239929 -0.030014787 0.255889654 218.571212769
0.302433491 0.043799520 -0.952163637 73.933425903 0.009529967 0.998754799 0.048969690 -4.861518860 0.953122795 -0.023884160 0.301639497 218.743194580
0.350361466 0.042733084 -0.935639262 73.403778076 0.000465285 0.998950601 0.045798913 -4.836215019 0.936614513 -0.016481517 0.349973917 218.949203491
0.396851420 0.042791553 -0.916884899 72.961883545 -0.011035766 0.999062955 0.041850291 -4.819492340 0.917816520 -0.006489823 0.396951795 219.210113525
0.449174643 0.043499675 -0.892384529 72.459068298 -0.011476432 0.999012589 0.042920742 -4.800316334 0.893370390 -0.009037524 0.449230313 219.483184814
0.501096249 0.046078298 -0.864163995 71.972267151 -0.014827439 0.998892009 0.044664294 -4.782845974 0.865264595 -0.009567775 0.501224279 219.797943115
0.554199576 0.049895559 -0.830887079 71.506217957 -0.018198565 0.998689532 0.047833860 -4.757995605 0.832184911 -0.011388551 0.554381311 220.135238647
0.605140924 0.051202469 -0.794470131 71.054718018 -0.018821653 0.998570859 0.050020181 -4.743063927 0.795895875 -0.015316016 0.605239749 220.507476807
0.651835442 0.049376335 -0.756751359 70.651458740 -0.018094240 0.998606682 0.049571197 -4.728306770 0.758144617 -0.018619422 0.651820660 220.910949707
0.695060849 0.044551350 -0.717569292 70.309616089 -0.017809249 0.998838842 0.044763774 -4.720276833 0.718730390 -0.018334180 0.695047140 221.302337646
0.734951735 0.041979387 -0.676818907 69.941017151 -0.023518644 0.999059498 0.036427531 -4.705377102 0.677711546 -0.010854616 0.735247791 221.742218018
0.771854758 0.041152470 -0.634465694 69.586212158 -0.033493418 0.999149263 0.024060255 -4.690401077 0.634916067 0.002679403 0.772576451 222.196609497
0.805810511 0.034259237 -0.591181636 69.259475708 -0.032311596 0.999381542 0.013872258 -4.672724724 0.591291308 0.007923611 0.806419134 222.687896729
0.837135196 0.024410734 -0.546451092 68.967300415 -0.023216421 0.999689102 0.009091137 -4.657990456 0.546503127 0.005076129 0.837441683 223.223632812
0.867353320 0.018995909 -0.497330248 68.669616699 -0.017535370 0.999817312 0.007606770 -4.652447701 0.497383893 0.002123111 0.867527962 223.760528564
0.892907143 0.019172465 -0.449832469 68.420562744 -0.016733874 0.999815822 0.009397139 -4.655056953 0.449929774 -0.000863333 0.893063545 224.324920654
0.915047288 0.019579789 -0.402871042 68.188064575 -0.017792750 0.999808252 0.008178363 -4.656453133 0.402953923 -0.000315407 0.915220261 224.912658691
0.933992088 0.016173992 -0.356927365 67.981422424 -0.014037446 0.999864697 0.008575804 -4.657376289 0.357017785 -0.002999384 0.934092760 225.525436401
0.949954033 0.015214979 -0.312019020 67.808364868 -0.013258503 0.999876916 0.008390955 -4.658905983 0.312108278 -0.003834117 0.950038791 226.147247314
0.963627338 0.020073285 -0.266494721 67.624679565 -0.019255681 0.999798477 0.005680930 -4.657529354 0.266555041 -0.000342762 0.963819623 226.787643433
0.974270165 0.019101329 -0.224572480 67.492469788 -0.019267969 0.999813318 0.001449664 -4.663158417 0.224558249 0.002914691 0.974456310 227.437194824
0.982220709 0.008352171 -0.187543809 67.392379761 -0.010035784 0.999917388 -0.008029453 -4.669230938 0.187461242 0.009768845 0.982223451 228.106033325
0.987620533 0.002821895 -0.156836599 67.305107117 -0.005512778 0.999844909 -0.016724892 -4.678612232 0.156765088 0.017382452 0.987482965 228.784606934
0.991592586 0.001116829 -0.129394561 67.224967957 -0.003697097 0.999799073 -0.019702600 -4.685286999 0.129346564 0.020015337 0.991397440 229.479263306
0.994269371 0.001687551 -0.106890425 67.157394409 -0.003337407 0.999878049 -0.015258031 -4.691296101 0.106851637 0.015527329 0.994153738 230.187805176
0.996084034 0.001831290 -0.088392228 67.101722717 -0.002269984 0.999985576 -0.004862772 -4.707008362 0.088382050 0.005044379 0.996073902 230.925964355
0.997340322 0.004910766 -0.072719678 67.051231384 -0.004550797 0.999976575 0.005114949 -4.721588612 0.072743088 -0.004770413 0.997339308 231.667144775
0.998192668 0.001076913 -0.060085211 67.007759094 -0.000557591 0.999962330 0.008659195 -4.720963001 0.060092274 -0.008610042 0.998155713 232.398117065
0.998611987 -0.007691775 -0.052105173 66.979484558 0.008115727 0.999935627 0.007929777 -4.720901012 0.052040827 -0.008341641 0.998610139 233.166503906
0.998802185 -0.013420855 -0.047054350 66.955055237 0.013648545 0.999896646 0.004520934 -4.725366592 0.046988811 -0.005157742 0.998882115 233.915298462
0.998917699 -0.016535593 -0.043474548 66.925025940 0.016582806 0.999862254 0.000725513 -4.727782726 0.043456562 -0.001445658 0.999054253 234.681747437
0.998932719 -0.018184694 -0.042458791 66.895652771 0.018090332 0.999832988 -0.002605647 -4.731504917 0.042499080 0.001834773 0.999094844 235.452209473
0.998912215 -0.019333851 -0.042433098 66.864685059 0.019290704 0.999812901 -0.001426077 -4.737668991 0.042452730 0.000605962 0.999098301 236.236709595
0.998929620 -0.020514429 -0.041458178 66.829994202 0.020622848 0.999784946 0.002189130 -4.746685982 0.041404352 -0.003041772 0.999137819 237.037643433
0.998783112 -0.025838662 -0.042008273 66.809432983 0.026029283 0.999653161 0.003996972 -4.750792980 0.041890427 -0.005085553 0.999109268 237.826232910
0.998664021 -0.028163543 -0.043323763 66.780441284 0.028104926 0.999603033 -0.001961624 -4.757333755 0.043361813 0.000741393 0.999059141 238.623321533
0.998586178 -0.030769892 -0.043345347 66.743606567 0.030369155 0.999489963 -0.009873732 -4.767252922 0.043627053 0.008543410 0.999011338 239.426025391
0.998170137 -0.040733080 -0.044689432 66.724044800 0.040053118 0.999069333 -0.016006956 -4.780164719 0.045299854 0.014187714 0.998872697 240.236373901
0.997653723 -0.050262146 -0.046484344 66.695175171 0.049434219 0.998600543 -0.018792875 -4.798913479 0.047363862 0.016450865 0.998742223 241.059402466
0.997127235 -0.058766332 -0.047789339 66.666107178 0.057924896 0.998143792 -0.018806679 -4.823548317 0.048805833 0.015984459 0.998680353 241.895126343
0.996675849 -0.064098135 -0.050286040 66.641212463 0.063468181 0.997885287 -0.014027380 -4.833863258 0.051078826 0.010789188 0.998636365 242.749755859
0.996541500 -0.063850529 -0.053180557 66.592712402 0.063572496 0.997953355 -0.006905173 -4.846227646 0.053512614 0.003500471 0.998561025 243.604080200
0.996589959 -0.060583018 -0.056018971 66.540191650 0.060799956 0.998147607 0.002174867 -4.868532658 0.055783443 -0.005573402 0.998427331 244.471588135
0.996894240 -0.053148378 -0.058113433 66.487670898 0.053577591 0.998546541 0.005851728 -4.869973660 0.057717960 -0.008947131 0.998292863 245.331802368
0.997193694 -0.046447240 -0.058714148 66.422744751 0.047094416 0.998843491 0.009686453 -4.872409821 0.058196336 -0.012424379 0.998227835 246.222381592
0.997457206 -0.038875565 -0.059730783 66.353363037 0.039577190 0.999160230 0.010608216 -4.876913548 0.059268221 -0.012945219 0.998158157 247.106048584
0.997479081 -0.037619431 -0.060168151 66.300979614 0.037996206 0.999264717 0.005129874 -4.879987240 0.059930928 -0.007403104 0.998175085 247.989028931
0.997499347 -0.036075179 -0.060775667 66.246650696 0.035872526 0.999346614 -0.004422634 -4.885927677 0.060895506 0.002231399 0.998141646 248.883468628
0.997562408 -0.034459699 -0.060677253 66.186607361 0.033906285 0.999373734 -0.010127016 -4.892337322 0.060988225 0.008044991 0.998106062 249.802093506
0.997612894 -0.033807173 -0.060213082 66.129920959 0.033265620 0.999396801 -0.009974060 -4.908046722 0.060513955 0.007947224 0.998135686 250.723510742
0.997819781 -0.029419262 -0.059077520 66.064979553 0.029217036 0.999563932 -0.004284109 -4.921719551 0.059177790 0.002548699 0.998244226 251.666793823
0.998027503 -0.024675714 -0.057725534 66.003257751 0.024739666 0.999693871 0.000393372 -4.936091423 0.057698157 -0.001820707 0.998332441 252.620010376
0.998177826 -0.021613449 -0.056337643 65.940826416 0.021962272 0.999743223 0.005579790 -4.938137054 0.056202579 -0.006806924 0.998396158 253.593429565
0.998301923 -0.018676104 -0.055177104 65.881782532 0.019246772 0.999766469 0.009829205 -4.935042381 0.054980647 -0.010874495 0.998428226 254.573745728
0.998439789 -0.016212484 -0.053433795 65.814758301 0.016817622 0.999799192 0.010894869 -4.939256191 0.053246431 -0.011776500 0.998511970 255.560974121
0.998455942 -0.016880983 -0.052921936 65.770774841 0.017112371 0.999845862 0.003922127 -4.945080757 0.052847568 -0.004821690 0.998590946 256.538208008
0.998460293 -0.017279400 -0.052710745 65.708763123 0.016930759 0.999831796 -0.007053620 -4.949751854 0.052823763 0.006150327 0.998584926 257.541534424
0.998347938 -0.020327002 -0.053742379 65.657417297 0.019860847 0.999760509 -0.009193838 -4.959057331 0.053916391 0.008111279 0.998512506 258.551025391
0.998284578 -0.018245064 -0.055632543 65.604820251 0.018310571 0.999832153 0.000667968 -4.971179485 0.055611014 -0.001685486 0.998451114 259.571197510
0.998212934 -0.018353522 -0.056868948 65.545730591 0.018983252 0.999764085 0.010552942 -4.978696823 0.056661848 -0.011613641 0.998325884 260.611968994
0.998174429 -0.017368138 -0.057846099 65.477882385 0.018077716 0.999767363 0.011766016 -4.981176853 0.057628289 -0.012790261 0.998256147 261.666778564
0.998052478 -0.018739022 -0.059498303 65.423728943 0.019135792 0.999798238 0.006105791 -4.974524498 0.059371881 -0.007232447 0.998209715 262.702056885
0.997973084 -0.020909797 -0.060104389 65.354675293 0.020997005 0.999779224 0.000819649 -4.978185177 0.060073979 -0.002080000 0.998191774 263.747650146
0.997922838 -0.019733829 -0.061323594 65.287300110 0.019748168 0.999804914 -0.000372316 -4.990650654 0.061318979 -0.000839486 0.998117864 264.791748047
0.997898102 -0.019729154 -0.061726332 65.213951111 0.019859256 0.999801695 0.001494862 -5.001199722 0.061684597 -0.002717559 0.998091996 265.859832764
0.997865617 -0.019463109 -0.062333036 65.138778687 0.019741455 0.999797702 0.003852661 -5.007819176 0.062245443 -0.005074983 0.998047948 266.927856445
0.997890532 -0.016258299 -0.062849872 65.070159912 0.016673476 0.999842465 0.006086988 -5.013540745 0.062741011 -0.007122073 0.998004436 267.960998535
0.997886240 -0.015170214 -0.063189618 64.992660522 0.015793229 0.999831378 0.009371617 -5.017933369 0.063036792 -0.010349776 0.997957528 269.028839111
0.997856498 -0.015400602 -0.063602194 64.922630310 0.016179442 0.999800086 0.011748621 -5.018215656 0.063408539 -0.012752486 0.997906148 270.094024658
0.997851431 -0.015263750 -0.063714147 64.861991882 0.016022742 0.999806404 0.011418515 -5.033421040 0.063527524 -0.012414857 0.997902870 271.143463135
0.997806728 -0.018997613 -0.063409701 64.791908264 0.019464003 0.999787807 0.006745503 -5.035149574 0.063268095 -0.007964915 0.997964799 272.208343506
0.997761250 -0.019178545 -0.064068124 64.719764709 0.019330902 0.999811590 0.001758943 -5.036730289 0.064022325 -0.002993499 0.997943997 273.264221191
0.997685850 -0.019122975 -0.065248080 64.655410767 0.019307703 0.999811172 0.002201714 -5.058157444 0.065193653 -0.003456409 0.997866631 274.315429688
0.997533202 -0.021603262 -0.066789031 64.593360901 0.021685924 0.999764681 0.000512846 -5.071101189 0.066762231 -0.001959963 0.997766972 275.369415283
0.997464657 -0.021787291 -0.067745954 64.507049561 0.021541253 0.999758422 -0.004360251 -5.080683231 0.067824587 0.002889863 0.997693062 276.423248291
0.997406721 -0.020529049 -0.068981305 64.430267334 0.020207318 0.999781430 -0.005358666 -5.096372604 0.069076233 0.003950843 0.997603536 277.486633301
0.997354269 -0.019569101 -0.070010632 64.367439270 0.019782113 0.999801576 0.002350441 -5.108534813 0.069950737 -0.003729180 0.997543454 278.510192871
0.997345626 -0.019140076 -0.070252515 64.285942078 0.020000748 0.999733031 0.011568159 -5.120584488 0.070012346 -0.012942555 0.997462153 279.563476562
0.997394145 -0.017440679 -0.070004918 64.205108643 0.018296797 0.999765217 0.011606820 -5.124717712 0.069786049 -0.012857440 0.997479141 280.604736328
0.997455239 -0.015989102 -0.069479629 64.144111633 0.016386867 0.999852419 0.005158660 -5.127292156 0.069386892 -0.006284086 0.997570038 281.624938965
0.997565806 -0.012944934 -0.068519585 64.063949585 0.013065252 0.999913812 0.001308092 -5.132770538 0.068496741 -0.002200133 0.997648895 282.667449951
0.997696161 -0.010868934 -0.066964813 63.981315613 0.010876122 0.999940813 -0.000257242 -5.142926216 0.066963643 -0.000471668 0.997755289 283.708160400
0.997802556 -0.007857104 -0.065790363 63.911754608 0.008077442 0.999962628 0.003083760 -5.159215450 0.065763667 -0.003608401 0.997828722 284.743865967
0.997856200 -0.006181783 -0.065151773 63.841514587 0.006488201 0.999968886 0.004492598 -5.167875767 0.065121971 -0.004905684 0.997865260 285.788757324
0.997895360 -0.002995436 -0.064775974 63.773422241 0.003458786 0.999969244 0.007042151 -5.173892498 0.064752884 -0.007251376 0.997874975 286.818359375
0.997926354 -0.002592938 -0.064314172 63.702606201 0.002899439 0.999984860 0.004672806 -5.186834812 0.064301081 -0.004849591 0.997918785 287.838134766
0.997905016 -0.002155020 -0.064659849 63.632308960 0.002229918 0.999996901 0.001086186 -5.192991734 0.064657308 -0.001228096 0.997906744 288.862518311
0.997898281 -0.000658489 -0.064796641 63.564327240 0.000584700 0.999999166 -0.001157732 -5.207153797 0.064797349 0.001117412 0.997897804 289.878814697
0.997911632 0.001727692 -0.064570397 63.484233856 -0.001631047 0.999997497 0.001549428 -5.222100735 0.064572908 -0.001440875 0.997911930 290.911468506
0.997952640 0.002602178 -0.063904665 63.430233002 -0.002284349 0.999984682 0.005046041 -5.232761860 0.063916817 -0.004889729 0.997943223 291.898376465
0.997954011 0.004963411 -0.063742794 63.359966278 -0.004364557 0.999945045 0.009530663 -5.240811825 0.063786596 -0.009232954 0.997920871 292.922241211
0.997923672 0.006601498 -0.064068682 63.283428192 -0.006020295 0.999939024 0.009260379 -5.246920109 0.064125903 -0.008855439 0.997902513 293.948394775
0.997935057 0.003195465 -0.064151205 63.207920074 -0.002660285 0.999960959 0.008426159 -5.250127792 0.064175628 -0.008238099 0.997904599 294.965423584
0.997820973 -0.003892963 -0.065864526 63.163368225 0.004334029 0.999969125 0.006555006 -5.258957863 0.065836973 -0.006826181 0.997807026 295.961608887
0.997694910 -0.003862953 -0.067749478 63.090629578 0.004241178 0.999976218 0.005439751 -5.262337208 0.067726858 -0.005714550 0.997687519 296.965942383
0.997519553 -0.000715969 -0.070386559 63.004272461 0.000859407 0.999997616 0.002007593 -5.275711060 0.070384949 -0.002063104 0.997517765 297.964263916
0.997357547 -0.005276837 -0.072457545 62.945579529 0.005614683 0.999974310 0.004459789 -5.280807972 0.072432153 -0.004854830 0.997361541 298.973388672
0.997126162 -0.000580483 -0.075756513 62.862415314 0.001617918 0.999905765 0.013633685 -5.286270618 0.075741462 -0.013717072 0.997033119 299.985687256
0.996908486 0.004341750 -0.078451067 62.769565582 -0.002723931 0.999781668 0.020717263 -5.289503098 0.078523889 -0.020439520 0.996702671 300.989166260
0.996656001 0.005511492 -0.081525564 62.682334900 -0.003854220 0.999782979 0.020471681 -5.284747124 0.081620701 -0.020089006 0.996460974 301.990478516
0.996400058 0.002279912 -0.084744737 62.611312866 -0.000920599 0.999870360 0.016075708 -5.279610157 0.084770396 -0.015939821 0.996272981 302.969665527
0.996120095 -0.002904820 -0.087956436 62.526485443 0.003594071 0.999964058 0.007678914 -5.284059525 0.087930962 -0.007965242 0.996094704 303.963623047
0.995790422 -0.006059673 -0.091459028 62.436576843 0.006149886 0.999980867 0.000704580 -5.287854671 0.091453001 -0.001264077 0.995808601 304.953979492
0.995453358 -0.009360603 -0.094789252 62.347808838 0.009573720 0.999952555 0.001793797 -5.294791698 0.094767965 -0.002693127 0.995495737 305.926544189
0.995001316 -0.010421979 -0.099316448 62.247509003 0.010892993 0.999931872 0.004201452 -5.304100037 0.099265888 -0.005262303 0.995047033 306.918701172
0.994500458 -0.009270811 -0.104321130 62.135414124 0.009338085 0.999956369 0.000156477 -5.317497253 0.104315132 -0.001129776 0.994543672 307.898834229
0.993931174 -0.010892387 -0.109463274 62.031906128 0.010427834 0.999934018 -0.004815485 -5.329867840 0.109508507 0.003644796 0.993979156 308.872314453
0.993410289 -0.007316407 -0.114378847 61.910224915 0.006880354 0.999967456 -0.004206680 -5.337582111 0.114405908 0.003391992 0.993428290 309.860809326
0.992941201 -0.005770514 -0.118467361 61.779460907 0.006275236 0.999972761 0.003887853 -5.352722168 0.118441701 -0.004603819 0.992950320 310.837127686
0.992246151 -0.002690787 -0.124259055 61.661521912 0.003546249 0.999971509 0.006663832 -5.367684364 0.124237582 -0.007052815 0.992227435 311.805877686
0.991618216 -0.001070341 -0.129198208 61.526977539 0.002237560 0.999957979 0.008889512 -5.372223854 0.129183263 -0.009104091 0.991578937 312.777496338
0.991155744 0.001516179 -0.132695094 61.389049530 -0.000586086 0.999974966 0.007048025 -5.369130611 0.132702455 -0.006907919 0.991131842 313.736663818
0.990710258 0.010979839 -0.135545820 61.241985321 -0.009869294 0.999912024 0.008862404 -5.375625134 0.135631204 -0.007442333 0.990731418 314.700469971
0.990319729 0.023104951 -0.136868641 61.090541840 -0.022250963 0.999722242 0.007766314 -5.383096218 0.137010068 -0.004645674 0.990558743 315.681671143
0.989989221 0.032266457 -0.137405097 60.931907654 -0.031255834 0.999466181 0.009506878 -5.387403965 0.137638509 -0.005116996 0.990469337 316.651275635
0.989971280 0.037084866 -0.136314124 60.781944275 -0.036777645 0.999312103 0.004772360 -5.391356468 0.136397332 0.000288813 0.990654171 317.618408203
0.990096092 0.038895406 -0.134895787 60.638961792 -0.038985349 0.999237835 0.001975755 -5.396943092 0.134869829 0.003302772 0.990857840 318.594238281
0.990440071 0.039246753 -0.132242888 60.511310577 -0.039616451 0.999214947 -0.000164666 -5.405145645 0.132132605 0.005402086 0.991217315 319.559722900
0.990893066 0.041668884 -0.128041416 60.373947144 -0.041464094 0.999130905 0.004265714 -5.414025307 0.128107890 0.001082254 0.991759658 320.542724609
0.991610110 0.040068515 -0.122898087 60.250183105 -0.039534677 0.999195218 0.006780293 -5.421662807 0.123070858 -0.001864671 0.992396116 321.537231445
0.992310643 0.041606046 -0.116569802 60.124946594 -0.040617060 0.999115884 0.010847745 -5.423535347 0.116918080 -0.006029610 0.993123233 322.518554688
0.992941260 0.044811808 -0.109815925 60.019649506 -0.043364704 0.998938560 0.015531798 -5.426368237 0.110395372 -0.010660028 0.993830562 323.485992432
0.993208230 0.052835632 -0.103662200 59.901313782 -0.051243220 0.998524547 0.017966909 -5.424233913 0.104458548 -0.012532896 0.994450271 324.467987061
0.993543267 0.057416797 -0.097852528 59.786964417 -0.056491807 0.998328507 0.012199710 -5.422708988 0.098389439 -0.006593075 0.995126128 325.456237793
0.993906021 0.060238797 -0.092315383 59.691677094 -0.060096014 0.998183191 0.004328275 -5.426271439 0.092408396 0.001245888 0.995720387 326.438507080
0.994377077 0.060329348 -0.087032288 59.599521637 -0.060575839 0.998163581 -0.000191526 -5.432141781 0.086860903 0.005462502 0.996205449 327.423522949
0.995106280 0.055488158 -0.081759200 59.514503479 -0.055518020 0.998455882 0.001909803 -5.436720371 0.081738919 0.002638652 0.996650279 328.432434082
0.995736241 0.049627010 -0.077758990 59.443977356 -0.049250532 0.998763621 0.006753076 -5.450256348 0.077997983 -0.002894612 0.996949315 329.430908203
0.996370733 0.042124081 -0.073965795 59.374233246 -0.041739922 0.999105811 0.006732541 -5.457853794 0.074183263 -0.003620781 0.997238040 330.431976318
0.996605039 0.040656537 -0.071592018 59.298538208 -0.040570136 0.999173164 0.002661168 -5.461849213 0.071641013 0.000252364 0.997430444 331.433349609
0.996779680 0.042497564 -0.068001613 59.229167938 -0.042411394 0.999096572 0.002711034 -5.463310719 0.068055391 0.000181740 0.997681499 332.438629150
0.997003973 0.043790501 -0.063761257 59.152198792 -0.043566559 0.999038517 0.004898967 -5.469536304 0.063914478 -0.002106431 0.997953176 333.447662354
0.997026384 0.047796294 -0.060447063 59.081607819 -0.047716718 0.998857081 0.002760101 -5.482859612 0.060509901 0.000132442 0.998167574 334.460113525
0.996969879 0.052151997 -0.057716709 59.007907867 -0.052276600 0.998632431 -0.000650078 -5.490154743 0.057603873 0.003665342 0.998332798 335.466400146
0.997112870 0.050963238 -0.056291077 58.948116302 -0.050830882 0.998700142 0.003781525 -5.498983860 0.056410622 -0.000909282 0.998407245 336.473632812
0.997257292 0.049169399 -0.055319123 58.899234772 -0.048570551 0.998746216 0.012119029 -5.509939671 0.055845652 -0.009398910 0.998395145 337.499237061
0.997253776 0.050594751 -0.054083679 58.829689026 -0.049880870 0.998650372 0.014469832 -5.512605667 0.054742783 -0.011732354 0.998431563 338.510925293
0.997114599 0.053097863 -0.054250591 58.770668030 -0.052709360 0.998573124 0.008568149 -5.519482613 0.054628130 -0.005683912 0.998490572 339.508239746
0.997123420 0.053586997 -0.053603470 58.700572968 -0.053634692 0.998560488 0.000549380 -5.520804405 0.053555746 0.002327206 0.998562157 340.498168945
0.997211397 0.051484879 -0.054025289 58.660579681 -0.051609062 0.998666942 -0.000905105 -5.526425838 0.053906668 0.003690776 0.998539150 341.506317139
0.997377992 0.049024627 -0.053232457 58.603397369 -0.048833724 0.998794973 0.004881803 -5.537186146 0.053407639 -0.002269465 0.998570204 342.511444092
0.997598469 0.045102417 -0.052564815 58.546600342 -0.044704057 0.998962104 0.008730305 -5.551285267 0.052904017 -0.006359479 0.998579323 343.521728516
0.997731805 0.041954100 -0.052641794 58.492366791 -0.041662477 0.999109745 0.006625460 -5.555319786 0.052872896 -0.004417244 0.998591483 344.511291504
0.997783244 0.040596262 -0.052731249 58.445579529 -0.040294077 0.999164879 0.006781583 -5.559531689 0.052962519 -0.004641793 0.998585701 345.505615234
0.997824430 0.040184289 -0.052264828 58.389377594 -0.039664522 0.999153137 0.010944813 -5.563790321 0.052660376 -0.008847943 0.998573303 346.486602783
0.997929335 0.039466120 -0.050788593 58.328144073 -0.038824640 0.999154091 0.013555989 -5.566513062 0.051280633 -0.011556070 0.998617411 347.449707031
0.998053193 0.037081961 -0.050147347 58.272029877 -0.036613885 0.999277234 0.010220947 -5.576840878 0.050490115 -0.008364960 0.998689532 348.411926270
0.998212755 0.033289220 -0.049630277 58.240108490 -0.032965638 0.999429643 0.007324446 -5.581520081 0.049845796 -0.005675262 0.998740792 349.339355469
0.998391569 0.028573921 -0.048966818 58.201534271 -0.028318243 0.999581516 0.005907411 -5.587477684 0.049115121 -0.004511256 0.998782933 350.265228271
0.998531997 0.026444221 -0.047270704 58.152076721 -0.026194490 0.999639511 0.005894761 -5.596667290 0.047409546 -0.004647875 0.998864710 351.186126709
0.998681843 0.025506957 -0.044541940 58.114322662 -0.025327737 0.999668717 0.004583439 -5.603442192 0.044644091 -0.003449251 0.998996973 352.091125488
0.998637259 0.031963784 -0.041254252 58.062633514 -0.031766046 0.999480546 0.005440013 -5.622307777 0.041406706 -0.004122116 0.999133885 352.982421875
0.998707652 0.035170268 -0.036689587 58.027042389 -0.034945440 0.999366403 0.006751521 -5.623322010 0.036903795 -0.005460662 0.999303877 353.863739014
0.998721898 0.039502732 -0.031530309 57.989734650 -0.039338309 0.999208987 0.005818412 -5.628350258 0.031735215 -0.004570626 0.999485850 354.727172852
0.998775601 0.042127475 -0.025934383 57.967056274 -0.042103730 0.999112189 0.001461225 -5.643393040 0.025972916 -0.000367502 0.999662578 355.570678711
0.998892725 0.042750277 -0.019640969 57.933734894 -0.042787995 0.999083042 -0.001504076 -5.654471397 0.019558661 0.002342808 0.999805987 356.408752441
0.999038875 0.041372858 -0.014479852 57.927574158 -0.041363008 0.999143720 0.000979023 -5.663438320 0.014507958 -0.000379151 0.999894679 357.225982666
0.999217629 0.038537975 -0.008883006 57.921516418 -0.038462594 0.999223828 0.008506182 -5.677539349 0.009203923 -0.008157863 0.999924362 358.035430908
0.999416411 0.033940658 -0.003863585 57.926998138 -0.033874206 0.999295890 0.016130883 -5.682425976 0.004408358 -0.015990594 0.999862432 358.816772461
0.999548912 0.030031193 0.000362978 57.923126221 -0.030032886 0.999389410 0.017857522 -5.689131737 0.000173526 -0.017860368 0.999840498 359.607513428
0.999508917 0.031267468 0.002052975 57.919940948 -0.031292733 0.999416173 0.013714032 -5.693979740 -0.001622973 -0.013771540 0.999903858 360.348846436
0.999523938 0.030685470 0.003201545 57.920196533 -0.030712396 0.999490142 0.008730439 -5.699689865 -0.002932015 -0.008824609 0.999956787 361.063049316
0.999627948 0.027088281 0.003187160 57.927082062 -0.027105518 0.999617457 0.005495150 -5.700215816 -0.003037087 -0.005579495 0.999979794 361.760742188
0.999757290 0.021776164 0.003347954 57.936721802 -0.021782469 0.999760985 0.001858833 -5.709390163 -0.003306675 -0.001931309 0.999992669 362.440826416
0.999763966 0.021477541 0.003283578 57.934375763 -0.021465862 0.999763250 -0.003551431 -5.725534916 -0.003359076 0.003480108 0.999988317 363.121429443
0.999741554 0.022634830 0.002131614 57.929862976 -0.022615824 0.999707639 -0.008554341 -5.734785557 -0.002324617 0.008503922 0.999961138 363.794616699
0.999734819 0.023026638 0.000117294 57.925498962 -0.023024274 0.999683738 -0.010115260 -5.746503830 -0.000350177 0.010109877 0.999948859 364.470001221
0.999826908 0.018396566 -0.002770000 57.924484253 -0.018413182 0.999811888 -0.006097745 -5.751472473 0.002657302 0.006147694 0.999977589 365.144409180
0.999888003 0.013102165 -0.007229270 57.925952911 -0.013086443 0.999911904 0.002217875 -5.767360210 0.007257693 -0.002123022 0.999971390 365.817932129
0.999869049 0.009678401 -0.012970502 57.917057037 -0.009587492 0.999929190 0.007052891 -5.774919033 0.013037845 -0.006927613 0.999890983 366.494964600
0.999731004 0.007764822 -0.021855785 57.900817871 -0.007636650 0.999953210 0.005941819 -5.782371521 0.021900900 -0.005773316 0.999743462 367.156585693
0.999414742 0.007602945 -0.033351388 57.872898102 -0.007487676 0.999965549 0.003579747 -5.787658215 0.033377457 -0.003327928 0.999437273 367.805053711
0.998893321 0.008457805 -0.046266750 57.830314636 -0.008400550 0.999963701 0.001431800 -5.792924881 0.046277180 -0.001041549 0.998928070 368.470550537
0.998140931 0.005278626 -0.060719244 57.785026550 -0.005301564 0.999985933 -0.000216679 -5.796255589 0.060717247 0.000538183 0.998154879 369.116790771
0.997079313 0.004803079 -0.076221988 57.724536896 -0.004748455 0.999988317 0.000897850 -5.799340248 0.076225415 -0.000533291 0.997090459 369.774597168
0.995830417 0.010068361 -0.090666637 57.644847870 -0.009895005 0.999948263 0.002361320 -5.810554028 0.090685718 -0.001454328 0.995878518 370.441894531
0.994312525 0.017989574 -0.104971074 57.548446655 -0.017666599 0.999835908 0.004005875 -5.813926220 0.105025910 -0.002128609 0.994467199 371.118286133
0.992696285 0.022013944 -0.118614949 57.441040039 -0.021694697 0.999756694 0.003982145 -5.818845749 0.118673757 -0.001379746 0.992932320 371.793334961
0.991161525 0.023091717 -0.130635262 57.334941864 -0.023022136 0.999732852 0.002043040 -5.819751740 0.130647555 0.000982520 0.991428375 372.491912842
0.989709973 0.028474288 -0.140226275 57.232112885 -0.028717129 0.999587536 0.000291789 -5.823764801 0.140176743 0.003738109 0.990119457 373.218902588
0.988634288 0.036805280 -0.145765543 57.103511810 -0.037593026 0.999289632 -0.002652342 -5.826834679 0.145564377 0.008101963 0.989315629 373.932434082
0.987870514 0.043392975 -0.149093583 56.970294952 -0.044632878 0.998991072 -0.004978831 -5.836339951 0.148727104 0.011572915 0.988810539 374.662261963
0.987860262 0.040403020 -0.149999171 56.861457825 -0.041535005 0.999127269 -0.004420153 -5.844491959 0.149689674 0.010596710 0.988676250 375.414001465
0.988024354 0.043829080 -0.147942275 56.739261627 -0.044300742 0.999018252 0.000107066 -5.844516277 0.147801727 0.006448169 0.988995969 376.188354492
0.988405108 0.051054638 -0.142999336 56.603248596 -0.050500542 0.998695850 0.007503971 -5.848055363 0.143195957 -0.000195419 0.989694357 376.974395752
0.989044249 0.054014087 -0.137382433 56.493209839 -0.052821662 0.998528063 0.012313214 -5.850172997 0.137845293 -0.004921546 0.990441561 377.773223877
0.990298688 0.047657054 -0.130526885 56.393268585 -0.047050882 0.998862624 0.007725777 -5.852321625 0.130746603 -0.001509423 0.991414666 378.586822510
0.991703391 0.044121694 -0.120738089 56.289756775 -0.044506274 0.999009013 -0.000489106 -5.850135326 0.120596856 0.005858650 0.992684305 379.410888672
0.992622614 0.047241945 -0.111662410 56.204605103 -0.048038114 0.998835623 -0.004448993 -5.852578640 0.111322209 0.009780222 0.993736267 380.245025635
0.993701518 0.047838908 -0.101334661 56.113502502 -0.048325550 0.998828888 -0.002351508 -5.853578568 0.101103492 0.007233750 0.994849622 381.099578857
0.994771838 0.048844963 -0.089683563 56.030345917 -0.048761990 0.998805583 0.003117240 -5.868803024 0.089728706 0.001272206 0.995965421 381.980102539
0.995760024 0.049935579 -0.077255771 55.961776733 -0.049733561 0.998752236 0.004537927 -5.871433258 0.077385969 -0.000676483 0.997000992 382.861907959
0.996539176 0.051366508 -0.065354005 55.892620087 -0.051546577 0.998670042 -0.001071010 -5.880954742 0.065212071 0.004436078 0.997861564 383.768035889
0.997286797 0.048441384 -0.055430446 55.847221375 -0.049060013 0.998747230 -0.009853838 -5.886458397 0.054883670 0.012546520 0.998413920 384.678375244
0.997902393 0.044536859 -0.046982188 55.806362152 -0.045360558 0.998832524 -0.016613621 -5.896347046 0.046187419 0.018709911 0.998757541 385.601898193
0.998282015 0.043024082 -0.039774176 55.765319824 -0.043710291 0.998907208 -0.016546704 -5.911252975 0.039018802 0.018256817 0.999071658 386.549530029
0.998593330 0.040540323 -0.034173962 55.735317230 -0.040943298 0.999098957 -0.011175477 -5.930277348 0.033690114 0.012558952 0.999353409 387.506195068
0.998910964 0.036883075 -0.028574938 55.712024689 -0.037046790 0.999299884 -0.005221022 -5.947634697 0.028362364 0.006273946 0.999577999 388.494628906
0.999128759 0.034371108 -0.023672620 55.695114136 -0.034417164 0.999406338 -0.001540674 -5.959090233 0.023605613 0.002354076 0.999718606 389.482879639
0.999234915 0.033784244 -0.019704392 55.667724609 -0.033847108 0.999422908 -0.002865531 -5.967899323 0.019596210 0.003530275 0.999801755 390.469329834
0.999305069 0.032015219 -0.019088242 55.655029297 -0.032119077 0.999470711 -0.005159244 -5.973050117 0.018912964 0.005768755 0.999804497 391.477661133
0.999433160 0.027317068 -0.019676235 55.630882263 -0.027382407 0.999620378 -0.003058940 -5.983517170 0.019585202 0.003595989 0.999801695 392.500274658
0.999424756 0.025989419 -0.021787191 55.609790802 -0.025975678 0.999662161 0.000913538 -5.994170666 0.021803573 -0.000347076 0.999762237 393.538879395
0.999350965 0.026927164 -0.023929108 55.576145172 -0.026898813 0.999637008 0.001505938 -5.999245644 0.023960972 -0.000861296 0.999712527 394.590606689
0.999212682 0.029382482 -0.026658071 55.535224915 -0.029398087 0.999567747 -0.000193584 -6.006469250 0.026640860 0.000977128 0.999644578 395.648529053
0.999188185 0.026324177 -0.030495238 55.503887177 -0.026314199 0.999653459 0.000728549 -6.007795811 0.030503847 0.000074501 0.999534667 396.719299316
0.999148548 0.023300568 -0.034048121 55.458736420 -0.023157597 0.999721289 0.004587450 -6.012598991 0.034145523 -0.003795072 0.999409676 397.805816650
0.999086082 0.019803317 -0.037878983 55.418109894 -0.019625535 0.999794602 0.005059551 -6.019576073 0.037971396 -0.004311532 0.999269545 398.875518799
0.998969257 0.016518239 -0.042280048 55.369159698 -0.016553195 0.999862850 -0.000476787 -6.032370567 0.042266376 0.001176165 0.999105692 399.943756104
0.998838425 0.012940203 -0.046414576 55.322147369 -0.013253848 0.999891341 -0.006456089 -6.045410156 0.046325989 0.007063762 0.998901427 401.003906250
0.998670459 0.012679135 -0.049965870 55.279121399 -0.012915753 0.999906838 -0.004415531 -6.066572666 0.049905229 0.005055007 0.998741150 402.053009033
0.998513460 0.015029174 -0.052392233 55.217144012 -0.014913552 0.999885440 0.002597105 -6.079114914 0.052425262 -0.001811891 0.998623192 403.122222900
0.998359740 0.018405402 -0.054212663 55.152599335 -0.017884165 0.999789238 0.010084180 -6.091241360 0.054386839 -0.009098091 0.998478472 404.189453125
0.998245776 0.020603279 -0.055505376 55.083385468 -0.020101756 0.999752045 0.009578834 -6.093034267 0.055688970 -0.008446275 0.998412430 405.251464844
0.998125255 0.021096684 -0.057453375 55.016094208 -0.020767869 0.999764383 0.006314313 -6.091420650 0.057573050 -0.005109291 0.998328209 406.313354492
0.997998297 0.022255894 -0.059195567 54.944297791 -0.021962963 0.999743104 0.005594647 -6.096940517 0.059304874 -0.004283338 0.998230755 407.372222900
0.997884750 0.022567110 -0.060964994 54.878742218 -0.022183483 0.999729693 0.006962175 -6.109546185 0.061105631 -0.005595032 0.998115599 408.435607910
0.997729063 0.024369095 -0.062792234 54.806030273 -0.024187801 0.999700785 0.003645837 -6.121168613 0.062862292 -0.002118751 0.998019934 409.484619141
0.997684956 0.025574170 -0.063013777 54.726665497 -0.025711374 0.999668479 -0.001367302 -6.127859592 0.062957920 0.002984308 0.998011708 410.532196045
0.997684598 0.025784014 -0.062933616 54.660934448 -0.025957514 0.999661148 -0.001940691 -6.139324188 0.062862255 0.003569798 0.998015821 411.573242188
0.997716904 0.026128935 -0.062275257 54.589122772 -0.026054602 0.999658525 0.002005518 -6.152449131 0.062306393 -0.000378382 0.998057008 412.618652344
0.997783601 0.025393596 -0.061506912 54.512870789 -0.024871683 0.999647975 0.009236360 -6.163025856 0.061719805 -0.007686108 0.998063922 413.663604736
0.997798443 0.024897436 -0.061468583 54.448684692 -0.024021709 0.999599695 0.014944952 -6.166174889 0.061816070 -0.013435470 0.997997105 414.723541260
0.997845232 0.023449538 -0.061278369 54.385059357 -0.022571579 0.999633014 0.014980638 -6.162881851 0.061607171 -0.013565209 0.998008311 415.762176514
0.997880340 0.023272138 -0.060772337 54.321533203 -0.022741789 0.999697149 0.009404059 -6.161871433 0.060972787 -0.008002055 0.998107374 416.787292480
0.997834265 0.026858052 -0.060044903 54.251136780 -0.026644230 0.999635458 0.004359013 -6.171771049 0.060140088 -0.002749722 0.998186171 417.809875488
0.997678280 0.031307302 -0.060480200 54.190868378 -0.031333126 0.999508858 0.000521590 -6.182613850 0.060466826 0.001374654 0.998169243 418.841613770
0.997752845 0.029435763 -0.060189784 54.126609802 -0.029645683 0.999557078 -0.002597405 -6.197689056 0.060086668 0.004375936 0.998183548 419.863342285
0.997871697 0.026984761 -0.059362367 54.061889648 -0.027341193 0.999612629 -0.005200173 -6.213618755 0.059199046 0.006812144 0.998222947 420.877288818
0.998051882 0.022464445 -0.058205102 54.001068115 -0.022661274 0.999739468 -0.002723708 -6.228555679 0.058128752 0.004037404 0.998300910 421.889434814
0.998092711 0.020248750 -0.058317568 53.954620361 -0.019993812 0.999787867 0.004951789 -6.245352745 0.058405463 -0.003776354 0.998285830 422.912048340
0.998185933 0.016864335 -0.057796847 53.896778107 -0.016353361 0.999822974 0.009302505 -6.256215096 0.057943501 -0.008340457 0.998284996 423.910491943
0.998206735 0.017530454 -0.057236228 53.834339142 -0.017128490 0.999825120 0.007505979 -6.270865440 0.057357803 -0.006512149 0.998332441 424.885955811
0.998213291 0.018264787 -0.056890909 53.770298004 -0.018112859 0.999830902 0.003185065 -6.280671120 0.056939464 -0.002148917 0.998375297 425.850677490
0.998013616 0.023585694 -0.058417089 53.711387634 -0.023600772 0.999721348 0.000431880 -6.292682171 0.058410998 0.000947667 0.998292148 426.802459717
0.997802973 0.024671938 -0.061486024 53.646938324 -0.024666078 0.999695361 0.000854446 -6.306038857 0.061488375 0.000664050 0.998107553 427.737243652
0.997524023 0.024197213 -0.066033155 53.580814362 -0.024063395 0.999706447 0.002821236 -6.322463512 0.066082038 -0.001225268 0.997813463 428.662261963
0.997170687 0.025532693 -0.070701309 53.502243042 -0.025330454 0.999672055 0.003755708 -6.336945534 0.070774019 -0.001954185 0.997490466 429.565979004
0.996774137 0.023530398 -0.076730937 53.441001892 -0.023225280 0.999718428 0.004866525 -6.344723701 0.076823838 -0.003068729 0.997039974 430.449829102
0.996273518 0.021251785 -0.083591163 53.367450714 -0.020663302 0.999755263 0.007898963 -6.349534512 0.083738573 -0.006142259 0.996468842 431.321990967
0.995655060 0.022957729 -0.090243772 53.278842926 -0.021909617 0.999680698 0.012587897 -6.360721588 0.090503946 -0.010555997 0.995840132 432.183197021
0.994979858 0.024206342 -0.097103961 53.187374115 -0.022845134 0.999624908 0.015105596 -6.360783577 0.097433187 -0.012811410 0.995159626 433.034637451
0.994204640 0.025822651 -0.104356550 53.096282959 -0.024474908 0.999599934 0.014174985 -6.358734608 0.104680836 -0.011538720 0.994438946 433.851806641
0.993478954 0.026662821 -0.110854283 52.997653961 -0.025455622 0.999600410 0.012291288 -6.370589733 0.111137703 -0.009389271 0.993760645 434.653137207
0.992739201 0.027029365 -0.117210604 52.900714874 -0.026185056 0.999618948 0.008737558 -6.375867844 0.117402107 -0.005604950 0.993068635 435.428405762
0.991911948 0.027113969 -0.123997979 52.783786774 -0.026574509 0.999628842 0.006002767 -6.381277084 0.124114715 -0.002659031 0.992264330 436.208465576
0.990728140 0.028357033 -0.132867128 52.688720703 -0.028143551 0.999597788 0.003484842 -6.389514923 0.132912502 0.000286821 0.991127729 436.976074219
0.989408851 0.029642256 -0.142096624 52.568801880 -0.029568130 0.999559283 0.002633587 -6.395047188 0.142112061 0.001595837 0.989849269 437.719940186
0.987958789 0.028628286 -0.152045429 52.460025787 -0.028272063 0.999590099 0.004504696 -6.402356148 0.152112067 -0.000151817 0.988363266 438.436767578
0.986553371 0.030741932 -0.160522088 52.322673798 -0.030031325 0.999525487 0.006851638 -6.410146236 0.160656542 -0.001938816 0.987008452 439.147552490
0.985051870 0.034242943 -0.168819994 52.205120087 -0.033173040 0.999407709 0.009154689 -6.416708946 0.169033483 -0.003417573 0.985604405 439.815612793
0.983606339 0.038885094 -0.176086739 52.070812225 -0.037341643 0.999229670 0.012071674 -6.430160046 0.176420495 -0.005298407 0.984300613 440.497497559
0.982328236 0.048332117 -0.180818290 51.933750153 -0.046386361 0.998811305 0.014976546 -6.434372425 0.181327209 -0.006324382 0.983402491 441.130126953
0.981973410 0.057178091 -0.180163667 51.800266266 -0.054989282 0.998340070 0.017124275 -6.429883003 0.180843741 -0.006908512 0.983487606 441.741363525
0.982720554 0.064822085 -0.173373654 51.674339294 -0.062434185 0.997864425 0.019197242 -6.428977966 0.174247816 -0.008041081 0.984669030 442.333953857
0.984330416 0.069201097 -0.162187606 51.577232361 -0.066806048 0.997561872 0.020181289 -6.432819843 0.163188741 -0.009029944 0.986553550 442.894348145
0.986698091 0.072326571 -0.145587608 51.496688843 -0.070474774 0.997353971 0.017844012 -6.438141823 0.146492973 -0.007346400 0.989184439 443.450714111
0.989422917 0.075819142 -0.123667940 51.447532654 -0.074668467 0.997111261 0.013919751 -6.443865776 0.124366082 -0.004538425 0.992226005 443.974731445
0.992296159 0.080765583 -0.093942791 51.402496338 -0.080059335 0.996726394 0.011268798 -6.444149971 0.094545387 -0.003660988 0.995513797 444.504089355
0.994896054 0.083410874 -0.056784295 51.388317108 -0.082930207 0.996497095 0.010773447 -6.451259613 0.057484008 -0.006009327 0.998328328 445.024444580
0.996461451 0.083119415 -0.012479806 51.416751862 -0.083013475 0.996509731 0.008780638 -6.453876495 0.013166090 -0.007713575 0.999883592 445.520080566
0.996008813 0.080213487 0.039143853 51.473930359 -0.080512404 0.996734858 0.006118266 -6.477138996 -0.038525276 -0.009245412 0.999214828 446.011901855
0.992133498 0.081348598 0.095150292 51.549491882 -0.081802040 0.996648192 0.000868173 -6.488119125 -0.094760746 -0.008644831 0.995462537 446.491973877
0.984341085 0.083443783 0.155273184 51.666633606 -0.083639957 0.996482074 -0.005280923 -6.492601395 -0.155167595 -0.007788811 0.987857461 446.904632568
0.972420394 0.078153320 0.219751358 51.805477142 -0.077880777 0.996913373 -0.009916821 -6.509305954 -0.219848096 -0.007471086 0.975505531 447.348175049
0.956111252 0.066549130 0.285346210 51.986209869 -0.065010004 0.997773767 -0.014873764 -6.519691467 -0.285700798 -0.004329386 0.958309114 447.756011963
0.933781862 0.058663089 0.353001505 52.181640625 -0.055588014 0.998275816 -0.018852213 -6.541579723 -0.353498787 -0.002018794 0.935432792 448.132720947
0.905858099 0.054327093 0.420082897 52.404922485 -0.048613165 0.998521924 -0.024305113 -6.557074070 -0.420782387 0.001595425 0.907160223 448.489990234
0.873005152 0.052563149 0.484870285 52.664318085 -0.045083769 0.998615980 -0.027083622 -6.575837612 -0.485622823 0.001784366 0.874166667 448.848022461
0.835851789 0.047248952 0.546918094 52.942901611 -0.039438613 0.998883128 -0.026020983 -6.596346855 -0.547536731 0.000179996 0.836781621 449.200500488
0.797111511 0.039304465 0.602551579 53.237060547 -0.032452211 0.999225616 -0.022248711 -6.626790524 -0.602959454 -0.001819427 0.797769785 449.453094482
0.752528191 0.031419575 0.657810092 53.554821014 -0.024906363 0.999504507 -0.019247599 -6.643627167 -0.658088923 -0.001899295 0.752937853 449.744476318
0.704760730 0.024556745 0.709020019 53.890228271 -0.018165193 0.999697685 -0.016568232 -6.654439926 -0.709212542 -0.001202843 0.704993725 450.012451172
0.655927181 0.020164033 0.754554808 54.245574951 -0.011436515 0.999793887 -0.016775927 -6.666976929 -0.754737556 0.002374309 0.656022549 450.244232178
0.603563070 0.018036287 0.797111273 54.609947205 -0.005184653 0.999811769 -0.018697048 -6.688915253 -0.797298491 0.007152102 0.603542924 450.451599121
0.549643159 0.015040018 0.835264206 54.985275269 0.000759519 0.999828517 -0.018503012 -6.704936981 -0.835399210 0.010804453 0.549537420 450.626403809
0.494144320 0.013436003 0.869276106 55.336425781 -0.000423296 0.999884188 -0.015214128 -6.713924408 -0.869379818 0.007150014 0.494092762 450.774719238
0.436432838 0.012780146 0.899646103 55.724990845 -0.004910607 0.999918044 -0.011822370 -6.719883919 -0.899723470 0.000741862 0.436459839 450.930480957
0.379052162 0.016105747 0.925235152 56.122680664 -0.007816921 0.999868572 -0.014202453 -6.726115227 -0.925342321 -0.001849020 0.379128277 451.051269531
0.323671043 0.016894205 0.946018934 56.535797119 0.000627209 0.999836504 -0.018069886 -6.739573479 -0.946169555 0.006442053 0.323607564 451.139495850
0.272058904 0.015488780 0.962156057 56.962249756 0.012848840 0.999722838 -0.019726668 -6.758033276 -0.962194920 0.017729405 0.271784484 451.200439453
0.225107014 0.017464079 0.974177539 57.413024902 0.015627813 0.999646008 -0.021531833 -6.776520729 -0.974208772 0.020071231 0.224754453 451.268249512
0.183302522 0.022688974 0.982794762 57.874847412 0.011777933 0.999611199 -0.025273925 -6.787188053 -0.982986093 0.016208068 0.182964027 451.332000732
0.145339191 0.028587738 0.988968849 58.361633301 0.006590144 0.999532342 -0.029861586 -6.797373772 -0.989359975 0.010857509 0.145082831 451.393402100
0.113161743 0.030931354 0.993095100 58.851043701 0.006956379 0.999466121 -0.031922463 -6.810292244 -0.993552387 0.010520753 0.112886190 451.419769287
0.086696923 0.029418828 0.995800257 59.372497559 0.012455170 0.999453783 -0.030611143 -6.825289726 -0.996156871 0.015056753 0.086283147 451.454437256
0.067135215 0.028994314 0.997322619 59.906555176 0.017054103 0.999398291 -0.030202668 -6.848856449 -0.997598231 0.019036107 0.066600382 451.468811035
0.052987993 0.030080628 0.998142004 60.447967529 0.021581735 0.999278247 -0.031260572 -6.867847443 -0.998361945 0.023198072 0.052300572 451.483642578
0.046432734 0.030343939 0.998460531 61.017852783 0.023847036 0.999220014 -0.031476013 -6.881715775 -0.998636782 0.025271840 0.045672894 451.505523682
0.046344578 0.028982477 0.998505116 61.603729248 0.023737965 0.999264777 -0.030106306 -6.898859024 -0.998643577 0.025097743 0.045622528 451.527679443
0.048755467 0.026902720 0.998448372 62.197875977 0.022632670 0.999350786 -0.028032215 -6.919042110 -0.998554289 0.023964277 0.048114955 451.560729980
0.051190913 0.024883078 0.998378873 62.811553955 0.021122461 0.999438941 -0.025992533 -6.943356514 -0.998465538 0.022418801 0.050636590 451.600341797
0.053601921 0.024633454 0.998258710 63.439208984 0.022762900 0.999405742 -0.025884032 -6.965333939 -0.998303115 0.024110697 0.053009331 451.642486572
0.056434035 0.025409892 0.998082876 64.083282471 0.023095619 0.999375343 -0.026748678 -6.986301899 -0.998139083 0.024560878 0.055811882 451.674163818
0.058780134 0.025453564 0.997946441 64.741760254 0.023696974 0.999357581 -0.026885338 -7.001896381 -0.997989714 0.025228634 0.058139205 451.716186523
0.061525226 0.024451548 0.997806013 65.419372559 0.023374675 0.999390423 -0.025931671 -7.020706177 -0.997831821 0.024918843 0.060916185 451.763427734
0.064717412 0.025513846 0.997577429 66.103546143 0.023744237 0.999350727 -0.027099594 -7.049040794 -0.997621119 0.025440529 0.064069569 451.803771973
0.067361653 0.029456364 0.997293770 66.804687500 0.022218270 0.999271929 -0.031015517 -7.075403214 -0.997481287 0.024247400 0.066658139 451.856201172
0.069824815 0.035897788 0.996913195 67.523742676 0.022492703 0.999041557 -0.037549842 -7.100421429 -0.997305691 0.025045184 0.068950474 451.910919189
0.072436333 0.040026426 0.996569633 68.258941650 0.020995522 0.998911798 -0.041646574 -7.123105049 -0.997152090 0.023940226 0.071517169 451.970306396
0.074810803 0.037525032 0.996491492 69.005249023 0.019214008 0.999051988 -0.039063931 -7.155177593 -0.997012675 0.022069000 0.074018836 452.025390625
0.076269209 0.032804791 0.996547520 69.778381348 0.015822314 0.999292970 -0.034106106 -7.187733173 -0.996961772 0.018368937 0.075696290 452.095947266
0.077993453 0.026816774 0.996593237 70.561218262 0.014860168 0.999495864 -0.028057840 -7.218049049 -0.996843219 0.016997868 0.077555597 452.163696289
0.079589844 0.026258923 0.996481776 71.353179932 0.013992959 0.999525070 -0.027456749 -7.248414993 -0.996729493 0.016129008 0.079184592 452.234008789
0.081076503 0.026419332 0.996357679 72.170776367 0.013376759 0.999529779 -0.027591947 -7.275215149 -0.996618152 0.015565094 0.080684960 452.301208496
0.082826376 0.024398638 0.996265411 72.991394043 0.013584143 0.999579728 -0.025609154 -7.300798893 -0.996471524 0.015654527 0.082460105 452.373107910
0.084091008 0.021400329 0.996228278 73.833648682 0.015919611 0.999612927 -0.022816800 -7.322735310 -0.996330917 0.017778255 0.083717763 452.443756104
0.084528089 0.019009937 0.996239781 74.674530029 0.017432097 0.999636769 -0.020553820 -7.359683514 -0.996268630 0.019103924 0.084166050 452.520202637
0.084851027 0.022707976 0.996134818 75.537139893 0.018330928 0.999535501 -0.024346931 -7.385658264 -0.996224999 0.020325938 0.084395349 452.593200684
0.084887028 0.032630555 0.995856106 76.395751953 0.014791911 0.999312222 -0.034004662 -7.411499023 -0.996280730 0.017617170 0.084345996 452.673217773
0.084091604 0.042338729 0.995558202 77.274536133 0.013432304 0.998957992 -0.043617900 -7.445798874 -0.996367514 0.017040541 0.083435237 452.757080078
0.082527518 0.045351539 0.995556414 78.161285400 0.011779785 0.998849869 -0.046478067 -7.483522892 -0.996519208 0.015563161 0.081898332 452.831726074
0.079910696 0.040963247 0.995960116 79.072906494 0.008509370 0.999090791 -0.041774768 -7.527207851 -0.996765852 0.011813249 0.079489470 452.912322998
0.076899290 0.033117048 0.996488750 79.993286133 0.004626943 0.999425590 -0.033571716 -7.576437473 -0.997028172 0.007192337 0.076701880 452.994812012
0.073717892 0.027344605 0.996904194 80.921783447 0.005673708 0.999596357 -0.027838001 -7.610448360 -0.997263014 0.007708303 0.073532999 453.067749023
0.071221054 0.025561951 0.997133017 81.845275879 0.008571099 0.999619007 -0.026237881 -7.650598049 -0.997423768 0.010415217 0.070974827 453.131835938
0.069525003 0.025646403 0.997250617 82.775268555 0.010581873 0.999594271 -0.026444413 -7.681957722 -0.997524202 0.012391329 0.069225371 453.193939209
0.067905307 0.028054159 0.997297406 83.713623047 0.015407610 0.999455869 -0.029163979 -7.715712547 -0.997572958 0.017346360 0.067436099 453.255859375
0.068103135 0.028137501 0.997281551 84.659637451 0.016750108 0.999429107 -0.029341942 -7.750472069 -0.997537792 0.018702853 0.067592919 453.318298340
0.067952096 0.027761953 0.997302353 85.613708496 0.013194280 0.999500334 -0.028722147 -7.788804054 -0.997601449 0.015110418 0.067551851 453.391448975
0.068321764 0.027940067 0.997272015 86.567321777 0.010854958 0.999527752 -0.028746923 -7.823842049 -0.997604251 0.012789385 0.067986190 453.464660645
0.069048822 0.027576206 0.997232080 87.520477295 0.010265065 0.999545336 -0.028350931 -7.858062744 -0.997560501 0.012194253 0.068734348 453.533386230
0.069692969 0.025900226 0.997232258 88.484649658 0.007662534 0.999619484 -0.026497737 -7.895992279 -0.997539103 0.009488032 0.069468021 453.602630615
0.069961786 0.026970692 0.997185051 89.449432373 0.004742074 0.999614120 -0.027369093 -7.934373379 -0.997538447 0.006643515 0.069806874 453.681213379
0.070706844 0.030626526 0.997026861 90.431549072 0.003965648 0.999512017 -0.030984100 -7.968621731 -0.997489214 0.006144644 0.070550859 453.754211426
0.071300566 0.034097526 0.996871948 91.380401611 0.003806934 0.999398947 -0.034456253 -8.011524200 -0.997447670 0.006251780 0.071127951 453.828674316
0.071800768 0.034143012 0.996834636 92.346923828 0.003110794 0.999401391 -0.034455005 -8.050466537 -0.997414291 0.005574848 0.071651578 453.901275635
0.072582364 0.033588700 0.996796727 93.310302734 0.004679160 0.999410272 -0.034017488 -8.093957901 -0.997351527 0.007133243 0.072382390 453.964416504
0.072657764 0.029859034 0.996909976 94.274505615 0.004800571 0.999529719 -0.030287383 -8.134489059 -0.997345507 0.006986354 0.072480261 454.047393799
0.072273731 0.025718262 0.997053266 95.249420166 0.007336242 0.999626756 -0.026316430 -8.174412727 -0.997357965 0.009216612 0.072058082 454.116271973
0.071765065 0.019938389 0.997222424 96.229522705 0.008550635 0.999751151 -0.020604299 -8.210752487 -0.997385025 0.010005555 0.071576715 454.188964844
0.070344806 0.018076541 0.997358978 97.202575684 0.008244604 0.999791086 -0.018702123 -8.248521805 -0.997488737 0.009538428 0.070181072 454.261108398
0.069228470 0.018861746 0.997422636 98.170288086 0.006903226 0.999788225 -0.019385619 -8.280225754 -0.997577071 0.008227471 0.069083571 454.332458496
0.067161560 0.022911360 0.997479081 99.125091553 0.007915968 0.999692619 -0.023495197 -8.306893349 -0.997710764 0.009473986 0.066959560 454.406311035
0.065406501 0.025685590 0.997528076 100.092437744 0.009744909 0.999604523 -0.026378017 -8.342181206 -0.997811139 0.011446115 0.065130353 454.471405029
0.064017117 0.026550377 0.997595727 101.052062988 0.011083822 0.999565423 -0.027314071 -8.377345085 -0.997887433 0.012805743 0.063695014 454.527923584
0.063154459 0.024331784 0.997707248 102.016937256 0.015140617 0.999564350 -0.025335474 -8.414033890 -0.997889042 0.016705951 0.062758505 454.589416504
0.063414335 0.022235904 0.997739613 102.990844727 0.017608289 0.999571204 -0.023395874 -8.446603775 -0.997832000 0.019052122 0.062995553 454.647216797
0.064151347 0.023207989 0.997670293 103.943786621 0.017823286 0.999543428 -0.024397619 -8.481409073 -0.997780979 0.019346902 0.063708425 454.704254150
0.064598978 0.027974783 0.997519076 104.893005371 0.016002489 0.999449432 -0.029065233 -8.522324562 -0.997782946 0.017840372 0.064115763 454.775482178
0.065613151 0.034689866 0.997241974 105.844421387 0.012679040 0.999285877 -0.035595179 -8.558913231 -0.997764587 0.014979585 0.065126479 454.844329834
0.065844238 0.042252157 0.996934950 106.776458740 0.007319965 0.999055743 -0.042825501 -8.612856865 -0.997803092 0.010117344 0.065472782 454.925720215
0.066555142 0.044662699 0.996782780 107.725769043 0.005897509 0.998962641 -0.045154154 -8.658227921 -0.997765481 0.008883783 0.066222668 454.993774414
0.067170858 0.038115811 0.997013152 108.680603027 0.009226739 0.999203563 -0.038821172 -8.702766418 -0.997698784 0.011806830 0.066765666 455.045867920
0.066936016 0.027665231 0.997373700 109.626892090 0.006751451 0.999580085 -0.028179539 -8.749584198 -0.997734487 0.008619948 0.066721141 455.117736816
0.066725612 0.019408751 0.997582614 110.554382324 0.009705685 0.999750853 -0.020100124 -8.788716316 -0.997724175 0.011023415 0.066520572 455.185424805
0.067928195 0.021255944 0.997463822 111.486694336 0.012944837 0.999670088 -0.022184515 -8.824245453 -0.997606277 0.014418961 0.067630589 455.253967285
0.068965495 0.023179568 0.997349739 112.409484863 0.017550893 0.999547124 -0.024444260 -8.861829758 -0.997464657 0.019190190 0.068527400 455.299285889
0.069573581 0.029080695 0.997152865 113.339233398 0.016041333 0.999413133 -0.030265853 -8.895155907 -0.997447848 0.018101366 0.069066226 455.359069824
0.070866585 0.033274125 0.996930838 114.248229980 0.013581746 0.999318600 -0.034319282 -8.939865112 -0.997393489 0.015972156 0.070366383 455.428710938
0.071967781 0.037946556 0.996684909 115.147064209 0.011787442 0.999173880 -0.038892459 -8.983461380 -0.997337341 0.014547369 0.071461022 455.504180908
0.072157979 0.041202508 0.996541858 116.046447754 0.009813298 0.999068677 -0.042017549 -9.027710915 -0.997344971 0.012811269 0.071686447 455.581726074
0.073738098 0.042126995 0.996387601 116.960052490 0.006845263 0.999062479 -0.042746678 -9.076248169 -0.997254312 0.009972600 0.073380589 455.646850586
0.076291084 0.039875671 0.996287942 117.859863281 0.004283447 0.999177635 -0.040319338 -9.119457245 -0.997076392 0.007343551 0.076057553 455.727233887
0.080979347 0.032988559 0.996169865 118.769500732 0.004078102 0.999432802 -0.033428129 -9.167163849 -0.996707559 0.006769474 0.080798864 455.805755615
0.086972296 0.026759209 0.995851398 119.665435791 0.006472474 0.999602914 -0.027425289 -9.203861237 -0.996189833 0.008830865 0.086764514 455.893676758
0.094652534 0.023880892 0.995223939 120.577209473 0.005657451 0.999683201 -0.024525957 -9.241893768 -0.995494306 0.007951876 0.094487429 455.977905273
0.103669524 0.020307405 0.994404614 121.479370117 0.010386785 0.999714911 -0.021498706 -9.273662567 -0.994557679 0.012557428 0.103429019 456.069671631
0.113713145 0.019187748 0.993328333 122.368011475 0.011838919 0.999716341 -0.020666424 -9.306149483 -0.993443131 0.014109978 0.113453686 456.173828125
0.124285400 0.021172952 0.992020607 123.250030518 0.007295159 0.999725819 -0.022251382 -9.340514183 -0.992219687 0.010002472 0.124096870 456.285400391
0.134832025 0.025968205 0.990528226 124.118911743 0.004337310 0.999631464 -0.026797263 -9.373928070 -0.990859032 0.007909358 0.134669721 456.416259766
0.145203233 0.030168379 0.988941908 124.982803345 0.002163122 0.999522984 -0.030808769 -9.411371231 -0.989399612 0.006612736 0.145068705 456.556762695
0.154602349 0.029332031 0.987541258 125.848159790 -0.000628448 0.999561906 -0.029590683 -9.447374344 -0.987976611 0.003954171 0.154552996 456.697082520
0.164675951 0.023868993 0.986058950 126.728057861 -0.003216699 0.999714851 -0.023662353 -9.480905533 -0.986342549 0.000724765 0.164705753 456.853088379
0.173942327 0.020499054 0.984542549 127.589584351 -0.003461137 0.999789894 -0.020205028 -9.512750626 -0.984749854 0.000106875 0.173976719 457.016967773
0.183018446 0.022110304 0.982860863 128.449554443 -0.004236375 0.999755502 -0.021701509 -9.540511131 -0.983100414 -0.000191991 0.183067381 457.179016113
0.191007733 0.029759204 0.981137395 129.301391602 -0.005415119 0.999557078 -0.029263685 -9.568891525 -0.981573701 0.000276617 0.191084266 457.350891113
0.197586298 0.032134131 0.979758739 130.143844604 -0.005853294 0.999483407 -0.031600639 -9.611019135 -0.980268061 0.000509039 0.197672307 457.533172607
0.206037402 0.029902661 0.978087246 130.998718262 -0.004687617 0.999551654 -0.029571427 -9.644309044 -0.978533030 0.001507926 0.206085205 457.703735352
0.213291526 0.022653682 0.976725996 131.854949951 -0.004516426 0.999743342 -0.022201264 -9.672859192 -0.976978242 0.000324034 0.213339090 457.895568848
0.221352518 0.014509722 0.975086033 132.711059570 -0.001939040 0.999893904 -0.014438697 -9.704471588 -0.975192070 0.001305313 0.221357167 458.098541260
0.230693340 0.017213378 0.972874224 133.544387817 -0.004045218 0.999851823 -0.016731476 -9.730968475 -0.973018110 -0.000075648 0.230728745 458.307495117
0.240510941 0.024103036 0.970347047 134.369674683 -0.004400089 0.999708414 -0.023741750 -9.765131950 -0.970636427 0.001440535 0.240546882 458.509460449
0.249869883 0.029097326 0.967842102 135.194976807 -0.002865214 0.999566197 -0.029311365 -9.793047905 -0.968275189 0.004550952 0.249844849 458.731994629
0.259556472 0.024700524 0.965412021 136.024566650 0.000145512 0.999671817 -0.025616201 -9.820627213 -0.965727985 0.006789330 0.259467721 458.959045410
0.270379663 0.015928604 0.962622046 136.869216919 0.003226354 0.999842525 -0.017450707 -9.856172562 -0.962748408 0.007824075 0.270285726 459.192230225
0.282382488 0.010464244 0.959244967 137.692016602 0.007492669 0.999885917 -0.013113284 -9.879750252 -0.959272802 0.010890267 0.282271862 459.441650391
0.294241428 0.012888419 0.955644310 138.508438110 0.011268676 0.999792755 -0.016953446 -9.906387329 -0.955664814 0.015757253 0.294035256 459.697998047
0.305547535 0.018825935 0.951990783 139.346237183 0.015923383 0.999563694 -0.024877420 -9.938396454 -0.952043772 0.022760149 0.305114448 459.947692871
0.315192342 0.024873171 0.948701859 140.116546631 0.020092010 0.999257505 -0.032873929 -9.966880798 -0.948815167 0.029422941 0.314458549 460.204711914
0.323890924 0.027497809 0.945694864 140.898971558 0.019175634 0.999181390 -0.035620499 -10.002009392 -0.945900202 0.029671457 0.323098540 460.485412598
0.332164943 0.027283413 0.942826629 141.693481445 0.015192076 0.999297142 -0.034269836 -10.043170929 -0.943098962 0.025706733 0.331517041 460.766998291
0.339268684 0.021721218 0.940438688 142.479736328 0.014985930 0.999481678 -0.028491188 -10.079515457 -0.940570116 0.023759516 0.338767350 461.058868408
0.346349239 0.014762365 0.937989533 143.270568848 0.017037641 0.999612272 -0.022023292 -10.108976364 -0.937950969 0.023608878 0.345963418 461.355621338
0.352744758 0.008587605 0.935680151 144.057006836 0.016488677 0.999745548 -0.015391706 -10.142523766 -0.935574293 0.020857472 0.352513433 461.654693604
0.359572768 0.009988045 0.933063686 144.827651978 0.011084473 0.999826431 -0.014974315 -10.172161102 -0.933051288 0.015726876 0.359399676 461.965026855
0.366523623 0.016333139 0.930265367 145.586425781 0.010933477 0.999701262 -0.021860041 -10.201345444 -0.930344522 0.018183257 0.366235554 462.271026611
0.374071598 0.020860417 0.927165210 146.355255127 0.014748995 0.999486744 -0.028438181 -10.228213310 -0.927282572 0.024312671 0.373571932 462.581909180
0.380915582 0.023018481 0.924323261 147.116165161 0.011775849 0.999488235 -0.029743172 -10.258333206 -0.924534857 0.022214331 0.380449593 462.907043457
0.387344122 0.019685308 0.921725154 147.873931885 0.008759068 0.999648333 -0.025030416 -10.294064522 -0.921893716 0.017768839 0.387035489 463.245330811
0.394554615 0.015587467 0.918740392 148.638137817 0.010126342 0.999721646 -0.021310184 -10.325656891 -0.918816805 0.017711513 0.394286931 463.583709717
0.401975274 0.017444795 0.915484428 149.379287720 0.013155004 0.999605298 -0.024823906 -10.360944748 -0.915556133 0.022021798 0.401587129 463.905212402
0.408891499 0.023797037 0.912272692 150.149383545 0.012866953 0.999410272 -0.031837184 -10.395607948 -0.912492275 0.024756126 0.408344150 464.239624023
0.416224122 0.029570004 0.908781111 150.889984131 0.012539920 0.999189317 -0.038255032 -10.428792000 -0.909175634 0.027318710 0.415515840 464.582946777
0.423875749 0.029739082 0.905231953 151.633728027 0.011498652 0.999203563 -0.038210534 -10.464439392 -0.905647337 0.026605466 0.423196197 464.950134277
0.432456732 0.027739877 0.901227951 152.361404419 0.008573377 0.999354959 -0.034874201 -10.509593010 -0.901614010 0.022808151 0.431939960 465.310943604
0.441267431 0.027924767 0.896941125 153.092681885 0.006509969 0.999389768 -0.034317043 -10.547290802 -0.897352099 0.020982053 0.440816402 465.677459717
0.450083971 0.029475244 0.892499626 153.815292358 0.002855779 0.999402463 -0.034445919 -10.590332985 -0.892981648 0.018052338 0.449730873 466.051513672
0.457890868 0.030459786 0.888486505 154.524627686 0.001611532 0.999382794 -0.035092141 -10.627612114 -0.889006972 0.017500198 0.457559168 466.436187744
0.466463268 0.029476048 0.884049296 155.230773926 0.000849559 0.999429226 -0.033771321 -10.663516998 -0.884540141 0.016504133 0.466172040 466.817657471
0.474082947 0.029116234 0.879998684 155.922760010 -0.001494927 0.999478281 -0.032264054 -10.698512077 -0.880478919 0.013980305 0.473879158 467.208221436
0.482612967 0.029105933 0.875349939 156.622604370 -0.002730808 0.999492824 -0.031728163 -10.744654655 -0.875829458 0.012922008 0.482447684 467.595825195
0.491287887 0.033238985 0.870362818 157.303482056 -0.003724928 0.999342620 -0.036062114 -10.781580925 -0.870989323 0.014474844 0.491088748 467.985656738
0.499677300 0.038003329 0.865377665 157.977630615 -0.003863202 0.999124944 -0.041646235 -10.823190689 -0.866203129 0.017466553 0.499386847 468.383605957
0.507871628 0.041044325 0.860454440 158.649673462 -0.004844954 0.998984575 -0.044792648 -10.868951797 -0.861419201 0.018580057 0.507554770 468.781860352
0.515237212 0.038424566 0.856185913 159.318359375 -0.006098439 0.999133527 -0.041169956 -10.898318291 -0.857025981 0.015990898 0.515025079 469.196258545
0.523150206 0.029609343 0.851726055 159.981781006 -0.005943391 0.999498725 -0.031095933 -10.936197281 -0.852219820 0.011205706 0.523063898 469.612304688
0.530701041 0.019780686 0.847328246 160.632873535 -0.004284749 0.999777436 -0.020655945 -10.972256660 -0.847548306 0.007331544 0.530667722 470.030761719
0.538946390 0.014720965 0.842211545 161.278198242 -0.002127582 0.999867857 -0.016115155 -11.004590988 -0.842337489 0.006893331 0.538906455 470.443481445
0.546949625 0.014986676 0.837031364 161.918228149 -0.000371158 0.999844015 -0.017659236 -11.030076027 -0.837165415 0.009348042 0.546869874 470.861633301
0.554461002 0.019904288 0.831971645 162.519683838 -0.002302698 0.999746799 -0.022383567 -11.056985855 -0.832206547 0.010495037 0.554366469 471.276550293
0.561839223 0.023045795 0.826925397 163.108871460 -0.003346969 0.999667048 -0.025585940 -11.080798149 -0.827239692 0.011607491 0.561729252 471.688110352
0.568749666 0.025771853 0.822106898 163.687957764 -0.005419210 0.999604702 -0.027587038 -11.110622406 -0.822492898 0.011234948 0.568664491 472.097900391
0.575308204 0.025916925 0.817526042 164.262649536 -0.006719880 0.999613941 -0.026960509 -11.135471344 -0.817909122 0.010016924 0.575260222 472.503082275
0.579925835 0.025710490 0.814263523 164.803009033 -0.008799728 0.999641240 -0.025296574 -11.164271355 -0.814621806 0.007504842 0.579944015 472.906433105
0.583735108 0.026707390 0.811504841 165.328811646 -0.011594149 0.999631166 -0.024558853 -11.195622444 -0.811861396 0.004927158 0.583829403 473.298767090
0.586236775 0.026031684 0.809721410 165.854003906 -0.011076497 0.999647737 -0.024118252 -11.223264694 -0.810064018 0.005170129 0.586318612 473.681274414
0.587254405 0.027545985 0.808933556 166.346618652 -0.012726607 0.999611437 -0.024799967 -11.252444267 -0.809302390 0.004268910 0.587376773 474.050262451
0.586899340 0.031204510 0.809058368 166.820281982 -0.014378913 0.999501169 -0.028119072 -11.277345657 -0.809532225 0.004869686 0.587055266 474.394714355
0.583791733 0.036009833 0.811104536 167.279800415 -0.017751019 0.999343276 -0.031590611 -11.306421280 -0.811709404 0.004044408 0.584047556 474.752380371
0.580094397 0.037935738 0.813665450 167.725692749 -0.018618686 0.999271452 -0.033315293 -11.332405090 -0.814336479 0.004176635 0.580378056 475.062622070
0.574217498 0.038608056 0.817791939 168.166900635 -0.020519376 0.999252379 -0.032767020 -11.358701706 -0.818445623 0.002034816 0.574580431 475.348144531
0.564980745 0.035166919 0.824354291 168.590820312 -0.020989550 0.999380529 -0.028248101 -11.377141953 -0.824837089 -0.001343193 0.565368891 475.636779785
0.554252505 0.028612906 0.831856668 168.997970581 -0.020650838 0.999574065 -0.020622471 -11.395408630 -0.832092404 -0.005748477 0.554607332 475.902343750
0.542643905 0.022101177 0.839672089 169.389877319 -0.017925315 0.999730825 -0.014729757 -11.412546158 -0.839771569 -0.007058372 0.542894006 476.139801025
0.530189991 0.016419373 0.847719908 169.757781982 -0.013744242 0.999847531 -0.010769846 -11.436164856 -0.847767532 -0.005941203 0.530334830 476.353546143
0.517269909 0.013279939 0.855719388 170.118484497 -0.008355448 0.999910295 -0.010466898 -11.454149246 -0.855781615 -0.001735706 0.517334461 476.541992188
0.502063394 0.014102208 0.864715874 170.455886841 -0.005702837 0.999899268 -0.012995717 -11.467815399 -0.864812076 0.001593342 0.502093315 476.731506348
0.485327899 0.017715015 0.874152720 170.803573608 -0.000370279 0.999798775 -0.020055700 -11.481969833 -0.874332130 0.009409911 0.485236824 476.902069092
0.466386914 0.024895854 0.884230435 171.145355225 -0.000713456 0.999614120 -0.027768217 -11.498783112 -0.884580553 0.012319873 0.466224670 477.069335938
0.443776846 0.030691521 0.895611644 171.485275269 -0.003454383 0.999464512 -0.032538783 -11.517363548 -0.896130681 0.011346176 0.443645239 477.231018066
0.417481005 0.033858169 0.908054709 171.839294434 -0.006611186 0.999392331 -0.034224316 -11.524796486 -0.908661664 0.008284687 0.417451143 477.380798340
0.387789488 0.032661539 0.921169221 172.196914673 -0.005394046 0.999435306 -0.033165831 -11.535854340 -0.921732306 0.007892535 0.387746692 477.506530762
0.354196191 0.031071935 0.934654772 172.558532715 -0.003761680 0.999487102 -0.031801715 -11.548814774 -0.935163558 0.007748175 0.354131401 477.629760742
0.318872690 0.028308909 0.947374642 172.889236450 0.001297707 0.999539852 -0.030304469 -11.563041687 -0.947796643 0.010892684 0.318689227 477.710388184
0.282282650 0.024463557 0.959019303 173.253387451 0.007739409 0.999584198 -0.027776381 -11.581931114 -0.959300101 0.015263034 0.281975925 477.782379150
0.244271576 0.022688979 0.969441473 173.612319946 0.012009379 0.999578774 -0.026420344 -11.600651741 -0.969632566 0.018096130 0.243896246 477.839660645
0.204253852 0.024345193 0.978615284 173.963958740 0.012079201 0.999551892 -0.027387179 -11.626579285 -0.978843510 0.017414829 0.203868270 477.883178711
0.161711752 0.028737208 0.986419618 174.320938110 0.007121514 0.999515891 -0.030286228 -11.645023346 -0.986812413 0.011922440 0.161428809 477.922454834
0.116922855 0.033532549 0.992574751 174.681060791 0.003456537 0.999410033 -0.034170639 -11.659895897 -0.993134975 0.007426199 0.116737962 477.937713623
0.069370210 0.036112797 0.996937096 175.053344727 0.005081043 0.999318838 -0.036552627 -11.673918724 -0.997578025 0.007601145 0.069139481 477.936920166
0.020911396 0.039414562 0.999004126 175.407379150 0.006763561 0.999194145 -0.039563641 -11.679445267 -0.999758482 0.007584158 0.020627975 477.905883789
-0.029810429 0.041289244 0.998702586 175.793579102 0.012064315 0.999088585 -0.040945102 -11.693923950 -0.999482870 0.010828076 -0.030281305 477.855468750
-0.081974268 0.040015806 0.995830894 176.188568115 0.013769894 0.999143720 -0.039015431 -11.706048965 -0.996539474 0.010514230 -0.082455039 477.791992188
-0.134605885 0.035000846 0.990280926 176.586791992 0.011945029 0.999360681 -0.033698112 -11.722701073 -0.990827262 0.007292972 -0.134937882 477.711029053
-0.187277555 0.028581353 0.981891274 176.990356445 0.007923218 0.999588072 -0.027585275 -11.746803284 -0.982275248 0.002613641 -0.187426805 477.608673096
-0.240574956 0.023343798 0.970350027 177.399993896 0.005822952 0.999727488 -0.022606879 -11.773653030 -0.970613301 0.000211657 -0.240645289 477.474243164
-0.294405222 0.021572329 0.955437183 177.792663574 0.006002171 0.999767244 -0.020723745 -11.773080826 -0.955661833 -0.000366481 -0.294466138 477.312042236
-0.349818707 0.019051448 0.936623812 178.208740234 0.005893023 0.999818146 -0.018135879 -11.787309647 -0.936799049 -0.000824722 -0.349867344 477.126281738
-0.404710174 0.016938893 0.914288282 178.628967285 0.004873077 0.999854147 -0.016367093 -11.804897308 -0.914432168 -0.002168530 -0.404733658 476.902496338
-0.459001541 0.016292870 0.888286173 179.062805176 0.002773679 0.999853253 -0.016905989 -11.809922218 -0.888431251 -0.005296052 -0.458979368 476.649963379
-0.512117267 0.015788311 0.858770549 179.486877441 0.001163189 0.999842882 -0.017688243 -11.814714432 -0.858914852 -0.008059540 -0.512055159 476.373535156
-0.560763359 0.014545762 0.827848315 179.924438477 0.000890508 0.999855697 -0.016964821 -11.822197914 -0.827975631 -0.008776045 -0.560695410 476.047882080
-0.603646398 0.014705211 0.797116518 180.362854004 0.003188636 0.999866426 -0.016030828 -11.830901146 -0.797245741 -0.007135237 -0.603612661 475.685729980
-0.638949037 0.015623285 0.769090533 180.807556152 0.006410227 0.999867141 -0.014985757 -11.836334229 -0.769222498 -0.004645089 -0.638964295 475.281494141
-0.668292761 0.015960386 0.743727326 181.256530762 0.008234696 0.999867260 -0.014057681 -11.840636253 -0.743852973 -0.003270277 -0.668335557 474.863067627
-0.691218972 0.016239753 0.722463071 181.715332031 0.009968175 0.999866605 -0.012938235 -11.845855713 -0.722576797 -0.001741515 -0.691288710 474.399810791
-0.709612727 0.016199229 0.704405904 182.171813965 0.011172529 0.999868691 -0.011738879 -11.857442856 -0.704503596 -0.000460060 -0.709700465 473.920349121
-0.724154592 0.016830821 0.689432740 182.644653320 0.012134916 0.999858320 -0.011663047 -11.867872238 -0.689531386 -0.000079639 -0.724256277 473.408843994
-0.736183763 0.017813643 0.676547289 183.129638672 0.013270714 0.999841273 -0.011885545 -11.878618240 -0.676651657 0.000228321 -0.736303329 472.881072998
-0.746238947 0.018842662 0.665411770 183.620056152 0.014453957 0.999822319 -0.012102599 -11.885933876 -0.665521562 0.000586403 -0.746378660 472.324798584
-0.754863501 0.018943479 0.655608237 184.117370605 0.014240680 0.999820530 -0.012492689 -11.895790100 -0.655727267 -0.000093968 -0.754997849 471.742095947
-0.762114882 0.019634483 0.647144079 184.615966797 0.015622208 0.999806702 -0.011936711 -11.902666092 -0.647253394 0.001012675 -0.762274265 471.141754150
-0.767877698 0.019186240 0.640309334 185.138000488 0.016540918 0.999811947 -0.010122033 -11.910243988 -0.640383124 0.002818822 -0.768050671 470.520050049
-0.771584034 0.018501032 0.635858297 185.671447754 0.018191878 0.999809921 -0.007015642 -11.917934418 -0.635867238 0.006154299 -0.771773934 469.864410400
-0.773927689 0.018410308 0.633006275 186.218261719 0.019594802 0.999794900 -0.005120914 -11.926338196 -0.632970691 0.008440414 -0.774129748 469.205261230
-0.775682092 0.020445572 0.630792439 186.778076172 0.020337829 0.999765813 -0.007395603 -11.935640335 -0.630795896 0.007092312 -0.775916219 468.525634766
-0.776862621 0.022450045 0.629269958 187.343627930 0.019380584 0.999743223 -0.011740956 -11.946360588 -0.629371941 0.003074511 -0.777098179 467.832855225
-0.778188586 0.023045925 0.627608180 187.927734375 0.017687509 0.999734342 -0.014779275 -11.953758240 -0.627782047 -0.000400235 -0.778389454 467.121429443
-0.779727817 0.021707814 0.625742495 188.523315430 0.017950371 0.999763012 -0.012315400 -11.963716507 -0.625861585 0.001629652 -0.779932618 466.397521973
-0.781298637 0.018629963 0.623879313 189.137451172 0.018043524 0.999810874 -0.007259512 -11.976585388 -0.623896599 0.005585135 -0.781486988 465.632659912
-0.782766223 0.017260017 0.622076452 189.750793457 0.018452970 0.999819517 -0.004521213 -11.986606598 -0.622042179 0.007940106 -0.782943368 464.864288330
-0.784076452 0.017637903 0.620413721 190.375671387 0.019179342 0.999807298 -0.004185004 -11.997746468 -0.620368004 0.008617764 -0.784263611 464.095825195
-0.784146547 0.018859798 0.620289087 191.000000000 0.020372873 0.999781668 -0.004643580 -12.002975464 -0.620241225 0.008995823 -0.784359574 463.301849365
-0.784256458 0.021488369 0.620064676 191.604553223 0.022905167 0.999721527 -0.005674989 -12.016463280 -0.620013952 0.009752039 -0.784530163 462.534271240
-0.784022927 0.024255464 0.620258033 192.235412598 0.025239354 0.999655604 -0.007188752 -12.030793190 -0.620218813 0.010018765 -0.784365177 461.744293213
-0.783281684 0.025676817 0.621136904 192.871520996 0.025908493 0.999626875 -0.008651229 -12.051087379 -0.621127307 0.009316372 -0.783654571 460.955932617
-0.781901836 0.026946029 0.622819245 193.506713867 0.026926393 0.999592841 -0.009442978 -12.065934181 -0.622820079 0.009386793 -0.782309055 460.162597656
-0.780341864 0.028053714 0.624723792 194.133666992 0.029037697 0.999541223 -0.008614231 -12.089882851 -0.624678791 0.011418494 -0.780798435 459.372100830
-0.779084206 0.027884072 0.626298964 194.771423340 0.030006258 0.999523938 -0.007174527 -12.109533310 -0.626200855 0.013203328 -0.779549956 458.584106445
-0.777977586 0.027403925 0.627694666 195.410644531 0.030444819 0.999518991 -0.005903136 -12.128093719 -0.627554536 0.014517544 -0.778437614 457.804077148
-0.776831865 0.027669920 0.629100084 196.053466797 0.031290136 0.999496162 -0.005323171 -12.152670860 -0.628930390 0.015549419 -0.777306318 457.015930176
-0.775854230 0.028419644 0.630271852 196.698547363 0.032129176 0.999468505 -0.005516640 -12.168281555 -0.630093634 0.015970007 -0.776354909 456.228118896
-0.774826407 0.028786495 0.631518424 197.336608887 0.032825317 0.999447167 -0.005283553 -12.183582306 -0.631321371 0.016635954 -0.775342941 455.454010010
-0.773654938 0.028513853 0.632965267 197.987976074 0.032747395 0.999451160 -0.004997145 -12.201180458 -0.632760346 0.016861895 -0.774164081 454.672180176
-0.772535682 0.031191228 0.634204924 198.626098633 0.034220736 0.999386430 -0.007466598 -12.222332001 -0.634048700 0.015934747 -0.773128986 453.890777588
-0.771390438 0.033218253 0.635494769 199.269958496 0.034479421 0.999351442 -0.010385009 -12.239839554 -0.635427594 0.013900597 -0.772035480 453.115936279
-0.770879626 0.032940723 0.636128902 199.922912598 0.033570915 0.999375045 -0.011068524 -12.265678406 -0.636096001 0.012822933 -0.771503687 452.339416504
-0.770248890 0.031338252 0.636973023 200.556213379 0.033294179 0.999405861 -0.008909056 -12.287928581 -0.636873782 0.014345305 -0.770834684 451.570007324
-0.769869804 0.028952252 0.637544274 201.198730469 0.032291416 0.999458015 -0.006393881 -12.303776741 -0.637383878 0.015664751 -0.770387411 450.797637939
-0.769810915 0.027813511 0.637666047 201.831970215 0.031571802 0.999486446 -0.005480796 -12.327904701 -0.637490988 0.015913088 -0.770293713 450.043762207
-0.770109057 0.027622558 0.637314081 202.481628418 0.031111121 0.999499500 -0.005726815 -12.350187302 -0.637153327 0.015417283 -0.770583034 449.276031494
-0.770178080 0.026593732 0.637274444 203.126647949 0.028811822 0.999561071 -0.006891584 -12.370573044 -0.637178004 0.013053291 -0.770606279 448.509704590
-0.770354867 0.026460899 0.637066066 203.768859863 0.028012248 0.999578357 -0.007645001 -12.387792587 -0.636999726 0.011956288 -0.770771265 447.750183105
-0.770564198 0.026173675 0.636824727 204.394897461 0.028103353 0.999579966 -0.007077684 -12.413865089 -0.636742473 0.012443100 -0.770976067 446.993347168
-0.771277905 0.027018735 0.635924757 205.034057617 0.029311614 0.999546409 -0.006917605 -12.435188293 -0.635823190 0.013304585 -0.771720052 446.215393066
-0.771687746 0.027558498 0.635404289 205.667785645 0.030202802 0.999521554 -0.006670051 -12.456645966 -0.635284066 0.014043792 -0.772150874 445.454986572
-0.772292733 0.027490627 0.634672105 206.296997070 0.030498676 0.999515712 -0.006181799 -12.477536201 -0.634534657 0.014582501 -0.772757053 444.700012207
-0.772645116 0.029853934 0.634135962 206.915832520 0.032348938 0.999447465 -0.007637467 -12.500624657 -0.634013593 0.014612572 -0.773183942 443.946075439
-0.772675633 0.030231867 0.634080946 207.542114258 0.031827822 0.999454021 -0.008867610 -12.516373634 -0.634002805 0.013329629 -0.773215890 443.187377930
-0.772524238 0.028236713 0.634357393 208.160766602 0.031164899 0.999492884 -0.006536946 -12.537034988 -0.634220302 0.014719735 -0.773012519 442.438415527
-0.771914840 0.024800237 0.635242522 208.787292480 0.030515600 0.999532402 -0.001941314 -12.554304123 -0.634993613 0.017886275 -0.772310734 441.680725098
-0.771388292 0.021738941 0.635993421 209.412902832 0.029105449 0.999575675 0.001135049 -12.572027206 -0.635698855 0.019386437 -0.771693707 440.938659668
-0.770511508 0.021458909 0.637064874 210.043273926 0.028761491 0.999585688 0.001116120 -12.581033707 -0.636776984 0.019182917 -0.770809412 440.186309814
-0.768904805 0.022039004 0.638983667 210.664855957 0.029558714 0.999562442 0.001093099 -12.599270821 -0.638679981 0.019728022 -0.769219756 439.452423096
-0.766811132 0.021944201 0.641497791 211.293212891 0.027190344 0.999628842 -0.001693224 -12.610679626 -0.641296804 0.016144162 -0.767123222 438.704650879
-0.765133739 0.023784779 0.643432081 211.929443359 0.027152538 0.999620438 -0.004663163 -12.623391151 -0.643298745 0.013902870 -0.765489221 437.961029053
-0.763504505 0.023976412 0.645357311 212.570617676 0.027648550 0.999607921 -0.004427347 -12.638843536 -0.645210385 0.014462894 -0.763867974 437.209320068
-0.762306571 0.024545515 0.646750510 213.217346191 0.028658403 0.999580622 -0.004157295 -12.649208069 -0.646581292 0.015365702 -0.762690425 436.449401855
-0.760943532 0.027377574 0.648240566 213.865539551 0.029859794 0.999528408 -0.007162548 -12.663006783 -0.648130953 0.013906034 -0.761402249 435.689941406
-0.759811878 0.031722736 0.649369001 214.512390137 0.032656718 0.999410272 -0.010611963 -12.675832748 -0.649322689 0.013143166 -0.760399699 434.931732178
-0.759241343 0.031750120 0.650034547 215.177856445 0.033659719 0.999388218 -0.009499269 -12.695544243 -0.649938464 0.014667744 -0.759845495 434.159088135
-0.759286642 0.028895555 0.650114596 215.855834961 0.031021027 0.999485135 -0.008193675 -12.717821121 -0.650016665 0.013945875 -0.759792089 433.379425049
-0.759715199 0.027725782 0.649664700 216.533996582 0.027655419 0.999564230 -0.010318341 -12.734661102 -0.649667680 0.010127748 -0.760150909 432.603607178
-0.760716915 0.025264224 0.648592293 217.225891113 0.023427160 0.999659836 -0.011462052 -12.753791809 -0.648661256 0.006475300 -0.761049986 431.817810059
-0.761834502 0.021391051 0.647418678 217.915039062 0.020154456 0.999753475 -0.009316106 -12.776279449 -0.647458375 0.005951040 -0.762077928 431.024658203
-0.762016654 0.018549567 0.647291720 218.595458984 0.018442670 0.999805808 -0.006940215 -12.793045998 -0.647294760 0.006649228 -0.762210846 430.218292236
-0.762391925 0.018670471 0.646846533 219.288024902 0.020589283 0.999777496 -0.004590302 -12.807798386 -0.646788299 0.009818496 -0.762606621 429.412872314
-0.762782574 0.019454988 0.646362662 219.985717773 0.023141475 0.999728322 -0.002781403 -12.823695183 -0.646241188 0.012836179 -0.763025641 428.600616455
-0.762596965 0.021979978 0.646500647 220.655517578 0.027048999 0.999631941 -0.002079515 -12.843253136 -0.646308362 0.015901363 -0.762910843 427.798980713
-0.762658954 0.023695126 0.646366835 221.342041016 0.028950535 0.999577761 -0.002484255 -12.860415459 -0.646152735 0.016818024 -0.763023019 426.991027832
-0.762461782 0.023592817 0.646603346 222.040222168 0.027911035 0.999604046 -0.003560738 -12.880623817 -0.646431327 0.015332439 -0.762818336 426.179779053
-0.761298895 0.025370231 0.647904873 222.717590332 0.029749176 0.999548614 -0.004183904 -12.891540527 -0.647718549 0.016089434 -0.761710048 425.370758057
-0.760457754 0.025431242 0.648889244 223.409301758 0.029249858 0.999560118 -0.004895714 -12.914883614 -0.648728311 0.015256934 -0.760867119 424.589294434
-0.759646416 0.024963159 0.649857283 224.099731445 0.028188303 0.999587774 -0.005446935 -12.938746452 -0.649725378 0.014180630 -0.760036945 423.798126221
-0.758918881 0.024918240 0.650708437 224.793029785 0.027533330 0.999601841 -0.006166752 -12.959040642 -0.650603056 0.013236106 -0.759302735 423.009399414
-0.757469058 0.024924196 0.652395248 225.485961914 0.027391512 0.999604404 -0.006385874 -12.984477997 -0.652296305 0.013032991 -0.757852077 422.205688477
-0.756443977 0.026965227 0.653502285 226.158447266 0.028156027 0.999566078 -0.008653474 -13.008342743 -0.653452039 0.011854160 -0.756875038 421.431030273
-0.755681038 0.028109176 0.654336572 226.847656250 0.027290190 0.999562263 -0.011422561 -13.031824112 -0.654371262 0.009225157 -0.756117344 420.653411865
-0.754757643 0.027686071 0.655419350 227.524353027 0.025383443 0.999593318 -0.012993919 -13.056173325 -0.655512571 0.006829540 -0.755153537 419.887939453
-0.754240513 0.026605489 0.656059206 228.190856934 0.024665931 0.999621511 -0.012180883 -13.077692032 -0.656134963 0.006994996 -0.754611373 419.129333496
-0.753511429 0.024507087 0.656977952 228.873840332 0.023419145 0.999671340 -0.010430244 -13.110821724 -0.657017589 0.007526554 -0.753837705 418.342041016
-0.753291011 0.021633897 0.657331526 229.548767090 0.021482240 0.999734879 -0.008284683 -13.136559486 -0.657336533 0.007880177 -0.753556132 417.580444336
-0.753403902 0.018560976 0.657296240 230.225097656 0.018638100 0.999802709 -0.006869502 -13.158577919 -0.657294035 0.007075244 -0.753601193 416.822265625
-0.753969312 0.018948704 0.656636417 230.870910645 0.020245478 0.999779344 -0.005604404 -13.189334869 -0.656597674 0.009068369 -0.754186630 416.094360352
-0.754622817 0.018700033 0.655892611 231.515502930 0.021428816 0.999762952 -0.003849613 -13.205736160 -0.655809104 0.011149995 -0.754844666 415.355895996
-0.755635262 0.016641967 0.654781401 232.153747559 0.020692132 0.999784708 -0.001531326 -13.226250648 -0.654665887 0.012391698 -0.755816936 414.633880615
-0.756702185 0.016512750 0.653551638 232.766784668 0.021484418 0.999769092 -0.000385030 -13.242693901 -0.653407097 0.013749822 -0.756882310 413.924530029
-0.758700013 0.016370099 0.651234686 233.385375977 0.021417804 0.999770582 -0.000179135 -13.266235352 -0.651088238 0.013812106 -0.758876562 413.220703125
-0.761280417 0.016692573 0.648208320 233.969665527 0.021483948 0.999769032 -0.000514366 -13.282835007 -0.648067236 0.013534495 -0.761463165 412.542114258
-0.764505863 0.016866753 0.644396424 234.537536621 0.021407424 0.999770522 -0.000770936 -13.302072525 -0.644261539 0.013205480 -0.764691472 411.871520996
-0.768589258 0.017290005 0.639509141 235.072692871 0.021054482 0.999776840 -0.001726169 -13.322499275 -0.639396250 0.012137817 -0.768781662 411.234222412
-0.773465395 0.018493541 0.633568943 235.596496582 0.021977726 0.999755681 -0.002351780 -13.338014603 -0.633457661 0.012105383 -0.773682952 410.594848633
-0.779749155 0.019710857 0.625782013 236.092102051 0.024153624 0.999707282 -0.001392378 -13.356260300 -0.625626266 0.014029196 -0.779996991 409.976226807
-0.787518144 0.019977551 0.615967989 236.559387207 0.024584301 0.999697268 -0.000991814 -13.373421669 -0.615801334 0.014362069 -0.787770867 409.375183105
-0.796739817 0.020308087 0.603981316 236.999084473 0.024447376 0.999700189 -0.001363956 -13.391847610 -0.603827953 0.013679040 -0.796997428 408.792663574
-0.808337331 0.019946914 0.588381886 237.414794922 0.022897467 0.999734879 -0.002435070 -13.406403542 -0.588274479 0.011504097 -0.808579803 408.221069336
-0.822060466 0.021950917 0.568977118 237.793701172 0.023565197 0.999712050 -0.004521418 -13.420107841 -0.568912566 0.009691179 -0.822341084 407.659057617
-0.838009715 0.022919562 0.545173764 238.139953613 0.023845769 0.999701202 -0.005373931 -13.436999321 -0.545134068 0.008496683 -0.838305831 407.102844238
-0.856430054 0.023049245 0.515748322 238.456420898 0.023788111 0.999703646 -0.005176090 -13.456077576 -0.515714824 0.007835720 -0.856724501 406.559295654
-0.876407743 0.023340756 0.481004387 238.738769531 0.023748053 0.999704242 -0.005240872 -13.470257759 -0.480984449 0.006829776 -0.876702785 406.013458252
-0.897923350 0.025827346 0.439394176 238.987976074 0.026176589 0.999643445 -0.005265381 -13.486950874 -0.439373523 0.006773932 -0.898279190 405.456695557
-0.919986367 0.027258836 0.391001672 239.194610596 0.027659047 0.999606788 -0.004609125 -13.497731209 -0.390973568 0.006574402 -0.920378566 404.890319824
-0.940759063 0.027222112 0.337981462 239.355010986 0.029113639 0.999575973 0.000527689 -13.509737015 -0.337823778 0.010336298 -0.941152573 404.347656250
-0.960043073 0.026178239 0.278625995 239.493347168 0.029202061 0.999550998 0.006707001 -13.516890526 -0.278325319 0.014575461 -0.960376501 403.769226074
-0.976708174 0.026055476 0.212985829 239.585754395 0.029484885 0.999481440 0.012940538 -13.526869774 -0.212538213 0.018918986 -0.976969957 403.192260742
-0.989426732 0.027020954 0.142494813 239.629028320 0.029738672 0.999413550 0.016976951 -13.528396606 -0.141952515 0.021035055 -0.989650011 402.619476318
-0.997239232 0.028752835 0.068467662 239.638641357 0.030124048 0.999364078 0.019079400 -13.528120995 -0.067875534 0.021089243 -0.997471213 402.053039551
-0.999511480 0.030786272 -0.005372975 239.592483521 0.030668169 0.999312520 0.020830149 -13.521844864 0.006010564 0.020655194 -0.999768496 401.490539551
-0.996263266 0.032584734 -0.079986423 239.519821167 0.030827308 0.999257565 0.023109257 -13.516596794 0.080680043 0.020557135 -0.996528149 400.961578369
-0.987552762 0.034485769 -0.153461233 239.402008057 0.030902291 0.999192595 0.025676085 -13.509298325 0.154222786 0.020614183 -0.987821102 400.421569824
-0.973505259 0.037968803 -0.225490719 239.234054565 0.032356087 0.999068975 0.028536130 -13.502393723 0.226364255 0.020484071 -0.973827362 399.898712158
-0.954379797 0.040988978 -0.295768678 239.042755127 0.032999400 0.998944342 0.031956553 -13.494561195 0.296766311 0.020738499 -0.954724908 399.403533936
-0.930630922 0.043634702 -0.363348871 238.800064087 0.032993536 0.998826861 0.035444491 -13.478517532 0.364469230 0.020997571 -0.930978894 398.897399902
-0.903110504 0.047958676 -0.426721960 238.524597168 0.034137104 0.998616934 0.039985701 -13.460381508 0.428049445 0.021544453 -0.903498650 398.395843506
-0.873903990 0.049718954 -0.483549237 238.227874756 0.032063581 0.998484969 0.044717550 -13.441054344 0.485039979 0.023574524 -0.874174237 397.955535889
-0.843024611 0.052273653 -0.535329223 237.888153076 0.030313291 0.998301804 0.049745172 -13.418932915 0.537020445 0.025708809 -0.843177557 397.491760254
-0.811104178 0.053461041 -0.582453430 237.523818970 0.027585547 0.998202443 0.053206302 -13.399603844 0.584250927 0.027088555 -0.811120987 397.036163330
-0.778476477 0.053955540 -0.625350714 237.143341064 0.024318889 0.998143137 0.055846546 -13.376282692 0.627202749 0.028267380 -0.778343081 396.584533691
-0.746088624 0.053307794 -0.663709342 236.778366089 0.019432701 0.998108685 0.058321401 -13.360198021 0.665563047 0.030615270 -0.745713472 396.160125732
-0.716723561 0.054796997 -0.695201516 236.344009399 0.017466191 0.998005807 0.060657665 -13.328327179 0.697139025 0.031332240 -0.716251373 395.749114990
-0.689916492 0.054709196 -0.721818626 235.891571045 0.012546308 0.997893929 0.063642122 -13.300622940 0.723780215 0.034851592 -0.689149857 395.335601807
-0.663589835 0.053885378 -0.746153355 235.414855957 0.006890251 0.997800410 0.065930888 -13.263927460 0.748064816 0.038609885 -0.662501454 394.924804688
-0.635394812 0.052988153 -0.770367384 234.917510986 0.000663406 0.997679889 0.068076216 -13.235584259 0.772187293 0.042744197 -0.633955717 394.530303955
-0.604738593 0.049419541 -0.794889331 234.415954590 -0.007703491 0.997663260 0.067887008 -13.199544907 0.796386838 0.047177311 -0.602944732 394.120025635
-0.575267076 0.047525391 -0.816583991 233.876434326 -0.012887542 0.997660100 0.067143090 -13.159841537 0.817864299 0.049148958 -0.573308468 393.754669189
-0.545197487 0.046319611 -0.837027252 233.316680908 -0.016838115 0.997665823 0.066176578 -13.123731613 0.838138759 0.050173253 -0.543144941 393.402526855
-0.516998410 0.045223817 -0.854790986 232.734558105 -0.019870589 0.997700214 0.064802833 -13.088499069 0.855755806 0.050488155 -0.514910817 393.073181152
-0.490022182 0.045779094 -0.870507181 232.110229492 -0.019556567 0.997791350 0.063481539 -13.053434372 0.871490717 0.048131488 -0.488044620 392.761810303
-0.461082578 0.044613767 -0.886234999 231.479522705 -0.020029984 0.997957587 0.060658988 -13.002045631 0.887131155 0.045720074 -0.459247231 392.417175293
-0.434556842 0.045701347 -0.899484217 230.818420410 -0.018899381 0.998029113 0.059838887 -12.962418556 0.900446177 0.043003086 -0.432836652 392.121948242
-0.408590674 0.045919579 -0.911561966 230.138153076 -0.018648956 0.998105109 0.058638204 -12.922835350 0.912527323 0.040958699 -0.406960130 391.834899902
-0.383268237 0.046278052 -0.922477186 229.432830811 -0.015752990 0.998271227 0.056625433 -12.885357857 0.923502922 0.036234491 -0.381876588 391.562194824
-0.358540893 0.046941768 -0.932333052 228.717315674 -0.011145249 0.998448491 0.054556645 -12.842131615 0.933447540 0.029951870 -0.357461452 391.287017822
-0.335302711 0.049670577 -0.940800250 227.967193604 -0.003610111 0.998534143 0.054005351 -12.800279617 0.942103624 0.021504525 -0.334631920 391.044433594
-0.314099789 0.054269575 -0.947837770 227.193725586 0.001141470 0.998385727 0.056785502 -12.759747505 0.949389398 0.016754381 -0.313654780 390.807495117
-0.294361115 0.059238050 -0.953856826 226.386688232 0.005700427 0.998168170 0.060230806 -12.716267586 0.955677509 0.012292207 -0.294159651 390.579864502
-0.276510239 0.061230619 -0.959058285 225.562835693 0.006325411 0.998062491 0.061897114 -12.670957565 0.960990131 0.011048748 -0.276361823 390.346893311
-0.260480404 0.059333742 -0.963654339 224.733093262 0.004678212 0.998175681 0.060194742 -12.624261856 0.965467930 0.011171361 -0.260282755 390.131896973
-0.244078517 0.055238195 -0.968181133 223.884033203 0.003043969 0.998415112 0.056195773 -12.574726105 0.969750822 0.010769061 -0.243859768 389.919921875
-0.226451635 0.053008161 -0.972579002 223.023620605 -0.000644026 0.998509645 0.054571409 -12.531392097 0.974022269 0.012984146 -0.226079941 389.711761475
-0.209371090 0.053851008 -0.976352453 222.131805420 -0.003177570 0.998439670 0.055750646 -12.482961655 0.977831244 0.014774994 -0.208873391 389.524841309
-0.193422437 0.056360234 -0.979495525 221.220336914 -0.001182532 0.998334527 0.057677750 -12.436412811 0.981114924 0.012314449 -0.193033695 389.353149414
-0.178722978 0.056728270 -0.982262850 220.284057617 0.001525111 0.998351276 0.057379935 -12.392684937 0.983898401 0.008757052 -0.178514838 389.176452637
-0.167350888 0.053222742 -0.984459877 219.338317871 0.006077005 0.998578489 0.052953001 -12.341558456 0.985878766 0.002879163 -0.167436481 389.025360107
-0.157768846 0.047442626 -0.986335933 218.374114990 0.007999391 0.998873830 0.046766169 -12.298376083 0.987443864 -0.000511854 -0.157970667 388.877929688
-0.148478746 0.042814288 -0.987988532 217.395416260 0.010476978 0.999074399 0.041720178 -12.259232521 0.988860250 -0.004156578 -0.148789883 388.732116699
-0.141248584 0.041540526 -0.989102423 216.391754150 0.011614760 0.999119997 0.040302616 -12.220714569 0.989906192 -0.005795507 -0.141606688 388.589111328
-0.137405157 0.043285429 -0.989568830 215.370422363 0.010028510 0.999054313 0.042307854 -12.183456421 0.990464330 -0.004110590 -0.137709260 388.448059082
-0.133804202 0.045855649 -0.989946306 214.299407959 0.010537109 0.998938262 0.044847939 -12.139112473 0.990951777 -0.004430332 -0.134145260 388.312713623
-0.129508138 0.046739757 -0.990476310 213.260101318 0.012537551 0.998885810 0.045497272 -12.105459213 0.991499245 -0.006525886 -0.129949808 388.173461914
-0.126037717 0.047011353 -0.990910947 212.210968018 0.010517406 0.998883665 0.046051852 -12.063766479 0.991969705 -0.004617539 -0.126391530 388.038208008
-0.123435616 0.046666700 -0.991254747 211.151184082 0.008950947 0.998905361 0.045912273 -12.020587921 0.992312253 -0.003205462 -0.123718143 387.890472412
-0.120917320 0.046672281 -0.991564810 210.025146484 0.009852624 0.998901308 0.045816120 -11.971901894 0.992613733 -0.004229555 -0.121244311 387.773925781
-0.117794275 0.045545761 -0.991993070 208.943756104 0.010236797 0.998950243 0.044649623 -11.931881905 0.992985308 -0.004895365 -0.118136883 387.648925781
-0.114707351 0.044646882 -0.992395639 207.865753174 0.006223325 0.999002218 0.044224780 -11.897778511 0.993379951 -0.001103098 -0.114870667 387.511352539
-0.112426400 0.045042347 -0.992638648 206.768493652 0.004724284 0.998984993 0.044795249 -11.857889175 0.993648827 0.000346661 -0.112525105 387.389465332
-0.109989405 0.045929823 -0.992871106 205.681152344 0.002587404 0.998941600 0.045924015 -11.819549561 0.993929505 0.002482194 -0.109991789 387.255462646
-0.107089520 0.045617107 -0.993202448 204.594696045 0.001909717 0.998954535 0.045675389 -11.783228874 0.994247615 0.002994614 -0.107064724 387.133270264
-0.104036093 0.045670569 -0.993524373 203.485046387 -0.000498248 0.998942614 0.045971807 -11.741455078 0.994573355 0.005277749 -0.103903294 387.017395020
-0.100534201 0.046564851 -0.993843377 202.379608154 -0.002775472 0.998887181 0.047081929 -11.701736450 0.994929790 0.007491729 -0.100293040 386.893981934
-0.097938776 0.046088945 -0.994124711 201.266693115 -0.004561283 0.998895764 0.046759509 -11.660195351 0.995182097 0.009114048 -0.097620368 386.776611328
-0.096263170 0.045994584 -0.994292736 200.144256592 -0.004864645 0.998898089 0.046678599 -11.617808342 0.995344102 0.009330306 -0.095933318 386.674621582
-0.094078302 0.046623003 -0.994472504 199.025543213 -0.005959709 0.998858571 0.047392428 -11.572124481 0.995546997 0.010385366 -0.093693137 386.564575195
-0.091192365 0.049635440 -0.994595706 197.902038574 -0.007843780 0.998690248 0.050558966 -11.528969765 0.995802581 0.012411972 -0.090683579 386.443420410
-0.088371158 0.049739610 -0.994845152 196.780456543 -0.009570912 0.998663962 0.050780725 -11.486552238 0.996041834 0.014009114 -0.087777019 386.330078125
-0.085758209 0.048032224 -0.995157480 195.643463135 -0.011924398 0.998716235 0.049231581 -11.443693161 0.996244609 0.016088665 -0.085075378 386.237365723
-0.083272934 0.047383659 -0.995399654 194.521972656 -0.012975873 0.998732686 0.048627850 -11.401585579 0.996442318 0.016965562 -0.082552552 386.140563965
-0.080467939 0.048134640 -0.995594323 193.403808594 -0.014932599 0.998663008 0.049489919 -11.357157707 0.996645331 0.018849162 -0.079641581 386.041656494
-0.077678204 0.047642589 -0.995839596 192.283996582 -0.015113814 0.998686492 0.048957709 -11.313772202 0.996864021 0.018853877 -0.076856136 385.947021484
-0.075791001 0.048494432 -0.995943785 191.154235840 -0.013918287 0.998667896 0.049686249 -11.284737587 0.997026563 0.017627601 -0.075015068 385.867797852
-0.073744178 0.050432436 -0.996001303 190.036956787 -0.014486996 0.998560965 0.051634669 -11.241809845 0.997172058 0.018236818 -0.072907448 385.776489258
-0.072338581 0.052105345 -0.996018171 188.912628174 -0.016093869 0.998443425 0.053401083 -11.197675705 0.997250319 0.019892739 -0.071387410 385.694335938
-0.070543647 0.052585606 -0.996121645 187.803314209 -0.016913220 0.998402894 0.053903800 -11.149451256 0.997365296 0.020650197 -0.069541574 385.608703613
-0.068814993 0.053788591 -0.996178389 186.683532715 -0.017971894 0.998316586 0.055145524 -11.112709045 0.997467577 0.021698048 -0.067732453 385.523376465
-0.067542911 0.055201530 -0.996188223 185.579132080 -0.017098481 0.998257577 0.056475502 -11.064208031 0.997569919 0.020847816 -0.066481352 385.449432373
-0.065548539 0.057301391 -0.996202946 184.471618652 -0.015916487 0.998162806 0.058461409 -11.011695862 0.997722626 0.019688098 -0.064516068 385.369995117
-0.064216137 0.058821060 -0.996200919 183.367309570 -0.015553137 0.998081148 0.059934646 -10.964765549 0.997814775 0.019342825 -0.063178062 385.292510986
-0.062971830 0.059403338 -0.996245861 182.278503418 -0.014844320 0.998060822 0.060449857 -10.911429405 0.997904897 0.018595230 -0.061967969 385.226013184
-0.061559558 0.058395658 -0.996393859 181.179290771 -0.014520802 0.998128951 0.059394486 -10.864192963 0.997997940 0.018124729 -0.060596466 385.158905029
-0.060008287 0.056438267 -0.996601105 180.083770752 -0.015671572 0.998224020 0.057473805 -10.815812111 0.998074889 0.019067207 -0.059017181 385.086242676
-0.059467316 0.054974556 -0.996715367 178.994049072 -0.015715206 0.998307109 0.055999972 -10.767731667 0.998106599 0.018993758 -0.058502793 385.015441895
-0.058847070 0.055309881 -0.996733546 177.909790039 -0.014615995 0.998309135 0.056260239 -10.718901634 0.998159945 0.017879006 -0.057939172 384.941162109
-0.059269786 0.057315081 -0.996595263 176.825408936 -0.013342677 0.998215675 0.058201790 -10.674588203 0.998152852 0.016746854 -0.058399320 384.888305664
-0.059550881 0.058867436 -0.996488094 175.750122070 -0.011344792 0.998155236 0.059643902 -10.626711845 0.998160899 0.014856795 -0.058773279 384.828918457
-0.059373021 0.059749532 -0.996446133 174.676269531 -0.010871317 0.998109162 0.060497019 -10.580523491 0.998176694 0.014424573 -0.058611155 384.757843018
-0.059291720 0.059306767 -0.996477485 173.620269775 -0.011427625 0.998127878 0.060084954 -10.527797699 0.998175383 0.014949905 -0.058502913 384.681518555
-0.059570789 0.058934819 -0.996482849 172.543762207 -0.012413183 0.998134732 0.059774589 -10.479541779 0.998146951 0.015930343 -0.058728099 384.617889404
-0.059224367 0.058646191 -0.996520519 171.483612061 -0.013642511 0.998131990 0.059551816 -10.426816940 0.998151481 0.017121959 -0.058313608 384.545532227
-0.059326530 0.058436424 -0.996526778 170.430908203 -0.014588354 0.998127699 0.059398800 -10.377406120 0.998132050 0.018061614 -0.058362961 384.475189209
-0.058645248 0.058017947 -0.996591687 169.383056641 -0.015042968 0.998144984 0.058993600 -10.330009460 0.998165727 0.018451380 -0.057663679 384.397644043
-0.058892012 0.058465019 -0.996550798 168.334472656 -0.012515556 0.998161793 0.059299149 -10.288925171 0.998185873 0.015964635 -0.058052063 384.363403320
-0.058307052 0.058409609 -0.996588528 167.295959473 -0.012068091 0.998172700 0.059208520 -10.242154121 0.998225749 0.015479192 -0.057495594 384.294769287
-0.057937503 0.058354769 -0.996613383 166.257415771 -0.012009614 0.998177171 0.059144512 -10.201537132 0.998248100 0.015395612 -0.057131052 384.239929199
-0.056695938 0.057614129 -0.996727824 165.227844238 -0.012037992 0.998221517 0.058385223 -10.151273727 0.998319030 0.015308806 -0.055901527 384.176635742
-0.055014849 0.056652714 -0.996877074 164.193145752 -0.012480195 0.998272061 0.057420738 -10.110367775 0.998407543 0.015600211 -0.054212689 384.116241455
-0.052705288 0.053473450 -0.997177482 163.174743652 -0.012938463 0.998444915 0.054225277 -10.068750381 0.998526394 0.015759896 -0.051931500 384.054443359
-0.050357223 0.050262518 -0.997465730 162.162353516 -0.012693305 0.998619974 0.050961506 -10.025370598 0.998650610 0.015227417 -0.049649715 384.000793457
-0.047616720 0.049204987 -0.997653067 161.161834717 -0.010555280 0.998705387 0.049760684 -9.988532066 0.998809993 0.012899945 -0.047035694 383.951721191
-0.045350075 0.050264291 -0.997705936 160.173767090 -0.011188352 0.998645127 0.050820172 -9.954877853 0.998908639 0.013467377 -0.044726253 383.914733887
-0.042052269 0.051924944 -0.997765243 159.184326172 -0.008554332 0.998593271 0.052328572 -9.920325279 0.999078870 0.010735749 -0.041548967 383.863952637
-0.039452076 0.054387633 -0.997740269 158.212005615 -0.006969017 0.998478353 0.054703433 -9.884741783 0.999197245 0.009111430 -0.039013028 383.828216553
-0.035893798 0.054439057 -0.997871697 157.256805420 -0.006995634 0.998477042 0.054723717 -9.848788261 0.999331117 0.008944989 -0.035458326 383.788146973
-0.032378793 0.054420706 -0.997993052 156.320526123 -0.006266434 0.998485863 0.054650888 -9.816227913 0.999456108 0.008023380 -0.031988740 383.754516602
-0.028326511 0.053793859 -0.998150229 155.422027588 -0.007060108 0.998515248 0.054013893 -9.775612831 0.999573767 0.008577072 -0.027904630 383.721618652
-0.024295449 0.053102322 -0.998293519 154.526031494 -0.005716402 0.998564541 0.053255860 -9.741432190 0.999688506 0.007000521 -0.023957014 383.697570801
-0.021924019 0.054087538 -0.998295605 153.645904541 -0.005192014 0.998515844 0.054213502 -9.708207130 0.999746323 0.006371737 -0.021610737 383.684875488
-0.020550132 0.053038836 -0.998380959 152.800994873 -0.002182775 0.998587072 0.053094715 -9.689682961 0.999786437 0.003270342 -0.020405293 383.656860352
-0.021653652 0.051953960 -0.998414755 151.964202881 0.001346364 0.998649478 0.051936977 -9.661642075 0.999764681 -0.000219607 -0.021694303 383.652709961
-0.024200678 0.050969414 -0.998407066 151.144073486 0.003879690 0.998696744 0.050890166 -9.628799438 0.999699712 -0.002641939 -0.024366856 383.634063721
-0.027611852 0.052653600 -0.998231173 150.350433350 0.006201740 0.998601556 0.052501600 -9.602441788 0.999599636 -0.004741111 -0.027899742 383.601593018
-0.033092380 0.056266539 -0.997867227 149.573120117 0.009502133 0.998386621 0.055980708 -9.582115173 0.999407113 -0.007629332 -0.033573747 383.563781738
-0.041371465 0.057597693 -0.997482419 148.809020996 0.013096767 0.998282492 0.057100702 -9.554208755 0.999058127 -0.010701457 -0.042054772 383.540344238
-0.052535534 0.057391703 -0.996968508 148.062438965 0.015381210 0.998275220 0.056656413 -9.526736259 0.998500586 -0.012358109 -0.053327680 383.504211426
-0.064435840 0.056425311 -0.996325374 147.334991455 0.017342441 0.998312712 0.055416264 -9.500222206 0.997771144 -0.013707922 -0.065305591 383.442901611
-0.077935338 0.057080355 -0.995323062 146.641845703 0.018793087 0.998266339 0.055777624 -9.472716331 0.996781349 -0.014358152 -0.078872919 383.374084473
-0.093381047 0.058792327 -0.993893087 145.982391357 0.020355668 0.998159111 0.057132162 -9.446671486 0.995422363 -0.014896296 -0.094405890 383.306304932
-0.111411810 0.061622851 -0.991861999 145.335083008 0.022269838 0.997979760 0.059501469 -9.426048279 0.993524849 -0.015459447 -0.112558961 383.217163086
-0.134713292 0.064517543 -0.988782108 144.723480225 0.026035290 0.997763991 0.061556529 -9.399561882 0.990542650 -0.017450755 -0.136091709 383.129364014
-0.164816737 0.066843629 -0.984056592 144.139160156 0.031394001 0.997550964 0.062502161 -9.374046326 0.985824466 -0.020592066 -0.166511655 383.015808105
-0.202272892 0.068505630 -0.976930320 143.584808350 0.035957858 0.997397244 0.062495794 -9.349251747 0.978668928 -0.022487117 -0.204209685 382.884307861
-0.245639563 0.069674574 -0.966854155 143.073059082 0.038379431 0.997330487 0.062120106 -9.337507248 0.968601346 -0.021848164 -0.247657895 382.735900879
-0.294899821 0.070239328 -0.952943325 142.578613281 0.040758651 0.997311592 0.060896378 -9.314092636 0.954658687 -0.020882359 -0.296969771 382.545593262
-0.349550605 0.070654109 -0.934249878 142.097839355 0.042126123 0.997329295 0.059663072 -9.292921066 0.935970247 -0.018501069 -0.351593375 382.331970215
-0.406007409 0.070786275 -0.911124468 141.681762695 0.044624332 0.997341931 0.057599518 -9.272182465 0.912779927 -0.017272493 -0.408087015 382.091674805
-0.465947270 0.072421692 -0.881843865 141.306396484 0.048788525 0.997231305 0.056119140 -9.258639336 0.883466542 -0.016875310 -0.468190551 381.870941162
-0.526454091 0.075850829 -0.846813321 140.902374268 0.055137303 0.996961653 0.055021703 -9.241432190 0.848413825 -0.017724602 -0.529036760 381.580718994
-0.586588860 0.079671420 -0.805956721 140.526367188 0.059290908 0.996703684 0.055374470 -9.228132248 0.807711780 -0.015303868 -0.589379072 381.262939453
-0.645564079 0.080050550 -0.759499073 140.169982910 0.061219011 0.996715307 0.053017594 -9.205337524 0.761248410 -0.012269525 -0.648344278 380.918701172
-0.701149702 0.076832578 -0.708862364 139.857604980 0.059993893 0.997008920 0.048723236 -9.188905716 0.710485637 -0.008365127 -0.703662038 380.549072266
-0.751919150 0.076940343 -0.654750526 139.577301025 0.061501250 0.997021735 0.046532605 -9.175069809 0.656380773 -0.005279227 -0.754411697 380.159729004
-0.797511101 0.078469001 -0.598179579 139.328079224 0.063438900 0.996915936 0.046196461 -9.152568817 0.599959731 -0.001105660 -0.800029516 379.747589111
-0.837936282 0.080623522 -0.539780557 139.126907349 0.064424425 0.996725500 0.048864264 -9.139824867 0.541952670 0.006170083 -0.840386629 379.329040527
-0.874170303 0.079605348 -0.479051024 138.948699951 0.062225334 0.996702611 0.052076578 -9.128637314 0.481616974 0.015714675 -0.876241326 378.881591797
-0.905522704 0.074780166 -0.417656511 138.779129028 0.058269847 0.996937096 0.052163597 -9.114214897 0.420278072 0.022898536 -0.907106638 378.424987793
-0.930552721 0.072280519 -0.358953387 138.640869141 0.057598580 0.997013450 0.051444422 -9.102931023 0.361599773 0.027196536 -0.931936860 377.947692871
-0.949988365 0.069810331 -0.304382801 138.522979736 0.058016658 0.997178674 0.047631573 -9.090644836 0.306849211 0.027590161 -0.951358199 377.452117920
-0.964968324 0.067473553 -0.253542483 138.413360596 0.058596987 0.997380495 0.042409394 -9.071660995 0.255739838 0.026066890 -0.966394305 376.938690186
-0.975885391 0.061625753 -0.209403142 138.351043701 0.055438373 0.997838080 0.035295617 -9.057142258 0.211125538 0.022835512 -0.977192044 376.438720703
-0.983695865 0.055079289 -0.171198934 138.295288086 0.050906032 0.998291671 0.028675148 -9.036724091 0.172485873 0.019492561 -0.984819293 375.905578613
-0.989249825 0.044675477 -0.139242902 138.259368896 0.041357338 0.998789370 0.026634334 -9.023256302 0.140264228 0.020589298 -0.989899874 375.361724854
-0.992838740 0.040336791 -0.112447932 138.222717285 0.037478480 0.998921216 0.027418848 -9.011276245 0.113432609 0.023008112 -0.993279457 374.801940918
-0.995254874 0.040623661 -0.088417329 138.185165405 0.038119834 0.998827994 0.029825622 -9.000391006 0.089525327 0.026313638 -0.995636940 374.241973877
-0.996708512 0.045087527 -0.067377083 138.151092529 0.043011110 0.998563349 0.031957760 -8.989374161 0.068721183 0.028954603 -0.997215867 373.657623291
-0.997712612 0.045597550 -0.049910381 138.133209229 0.044009458 0.998503327 0.032468714 -8.977525711 0.051316179 0.030197905 -0.998226047 373.060913086
-0.998441219 0.042931341 -0.035663340 138.133499146 0.041882567 0.998682439 0.029652052 -8.964246750 0.036889352 0.028112162 -0.998923779 372.459716797
-0.999031067 0.037326027 -0.023324167 138.134704590 0.036709469 0.998979151 0.026325973 -8.948947906 0.024283001 0.025444241 -0.999381423 371.828216553
-0.999111414 0.039691217 -0.014205364 138.137786865 0.039345749 0.998941600 0.023824807 -8.937252998 0.015135964 0.023244705 -0.999615550 371.198852539
-0.999013186 0.043971349 -0.006312506 138.135360718 0.043815602 0.998775065 0.022991467 -8.924594879 0.007315739 0.022692185 -0.999716043 370.551910400
-0.998955727 0.045687631 -0.000608308 138.141204834 0.045662679 0.998707294 0.022330338 -8.910833359 0.001627741 0.022279238 -0.999750614 369.882629395
-0.998944998 0.045841988 0.002727948 138.130538940 0.045890097 0.998715758 0.021469019 -8.897818565 -0.001740262 0.021571554 -0.999765754 369.187957764
-0.998904347 0.046566181 0.004679634 138.140731812 0.046650320 0.998713970 0.019853417 -8.889186859 -0.003749118 0.020049971 -0.999791980 368.493408203
-0.998767257 0.048792582 0.009149628 138.147567749 0.048947323 0.998647571 0.017528521 -8.877769470 -0.008281992 0.017954757 -0.999804735 367.775909424
-0.998406529 0.054666772 0.013999946 138.157470703 0.054892272 0.998359799 0.016263731 -8.865705490 -0.013087898 0.017006304 -0.999769688 367.037994385
-0.998029470 0.059621964 0.019556092 138.166839600 0.059906293 0.998101711 0.014290298 -8.858968735 -0.018666953 0.015433672 -0.999706745 366.287902832
-0.997869134 0.059828456 0.026039047 138.189514160 0.060230132 0.998072922 0.014924389 -8.853417397 -0.025095966 0.016460920 -0.999549627 365.523468018
-0.997789264 0.058564268 0.031414475 138.228775024 0.059038512 0.998152018 0.014386665 -8.841859818 -0.030513877 0.016209524 -0.999402881 364.737701416
-0.997559190 0.058775496 0.037699345 138.266235352 0.059311997 0.998151243 0.013273125 -8.831808090 -0.036849514 0.015476749 -0.999201059 363.940093994
-0.997277975 0.059827317 0.043096650 138.286285400 0.060372446 0.998110116 0.011459331 -8.828264236 -0.042329621 0.014029988 -0.999005198 363.105194092
-0.997223020 0.058526285 0.046054434 138.337631226 0.059005126 0.998216152 0.009106221 -8.822019577 -0.045439325 0.011798380 -0.998897433 362.270019531
-0.996944189 0.060864750 0.048970189 138.386672974 0.061319638 0.998087406 0.007839567 -8.813726425 -0.048399374 0.010818443 -0.998769641 361.411651611
-0.996479750 0.066018708 0.051667932 138.435577393 0.066617079 0.997729063 0.009944144 -8.812377930 -0.050894096 0.013351106 -0.998614788 360.531127930
-0.996179104 0.067544699 0.055362161 138.468383789 0.068360746 0.997576237 0.012979318 -8.803944588 -0.054351293 0.016714323 -0.998382092 359.631927490
-0.995844126 0.070160411 0.058068570 138.523834229 0.071182780 0.997339308 0.015726501 -8.793130875 -0.056810688 0.019794626 -0.998188734 358.718841553
-0.995554566 0.071559332 0.061241213 138.583648682 0.072701715 0.997215092 0.016630528 -8.780651093 -0.059880592 0.021008937 -0.997984529 357.784606934
-0.995706439 0.067041777 0.063830413 138.642745972 0.068290703 0.997510433 0.017587496 -8.768111229 -0.062492408 0.021871006 -0.997805953 356.833435059
-0.996035218 0.059759364 0.065903366 138.722427368 0.061238714 0.997909307 0.020658618 -8.751129150 -0.064531043 0.024612540 -0.997612357 355.865081787
-0.996355534 0.053063255 0.066787124 138.812011719 0.054809358 0.998194039 0.024588056 -8.734803200 -0.065361783 0.028158996 -0.997464538 354.881652832
-0.996570349 0.048562292 0.067000747 138.882888794 0.050354328 0.998410404 0.025321173 -8.719360352 -0.065664589 0.028608108 -0.997431517 353.880767822
-0.996571898 0.049754724 0.066100411 138.956604004 0.051166959 0.998492897 0.019845685 -8.703202248 -0.065013379 0.023159804 -0.997615814 352.878845215
-0.996520996 0.051063679 0.065870099 139.030471802 0.052196674 0.998515069 0.015594624 -8.693651199 -0.064975969 0.018978566 -0.997706532 351.875915527
-0.996344090 0.054569166 0.065730557 139.090347290 0.055715080 0.998322845 0.015727054 -8.682891846 -0.064762108 0.019331742 -0.997713447 350.862243652
-0.996214032 0.056848969 0.065770991 139.156234741 0.058152791 0.998143971 0.018080499 -8.674596786 -0.064621054 0.021836814 -0.997671008 349.830413818
-0.996405125 0.054275632 0.065049127 139.226394653 0.055475697 0.998318911 0.016785244 -8.668217659 -0.064028740 0.020333545 -0.997741103 348.793579102
-0.996597886 0.050982505 0.064757861 139.302230835 0.052190103 0.998490870 0.017094154 -8.659997940 -0.063788630 0.020415716 -0.997754693 347.746063232
-0.996707201 0.048872195 0.064703844 139.377151489 0.050109133 0.998588085 0.017633138 -8.640453339 -0.063750722 0.020817326 -0.997748852 346.706604004
-0.996675968 0.049018614 0.065075614 139.452362061 0.050237089 0.998588860 0.017220587 -8.635700226 -0.064139657 0.020432547 -0.997732043 345.658020020
-0.996439695 0.052400917 0.066049971 139.521759033 0.053419322 0.998477519 0.013746847 -8.628267288 -0.065229066 0.017226245 -0.997721910 344.594696045
-0.996176839 0.055905882 0.067130923 139.601226807 0.056812953 0.998316526 0.011678254 -8.622514725 -0.066365033 0.015447510 -0.997676015 343.531738281
-0.995877862 0.058206886 0.069564864 139.667984009 0.059111439 0.998190641 0.011014212 -8.628696442 -0.068797894 0.015080890 -0.997516632 342.478485107
-0.995818138 0.057125468 0.071294591 139.746994019 0.057973158 0.998269260 0.009876217 -8.621662140 -0.070607014 0.013968089 -0.997406483 341.408355713
-0.995894074 0.054044690 0.072624430 139.834152222 0.055209462 0.998374879 0.014126258 -8.623203278 -0.071742952 0.018077811 -0.997259378 340.341644287
-0.996010661 0.051525977 0.072859004 139.919067383 0.052939150 0.998442650 0.017598554 -8.622520447 -0.071838759 0.021385435 -0.997187257 339.279937744
-0.996118784 0.050051581 0.072405957 140.005187988 0.051265758 0.998572290 0.015007805 -8.620794296 -0.071551412 0.018661499 -0.997262597 338.215698242
-0.996137977 0.050553601 0.071790636 140.082992554 0.051504221 0.998607099 0.011451503 -8.617183685 -0.071111724 0.015104795 -0.997354150 337.163085938
-0.995951533 0.054499086 0.071488418 140.158432007 0.055426251 0.998401642 0.011049068 -8.614180565 -0.070771992 0.014966670 -0.997380376 336.103393555
-0.995716214 0.059285119 0.070955828 140.231079102 0.060664274 0.998005867 0.017440435 -8.611577034 -0.069780372 0.021670204 -0.997327089 335.040985107
-0.995713472 0.060375530 0.070070438 140.305358887 0.062118825 0.997804403 0.022970719 -8.603429794 -0.068529718 0.027224941 -0.997277737 333.978210449
-0.995894909 0.058110952 0.069401473 140.380203247 0.059883006 0.997923315 0.023730140 -8.597859383 -0.067878366 0.027788695 -0.997306585 332.918762207
-0.996006012 0.057034552 0.068698525 140.452056885 0.058492467 0.998099327 0.019399077 -8.583100319 -0.067461535 0.023339938 -0.997449040 331.865417480
-0.996387124 0.052129224 0.067049243 140.544433594 0.053318709 0.998448193 0.016073870 -8.583368301 -0.066107281 0.019590775 -0.997620344 330.818023682
-0.996644735 0.049119052 0.065472782 140.627059937 0.050236400 0.998616636 0.015529226 -8.578572273 -0.064619429 0.018766237 -0.997733593 329.757019043
-0.996726871 0.048074618 0.064997710 140.701477051 0.049509250 0.998560309 0.020643588 -8.568342209 -0.063911699 0.023794003 -0.997672081 328.696685791
-0.996862650 0.045599796 0.064702690 140.776657104 0.047274560 0.998579144 0.024592690 -8.562464714 -0.063489340 0.027574312 -0.997601867 327.630676270
-0.996920347 0.045439258 0.063917033 140.849014282 0.046946682 0.998648822 0.022282502 -8.548597336 -0.062818177 0.025214570 -0.997706532 326.577453613
-0.996798277 0.048157990 0.063829720 140.915252686 0.049394764 0.998618186 0.017940905 -8.532719612 -0.062877521 0.021036316 -0.997799635 325.505157471
-0.996780872 0.050003421 0.062671304 140.990966797 0.051135983 0.998553753 0.016598748 -8.521057129 -0.061750673 0.019750072 -0.997896194 324.442291260
-0.996816993 0.049998760 0.062098674 141.066253662 0.051407993 0.998450458 0.021305937 -8.511893272 -0.060937177 0.024430487 -0.997842669 323.364044189
-0.996669173 0.052529946 0.062381160 141.125000000 0.054246284 0.998185217 0.026145339 -8.503243446 -0.060894538 0.029442195 -0.997709990 322.274047852
-0.996512532 0.055514067 0.062299538 141.193206787 0.057238244 0.998015642 0.026239477 -8.483612061 -0.060719255 0.029713880 -0.997712731 321.180328369
-0.996312618 0.060111847 0.061220851 141.267700195 0.061671909 0.997809827 0.023918390 -8.462003708 -0.059648987 0.027605798 -0.997837782 320.091766357
-0.996180058 0.062320121 0.061171599 141.339157104 0.063936181 0.997645199 0.024824716 -8.443624496 -0.059480473 0.028640959 -0.997818708 319.000305176
-0.996029615 0.064661868 0.061187450 141.396057129 0.066384174 0.997440994 0.026544726 -8.433310509 -0.059314437 0.030501211 -0.997773290 317.878845215
-0.995848179 0.067074314 0.061543033 141.461395264 0.068778813 0.997292936 0.026006343 -8.410722733 -0.059632070 0.030131223 -0.997765660 316.763671875
-0.995674849 0.068890005 0.062335745 141.529785156 0.070392385 0.997271597 0.022232570 -8.393239021 -0.060634065 0.026524372 -0.997807622 315.644226074
-0.995566368 0.070970491 0.061730392 141.603561401 0.072217003 0.997222900 0.018198796 -8.381747246 -0.060267381 0.022576094 -0.997926950 314.549957275
-0.995607734 0.070021309 0.062150568 141.677078247 0.071149044 0.997335434 0.016118728 -8.369208336 -0.060856309 0.020469878 -0.997936845 313.424865723
-0.995811820 0.067048043 0.062157281 141.766479492 0.068298876 0.997498512 0.018219886 -8.363300323 -0.060780186 0.022388848 -0.997900128 312.293701172
-0.995704412 0.067718312 0.063143514 141.822128296 0.069226116 0.997358322 0.022002604 -8.349918365 -0.061486732 0.026279267 -0.997761965 311.149993896
-0.995829463 0.065797932 0.063205846 141.901596069 0.067515768 0.997393906 0.025436075 -8.331536293 -0.061367482 0.029597374 -0.997676611 310.000518799
-0.995855570 0.066222332 0.062342301 141.984893799 0.068121932 0.997259736 0.028852539 -8.309674263 -0.060260780 0.032979835 -0.997637868 308.857360840
-0.995924711 0.066392377 0.061041210 142.069549561 0.068384215 0.997172952 0.031140294 -8.289177895 -0.058801167 0.035187643 -0.997649312 307.683563232
-0.995904088 0.067466825 0.060198277 142.136383057 0.069242656 0.997209191 0.027915901 -8.266676903 -0.058146879 0.031969842 -0.997796297 306.526306152
-0.995954514 0.067872472 0.058888994 142.214523315 0.069351994 0.997316539 0.023452602 -8.248413086 -0.057139184 0.027441796 -0.997989058 305.369049072
-0.995994806 0.067608453 0.058509521 142.287963867 0.069101684 0.997323692 0.023883373 -8.233396530 -0.056738213 0.027830821 -0.998001099 304.207153320
-0.996012211 0.067365356 0.058495950 142.359878540 0.068914004 0.997312546 0.024871357 -8.214677811 -0.056663275 0.028803363 -0.997977853 303.030670166
-0.996050596 0.066710174 0.058596700 142.446823120 0.068057328 0.997453988 0.021301376 -8.201718330 -0.057026494 0.025205174 -0.998054743 301.859008789
-0.995908260 0.067796044 0.059755798 142.507049561 0.068940870 0.997470617 0.017307155 -8.189447403 -0.058431298 0.021355953 -0.998063087 300.677093506
-0.995794773 0.068802193 0.060493920 142.585006714 0.069900259 0.997422040 0.016224414 -8.183867455 -0.059221692 0.020384721 -0.998036981 299.498779297
-0.995757699 0.068746410 0.061162353 142.665222168 0.069956578 0.997390032 0.017867234 -8.177098274 -0.059774414 0.022070140 -0.997968078 298.321533203
-0.995670080 0.068318523 0.063038446 142.734695435 0.069848083 0.997306466 0.022385225 -8.174317360 -0.061339326 0.026691411 -0.997760177 297.122619629
-0.995571971 0.067941651 0.064966299 142.813720703 0.069768876 0.997216940 0.026280824 -8.161340714 -0.062999927 0.030697074 -0.997541547 295.941925049
-0.995689392 0.064945519 0.066218764 142.902526855 0.066696882 0.997470319 0.024587482 -8.152544975 -0.064454406 0.028898079 -0.997502208 294.779449463
-0.995695829 0.064496577 0.066560909 142.973464966 0.065669671 0.997719646 0.015587335 -8.142065048 -0.065403797 0.019891275 -0.997660756 293.607574463
-0.995845914 0.061280102 0.067349553 143.063552856 0.061834246 0.998067319 0.006172280 -8.135543823 -0.066841148 0.010311147 -0.997710586 292.454498291
-0.995723963 0.062015750 0.068471000 143.152008057 0.062602773 0.998017609 0.006459025 -8.147868156 -0.067934699 0.010717879 -0.997632384 291.301391602
-0.995646834 0.061342884 0.070176646 143.239578247 0.062350746 0.997978985 0.012260517 -8.154026031 -0.069282718 0.016582709 -0.997459412 290.135833740
-0.995496035 0.062821530 0.071000293 143.318466187 0.064250030 0.997771204 0.018015988 -8.144247055 -0.069710255 0.022496615 -0.997313619 288.968048096
-0.995524645 0.061494760 0.071757138 143.408462524 0.063369781 0.997697830 0.024150787 -8.135285378 -0.070106789 0.028589936 -0.997129679 287.829772949
-0.995493412 0.061806209 0.071925871 143.494888306 0.063854046 0.997606635 0.026527073 -8.121437073 -0.070114188 0.031000279 -0.997057319 286.672546387
-0.995594859 0.060889270 0.071300365 143.589660645 0.062823102 0.997706473 0.025199374 -8.100798607 -0.069602467 0.029567672 -0.997136712 285.522003174
-0.995677829 0.061030012 0.070009746 143.667617798 0.062963448 0.997683644 0.025748594 -8.088800430 -0.068276145 0.030045355 -0.997214079 284.371154785
-0.995694399 0.061418690 0.069431104 143.749954224 0.063352145 0.997652650 0.025994863 -8.074478149 -0.067671552 0.030281544 -0.997248054 283.225921631
-0.995695710 0.062419534 0.068510741 143.836273193 0.063949615 0.997745216 0.020370064 -8.059987068 -0.067084774 0.024663622 -0.997442365 282.088195801
-0.995855093 0.061167259 0.067312576 143.914321899 0.062033381 0.998015106 0.010851118 -8.052625656 -0.066515230 0.014981768 -0.997672796 280.930145264
-0.995994449 0.060064465 0.066240624 144.004714966 0.060760006 0.998115897 0.008534321 -8.054792404 -0.065603212 0.012524915 -0.997767448 279.790649414
-0.996234298 0.056809943 0.065499462 144.093200684 0.057811704 0.998236239 0.013500057 -8.054434776 -0.064617001 0.017235853 -0.997761369 278.643249512
-0.996668816 0.048921958 0.065252714 144.172866821 0.050461687 0.998480141 0.022159837 -8.051441193 -0.064069435 0.025378782 -0.997622728 277.503936768
-0.996868014 0.046097763 0.064261101 144.257812500 0.048213780 0.998331487 0.031775292 -8.037078857 -0.062689111 0.034774039 -0.997427225 276.362030029
-0.996901631 0.047086049 0.063009679 144.336242676 0.049557786 0.998038292 0.038256861 -8.021320343 -0.061084710 0.041260943 -0.997279525 275.232666016
-0.997010708 0.045252785 0.062624328 144.410461426 0.047695100 0.998136222 0.038069654 -7.994094849 -0.060784850 0.040942725 -0.997310758 274.076873779
-0.996679664 0.052714597 0.062054116 144.475494385 0.054535802 0.998118341 0.028029133 -7.974870682 -0.060459808 0.031320240 -0.997679114 272.961853027
-0.996243000 0.061740451 0.060727809 144.540649414 0.062573031 0.997969389 0.011903417 -7.961613178 -0.059869573 0.015658621 -0.998083353 271.862060547
-0.996108770 0.063961416 0.060635269 144.602752686 0.064374298 0.997913897 0.004878454 -7.958710670 -0.060196742 0.008762822 -0.998148203 270.747985840
-0.996044874 0.064355873 0.061262269 144.674301147 0.065229021 0.997793794 0.012359006 -7.965005398 -0.060331736 0.016306201 -0.998045325 269.628356934
-0.996021867 0.063433878 0.062585495 144.745147705 0.065098517 0.997567475 0.024925156 -7.961244583 -0.060852155 0.028900219 -0.997728467 268.505157471
-0.996140003 0.061586283 0.062549263 144.813522339 0.063784026 0.997392297 0.033767506 -7.944692612 -0.060306534 0.037626803 -0.997470498 267.375305176
-0.996304989 0.058857124 0.062552057 144.893127441 0.061471667 0.997277498 0.040728111 -7.917099953 -0.059984624 0.044422787 -0.997210622 266.261352539
-0.996484160 0.054929174 0.063263722 144.969757080 0.057847202 0.997299194 0.045254890 -7.889251709 -0.060607046 0.048755404 -0.996970296 265.162597656
-0.996622920 0.052447323 0.063182786 145.049011230 0.055202682 0.997562468 0.042682108 -7.861877441 -0.060790215 0.046025824 -0.997088909 264.074676514
-0.996760607 0.049993239 0.063002095 145.125488281 0.052249812 0.998031259 0.034692965 -7.831952095 -0.061143648 0.037872426 -0.997410417 262.989257812
-0.996801615 0.049731806 0.062556647 145.191162109 0.051480681 0.998318017 0.026661681 -7.806102753 -0.061125495 0.029796863 -0.997685313 261.888153076
-0.996857762 0.050439090 0.061078005 145.259536743 0.051766142 0.998452008 0.020342344 -7.788352489 -0.059957411 0.023440195 -0.997925758 260.807861328
-0.996963978 0.051356193 0.058528285 145.325729370 0.052274946 0.998530686 0.014275081 -7.780953407 -0.057709176 0.017291304 -0.998183846 259.726898193
-0.996956348 0.053371947 0.056831162 145.380874634 0.054231528 0.998434544 0.013690726 -7.784849167 -0.056011494 0.016731095 -0.998290062 258.640747070
-0.997076631 0.052632179 0.055388942 145.439025879 0.053755056 0.998373747 0.018980769 -7.777882099 -0.054299869 0.021902720 -0.998284459 257.552185059
-0.997152209 0.051337961 0.055246972 145.498840332 0.052996587 0.998173892 0.028987037 -7.767781258 -0.053657949 0.031832382 -0.998052001 256.481048584
-0.997362614 0.046931766 0.055366863 145.569656372 0.049089156 0.998060942 0.038270611 -7.755439758 -0.053463396 0.040887583 -0.997732401 255.422592163
-0.997538447 0.042329602 0.055904374 145.642593384 0.044697613 0.998125255 0.041809618 -7.729822159 -0.054029785 0.044205494 -0.997560382 254.364852905
-0.997722745 0.036534421 0.056697629 145.706680298 0.038733065 0.998520076 0.038176306 -7.703799248 -0.055218972 0.040285438 -0.997661233 253.317443848
-0.997763395 0.034053180 0.057523966 145.773727417 0.035867792 0.998881400 0.030812837 -7.687236786 -0.056410346 0.032807171 -0.997868657 252.302429199
-0.997561812 0.037512619 0.058850113 145.836700439 0.038796593 0.999030054 0.020828610 -7.670879841 -0.058011692 0.023061009 -0.998049498 251.300247192
-0.997290611 0.040542044 0.061383709 145.887985229 0.041586533 0.999009430 0.015834352 -7.666118622 -0.060680948 0.018344184 -0.997988701 250.309188843
-0.996991873 0.044980101 0.063121080 145.947998047 0.046014622 0.998827636 0.015031826 -7.663771629 -0.062370948 0.017891098 -0.997892857 249.338363647
-0.996741772 0.047586955 0.065129258 146.013778687 0.049051307 0.998573959 0.021071650 -7.665462017 -0.064033642 0.024197664 -0.997654557 248.370635986
-0.996480346 0.050155934 0.067164607 146.071533203 0.051959362 0.998326719 0.025377650 -7.661340714 -0.065779381 0.028778162 -0.997419000 247.421585083
-0.996258497 0.052645061 0.068539642 146.132171631 0.054372575 0.998242080 0.023586571 -7.658943176 -0.067177437 0.027224995 -0.997369647 246.506484985
-0.996080041 0.054183878 0.069920108 146.187423706 0.055473596 0.998321533 0.016636191 -7.653416634 -0.068901338 0.020449696 -0.997413993 245.622070312
-0.995980978 0.055497129 0.070299566 146.251113892 0.056529913 0.998319030 0.012786360 -7.647574902 -0.069471791 0.016708998 -0.997444034 244.728912354
-0.996089101 0.051311754 0.071931511 146.320236206 0.052315921 0.998556733 0.012145024 -7.652919769 -0.071204513 0.015860686 -0.997335911 243.871429443
-0.996209502 0.048440225 0.072253935 146.396896362 0.049484730 0.998693705 0.012735619 -7.656557083 -0.071542636 0.016262809 -0.997305274 243.022872925
-0.996119976 0.048681408 0.073318511 146.458740234 0.049741365 0.998681366 0.012699962 -7.663928032 -0.072603576 0.016297644 -0.997228026 242.187469482
-0.996168494 0.044247497 0.075436860 146.524307251 0.045429129 0.998869181 0.014019664 -7.662186623 -0.074731223 0.017392978 -0.997052073 241.364974976
-0.996414185 0.035872612 0.076628439 146.605865479 0.037423942 0.999120653 0.018905209 -7.659880638 -0.075882882 0.021705156 -0.996880412 240.565612793
-0.996313810 0.033438116 0.078996450 146.674163818 0.035663202 0.999001086 0.026925638 -7.658117771 -0.078017198 0.029643655 -0.996511102 239.788940430
-0.996124506 0.033659525 0.081261031 146.745437622 0.036212675 0.998889148 0.030152146 -7.659615040 -0.080155857 0.032977965 -0.996236920 239.030578613
-0.995941639 0.033352789 0.083593227 146.806274414 0.035793427 0.998970509 0.027869668 -7.651401997 -0.082577638 0.030748650 -0.996110201 238.295410156
-0.995809197 0.031651951 0.085805498 146.874801636 0.033729501 0.999169290 0.022871349 -7.639552116 -0.085010290 0.025669672 -0.996049523 237.596862793
-0.995487452 0.034915123 0.088237971 146.936050415 0.036730912 0.999143839 0.019038565 -7.637714386 -0.087497689 0.022193711 -0.995917559 236.929367065
-0.995208383 0.032824855 0.092101470 146.990203857 0.034941468 0.999158859 0.021463240 -7.633522511 -0.091319472 0.024578558 -0.995518327 236.266555786
-0.995212913 0.031084182 0.092656434 147.056686401 0.033750262 0.999056101 0.027346767 -7.629513741 -0.091718920 0.030343033 -0.995322585 235.636688232
-0.995419264 0.023965506 0.092553467 147.128067017 0.026924076 0.999161303 0.030850686 -7.619814873 -0.091736488 0.033201285 -0.995229602 235.017669678
-0.995551229 0.022030484 0.091614537 147.182846069 0.025023241 0.999185801 0.031647384 -7.612045288 -0.090842731 0.033799075 -0.995291829 234.429336548
-0.995908856 0.017821027 0.088590614 147.239212036 0.020869365 0.999217331 0.033602934 -7.620214462 -0.087922439 0.035314281 -0.995501280 233.871520996
-0.996436119 0.017635874 0.082486689 147.284255981 0.020377550 0.999263525 0.032514829 -7.611079216 -0.081852511 0.034079824 -0.996061563 233.310394287
-0.997069836 0.015810331 0.074845821 147.321640015 0.018053943 0.999404788 0.029395383 -7.601720810 -0.074336521 0.030660510 -0.996761918 232.779861450
-0.997906089 0.012623070 0.063437171 147.361984253 0.014318503 0.999550402 0.026342997 -7.596330166 -0.063076124 0.027196160 -0.997638226 232.269409180
-0.998804331 0.009580432 0.047942672 147.385162354 0.010813118 0.999615848 0.025518687 -7.584057331 -0.047679774 0.026006581 -0.998524189 231.758911133
-0.999559522 0.009099860 0.028248992 147.393768311 0.009856850 0.999592900 0.026774483 -7.577980042 -0.027993849 0.027041135 -0.999242306 231.274856567
-0.999898791 0.013620515 0.004178196 147.379653931 0.013734936 0.999493659 0.028702043 -7.569858551 -0.003785144 0.028756518 -0.999579549 230.812820435
-0.999546409 0.019996896 -0.022525743 147.331741333 0.019337077 0.999388337 0.029138332 -7.565935135 0.023094639 0.028689528 -0.999321699 230.369705200
-0.998206139 0.022066137 -0.055658221 147.290176392 0.020549057 0.999405503 0.027683727 -7.562201500 0.056236006 0.026490338 -0.998066068 229.927597046
-0.995377302 0.022461670 -0.093380958 147.235305786 0.019964272 0.999419868 0.027592979 -7.558599472 0.093946569 0.025601137 -0.995248318 229.489837646
-0.990900159 0.024093278 -0.132425308 147.157989502 0.020485971 0.999382854 0.028535750 -7.553529263 0.133031100 0.025563218 -0.990782261 229.060546875
-0.984503150 0.031104781 -0.172586560 147.054016113 0.026626572 0.999247551 0.028202849 -7.537379265 0.173333943 0.023170402 -0.984590650 228.640960693
-0.976095200 0.038071174 -0.213984430 146.930572510 0.032893095 0.999074697 0.027708381 -7.530404568 0.214841321 0.020007402 -0.976444244 228.216278076
-0.966013074 0.044994496 -0.254548430 146.771347046 0.039467365 0.998861909 0.026781971 -7.514687538 0.255463749 0.015825370 -0.966689467 227.836029053
-0.953796625 0.048567224 -0.296501517 146.612167358 0.042101186 0.998716474 0.028158087 -7.505793571 0.297488511 0.014374022 -0.954617143 227.444671631
-0.939471722 0.050791077 -0.338840961 146.465606689 0.042570703 0.998591900 0.031653747 -7.511429787 0.339971542 0.015313101 -0.940310955 227.114166260
-0.923115969 0.055914965 -0.380435050 146.274246216 0.045715947 0.998312771 0.035799839 -7.497354507 0.381794900 0.015655449 -0.924114704 226.752502441
-0.903152823 0.058974098 -0.425249755 146.062164307 0.046349425 0.998124778 0.039983343 -7.482315063 0.426810294 0.016400982 -0.904192686 226.384155273
-0.879174709 0.061231494 -0.472549379 145.826583862 0.047052033 0.998018324 0.041780189 -7.461390018 0.474171191 0.014497668 -0.880313516 226.025299072
-0.852506399 0.063232332 -0.518878341 145.570373535 0.046745900 0.997901440 0.044805232 -7.445757866 0.520622611 0.013941307 -0.853673220 225.683929443
-0.822655797 0.064916663 -0.564821661 145.283569336 0.045235444 0.997784019 0.048793476 -7.426578522 0.566737533 0.014590275 -0.823769331 225.323883057
-0.789726377 0.064468913 -0.610062480 144.985382080 0.040981676 0.997785389 0.052391078 -7.413561344 0.612089038 0.016373228 -0.790619493 224.994918823
-0.753105044 0.064416870 -0.654739141 144.669799805 0.037931900 0.997790992 0.054537546 -7.391424179 0.656805933 0.016237000 -0.753884792 224.674331665
-0.713455796 0.060379047 -0.698094308 144.338867188 0.032539237 0.998060584 0.053068262 -7.368301868 0.699944615 0.015146392 -0.714036703 224.375015259
-0.671626329 0.056513701 -0.738731742 143.965484619 0.028972166 0.998327255 0.050032653 -7.344870567 0.740323603 0.012200579 -0.672140121 224.076873779
-0.628580570 0.051667493 -0.776026547 143.571960449 0.025529865 0.998623967 0.045808773 -7.320064545 0.777325511 0.008982646 -0.629034638 223.788543701
-0.584423661 0.048415568 -0.810003042 143.149032593 0.022476438 0.998801291 0.043483503 -7.305452347 0.811137378 0.007206802 -0.584811330 223.512588501
-0.539895654 0.046769045 -0.840431631 142.709747314 0.019863851 0.998885036 0.042826198 -7.285804749 0.841497540 0.006427466 -0.540222645 223.270553589
-0.494296432 0.045886695 -0.868081510 142.241943359 0.015391453 0.998911262 0.044038258 -7.265604973 0.869157135 0.008406920 -0.494464636 223.026641846
-0.449664235 0.047386017 -0.891939878 141.751586914 0.011916927 0.998821139 0.047056470 -7.242928505 0.893118203 0.010530430 -0.449698925 222.809188843
-0.405792713 0.049570926 -0.912620127 141.249588013 0.011669645 0.998727679 0.049059197 -7.216492653 0.913890898 0.009257900 -0.405854821 222.619186401
-0.362221479 0.051775862 -0.930653155 140.713684082 0.012310173 0.998634696 0.050766680 -7.186360359 0.932011008 0.006932269 -0.362364292 222.442733765
-0.319654465 0.052817333 -0.946061134 140.168212891 0.009926607 0.998577118 0.052395239 -7.157685757 0.947482347 0.007357190 -0.319723845 222.277923584
-0.281428218 0.049741302 -0.958292365 139.613616943 0.004329902 0.998711228 0.050567705 -7.135423183 0.959572673 0.010081860 -0.281280994 222.132965088
-0.246786594 0.044859234 -0.968031228 139.039916992 0.003037951 0.998958886 0.045517970 -7.106960773 0.969065309 0.008292382 -0.246665955 222.008941650
-0.215784192 0.041518524 -0.975557983 138.446166992 0.005427095 0.999131143 0.041321348 -7.080108643 0.976426005 0.003622051 -0.215822101 221.894165039
-0.188410521 0.039815456 -0.981282949 137.856643677 0.010319740 0.999202967 0.038561124 -7.052515507 0.982036173 -0.002861264 -0.188671231 221.805648804
-0.164104939 0.040826615 -0.985597849 137.222137451 0.014144609 0.999137819 0.039032377 -7.026837349 0.986341655 -0.007535494 -0.164540887 221.714370728
-0.143138170 0.042710155 -0.988780797 136.582763672 0.017835900 0.999017477 0.040570363 -7.013854504 0.989542067 -0.011828630 -0.143759251 221.636825562
-0.124990702 0.041683186 -0.991281867 135.932815552 0.015982073 0.999072015 0.039995577 -6.985095024 0.992029130 -0.010843662 -0.125540972 221.552093506
-0.110309124 0.042274442 -0.992997825 135.257873535 0.017737709 0.999019623 0.040560376 -6.956554413 0.993739009 -0.013139323 -0.110950828 221.495605469
-0.098477006 0.043843813 -0.994173110 134.548934937 0.019363575 0.998924255 0.042135302 -6.925983906 0.994951010 -0.015101385 -0.099220157 221.434936523
-0.088732839 0.046743505 -0.994958162 133.813751221 0.024141928 0.998705745 0.044766538 -6.889519215 0.995762944 -0.020047951 -0.089746475 221.383148193
-0.081100464 0.048942346 -0.995503664 133.072875977 0.024880286 0.998581827 0.047066770 -6.863814831 0.996395409 -0.020951282 -0.082203150 221.329406738
-0.073682785 0.048132233 -0.996119678 132.307632446 0.022332847 0.998663783 0.046603218 -6.833076954 0.997031748 -0.018812336 -0.074659228 221.268249512
-0.065938234 0.043730136 -0.996865034 131.524261475 0.024500666 0.998808920 0.042194799 -6.793220520 0.997522891 -0.021641603 -0.066931129 221.217376709
-0.058632374 0.039663259 -0.997491539 130.688064575 0.029121030 0.998853087 0.038005680 -6.765086651 0.997854948 -0.026819622 -0.059720159 221.180404663
-0.051889658 0.032056246 -0.998138309 129.865081787 0.030304346 0.999074936 0.030510917 -6.733661175 0.998193026 -0.028664729 -0.052813053 221.136764526
-0.047619462 0.027454058 -0.998488367 129.017471313 0.034295622 0.999077737 0.025834661 -6.706598282 0.998276770 -0.033013545 -0.048517108 221.099609375
-0.045869827 0.025609493 -0.998619199 128.142745972 0.037959047 0.998994052 0.023875531 -6.679220676 0.998226047 -0.036811467 -0.046795726 221.071121216
-0.043757915 0.029115552 -0.998617947 127.233566284 0.037657231 0.998912990 0.027474077 -6.656773567 0.998332322 -0.036402974 -0.044806838 221.025512695
-0.043338418 0.035539623 -0.998428285 126.308654785 0.034017827 0.998840094 0.034077697 -6.628217697 0.998481274 -0.032487489 -0.044497132 220.980072021
-0.043878555 0.045351062 -0.998007119 125.363296509 0.032077525 0.998517990 0.043963961 -6.597169876 0.998521924 -0.030084524 -0.045268297 220.930572510
-0.044397831 0.051659938 -0.997677386 124.397537231 0.029300807 0.998299778 0.050388243 -6.562954903 0.998584151 -0.026995622 -0.045835972 220.881439209
-0.043509364 0.050092891 -0.997796535 123.428817749 0.028832309 0.998389125 0.048865408 -6.522922993 0.998637021 -0.026642680 -0.044883490 220.829345703
-0.043850303 0.041400634 -0.998179972 122.463897705 0.032315642 0.998676896 0.040001612 -6.490324974 0.998515427 -0.030502742 -0.045130253 220.789886475
-0.044113398 0.035479717 -0.998396337 121.477249146 0.033480935 0.998860300 0.034016874 -6.448657990 0.998465359 -0.031926643 -0.045251012 220.746643066
-0.043954611 0.034400325 -0.998441219 120.491546631 0.036449973 0.998796821 0.032807939 -6.422078609 0.998368502 -0.034951095 -0.045155644 220.705627441
-0.044452906 0.038650714 -0.998263538 119.495025635 0.038950540 0.998558581 0.036927659 -6.402693748 0.998251855 -0.037241362 -0.045894265 220.661911011
-0.045727253 0.040095799 -0.998148978 118.490127563 0.037393183 0.998562574 0.038399354 -6.368465424 0.998253882 -0.035568070 -0.047160864 220.614013672
-0.048312902 0.046224419 -0.997762203 117.488586426 0.039908003 0.998220265 0.044313252 -6.338656425 0.998034835 -0.037677798 -0.050071597 220.567718506
-0.051721334 0.052665159 -0.997271955 116.486068726 0.040855333 0.997884095 0.050578617 -6.306818008 0.997825563 -0.038127884 -0.053763509 220.513244629
-0.055181742 0.056189574 -0.996894062 115.481475830 0.038555972 0.997790575 0.054105893 -6.267825127 0.997731686 -0.035450567 -0.057226181 220.446716309
-0.058288574 0.049954206 -0.997049272 114.485305786 0.037729800 0.998143911 0.047803335 -6.231296539 0.997586668 -0.034832079 -0.060065150 220.383026123
-0.061902761 0.044071343 -0.997108698 113.494323730 0.038601924 0.998382866 0.041731168 -6.191932678 0.997335434 -0.035907041 -0.063503861 220.314575195
-0.064949989 0.041115258 -0.997041166 112.504928589 0.038369458 0.998514831 0.038676541 -6.158838272 0.997150600 -0.035743888 -0.066431046 220.243392944
-0.067757249 0.045899361 -0.996645570 111.485748291 0.041826822 0.998193681 0.043127052 -6.129490852 0.996824801 -0.038764346 -0.069554687 220.181930542
-0.070008755 0.052493941 -0.996164203 110.498779297 0.041496720 0.997903287 0.049669262 -6.095565796 0.996682882 -0.037860263 -0.072040319 220.100463867
-0.072210073 0.056827784 -0.995769322 109.505050659 0.042077824 0.997660220 0.053884353 -6.061655045 0.996501625 -0.038008809 -0.074432254 220.028594971
-0.073542953 0.054290637 -0.995813370 108.513977051 0.041762598 0.997808933 0.051315192 -6.024313927 0.996417344 -0.037813883 -0.075649142 219.954147339
-0.073718786 0.048794758 -0.996084750 107.534347534 0.041844849 0.998074055 0.045795340 -5.984197617 0.996400893 -0.038305040 -0.075618625 219.876556396
-0.074029326 0.044008464 -0.996284604 106.567092896 0.042429969 0.998260200 0.040942959 -5.961122513 0.996353090 -0.039241347 -0.075767756 219.796463013
-0.074187875 0.037783455 -0.996528447 105.590438843 0.043995183 0.998433053 0.034580406 -5.933581352 0.996273518 -0.041277003 -0.075733900 219.727172852
-0.073601604 0.033708137 -0.996717930 104.621643066 0.044304129 0.998552442 0.030498590 -5.910175323 0.996303141 -0.041913975 -0.074988365 219.654510498
-0.072489619 0.039208043 -0.996598184 103.642196655 0.046530452 0.998271942 0.035889398 -5.884482384 0.996283174 -0.043770552 -0.074188828 219.583023071
-0.071211576 0.047159407 -0.996345878 102.657257080 0.050071534 0.997791350 0.043649089 -5.860276222 0.996203780 -0.046780247 -0.073415637 219.514770508
-0.069590449 0.049169876 -0.996363103 101.684844971 0.049713634 0.997714460 0.045764342 -5.833136559 0.996336102 -0.046348073 -0.071875811 219.444091797
-0.068675876 0.046851449 -0.996538281 100.723815918 0.048073567 0.997891665 0.043602113 -5.796159744 0.996480107 -0.044912737 -0.070783496 219.373443604
-0.067671537 0.046022724 -0.996645749 99.765762329 0.052898753 0.997695982 0.042479448 -5.772284508 0.996304452 -0.049846668 -0.069950104 219.309814453
-0.066874862 0.044489540 -0.996769190 98.797897339 0.054609634 0.997671187 0.040865965 -5.748918533 0.996266007 -0.051700290 -0.069148660 219.248046875
-0.065288901 0.042778060 -0.996949136 97.849945068 0.054195024 0.997758150 0.039263617 -5.721855164 0.996393681 -0.051466201 -0.067460895 219.175079346
-0.066130757 0.044969548 -0.996797264 96.897552490 0.058103155 0.997462332 0.041144814 -5.696161270 0.996118009 -0.055196125 -0.068575859 219.118026733
-0.067327499 0.050939634 -0.996429801 95.947769165 0.061949402 0.996982276 0.046782043 -5.665080070 0.995805919 -0.058578510 -0.070280075 219.054733276
-0.068478584 0.053177129 -0.996234357 95.011230469 0.060934644 0.996937037 0.049026147 -5.634869576 0.995789945 -0.057347950 -0.071509123 218.984008789
-0.069886088 0.051911578 -0.996203423 94.062469482 0.060480431 0.997028410 0.047711726 -5.602746964 0.995719910 -0.056916423 -0.072818041 218.920501709
-0.071398616 0.052574910 -0.996061444 93.132827759 0.060164280 0.997018635 0.048312813 -5.567812920 0.995631814 -0.056477852 -0.074348927 218.851593018
-0.072181225 0.056112073 -0.995811939 92.180633545 0.058073595 0.996958792 0.051967252 -5.532341957 0.995699465 -0.054079320 -0.075220346 218.776580811
-0.072597027 0.058463980 -0.995646417 91.281570435 0.055121738 0.996989846 0.054523699 -5.509654999 0.995837033 -0.050923496 -0.075601220 218.696044922
-0.073757052 0.056075070 -0.995698571 90.363616943 0.054076951 0.997173905 0.052152377 -5.460336685 0.995809138 -0.049997739 -0.076581001 218.627990723
-0.074542284 0.054519329 -0.995726585 89.473892212 0.054659989 0.997226715 0.050509516 -5.422892570 0.995718837 -0.050661307 -0.077315569 218.561264038
-0.075037718 0.054295458 -0.995701492 88.606338501 0.055699736 0.997185826 0.050178781 -5.395666122 0.995623946 -0.051695004 -0.077850819 218.497924805
-0.074889541 0.053232003 -0.995769978 87.764511108 0.054334972 0.997308552 0.049227841 -5.368962288 0.995710433 -0.050418485 -0.077580333 218.432495117
-0.075093627 0.052139569 -0.995812535 86.935699463 0.053553510 0.997401774 0.048184354 -5.340741158 0.995737493 -0.049710922 -0.077690721 218.367492676
-0.075797558 0.052893002 -0.995719433 86.127044678 0.054136377 0.997337520 0.048857920 -5.316258430 0.995652616 -0.050201334 -0.078459144 218.309097290
-0.075616837 0.055392038 -0.995597303 85.345672607 0.052591193 0.997287691 0.051491730 -5.289965630 0.995749176 -0.048466008 -0.078324914 218.247589111
-0.074497819 0.056949131 -0.995593727 84.590820312 0.050231203 0.997314930 0.053288918 -5.267726898 0.995955288 -0.046039969 -0.077158332 218.186553955
-0.072168112 0.058115069 -0.995697975 83.861328125 0.049313676 0.997287989 0.054633625 -5.243605614 0.996172667 -0.045158722 -0.074838161 218.135681152
-0.069030166 0.059970234 -0.995810449 83.170578003 0.050637219 0.997115493 0.056538627 -5.217218399 0.996328652 -0.046522208 -0.071867704 218.092041016
-0.065460801 0.061881088 -0.995934606 82.494125366 0.052896254 0.996887147 0.058463514 -5.191227913 0.996452212 -0.048854142 -0.068530321 218.050415039
-0.062822342 0.063436344 -0.996006668 81.860153198 0.052467596 0.996807814 0.060178019 -5.165208817 0.996644676 -0.048477549 -0.065950155 218.020202637
-0.059010148 0.064552642 -0.996168137 81.254699707 0.052161582 0.996743143 0.061500009 -5.151622772 0.996893704 -0.048332576 -0.062185168 217.997619629
-0.053670883 0.062940262 -0.996573269 80.682022095 0.051930744 0.996836960 0.060160182 -5.127742767 0.997207582 -0.048523944 -0.056769609 217.972610474
-0.047849655 0.059135679 -0.997102499 80.134002686 0.052393671 0.997020304 0.056616496 -5.087067604 0.997479439 -0.049532775 -0.050805449 217.960205078
-0.041250467 0.056521684 -0.997548997 79.624221802 0.053875268 0.997071981 0.054266829 -5.076369286 0.997695386 -0.051504686 -0.044174910 217.946640015
-0.033335686 0.054304205 -0.997967899 79.126327515 0.056073323 0.997051656 0.052381303 -5.058729172 0.997870028 -0.054213203 -0.036282420 217.940505981
-0.023306847 0.053580426 -0.998291612 78.643341064 0.054890521 0.997125089 0.052236315 -5.035676003 0.998220384 -0.053579282 -0.026180863 217.933456421
-0.009796023 0.054150414 -0.998484790 78.173019409 0.050313059 0.997294545 0.053592253 -5.022997856 0.998685539 -0.049711835 -0.012493968 217.928863525
0.007181704 0.053018078 -0.998567879 77.711471558 0.045997061 0.997518957 0.053293217 -4.996987343 0.998915911 -0.046313927 0.004725218 217.934326172
0.027173698 0.053289808 -0.998209298 77.253295898 0.042636901 0.997607529 0.054418363 -4.988700867 0.998721004 -0.044039302 0.024836540 217.954864502
0.051749825 0.052940689 -0.997256041 76.791229248 0.041369081 0.997623086 0.055106923 -4.969004631 0.997803032 -0.044107337 0.049436688 217.981140137
0.078723788 0.052841455 -0.995495200 76.336700439 0.041713931 0.997545004 0.056249019 -4.963596344 0.996023476 -0.045954160 0.076326311 218.038589478
0.109703958 0.050700534 -0.992670417 75.889526367 0.040450525 0.997643113 0.055424869 -4.945036888 0.993140936 -0.046234369 0.107394516 218.100509644
0.143563211 0.047790106 -0.988486648 75.440490723 0.036204789 0.997911096 0.053503972 -4.922501564 0.988978744 -0.043469153 0.141533077 218.179260254
0.179727316 0.045664754 -0.982656121 75.004577637 0.030952681 0.998164833 0.052046698 -4.912104607 0.983229518 -0.039770056 0.177984059 218.276580811
0.219061196 0.044622444 -0.974690259 74.566421509 0.024962818 0.998370409 0.051316928 -4.896827698 0.975391805 -0.035572559 0.217590272 218.385787964
0.258345962 0.043968473 -0.965051472 74.163726807 0.019165033 0.998533845 0.050624482 -4.873981476 0.965862453 -0.031573880 0.257124543 218.532821655
0.300888956 0.043356325 -0.952673137 73.755523682 0.014030041 0.998656631 0.049880248 -4.863171101 0.953556001 -0.028374458 0.299876451 218.672592163
0.343182683 0.040770285 -0.938383460 73.359100342 0.008417770 0.998883903 0.046477392 -4.852962017 0.939230978 -0.023849333 0.342456460 218.842559814
0.386601627 0.037733689 -0.921474695 72.968795776 -0.001514799 0.999187291 0.040280435 -4.826805115 0.922245681 -0.014176634 0.386344552 219.019134521
0.430137098 0.035612579 -0.902060866 72.576934814 -0.004547119 0.999294400 0.037283033 -4.813005447 0.902752101 -0.011935038 0.429995477 219.230194092
0.473434627 0.036055066 -0.880090833 72.182083130 -0.003922979 0.999238312 0.038825914 -4.797847271 0.880820334 -0.014928958 0.473215461 219.473953247
0.516515970 0.035671260 -0.855534256 71.794799805 -0.001506558 0.999168217 0.040750474 -4.779345036 0.856276274 -0.019759357 0.516140103 219.744064331
0.559236646 0.039310317 -0.828075528 71.407402039 -0.005175848 0.999021232 0.043929953 -4.762908459 0.828991890 -0.020281250 0.558892787 220.033874512
0.600524187 0.042358596 -0.798483908 71.045387268 -0.008240630 0.998870671 0.046791259 -4.751286030 0.799564183 -0.021519277 0.600195050 220.342681885
0.640606761 0.043702211 -0.766624510 70.691848755 -0.011965926 0.998826027 0.046940129 -4.740443707 0.767775893 -0.020896796 0.640377641 220.675277710
0.680284381 0.042185858 -0.731733263 70.357177734 -0.014065818 0.998909831 0.044512279 -4.722731590 0.732813299 -0.019988585 0.680136144 221.026153564
0.719039917 0.042612299 -0.693661094 70.030227661 -0.019926907 0.998972178 0.040711898 -4.709838390 0.694682956 -0.015450961 0.719150066 221.395538330
0.754980445 0.039083004 -0.654581547 69.721267700 -0.023775293 0.999197423 0.032237016 -4.693686008 0.655316114 -0.008775448 0.755303741 221.789230347
0.788370252 0.036944214 -0.614090741 69.424179077 -0.028929876 0.999317288 0.022979565 -4.681810856 0.614520431 -0.000350838 0.788900793 222.195022583
0.819486141 0.030057460 -0.572310269 69.162292480 -0.024449572 0.999548137 0.017486654 -4.675510406 0.572577238 -0.000337331 0.819850683 222.622573853
0.847283125 0.018848047 -0.530807018 68.932800293 -0.013542200 0.999811888 0.013885316 -4.664223671 0.530968845 -0.004576501 0.847378969 223.074432373
0.871094108 0.011574430 -0.490979701 68.710739136 -0.006472260 0.999906003 0.012088881 -4.655530930 0.491073459 -0.007352806 0.871087134 223.539794922
0.891853988 0.012084940 -0.452161938 68.502288818 -0.006932422 0.999890804 0.013050441 -4.661485672 0.452270269 -0.008504512 0.891840398 224.005981445
0.910081923 0.015433844 -0.414140910 68.305221558 -0.010673402 0.999847710 0.013806473 -4.661778927 0.414290905 -0.008144731 0.910108089 224.476638794
0.926171660 0.016741648 -0.376730442 68.133125305 -0.012486083 0.999827683 0.013735309 -4.659340858 0.376895487 -0.008017367 0.926221132 224.959030151
0.940212607 0.013116221 -0.340335429 67.986114502 -0.008844683 0.999861479 0.014099388 -4.660675526 0.340473205 -0.010246264 0.940198362 225.451293945
0.952322602 0.007828481 -0.304992437 67.850311279 -0.003862873 0.999899983 0.013603603 -4.658422947 0.305068433 -0.011776871 0.952257633 225.955718994
0.962484479 0.008484506 -0.271203965 67.730796814 -0.005608393 0.999919534 0.011378268 -4.658926487 0.271278679 -0.009430388 0.962454677 226.450134277
0.970860898 0.012616364 -0.239311427 67.623626709 -0.011006639 0.999906898 0.008061774 -4.660578251 0.239390865 -0.005192847 0.970909417 226.946990967
0.977892637 0.010932132 -0.208821699 67.531219482 -0.010455369 0.999939620 0.003386827 -4.665724754 0.208846122 -0.001128646 0.977947891 227.449737549
0.983758748 0.003573310 -0.179460123 67.466827393 -0.004240759 0.999985456 -0.003335702 -4.672318459 0.179445595 0.004042573 0.983759582 227.959213257
0.988396943 -0.000353538 -0.151892632 67.408790588 -0.001092283 0.999954879 -0.009435166 -4.677619934 0.151889116 0.009491598 0.988351941 228.475738525
0.991977513 -0.002226504 -0.126394719 67.358932495 0.000763775 0.999932170 -0.011619988 -4.681402683 0.126412034 0.011430230 0.991911948 229.001586914
0.994467258 -0.001156990 -0.105040513 67.310165405 0.000055709 0.999944985 -0.010486674 -4.682852268 0.105046868 0.010422803 0.994412661 229.533905029
0.996021926 -0.004174521 -0.089010447 67.274284363 0.003671109 0.999976337 -0.005818605 -4.689290047 0.089032635 0.005468692 0.996013701 230.068756104
0.996962905 -0.006324816 -0.077620655 67.244857788 0.006382449 0.999979496 0.000494421 -4.695828915 0.077615939 -0.000988329 0.996982872 230.604446411
0.997610152 -0.007534939 -0.068681754 67.218383789 0.007952567 0.999951482 0.005809233 -4.706261635 0.068634652 -0.006341546 0.997621715 231.145614624
0.998061299 -0.003488488 -0.062141053 67.180702209 0.004025002 0.999955654 0.008510736 -4.715655804 0.062108610 -0.008744353 0.998031080 231.684967041
0.998332858 -0.002921611 -0.057645246 67.146629333 0.003462583 0.999950886 0.009286852 -4.730012417 0.057615284 -0.009470971 0.998293936 232.227035522
0.998269618 -0.011215013 -0.057723235 67.108543396 0.011800632 0.999882221 0.009814437 -4.725621700 0.057606366 -0.010478624 0.998284400 232.788894653
0.997758389 -0.020515073 -0.063696735 67.113197327 0.021135330 0.999735415 0.009079085 -4.733238220 0.063493617 -0.010404985 0.997928023 233.305374146
0.997067094 -0.023734748 -0.072758898 67.060836792 0.024333075 0.999676883 0.007347960 -4.736861229 0.072560988 -0.009096857 0.997322500 233.835327148
0.996080995 -0.023507645 -0.085264839 66.997360229 0.024117781 0.999690294 0.006132636 -4.727156162 0.085094273 -0.008165000 0.996339440 234.379226685
0.994664967 -0.024388444 -0.100233711 66.923645020 0.025118548 0.999666333 0.006028248 -4.737730026 0.100053243 -0.008513813 0.994945645 234.905548096
0.992360115 -0.027925387 -0.120173201 66.858184814 0.028594514 0.999583662 0.003846902 -4.737124920 0.120015740 -0.007253806 0.992745459 235.437683105
0.989094257 -0.031111831 -0.143960416 66.778717041 0.032080222 0.999475598 0.004409883 -4.741071224 0.143747732 -0.008980072 0.989573598 235.952911377
0.984865844 -0.028576897 -0.170946464 66.672851562 0.030310441 0.999512076 0.007538983 -4.738348961 0.170647606 -0.012606349 0.985251486 236.467880249
0.979113638 -0.024205981 -0.201867551 66.541862488 0.026970552 0.999576211 0.010955275 -4.741858006 0.201516822 -0.016170939 0.979351580 236.972061157
0.971061409 -0.021487076 -0.237861380 66.405128479 0.024710977 0.999638677 0.010579967 -4.757519722 0.237548083 -0.016151585 0.971241474 237.458236694
0.960547566 -0.018014161 -0.277531832 66.259941101 0.021018894 0.999748230 0.007855035 -4.767314434 0.277320445 -0.013378547 0.960684359 237.918289185
0.947044551 -0.013664351 -0.320811361 66.082534790 0.016282914 0.999852419 0.005480826 -4.769799232 0.320689112 -0.010414330 0.947127223 238.372085571
0.930402458 -0.007887959 -0.366454720 65.866516113 0.009904120 0.999944389 0.003621994 -4.769852161 0.366405785 -0.006999323 0.930428863 238.823150635
0.910121441 0.001441818 -0.414339066 65.618484497 -0.001140771 0.999998868 0.000974022 -4.766216755 0.414340019 -0.000413813 0.910122097 239.251800537
0.885383308 0.014683410 -0.464629740 65.350875854 -0.015986102 0.999871552 0.001135736 -4.768089771 0.464586735 0.006422056 0.885504365 239.650466919
0.856265664 0.029067200 -0.515717149 65.047378540 -0.030670727 0.999514878 0.005411508 -4.774791241 0.515624225 0.011183730 0.856741846 240.047531128
0.823322833 0.039062802 -0.566227555 64.734756470 -0.041242730 0.999109030 0.008957382 -4.773762703 0.566072941 0.015977951 0.824200273 240.411071777
0.785697699 0.046339985 -0.616872609 64.403511047 -0.047693461 0.998759925 0.014281518 -4.771289825 0.616769493 0.018199833 0.786933422 240.763854980
0.744355857 0.051426943 -0.665799975 64.052093506 -0.046379380 0.998603940 0.025281448 -4.762262344 0.666170657 0.012060996 0.745701790 241.107849121
0.699385524 0.058872130 -0.712315977 63.671905518 -0.046352446 0.998239934 0.036992408 -4.749751091 0.713240087 0.007145631 0.700883389 241.428283691
0.652269721 0.066064030 -0.755102456 63.275474548 -0.046101999 0.997807980 0.047474723 -4.721789837 0.756583631 0.003845409 0.653885603 241.711303711
0.602077127 0.074307039 -0.794972718 62.856712341 -0.051753871 0.997198105 0.054013200 -4.694438457 0.796758890 0.008622794 0.604235888 241.968231201
0.549158573 0.076016031 -0.832253873 62.442764282 -0.051395111 0.997041583 0.057154529 -4.679404259 0.834136367 0.011386869 0.551440835 242.179519653
0.492565811 0.069644943 -0.867484093 62.030769348 -0.044425752 0.997505367 0.054858189 -4.658440590 0.869140625 0.011517365 0.494431019 242.367767334
0.433644593 0.059878945 -0.899092317 61.586578369 -0.030942574 0.998190701 0.051554807 -4.628150940 0.900552630 0.005463763 0.434712768 242.555160522
0.372609675 0.053429130 -0.926448882 61.113327026 -0.020199213 0.998571575 0.049464572 -4.593895435 0.927768409 0.000282554 0.373156667 242.724929810
0.313024461 0.054006126 -0.948208392 60.632553101 -0.016164027 0.998540282 0.051536731 -4.566200733 0.949607611 -0.000805397 0.313440502 242.846130371
0.257493854 0.057570837 -0.964563429 60.124710083 -0.017297491 0.998338223 0.054969087 -4.541283131 0.966125131 0.002530321 0.258061767 242.937561035
0.205641210 0.060446929 -0.976758957 59.618255615 -0.019252531 0.998147309 0.057717238 -4.516096592 0.978438139 0.006936031 0.206423998 243.002563477
0.157352149 0.059870336 -0.985726118 59.102783203 -0.019213133 0.998157263 0.057558369 -4.490186214 0.987355709 0.009881949 0.158212483 243.053176880
0.113184929 0.058414161 -0.991855383 58.593521118 -0.016498283 0.998243093 0.056907672 -4.465634823 0.993437052 0.009922814 0.113949776 243.081405640
0.074281931 0.055394817 -0.995697618 58.075866699 -0.014797976 0.998407304 0.054441601 -4.443198681 0.997127593 0.010690272 0.074983358 243.092651367
0.041941643 0.051924083 -0.997769952 57.559738159 -0.015328870 0.998564541 0.051321082 -4.415190697 0.999002516 0.013142191 0.042677343 243.085983276
0.015718102 0.049680445 -0.998641610 57.032501221 -0.019677840 0.998586774 0.049368002 -4.394908428 0.999682963 0.018875130 0.016673505 243.062072754
-0.003898740 0.047383472 -0.998869181 56.492813110 -0.023616511 0.998593807 0.047462586 -4.365471363 0.999713480 0.023774849 -0.002774239 243.039520264
-0.018523932 0.045521703 -0.998791516 55.936553955 -0.025779884 0.998609126 0.045991514 -4.347657204 0.999495924 0.026600679 -0.017324567 243.015151978
-0.030993581 0.044012550 -0.998550177 55.357742310 -0.024447955 0.998697758 0.044777889 -4.322379112 0.999220610 0.025800336 -0.029877305 242.990997314
-0.040495515 0.042136375 -0.998290956 54.752136230 -0.022581397 0.998816609 0.043074574 -4.295467377 0.998924613 0.024287123 -0.039496183 242.956497192
-0.045999646 0.041218698 -0.998090804 54.136383057 -0.023191923 0.998834968 0.042318292 -4.272243500 0.998672307 0.025094263 -0.044990063 242.917602539
-0.048714042 0.041215915 -0.997962058 53.491653442 -0.024741903 0.998791873 0.042457923 -4.244706631 0.998506308 0.026759773 -0.047635436 242.869689941
-0.049774051 0.041868899 -0.997882664 52.839370728 -0.025700254 0.998736382 0.043186639 -4.223809719 0.998429954 0.027795400 -0.048635125 242.836868286
-0.049149156 0.042596754 -0.997882843 52.164154053 -0.024884211 0.998727798 0.043858457 -4.196022034 0.998481572 0.026987124 -0.048026681 242.814849854
-0.048326969 0.042654861 -0.997920513 51.464294434 -0.023161110 0.998771250 0.043812860 -4.164247513 0.998563170 0.025230275 -0.047279596 242.785308838
-0.047032833 0.041267972 -0.998040617 50.742462158 -0.020797929 0.998889148 0.042283166 -4.138929367 0.998676956 0.022745872 -0.046122313 242.747833252
-0.046092629 0.039108016 -0.998171449 50.007644653 -0.017473277 0.999048889 0.039949261 -4.111477852 0.998784423 0.019282687 -0.045365453 242.721099854
-0.045180798 0.037954718 -0.998257637 49.244857788 -0.016121838 0.999120176 0.038717180 -4.075714111 0.998848796 0.017843014 -0.044529080 242.685150146
-0.044569492 0.037384894 -0.998306572 48.469436646 -0.016725181 0.999131560 0.038162488 -4.046257496 0.998866320 0.018397737 -0.043905616 242.648010254
-0.044431806 0.037350532 -0.998314142 47.668014526 -0.016595893 0.999135375 0.038119890 -4.016308308 0.998874724 0.018261641 -0.043773532 242.613586426
-0.044052005 0.038855515 -0.998273432 46.853958130 -0.014463082 0.999113858 0.039526459 -3.991596460 0.998924613 0.016179323 -0.043450952 242.576858521
-0.043421149 0.038926810 -0.998298228 46.020202637 -0.011327051 0.999157250 0.039452977 -3.963796854 0.998992682 0.013020867 -0.042943597 242.536331177
-0.043259621 0.038207594 -0.998333037 45.171295166 -0.009283493 0.999209940 0.038643427 -3.932766199 0.999020755 0.010939714 -0.042870760 242.496749878
-0.043621778 0.037851926 -0.998330951 44.311492920 -0.007688188 0.999239683 0.038222320 -3.899574280 0.999018729 0.009342672 -0.043297529 242.444885254
-0.045631766 0.039399330 -0.998181105 43.419906616 -0.006352002 0.999190271 0.039729543 -3.867830753 0.998938203 0.008153373 -0.045344591 242.399078369
-0.048145533 0.042549126 -0.997933686 42.512786865 -0.004126717 0.999075294 0.042796895 -3.844521284 0.998831868 0.006178666 -0.047925353 242.350860596
-0.051648855 0.044171929 -0.997688115 41.587509155 -0.002622264 0.999011874 0.044366293 -3.803044796 0.998662055 0.004907659 -0.051482081 242.306961060
-0.054939628 0.041510373 -0.997626424 40.636322021 -0.003089459 0.999123633 0.041742809 -3.766431332 0.998484910 0.005375461 -0.054763198 242.250976562
-0.058115721 0.036916897 -0.997627199 39.691436768 -0.004439453 0.999296606 0.037237290 -3.734816551 0.998300135 0.006592984 -0.057910919 242.183761597
-0.060679913 0.033439282 -0.997597158 38.718841553 -0.003518359 0.999425292 0.033714578 -3.698927879 0.998151243 0.005555698 -0.060527444 242.122406006
-0.062895536 0.036075775 -0.997367918 37.729721069 -0.002925269 0.999335527 0.036331415 -3.663932085 0.998015881 0.005202653 -0.062748194 242.054992676
-0.064328909 0.042298809 -0.997032046 36.715026855 -0.001528326 0.999095917 0.042484984 -3.627039433 0.997927725 0.004256797 -0.064206123 241.987289429
-0.065681219 0.047809176 -0.996694744 35.682647705 0.001652067 0.998855352 0.047803950 -3.590988636 0.997839332 0.001493211 -0.065685034 241.921310425
-0.066889644 0.048488431 -0.996581614 34.647064209 0.004336433 0.998823166 0.048306443 -3.545386314 0.997751117 -0.001090414 -0.067021251 241.858551025
-0.067888141 0.046577934 -0.996605158 33.588439941 0.003768945 0.998914480 0.046429131 -3.501388073 0.997685909 -0.000604166 -0.067989945 241.781982422
-0.068581104 0.044146720 -0.996668458 32.526229858 0.002566061 0.999024928 0.044074535 -3.456265926 0.997642398 0.000465162 -0.068627477 241.701278687
-0.068600416 0.043258797 -0.996706128 31.448730469 0.002143649 0.999063551 0.043213580 -3.419137001 0.997642100 0.000827874 -0.068628907 241.617523193
-0.068109274 0.043236002 -0.996740699 30.373367310 -0.002198588 0.999051571 0.043486480 -3.380299330 0.997675598 0.005153245 -0.067949533 241.534317017
-0.067583561 0.041355543 -0.996856153 29.277481079 -0.006542981 0.999100685 0.041892253 -3.342928171 0.997692168 0.009353637 -0.067252159 241.451889038
-0.067060113 0.040105034 -0.996942639 28.196197510 -0.008295829 0.999134898 0.040751252 -3.305783510 0.997714520 0.011003250 -0.066669464 241.366439819
-0.066748142 0.039765444 -0.996977150 27.115722656 -0.010013962 0.999128461 0.040521692 -3.273291826 0.997719586 0.012688437 -0.066291690 241.289291382
-0.065512776 0.040376458 -0.997034550 26.037612915 -0.008847443 0.999118268 0.041042183 -3.245627165 0.997812510 0.011509994 -0.065097809 241.211517334
-0.064983249 0.040217176 -0.997075617 24.960311890 -0.007801231 0.999136508 0.040808741 -3.212078810 0.997855902 0.010430300 -0.064613342 241.137512207
-0.064689159 0.042294513 -0.997008741 23.876464844 -0.004519121 0.999078751 0.042675540 -3.182365417 0.997895181 0.007266248 -0.064438343 241.068389893
-0.064458013 0.044048309 -0.996947825 22.794616699 0.003942451 0.999028802 0.043885354 -3.146118641 0.997912645 -0.001101654 -0.064568996 241.009841919
-0.064946651 0.043587904 -0.996936381 21.717895508 0.005341009 0.999046445 0.043332215 -3.109850407 0.997874558 -0.002510369 -0.065117478 240.944992065
-0.066138625 0.043891244 -0.996844828 20.643844604 0.009287267 0.999015868 0.043370653 -3.075868130 0.997767389 -0.006389496 -0.066481113 240.872665405
-0.068938971 0.046043143 -0.996557832 19.570556641 0.012133467 0.998899221 0.045311961 -3.036690235 0.997547090 -0.008967941 -0.069421768 240.804992676
-0.071738601 0.050548591 -0.996141791 18.503433228 0.008919424 0.998707592 0.050036445 -3.004066944 0.997383654 -0.005295471 -0.072096705 240.716735840
-0.074439406 0.052992489 -0.995816588 17.433532715 0.007159914 0.998589754 0.052604847 -2.965643406 0.997199893 -0.003214088 -0.074713826 240.623535156
-0.077781320 0.051692791 -0.995629549 16.368377686 0.003352422 0.998662829 0.051588383 -2.925706387 0.996964991 0.000674835 -0.077850580 240.534713745
-0.079614878 0.047449376 -0.995695770 15.318542480 0.000380897 0.998867810 0.047570083 -2.887371063 0.996825635 0.003408023 -0.079542756 240.433746338
-0.081287861 0.044038385 -0.995717227 14.269042969 -0.002979427 0.999008179 0.044427168 -2.851134300 0.996686161 0.006578061 -0.081076026 240.341796875
-0.082523465 0.042839788 -0.995668113 13.235870361 -0.004867124 0.999046445 0.043388549 -2.817595482 0.996577442 0.008426605 -0.082236290 240.246047974
-0.084052920 0.044281326 -0.995477021 12.205963135 -0.007881621 0.998951316 0.045101359 -2.781390190 0.996430278 0.011636868 -0.083615780 240.151657104
-0.084681869 0.048613295 -0.995221436 11.183166504 -0.011086053 0.998701334 0.049726568 -2.751252890 0.996346354 0.015244015 -0.084032893 240.051574707
-0.085956097 0.050367869 -0.995024979 10.181854248 -0.015392615 0.998534918 0.051875249 -2.718393564 0.996180058 0.019775027 -0.085054874 239.953125000
-0.086762905 0.050066497 -0.994970083 9.186523438 -0.019423129 0.998461545 0.051935907 -2.685640812 0.996039569 0.023831548 -0.085657001 239.856140137
-0.087932348 0.047765598 -0.994980574 8.199798584 -0.025717866 0.998407841 0.050202969 -2.648239613 0.995794415 0.030003240 -0.086563826 239.755523682
-0.088283300 0.047838822 -0.994945943 7.246948242 -0.028764032 0.998307109 0.050552718 -2.615687847 0.995679975 0.033081621 -0.086757779 239.662353516
-0.088608265 0.047039308 -0.994955301 6.292205811 -0.032240927 0.998225451 0.050065205 -2.582468510 0.995544732 0.036514461 -0.086934447 239.564819336
-0.088398814 0.046849418 -0.994983017 5.378326416 -0.036206271 0.998082101 0.050212070 -2.556676149 0.995427132 0.040463299 -0.086533070 239.472930908
-0.088292241 0.046847403 -0.994992495 4.462829590 -0.038491786 0.997986853 0.050404020 -2.524513721 0.995350718 0.042749316 -0.086311340 239.386215210
-0.087958574 0.048873901 -0.994924426 3.572662354 -0.038934037 0.997863770 0.052460346 -2.496942520 0.995362997 0.043350760 -0.085867882 239.300048828
-0.087980390 0.050679889 -0.994832337 2.700531006 -0.039265417 0.997752309 0.054301172 -2.467019796 0.995348155 0.043839924 -0.085792661 239.222900391
-0.087951541 0.050277818 -0.994855165 1.855438232 -0.040508587 0.997718751 0.054003756 -2.437903881 0.995300829 0.045049887 -0.085714221 239.141876221
-0.087987900 0.049327701 -0.994899511 1.042755127 -0.040140439 0.997786343 0.053020813 -2.410911560 0.995312512 0.044600889 -0.085813046 239.065277100
-0.088377476 0.048340660 -0.994913399 0.248504639 -0.037623160 0.997946978 0.051830098 -2.383486271 0.995376289 0.042012401 -0.086377382 238.998901367
-0.088992000 0.048246127 -0.994863153 -0.513336182 -0.037846547 0.997941077 0.051780824 -2.357955933 0.995313048 0.042260218 -0.086982846 238.929641724
-0.088928699 0.049199667 -0.994822145 -1.255584717 -0.038559813 0.997860551 0.052796856 -2.331612349 0.995291352 0.043055311 -0.086841226 238.861511230
-0.088549256 0.048667159 -0.994882286 -1.974700928 -0.040031176 0.997824848 0.052374076 -2.307920456 0.995267153 0.044463988 -0.086408496 238.792831421
-0.087469459 0.049127206 -0.994955182 -2.661254883 -0.040345415 0.997789025 0.052814014 -2.288619280 0.995349944 0.044761479 -0.085294008 238.733871460
-0.085073590 0.051134780 -0.995061755 -3.324111938 -0.040302534 0.997688293 0.054715455 -2.265692472 0.995559335 0.044758342 -0.082816005 238.669570923
-0.081719756 0.053308178 -0.995228767 -3.952423096 -0.039862894 0.997594655 0.056708109 -2.243613482 0.995857894 0.044306863 -0.079398155 238.619735718
-0.077513695 0.055122923 -0.995466352 -4.548446655 -0.040891498 0.997454405 0.058417100 -2.225742340 0.996152461 0.045234229 -0.075062275 238.571411133
-0.072168231 0.057240617 -0.995748699 -5.110839844 -0.041344997 0.997322023 0.060327593 -2.212988853 0.996535242 0.045522954 -0.069608331 238.531173706
-0.065855503 0.058008783 -0.996141732 -5.650421143 -0.041493803 0.997286022 0.060818598 -2.188946724 0.996966183 0.045338929 -0.063269734 238.497970581
-0.058760643 0.057565279 -0.996611059 -6.138763428 -0.040286981 0.997385919 0.059985377 -2.166694403 0.997458935 0.043675214 -0.056287885 238.475799561
-0.051094890 0.056000572 -0.997122586 -6.600677490 -0.038822446 0.997560620 0.058014527 -2.150121212 0.997939050 0.041674972 -0.048796177 238.469116211
-0.042151451 0.054309804 -0.997634113 -7.027954102 -0.037805486 0.997719705 0.055911802 -2.134754419 0.998395801 0.040072799 -0.040002108 238.454742432
-0.032929182 0.052784570 -0.998062968 -7.419921875 -0.037630517 0.997830868 0.054013841 -2.127064228 0.998749137 0.039336242 -0.030871391 238.446945190
-0.023682594 0.051722351 -0.998380661 -7.776779175 -0.037793260 0.997900546 0.052593973 -2.108236074 0.999004900 0.038977619 -0.021678090 238.444824219
-0.014506221 0.051161196 -0.998585105 -8.130554199 -0.037476670 0.997960567 0.051673613 -2.098848820 0.999192297 0.038173221 -0.012559295 238.452835083
-0.004648089 0.046180692 -0.998922408 -8.441390991 -0.035510466 0.998295426 0.046316940 -2.095852375 0.999358594 0.035687473 -0.003000259 238.451385498
0.004957139 0.040343817 -0.999173582 -8.725662231 -0.033762261 0.998622954 0.040154081 -2.090392351 0.999417663 0.033535305 0.006312430 238.472747803
0.015866101 0.038176987 -0.999145150 -8.989685059 -0.032260921 0.998770058 0.037650362 -2.085494995 0.999353707 0.031635970 0.017078221 238.481140137
0.026117325 0.038223948 -0.998927951 -9.241638184 -0.031769998 0.998795688 0.037388250 -2.079493999 0.999154031 0.030759448 0.027300239 238.503463745
0.037416518 0.036795065 -0.998622060 -9.472503662 -0.031712238 0.998862267 0.035615712 -2.073820353 0.998796403 0.030335926 0.038540781 238.517211914
0.049444914 0.033577845 -0.998212218 -9.708602905 -0.031341210 0.998994708 0.032051727 -2.072749615 0.998284936 0.029700387 0.050447583 238.546401978
0.063667417 0.029843554 -0.997524917 -9.936233521 -0.031288162 0.999121070 0.027894329 -2.066094875 0.997480631 0.029434755 0.064545214 238.570465088
0.080299616 0.026901722 -0.996407688 -10.160476685 -0.031598732 0.999202013 0.024430651 -2.060184717 0.996269763 0.029523451 0.081085563 238.601806641
0.098775506 0.025294887 -0.994788349 -10.382003784 -0.032143630 0.999236345 0.022216350 -2.057660580 0.994590580 0.029781669 0.099513173 238.636550903
0.118238986 0.024828294 -0.992674828 -10.605331421 -0.033079028 0.999230981 0.021052180 -2.056217909 0.992434144 0.030347524 0.118969381 238.678802490
0.137819588 0.026248394 -0.990109622 -10.818893433 -0.031271890 0.999265730 0.022138197 -2.055388927 0.989963651 0.027911514 0.138539195 238.729339600
0.159140229 0.030110065 -0.986796737 -11.033645630 -0.030014277 0.999220312 0.025648758 -2.053928852 0.986799598 0.025536239 0.159919918 238.782119751
0.181439996 0.033423405 -0.982833982 -11.250030518 -0.029620582 0.999154508 0.028510198 -2.053716660 0.982955933 0.023939218 0.182276607 238.840835571
0.204219520 0.033017829 -0.978368163 -11.457626343 -0.031967741 0.999122918 0.027045477 -2.054492235 0.978403032 0.025753003 0.205095887 238.899398804
0.230855167 0.027182478 -0.972608328 -11.662994385 -0.031893395 0.999283910 0.020357896 -2.052529812 0.972465277 0.026320059 0.231556833 238.966430664
0.259961188 0.021209758 -0.965386212 -11.888107300 -0.029722009 0.999460816 0.013954781 -2.050557852 0.965161622 0.025065511 0.260451436 239.055374146
0.291416645 0.018931355 -0.956408978 -12.126647949 -0.026050406 0.999590397 0.011848570 -2.047952652 0.956241548 0.021461967 0.291790485 239.153015137
0.325299203 0.020307209 -0.945393085 -12.386596680 -0.020427514 0.999687016 0.014444573 -2.051267624 0.945390463 0.014613222 0.325612187 239.278427124
0.362317502 0.024302367 -0.931737959 -12.655738831 -0.019196881 0.999642551 0.018608574 -2.049501657 0.931857109 0.011144247 0.362654507 239.414718628
0.402125239 0.030575773 -0.915073991 -12.944625854 -0.021052059 0.999486804 0.024145061 -2.045371771 0.915342629 0.009554854 0.402562559 239.567855835
0.443325520 0.036218710 -0.895628691 -13.235954285 -0.025271460 0.999291182 0.027901690 -2.043474197 0.896004438 0.010264311 0.443926573 239.740997314
0.487015367 0.040197890 -0.872467995 -13.548675537 -0.029652076 0.999125421 0.029481562 -2.033409834 0.872889996 0.011512508 0.487781346 239.936614990
0.530975878 0.042922165 -0.846299231 -13.855377197 -0.031142253 0.999030113 0.031129358 -2.024296284 0.846814513 0.009826726 0.531797528 240.166091919
0.575567365 0.043985792 -0.816570520 -14.143051147 -0.029661296 0.999018192 0.032906566 -2.026410580 0.817216218 0.005280596 0.576306939 240.421173096
0.621230483 0.041893318 -0.782507241 -14.429527283 -0.027774341 0.999119639 0.031440180 -2.023313522 0.783135533 0.002202023 0.621847153 240.707000732
0.666825891 0.039560497 -0.744162798 -14.706119537 -0.028453631 0.999213398 0.027622668 -2.016296148 0.744670153 0.002754620 0.667427063 241.012725830
0.712917984 0.034994420 -0.700373769 -14.986572266 -0.029199315 0.999369264 0.020211540 -1.998734713 0.700639248 0.006041262 0.713490129 241.339447021
0.757040501 0.033499427 -0.652508616 -15.238580704 -0.032346245 0.999381721 0.013779587 -1.991867304 0.652566791 0.010674492 0.757656038 241.686614990
0.798709393 0.033751536 -0.600769639 -15.494911194 -0.035096336 0.999338925 0.009483588 -1.978448629 0.600692570 0.013510178 0.799365997 242.080505371
0.837136447 0.033921052 -0.545941353 -15.749240875 -0.034672111 0.999358892 0.008927724 -1.973993063 0.545894146 0.011455213 0.837775886 242.518997192
0.871090949 0.031304307 -0.490123063 -15.966588020 -0.031155135 0.999478698 0.008465287 -1.970297337 0.490132570 0.007895813 0.871612132 242.980377197
0.900428534 0.027814388 -0.434113801 -16.155372620 -0.026856633 0.999604523 0.008340920 -1.975847960 0.434174120 0.004148432 0.900819421 243.473358154
0.925218105 0.025682755 -0.378565460 -16.328430176 -0.025217572 0.999662817 0.006187409 -1.972798705 0.378596753 0.003821797 0.925553858 243.995285034
0.945677340 0.024519445 -0.324180782 -16.469657898 -0.025555903 0.999672830 0.001060473 -1.971518636 0.324100733 0.007281866 0.945994556 244.533935547
0.962381244 0.024635918 -0.270583481 -16.600370407 -0.026562812 0.999641180 -0.003460944 -1.969367862 0.270401120 0.010518206 0.962690294 245.109634399
0.975289941 0.025769783 -0.219420657 -16.702322006 -0.027450901 0.999612510 -0.004615749 -1.974925041 0.219216689 0.010524988 0.975619435 245.703231812
0.984711647 0.026848961 -0.172110617 -16.792951584 -0.028070820 0.999595046 -0.004668958 -1.982762694 0.171915561 0.009428862 0.985066593 246.331039429
0.990964592 0.024464145 -0.131873772 -16.854059219 -0.025355719 0.999665558 -0.005085596 -1.987965226 0.131705254 0.008383400 0.991253495 246.979888916
0.994865954 0.020478524 -0.099107787 -16.903425217 -0.021138545 0.999760807 -0.005614033 -1.992039204 0.098969109 0.007680205 0.995060861 247.657867432
0.997125447 0.014941792 -0.074280456 -16.929353714 -0.015417095 0.999864161 -0.005829471 -1.996103048 0.074183263 0.006957903 0.997220337 248.367187500
0.998366237 0.010824222 -0.056103952 -16.956727982 -0.011172348 0.999920189 -0.005895069 -2.001552582 0.056035668 0.006512251 0.998407543 249.088333130
0.998976350 0.008597510 -0.044410620 -16.991380692 -0.008862656 0.999944031 -0.005776871 -2.014669180 0.044358470 0.006164553 0.998996675 249.844711304
0.999267638 0.006087114 -0.037778012 -17.014522552 -0.006339007 0.999958456 -0.006551498 -2.020151138 0.037736565 0.006786175 0.999264657 250.612380981
0.999386489 0.005135791 -0.034644775 -17.032444000 -0.005409591 0.999954820 -0.007813973 -2.028223276 0.034603078 0.007996594 0.999369144 251.398483276
0.999442518 0.005517245 -0.032927822 -17.058858871 -0.005812178 0.999943793 -0.008867980 -2.032222986 0.032877047 0.009054418 0.999418378 252.207839966
0.999465644 0.005564133 -0.032210041 -17.083028793 -0.005836856 0.999947846 -0.008379173 -2.039128542 0.032161735 0.008562700 0.999445975 253.038543701
0.999467194 0.006056778 -0.032072775 -17.118059158 -0.006264911 0.999959946 -0.006392883 -2.046328068 0.032032769 0.006590409 0.999465108 253.892196655
0.999460936 0.005134478 -0.032426231 -17.152719498 -0.005237600 0.999981463 -0.003096063 -2.056796789 0.032409735 0.003264230 0.999469340 254.758621216
0.999406576 0.006081851 -0.033904511 -17.183378220 -0.006123301 0.999980628 -0.001118837 -2.064095736 0.033897050 0.001325781 0.999424458 255.650924683
0.999339759 0.005064387 -0.035977878 -17.215370178 -0.005135106 0.999985039 -0.001873499 -2.069324970 0.035967853 0.002057012 0.999350846 256.567169189
0.999250591 0.003709323 -0.038528960 -17.257898331 -0.003920315 0.999977708 -0.005402097 -2.076505661 0.038508065 0.005549094 0.999242902 257.490753174
0.999130547 0.003537636 -0.041540075 -17.300651550 -0.004061519 0.999913216 -0.012533890 -2.079580784 0.041492127 0.012691709 0.999058247 258.444946289
0.998991370 0.006320634 -0.044454839 -17.346633911 -0.007121846 0.999814630 -0.017887812 -2.091948986 0.044333536 0.018186372 0.998851240 259.423492432
0.998888373 0.008687610 -0.046331439 -17.399705887 -0.009496099 0.999805987 -0.017258659 -2.106488943 0.046172515 0.017679440 0.998777032 260.417144775
0.998854876 0.009876046 -0.046812538 -17.463201523 -0.010274033 0.999913037 -0.008268737 -2.122317553 0.046726804 0.008740222 0.998869479 261.442382812
0.998866320 0.008773127 -0.046788108 -17.519916534 -0.008726402 0.999961197 0.001202804 -2.134050369 0.046796843 -0.000793149 0.998904109 262.495056152
0.998847187 0.005597878 -0.047675714 -17.569250107 -0.005470481 0.999981105 0.002802220 -2.135205984 0.047690500 -0.002538180 0.998858929 263.562652588
0.998806000 0.001933365 -0.048814386 -17.616659164 -0.002138333 0.999989092 -0.004147074 -2.132792950 0.048805837 0.004246504 0.998799264 264.639526367
0.998758197 -0.000433777 -0.049818635 -17.673698425 -0.000176565 0.999925017 -0.012246234 -2.141546965 0.049820211 0.012239823 0.998683214 265.731567383
0.998704255 -0.001396065 -0.050871462 -17.724802017 0.000521406 0.999851882 -0.017202720 -2.159736395 0.050887942 0.017153906 0.998557031 266.852081299
0.998678386 0.001117415 -0.051383719 -17.788688660 -0.001959086 0.999864697 -0.016332677 -2.182721853 0.051358517 0.016411755 0.998545408 267.973968506
0.998647392 0.002553401 -0.051931266 -17.850997925 -0.003018057 0.999956071 -0.008871075 -2.206668615 0.051906332 0.009015808 0.998611271 269.126251221
0.998614848 0.003884655 -0.052471861 -17.922046661 -0.003855604 0.999992371 0.000654856 -2.220249176 0.052474003 -0.000451638 0.998622179 270.283691406
0.998581886 0.004218585 -0.053069394 -17.988330841 -0.003949941 0.999978840 0.005165996 -2.224767923 0.053090066 -0.004949049 0.998577476 271.453155518
0.998555183 0.002300272 -0.053686179 -18.051353455 -0.002149039 0.999993563 0.002874533 -2.228202343 0.053692445 -0.002755006 0.998553693 272.622222900
0.998515606 0.001026790 -0.054456957 -18.119548798 -0.001167363 0.999996066 -0.002549604 -2.236218691 0.054454125 0.002609390 0.998512864 273.801147461
0.998455882 -0.000563906 -0.055547744 -18.184823990 0.000156084 0.999972999 -0.007345888 -2.243539333 0.055550385 0.007325875 0.998429000 274.989196777
0.998380780 -0.000127906 -0.056884076 -18.255031586 -0.000405389 0.999956071 -0.009363469 -2.258295298 0.056882776 0.009371367 0.998336852 276.193969727
0.998357713 -0.001062609 -0.057278283 -18.328416824 0.000705904 0.999980211 -0.006247437 -2.278926373 0.057283793 0.006196743 0.998338699 277.411743164
0.998315036 0.000274231 -0.058026370 -18.402322769 -0.000374463 0.999998450 -0.001716492 -2.296988010 0.058025807 0.001735328 0.998313546 278.633514404
0.998255074 -0.001210685 -0.059037227 -18.465736389 0.001037537 0.999995053 -0.002963419 -2.313615561 0.059040524 0.002896995 0.998251379 279.846618652
0.998199642 -0.002574646 -0.059923250 -18.545299530 0.002093086 0.999965012 -0.008097652 -2.328921318 0.059942003 0.007957649 0.998170137 281.071807861
0.998150289 -0.003152492 -0.060713291 -18.615406036 0.002468255 0.999932647 -0.011341666 -2.352050304 0.060744956 0.011170831 0.998090804 282.292724609
0.998081863 -0.002120367 -0.061871339 -18.701654434 0.001399610 0.999930680 -0.011690310 -2.378882647 0.061891839 0.011581291 0.998015642 283.518798828
0.998070061 -0.000113527 -0.062097989 -18.783266068 -0.000471070 0.999955714 -0.009399388 -2.406417608 0.062096305 0.009410500 0.998025775 284.755401611
0.998079717 0.002556677 -0.061890196 -18.872266769 -0.002866805 0.999983788 -0.004922648 -2.433721304 0.061876606 0.005090622 0.998070836 285.977172852
0.998141468 0.006271589 -0.060615428 -18.968399048 -0.006350269 0.999979198 -0.001105464 -2.451590061 0.060607236 0.001488334 0.998160601 287.213653564
0.998197079 0.007295854 -0.059576698 -19.041290283 -0.007292456 0.999973357 0.000274458 -2.465781927 0.059577111 0.000160497 0.998223722 288.467590332
0.998290896 0.006079191 -0.058123365 -19.115774155 -0.006159302 0.999980330 -0.001199244 -2.475803614 0.058114931 0.001555194 0.998308659 289.704895020
0.998346925 0.006079250 -0.057152759 -19.188510895 -0.006389129 0.999965847 -0.005240781 -2.493803263 0.057118949 0.005597274 0.998351693 290.941741943
0.998405993 0.004538779 -0.056256969 -19.255884171 -0.005103782 0.999937952 -0.009903651 -2.520350456 0.056208525 0.010174988 0.998367190 292.183624268
0.998452425 0.004342281 -0.055442959 -19.326349258 -0.005035877 0.999910712 -0.012376510 -2.542015791 0.055384267 0.012636559 0.998385131 293.428863525
0.998539507 0.004621508 -0.053828780 -19.407135010 -0.005181471 0.999933839 -0.010267775 -2.567605734 0.053777765 0.010531691 0.998497367 294.683258057
0.998549998 0.007424112 -0.053317763 -19.476728439 -0.007798068 0.999946415 -0.006809117 -2.594264746 0.053264353 0.007215020 0.998554409 295.939392090
0.998569548 0.009055712 -0.052695975 -19.549346924 -0.009286057 0.999948382 -0.004128004 -2.614334345 0.052655872 0.004611437 0.998602092 297.194061279
0.998575687 0.011819814 -0.052028205 -19.630575180 -0.011804080 0.999930143 0.000609709 -2.628636122 0.052031774 0.000005304 0.998645425 298.453430176
0.998574674 0.013846529 -0.051544730 -19.698852539 -0.013586302 0.999893129 0.005395542 -2.643802643 0.051613931 -0.004687550 0.998656094 299.719726562
0.998530626 0.017317971 -0.051348720 -19.774076462 -0.017159689 0.999846578 0.003521799 -2.653012753 0.051401831 -0.002635496 0.998674572 300.970428467
0.998468876 0.020265594 -0.051470853 -19.844804764 -0.020388324 0.999790430 -0.001860465 -2.661842585 0.051422361 0.002907021 0.998672783 302.216125488
0.998388827 0.022816090 -0.051953390 -19.919773102 -0.023163823 0.999713063 -0.006100861 -2.680188179 0.051799286 0.007294471 0.998630881 303.477203369
0.998264432 0.026702413 -0.052488688 -19.987154007 -0.027202949 0.999590814 -0.008844770 -2.703318119 0.052231036 0.010257267 0.998582363 304.739196777
0.998227537 0.028030271 -0.052499007 -20.073904037 -0.028541071 0.999552071 -0.009005261 -2.725910902 0.052223071 0.010487677 0.998580396 305.998596191
0.998145103 0.028924355 -0.053569987 -20.139184952 -0.029255668 0.999557316 -0.005410675 -2.757343769 0.053389769 0.006967865 0.998549461 307.264923096
0.998189867 0.027754359 -0.053354695 -20.218061447 -0.027906321 0.999608338 -0.002105107 -2.775500536 0.053275373 0.003590229 0.998573422 308.532562256
0.998143673 0.028079942 -0.054043934 -20.292739868 -0.028151151 0.999603510 -0.000556662 -2.789037228 0.054006875 0.002077027 0.998538375 309.802276611
0.998118937 0.027074538 -0.055005137 -20.355859756 -0.027125835 0.999632001 -0.000186049 -2.801240206 0.054979857 0.001677760 0.998486042 311.064666748
0.998082459 0.026695913 -0.055845648 -20.428052902 -0.026707191 0.999643147 0.000544518 -2.820071697 0.055840258 0.000948007 0.998439252 312.334777832
0.998068690 0.025755107 -0.056529127 -20.499849319 -0.025781684 0.999667585 0.000259251 -2.837392569 0.056517012 0.001198666 0.998400927 313.606750488
0.997977197 0.027087020 -0.057513602 -20.576509476 -0.027075086 0.999632895 0.000986893 -2.846275568 0.057519224 0.000572289 0.998344243 314.867431641
0.997961283 0.026687972 -0.057974279 -20.658523560 -0.026646910 0.999643803 0.001481369 -2.858452797 0.057993166 0.000066487 0.998317003 316.145599365
0.997903347 0.027478855 -0.058598343 -20.734424591 -0.027587194 0.999618888 -0.001040513 -2.877079248 0.058547419 0.002654895 0.998281121 317.418090820
0.997878611 0.028105179 -0.058722518 -20.820116043 -0.028473943 0.999579668 -0.005452334 -2.893092394 0.058544599 0.007112829 0.998259425 318.683074951
0.997924268 0.026782006 -0.058565516 -20.898063660 -0.027071487 0.999624848 -0.004154922 -2.915592194 0.058432266 0.005731753 0.998274922 319.947723389
0.997899830 0.028590269 -0.058125567 -20.976850510 -0.028668635 0.999588847 -0.000514562 -2.932109833 0.058086954 0.002179862 0.998309135 321.206695557
0.997969627 0.027524581 -0.057436682 -21.055883408 -0.027429761 0.999620736 0.002438729 -2.949966431 0.057482023 -0.000858303 0.998346150 322.468322754
0.997997046 0.027812283 -0.056818504 -21.135221481 -0.027614597 0.999609590 0.004261578 -2.958570480 0.056914844 -0.002684023 0.998375416 323.739013672
0.998059571 0.027031980 -0.056092866 -21.222639084 -0.026782131 0.999627769 0.005201315 -2.972826719 0.056212585 -0.003688936 0.998412013 325.001129150
0.998138487 0.023263561 -0.056377474 -21.289564133 -0.023115076 0.999727428 0.003284498 -2.983084917 0.056438517 -0.001975214 0.998404145 326.257843018
0.998174787 0.021649173 -0.056377847 -21.362564087 -0.021651402 0.999765396 0.000571334 -2.996644258 0.056376990 0.000650368 0.998409331 327.506500244
0.998224020 0.018148897 -0.056740377 -21.435489655 -0.018207869 0.999834061 -0.000522488 -3.014264584 0.056721482 0.001554682 0.998388827 328.758850098
0.998222470 0.015887760 -0.057440616 -21.507781982 -0.015879234 0.999873757 0.000604882 -3.029986382 0.057442974 0.000308306 0.998348713 330.003692627
0.998218954 0.012896982 -0.058245704 -21.578338623 -0.012681710 0.999911308 0.004064074 -3.040873289 0.058292951 -0.003318181 0.998293996 331.254516602
0.998201787 0.009090806 -0.059249729 -21.645120621 -0.008645101 0.999932408 0.007774497 -3.052422285 0.059316404 -0.007248297 0.998212934 332.496276855
0.998178005 0.004957359 -0.060134277 -21.721038818 -0.004594157 0.999970376 0.006176603 -3.061318874 0.060163118 -0.005889083 0.998171210 333.723480225
0.998142123 0.001059317 -0.060919546 -21.795103073 -0.000934025 0.999997377 0.002085130 -3.070065975 0.060921595 -0.002024356 0.998140514 334.943664551
0.998068511 -0.000521077 -0.062120721 -21.861707687 0.000563005 0.999999642 0.000657442 -3.084848642 0.062120356 -0.000691147 0.998068452 336.165008545
0.998012543 -0.001801389 -0.062989414 -21.938154221 0.001939903 0.999995828 0.002137925 -3.099858999 0.062985301 -0.002255870 0.998011887 337.364013672
0.997973800 -0.003903155 -0.063506611 -22.019243240 0.004256441 0.999976218 0.005428639 -3.119488478 0.063483909 -0.005687952 0.997966647 338.559143066
0.997920334 -0.005959567 -0.064183459 -22.088911057 0.006566096 0.999935746 0.009243133 -3.130073071 0.064124249 -0.009645345 0.997895300 339.731353760
0.997849643 -0.007834341 -0.065074235 -22.157712936 0.008626119 0.999892056 0.011895251 -3.143874884 0.064974017 -0.012431010 0.997809529 340.887451172
0.997777283 -0.010878404 -0.065743499 -22.233489990 0.011639042 0.999869585 0.011197856 -3.146658659 0.065613113 -0.011938157 0.997773707 342.032531738
0.997717798 -0.011840612 -0.066475369 -22.307695389 0.012477087 0.999880135 0.009167603 -3.157070398 0.066358849 -0.009976100 0.997745931 343.147247314
0.997720599 -0.010020153 -0.066731960 -22.391279221 0.010470360 0.999924719 0.006400166 -3.164243460 0.066662803 -0.007084285 0.997750401 344.249908447
0.997706652 -0.009668794 -0.066992559 -22.470233917 0.009953052 0.999942839 0.003910654 -3.174333096 0.066950917 -0.004568466 0.997745812 345.337585449
0.997746706 -0.008541277 -0.066547528 -22.548660278 0.008805392 0.999954462 0.003676521 -3.189164639 0.066513099 -0.004254214 0.997776508 346.411163330
0.997857511 -0.005721378 -0.065173782 -22.624794006 0.006055923 0.999969482 0.004936721 -3.205339909 0.065143548 -0.005320832 0.997861743 347.468017578
0.997982025 -0.003306612 -0.063411027 -22.692846298 0.003636939 0.999980390 0.005094586 -3.216248989 0.063392937 -0.005314928 0.997974515 348.527648926
0.998118222 -0.003365031 -0.061226413 -22.762022018 0.003553302 0.999989271 0.002966367 -3.226575136 0.061215773 -0.003178341 0.998119473 349.554687500
0.998269737 -0.004511225 -0.058627483 -22.824443817 0.004687885 0.999984860 0.002876071 -3.243363142 0.058613621 -0.003145934 0.998275757 350.571197510
0.998427749 -0.003999862 -0.055911142 -22.886377335 0.004190531 0.999985814 0.003293393 -3.254352331 0.055897176 -0.003522513 0.998430312 351.574798584
0.998546600 -0.005984426 -0.053561427 -22.937595367 0.006220596 0.999971628 0.004243699 -3.269752741 0.053534511 -0.004570715 0.998555541 352.559478760
0.998643637 -0.007563710 -0.051513519 -22.984018326 0.007837245 0.999956250 0.005110052 -3.284112215 0.051472615 -0.005506845 0.998659253 353.528167725
0.998759091 -0.008597635 -0.049055126 -23.033277512 0.008911583 0.999941170 0.006184792 -3.298649311 0.048999064 -0.006614276 0.998776913 354.454589844
0.998833954 -0.012125022 -0.046729933 -23.074460983 0.012531111 0.999886155 0.008406988 -3.309185505 0.046622679 -0.008982764 0.998872161 355.381134033
0.998931110 -0.011143133 -0.044860963 -23.114910126 0.011633307 0.999875307 0.010680299 -3.316349268 0.044736356 -0.011190765 0.998936176 356.275817871
0.999030232 -0.010856757 -0.042670052 -23.147287369 0.011365354 0.999867022 0.011694832 -3.327539921 0.042537410 -0.012168451 0.999020755 357.146423340
0.999122858 -0.010220522 -0.040608883 -23.188709259 0.010603705 0.999901175 0.009231794 -3.335585594 0.040510517 -0.009654301 0.999132454 357.983062744
0.999211788 -0.009479043 -0.038548660 -23.226461411 0.009629738 0.999946713 0.003725389 -3.344541788 0.038511291 -0.004093667 0.999249756 358.795074463
0.999286950 -0.008468702 -0.036795139 -23.251358032 0.008493780 0.999963760 0.000525283 -3.355764627 0.036789358 -0.000837438 0.999322712 359.576782227
0.999348700 -0.008231747 -0.035134360 -23.280691147 0.008289687 0.999964535 0.001503760 -3.363030434 0.035120737 -0.001794033 0.999381483 360.346191406
0.999404371 -0.007620949 -0.033657163 -23.309833527 0.007826869 0.999951422 0.005990653 -3.384569645 0.033609871 -0.006250515 0.999415457 361.089813232
0.999426663 -0.007380021 -0.033044264 -23.333833694 0.007632366 0.999942601 0.007516957 -3.396845341 0.032986894 -0.007764853 0.999425650 361.797088623
0.999384105 -0.005754805 -0.034616541 -23.365383148 0.005923302 0.999971092 0.004766958 -3.410844564 0.034588106 -0.004969066 0.999389291 362.474212646
0.999219954 -0.004730370 -0.039206620 -23.389915466 0.004777462 0.999987960 0.001107518 -3.425880194 0.039200909 -0.001293962 0.999230504 363.122192383
0.998976827 -0.003619499 -0.045079540 -23.421371460 0.003588127 0.999993265 -0.000776814 -3.427505732 0.045082048 0.000614268 0.998983085 363.745483398
0.998681664 0.000908167 -0.051323913 -23.474206924 -0.000944379 0.999999344 -0.000681325 -3.439936399 0.051323261 0.000728896 0.998681843 364.338439941
0.998247206 0.004453812 -0.059014112 -23.521678925 -0.004481647 0.999989927 -0.000339322 -3.451451063 0.059012003 0.000603208 0.998257101 364.914337158
0.997475863 0.007803123 -0.070576243 -23.570398331 -0.007792271 0.999969542 0.000429069 -3.461948872 0.070577443 0.000121963 0.997506320 365.466888428
0.996215999 0.006663470 -0.086656444 -23.631898880 -0.006507950 0.999976695 0.002077051 -3.471974373 0.086668268 -0.001505235 0.996236086 365.999450684
0.994220316 0.005971526 -0.107192926 -23.706167221 -0.005786685 0.999981165 0.002035339 -3.480743647 0.107203066 -0.001403284 0.994236171 366.510650635
0.990849912 0.003757425 -0.134916052 -23.791114807 -0.003420424 0.999990404 0.002729568 -3.492845058 0.134925008 -0.002243122 0.990853250 367.012115479
0.985120833 0.003448995 -0.171828434 -23.901691437 -0.002741396 0.999986768 0.004355170 -3.497662544 0.171841174 -0.003819319 0.985117257 367.491729736
0.976350605 0.004412261 -0.216148078 -24.041683197 -0.002723105 0.999963403 0.008112003 -3.497644901 0.216175959 -0.007331565 0.976326883 367.962615967
0.963873506 0.004887727 -0.266315550 -24.214973450 -0.001807364 0.999928594 0.011810454 -3.496615887 0.266354293 -0.010902454 0.963813543 368.417236328
0.946314335 0.005863769 -0.323194683 -24.410873413 -0.000564285 0.999863923 0.016488452 -3.496958017 0.323247403 -0.015420884 0.946188867 368.859039307
0.923333108 0.008306148 -0.383910120 -24.645950317 0.000346659 0.999747574 0.022463938 -3.493710041 0.383999795 -0.020874785 0.923097193 369.285461426
0.895192325 0.013417357 -0.445478082 -24.911140442 -0.000603948 0.999582350 0.028892793 -3.486946106 0.445679694 -0.025595561 0.894826531 369.682250977
0.861579001 0.021708682 -0.507159173 -25.126199722 -0.003095240 0.999291241 0.037515845 -3.493807793 0.507614136 -0.030753085 0.861035526 370.013824463
0.823341906 0.027670207 -0.566870749 -25.413608551 -0.003312561 0.999028087 0.043953478 -3.476884127 0.567536056 -0.034310948 0.822633386 370.376861572
0.780906856 0.031189883 -0.623868346 -25.746387482 -0.002221768 0.998884976 0.047157567 -3.465805054 0.624643564 -0.035439577 0.780105412 370.710937500
0.732167721 0.032043561 -0.680370331 -26.085289001 0.003860334 0.998681486 0.051189374 -3.458880424 0.681113541 -0.040105663 0.731078625 371.026214600
0.677259803 0.034599833 -0.734929979 -26.465526581 0.006557589 0.998570085 0.053054791 -3.424294949 0.735714793 -0.040751249 0.676064491 371.314117432
0.617778838 0.039827459 -0.785342693 -26.874732971 0.005612209 0.998467803 0.055050541 -3.404307365 0.786331892 -0.038416564 0.616608739 371.564086914
0.552487850 0.046933811 -0.832198560 -27.295715332 0.004697844 0.998222232 0.059415970 -3.383871078 0.833507717 -0.036736146 0.551285207 371.802856445
0.483873665 0.046106573 -0.873922527 -27.758163452 0.016369497 0.997959614 0.061714023 -3.350709915 0.874984801 -0.044167466 0.482131660 372.016418457
0.410796404 0.041002281 -0.910804749 -28.233184814 0.029209815 0.997883558 0.058096748 -3.325517654 0.911259174 -0.050470375 0.408729315 372.192687988
0.334017694 0.036093250 -0.941875517 -28.736129761 0.035783075 0.998060644 0.050936069 -3.303914070 0.941887379 -0.050716747 0.332078397 372.332458496
0.255742013 0.030107547 -0.966276228 -29.247299194 0.038953502 0.998382270 0.041417658 -3.291207314 0.965960026 -0.048232079 0.254155517 372.422760010
0.178259730 0.025884638 -0.983643055 -29.778411865 0.040084071 0.998633146 0.033543307 -3.264738083 0.983166814 -0.045407835 0.176978528 372.484069824
0.106047273 0.023064068 -0.994093597 -30.322387695 0.042573843 0.998708904 0.027712815 -3.226679802 0.993449330 -0.045261253 0.104928434 372.511444092
0.040870965 0.026641050 -0.998809278 -30.874450684 0.041046653 0.998755813 0.028319247 -3.214579582 0.998321056 -0.042155214 0.039726555 372.489868164
-0.015759706 0.035881530 -0.999231994 -31.434082031 0.038054321 0.998653352 0.035260577 -3.206812859 0.999151587 -0.037469395 -0.017103910 372.436614990
-0.063400507 0.043029103 -0.997060061 -32.007110596 0.034524638 0.998566628 0.040898789 -3.195544243 0.997390747 -0.031830136 -0.064795256 372.369445801
-0.101231694 0.044225428 -0.993879497 -32.550689697 0.032577854 0.998623013 0.041118290 -3.189226151 0.994329453 -0.028215986 -0.102533102 372.274780273
-0.131439328 0.039735720 -0.990527689 -33.141510010 0.027695835 0.998953521 0.036398601 -3.161504745 0.990937412 -0.022649283 -0.132402301 372.174011230
-0.152559876 0.040867008 -0.987448990 -33.728607178 0.022835471 0.999023676 0.037817992 -3.143997192 0.988030493 -0.016779358 -0.153344154 372.048797607
-0.166860580 0.046214916 -0.984896958 -34.329650879 0.020332620 0.998849750 0.043424901 -3.117042542 0.985770941 -0.012779634 -0.167608380 371.927978516
-0.174533486 0.050608817 -0.983349979 -34.964721680 0.018324828 0.998672247 0.048144948 -3.092638016 0.984480917 -0.009616815 -0.175229192 371.805786133
-0.177085996 0.051469579 -0.982848644 -35.589691162 0.017326439 0.998639882 0.049174719 -3.069561005 0.984042883 -0.008321113 -0.177736998 371.682495117
-0.177856922 0.045604244 -0.982999086 -36.223907471 0.015924839 0.998928130 0.043461915 -3.048175812 0.983927548 -0.007924101 -0.178392529 371.557037354
-0.178446293 0.034535412 -0.983343422 -36.880187988 0.017110137 0.999341667 0.031992320 -3.018299103 0.983800888 -0.011116232 -0.178919673 371.437316895
-0.177866220 0.027718738 -0.983664393 -37.553192139 0.021269001 0.999477983 0.024318496 -2.996301651 0.983824968 -0.016596122 -0.178362966 371.318969727
-0.177053213 0.027179703 -0.983825982 -38.263214111 0.025133424 0.999417484 0.023087336 -2.969996452 0.983880401 -0.020639230 -0.177633166 371.197235107
-0.175333858 0.031083560 -0.984018147 -38.988159180 0.028157389 0.999250889 0.026547609 -2.956844330 0.984106243 -0.023052687 -0.176077724 371.070617676
-0.172602296 0.031923976 -0.984474301 -39.734741211 0.025019437 0.999294281 0.028018042 -2.938970566 0.984673977 -0.019795015 -0.173279166 370.931793213
-0.168715835 0.032392602 -0.985132456 -40.505340576 0.021468394 0.999343514 0.029183166 -2.915430069 0.985431015 -0.016225548 -0.169300556 370.798889160
-0.162578344 0.031920679 -0.986179173 -41.295501709 0.016278520 0.999427319 0.029665871 -2.897087097 0.986561358 -0.011230511 -0.163004875 370.657714844
-0.155213714 0.029506717 -0.987440169 -42.092376709 0.008401949 0.999557137 0.028548110 -2.876442909 0.987845182 -0.003865365 -0.155392885 370.523803711
-0.145597458 0.028550092 -0.988931835 -42.916687012 0.004369152 0.999592364 0.028214596 -2.853727341 0.989334226 -0.000212819 -0.145662785 370.394378662
-0.135752559 0.030963922 -0.990258932 -43.761138916 -0.000033233 0.999511361 0.031257790 -2.828783512 0.990742922 0.004276230 -0.135685205 370.277526855
-0.125576258 0.034403309 -0.991487265 -44.627563477 -0.005757882 0.999356449 0.035405621 -2.799758434 0.992067277 0.010154971 -0.125297308 370.155517578
-0.115279198 0.036980134 -0.992644668 -45.509246826 -0.009729818 0.999216795 0.038354933 -2.774146080 0.993285596 0.014079769 -0.114829063 370.047210693
-0.106248736 0.036046132 -0.993686080 -46.413452148 -0.011844736 0.999225914 0.037513580 -2.747725964 0.994269133 0.015755719 -0.105739594 369.954864502
-0.096639633 0.034296993 -0.994728506 -47.324157715 -0.009920372 0.999323308 0.035419200 -2.712760448 0.995270133 0.013290967 -0.096233964 369.860321045
-0.089806199 0.036527716 -0.995289266 -48.257202148 -0.007390596 0.999275267 0.037340872 -2.682168007 0.995931923 0.010709221 -0.089471221 369.780303955
-0.084850430 0.040114913 -0.995585978 -49.212738037 -0.005340886 0.999156594 0.040713973 -2.649082661 0.996379495 0.008771908 -0.084564686 369.704589844
-0.081699491 0.045681320 -0.995609581 -50.197021484 -0.004105235 0.998925149 0.046170324 -2.618293762 0.996648550 0.007859304 -0.081424117 369.623626709
-0.079691529 0.048417818 -0.995643020 -51.184478760 -0.002016396 0.998809814 0.048733212 -2.574121475 0.996817589 0.005891235 -0.079499125 369.543701172
-0.078482389 0.048265018 -0.995746493 -52.185241699 -0.002141698 0.998816848 0.048582647 -2.529641151 0.996913195 0.005945474 -0.078286171 369.464416504
-0.077101588 0.045133293 -0.996001184 -53.193328857 -0.006968704 0.998926103 0.045805290 -2.489728451 0.996998906 0.010472496 -0.076704264 369.373413086
-0.076320171 0.041159112 -0.996233642 -54.206146240 -0.009153990 0.999076605 0.041977845 -2.447187901 0.997041523 0.012323259 -0.075872898 369.289428711
-0.075318217 0.039597951 -0.996373177 -55.237487793 -0.009898346 0.999132276 0.040455848 -2.410868645 0.997110605 0.012909499 -0.074860930 369.209747314
-0.073894978 0.039079543 -0.996500075 -56.288513184 -0.011496545 0.999132097 0.040035285 -2.374998093 0.997199774 0.014414710 -0.073381543 369.127380371
-0.071953058 0.040262908 -0.996595144 -57.345367432 -0.011128159 0.999090314 0.041167159 -2.342350483 0.997346103 0.014052370 -0.071439624 369.047149658
-0.069985867 0.040382463 -0.996730268 -58.416229248 -0.012494773 0.999066412 0.041354436 -2.305870533 0.997469723 0.015348147 -0.069415927 368.965820312
-0.067980528 0.042453129 -0.996783137 -59.489746094 -0.015112342 0.998935819 0.043575473 -2.271688938 0.997572303 0.018026005 -0.067266583 368.888946533
-0.066090703 0.043111958 -0.996881962 -60.566955566 -0.017019255 0.998872101 0.044326358 -2.230319500 0.997668624 0.019895740 -0.065282464 368.815216064
-0.064324617 0.044688340 -0.996928036 -61.646392822 -0.016137514 0.998819590 0.045814376 -2.193656445 0.997798681 0.019034928 -0.063527584 368.743133545
-0.063195109 0.043983977 -0.997031569 -62.722961426 -0.017917342 0.998817325 0.045198414 -2.157405376 0.997840405 0.020720471 -0.062332392 368.658447266
-0.063398242 0.041885480 -0.997108936 -63.798583984 -0.017244350 0.998923719 0.043058142 -2.119302750 0.997839332 0.019924304 -0.062607646 368.589233398
-0.064326286 0.041504297 -0.997065425 -64.887786865 -0.017221432 0.998939812 0.042693369 -2.081686020 0.997780263 0.019917198 -0.063543320 368.521545410
-0.064479470 0.045223672 -0.996893764 -65.976867676 -0.018027520 0.998756826 0.046474215 -2.044515610 0.997756183 0.020968158 -0.063584089 368.445892334
-0.064895153 0.048949767 -0.996690810 -67.073425293 -0.019046789 0.998553455 0.050281398 -2.011208057 0.997710347 0.022246778 -0.063868999 368.365142822
-0.065657854 0.048690900 -0.996653557 -68.160736084 -0.023258639 0.998462737 0.050311524 -1.965624332 0.997571170 0.026484149 -0.064424515 368.276611328
-0.066832185 0.047225598 -0.996646047 -69.248657227 -0.022359325 0.998557508 0.048815526 -1.923164368 0.997513771 0.025546776 -0.065679908 368.202178955
-0.068640828 0.043303549 -0.996701241 -70.335327148 -0.018965315 0.998820364 0.044701722 -1.885810852 0.997461200 0.021971112 -0.067738652 368.126983643
-0.070765734 0.041360214 -0.996635139 -71.416381836 -0.018855607 0.998906016 0.042793293 -1.849411488 0.997314751 0.021820460 -0.069908500 368.043060303
-0.072396874 0.045037132 -0.996358752 -72.505310059 -0.017990243 0.998758495 0.046452802 -1.814555645 0.997213840 0.021287756 -0.071496725 367.959411621
-0.073545337 0.046671987 -0.996199310 -73.595916748 -0.016135873 0.998717904 0.047981232 -1.780260086 0.997161448 0.019603334 -0.072697878 367.882568359
-0.074516177 0.044281412 -0.996236324 -74.677185059 -0.016012732 0.998831689 0.045594491 -1.736745358 0.997091413 0.019349983 -0.073720098 367.795776367
-0.075556397 0.043476831 -0.996193290 -75.753540039 -0.018911995 0.998806834 0.045025278 -1.699335575 0.996962190 0.022241952 -0.074644089 367.713989258
-0.075341225 0.043930504 -0.996189594 -76.834320068 -0.020997476 0.998737693 0.045630895 -1.666377068 0.996936679 0.024355358 -0.074323773 367.623382568
-0.074162960 0.046240944 -0.996173620 -77.912750244 -0.022950722 0.998580694 0.048061311 -1.628201962 0.996982098 0.026427262 -0.072996378 367.537719727
-0.072175980 0.048659295 -0.996204317 -78.993835449 -0.023974191 0.998436034 0.050505254 -1.594065666 0.997103810 0.027528452 -0.070896506 367.457763672
-0.070071101 0.049914543 -0.996292591 -80.061676025 -0.023008388 0.998400748 0.051638391 -1.555848122 0.997276783 0.026541431 -0.068810582 367.387207031
-0.066830277 0.049142558 -0.996553540 -81.129333496 -0.023115598 0.998441994 0.050785851 -1.515433311 0.997496665 0.026429955 -0.065590143 367.306335449
-0.063194633 0.046982396 -0.996894777 -82.186614990 -0.023329711 0.998548806 0.048539251 -1.477553368 0.997728586 0.026324682 -0.062006831 367.233520508
-0.059369087 0.044396937 -0.997248411 -83.243743896 -0.025223766 0.998624802 0.045959860 -1.439487934 0.997917473 0.027882950 -0.058167577 367.158325195
-0.055731297 0.043408301 -0.997501791 -84.304260254 -0.026831571 0.998628557 0.044956438 -1.403999805 0.998085260 0.029270018 -0.054490209 367.097167969
-0.051913261 0.044626568 -0.997654140 -85.353424072 -0.028089067 0.998540521 0.046127841 -1.369844437 0.998256624 0.030417807 -0.050583959 367.033111572
-0.048003197 0.047499914 -0.997717261 -86.414398193 -0.029417681 0.998368084 0.048946276 -1.335813999 0.998414040 0.031700090 -0.046527505 366.983337402
-0.044308066 0.051547140 -0.997687221 -87.444854736 -0.029480727 0.998165548 0.052881118 -1.294458866 0.998582900 0.031755600 -0.042707086 366.935363770
-0.040458322 0.053780071 -0.997732937 -88.461456299 -0.028435163 0.998084009 0.054952051 -1.261991978 0.998776615 0.030593960 -0.038851619 366.888671875
-0.036711216 0.052958462 -0.997921705 -89.470977783 -0.027750859 0.998155713 0.053991769 -1.226875305 0.998940527 0.029675286 -0.035173774 366.853485107
-0.033664227 0.048798107 -0.998241305 -90.455200195 -0.025731008 0.998433888 0.049675267 -1.191705704 0.999102056 0.027358029 -0.032355905 366.824279785
-0.031091094 0.046633720 -0.998428166 -91.422485352 -0.023254802 0.998606861 0.047366221 -1.153755188 0.999246120 0.024690913 -0.029963374 366.798004150
-0.028940082 0.045442726 -0.998547733 -92.371917725 -0.019851161 0.998742938 0.046026938 -1.125182152 0.999384105 0.021154350 -0.028001547 366.769622803
-0.027569413 0.043838173 -0.998658180 -93.290802002 -0.017043263 0.998872101 0.044318069 -1.103478909 0.999474645 0.018242214 -0.026791215 366.743072510
-0.026636839 0.042222243 -0.998753190 -94.198944092 -0.014340196 0.998988688 0.042614657 -1.080215454 0.999542415 0.015457435 -0.026004434 366.722290039
-0.026046276 0.042657554 -0.998750150 -95.097717285 -0.012891355 0.998991728 0.043004066 -1.052616596 0.999577582 0.013995340 -0.025470018 366.698913574
-0.025829196 0.043530505 -0.998718262 -95.973632812 -0.009672155 0.998993814 0.043792665 -1.036474228 0.999619663 0.010790884 -0.025382161 366.670745850
-0.028082728 0.042035978 -0.998721421 -96.852203369 -0.006894917 0.999083459 0.042245097 -1.013216019 0.999581873 0.008072455 -0.027767181 366.648101807
-0.031663179 0.041787125 -0.998624802 -97.735046387 -0.001699617 0.999121964 0.041861825 -0.988473892 0.999497294 0.003022756 -0.031564355 366.618896484
-0.038838506 0.043235246 -0.998309851 -98.605590820 0.002257926 0.999064744 0.043180101 -0.960735321 0.999243081 -0.000577071 -0.038899779 366.582763672
-0.048461556 0.045975372 -0.997766376 -99.487030029 0.006260267 0.998934448 0.045725137 -0.932640076 0.998805404 -0.004030375 -0.048697710 366.547363281
-0.060241222 0.046332475 -0.997108102 -100.357421875 0.006177200 0.998920321 0.046043489 -0.900314331 0.998164833 -0.003385627 -0.060462356 366.483520508
-0.072840333 0.043042097 -0.996414423 -101.215362549 0.005784538 0.999069750 0.042733938 -0.879423141 0.997326910 -0.002651045 -0.073021531 366.407989502
-0.086351395 0.036800049 -0.995585024 -102.071868896 0.005668629 0.999319553 0.036446430 -0.852191925 0.996248782 -0.002496409 -0.086501241 366.325225830
-0.099093199 0.031310391 -0.994585395 -102.927429199 0.004155020 0.999509156 0.031051418 -0.830210686 0.995069444 -0.001055536 -0.099174619 366.224426270
-0.110211730 0.028240934 -0.993506968 -103.782348633 0.000227199 0.999596953 0.028388845 -0.815853596 0.993908226 0.002903057 -0.110173702 366.118469238
-0.118859529 0.026622042 -0.992554069 -104.651458740 -0.003053169 0.999625981 0.027177341 -0.793266296 0.992906332 0.006260723 -0.118733764 366.002624512
-0.124422193 0.027036635 -0.991860986 -105.527404785 -0.004832281 0.999600351 0.027853776 -0.778812885 0.992217660 0.008258577 -0.124241829 365.884979248
-0.127507091 0.025881246 -0.991500080 -106.408416748 -0.008892562 0.999589503 0.027235990 -0.762985706 0.991797924 0.012289753 -0.127224565 365.756805420
-0.128270388 0.024382006 -0.991439641 -107.292480469 -0.012545036 0.999577880 0.026205199 -0.747532606 0.991659999 0.015798992 -0.127910376 365.633483887
-0.127479196 0.023277443 -0.991568267 -108.188903809 -0.014922989 0.999566376 0.025383752 -0.735477209 0.991729140 0.018033054 -0.127076507 365.509674072
-0.125547886 0.023404472 -0.991811514 -109.093963623 -0.013489917 0.999588966 0.025295613 -0.715518713 0.991995871 0.016555263 -0.125180483 365.393920898
-0.123340368 0.027477311 -0.991983950 -110.013122559 -0.012790880 0.999489546 0.029275592 -0.696574688 0.992281973 0.016299210 -0.122925997 365.277832031
-0.121428967 0.036515772 -0.991928279 -110.954925537 -0.014524042 0.999150753 0.038559645 -0.671325684 0.992493927 0.019089062 -0.120795488 365.154846191
-0.118423223 0.051338483 -0.991635323 -111.909973145 -0.019028982 0.998361826 0.053959213 -0.634365082 0.992780983 0.025259828 -0.117252350 365.030029297
-0.113522887 0.056256235 -0.991941512 -112.881408691 -0.021974253 0.998009264 0.059115205 -0.589966774 0.993292451 0.028508093 -0.112060666 364.917236328
-0.107902288 0.047658909 -0.993018627 -113.851287842 -0.030418733 0.998224318 0.051214084 -0.546168804 0.993696153 0.035732478 -0.106260896 364.797363281
-0.100329161 0.035604965 -0.994317174 -114.841522217 -0.032566968 0.998706460 0.039048228 -0.489691496 0.994421303 0.036299560 -0.099039912 364.688415527
-0.095266819 0.037358403 -0.994750500 -115.861083984 -0.034121569 0.998585761 0.040770248 -0.447164059 0.994866788 0.037826501 -0.093857408 364.586242676
-0.089005232 0.048427485 -0.994853318 -116.916442871 -0.030516166 0.998215854 0.051321317 -0.407110214 0.995563686 0.034926962 -0.087368608 364.492095947
-0.083842516 0.051718652 -0.995136023 -117.971923828 -0.027581327 0.998149157 0.054199044 -0.360495567 0.996097267 0.031991351 -0.082260847 364.399749756
-0.079775691 0.041534409 -0.995947301 -119.036041260 -0.026258657 0.998697281 0.043752424 -0.313878059 0.996467054 0.029642612 -0.078581214 364.318572998
-0.076345444 0.032079134 -0.996565461 -120.116333008 -0.029094493 0.998985052 0.034385908 -0.267527580 0.996657014 0.031619761 -0.075334549 364.232574463
-0.072202921 0.033372011 -0.996831536 -121.218811035 -0.036275104 0.998690963 0.036061756 -0.231763840 0.996730089 0.038763933 -0.070897937 364.142974854
-0.067200303 0.039568480 -0.996954560 -122.335113525 -0.042133190 0.998209417 0.042458296 -0.199142933 0.996849477 0.044858091 -0.065412879 364.047637939
-0.061450958 0.034858633 -0.997501373 -123.463836670 -0.046230163 0.998217940 0.037731681 -0.166588545 0.997039020 0.048433285 -0.059729934 363.963500977
-0.056184649 0.022030562 -0.998177290 -124.595581055 -0.042319361 0.998805523 0.024426468 -0.125811815 0.997523069 0.043614618 -0.055185199 363.908172607
-0.051134109 0.016086373 -0.998562336 -125.739440918 -0.035237078 0.999218643 0.017901355 -0.114128768 0.998070061 0.036101781 -0.050527334 363.849395752
-0.045732737 0.022249166 -0.998705924 -126.908996582 -0.029669339 0.999280632 0.023620587 -0.089497566 0.998513043 0.030711178 -0.045039654 363.807220459
-0.039670348 0.034792792 -0.998606920 -128.094451904 -0.026727410 0.998999059 0.035868220 -0.066476822 0.998855293 0.028113082 -0.038700700 363.759918213
-0.033390760 0.040735606 -0.998611927 -129.275878906 -0.026818424 0.998772740 0.041638896 -0.026621342 0.999082565 0.028171545 -0.032257318 363.715209961
-0.028166056 0.040005572 -0.998802423 -130.469055176 -0.028043766 0.998773873 0.040795259 0.011540413 0.999209821 0.029159220 -0.027009606 363.670013428
-0.023952842 0.037902068 -0.998994410 -131.647674561 -0.028169638 0.998858690 0.038572345 0.055738926 0.999316216 0.029065225 -0.022857785 363.634979248
-0.021329522 0.036555883 -0.999104023 -132.839126587 -0.024631357 0.999008775 0.037078246 0.083555698 0.999469101 0.025400145 -0.020407915 363.615203857
-0.019606233 0.036275148 -0.999149621 -134.020217896 -0.023010025 0.999060512 0.036723435 0.114478111 0.999543130 0.023710454 -0.018753052 363.595001221
-0.018889666 0.040095519 -0.999017298 -135.199218750 -0.023935229 0.998891056 0.040543027 0.140143871 0.999535084 0.024677550 -0.017909050 363.565551758
-0.019008517 0.044356968 -0.998834968 -136.397689819 -0.024247952 0.998701096 0.044812482 0.174636841 0.999525309 0.025071513 -0.017908216 363.538848877
-0.020092607 0.042371765 -0.998899817 -137.569839478 -0.022102688 0.998838544 0.042813756 0.203908443 0.999553740 0.022938615 -0.019132733 363.511413574
-0.022731066 0.034313004 -0.999152601 -138.725234985 -0.014785792 0.999289989 0.034654103 0.234833717 0.999632239 0.015560987 -0.022207499 363.486389160
-0.028313756 0.028976195 -0.999179184 -139.897842407 -0.006308603 0.999554694 0.029165857 0.268144608 0.999579310 0.007129215 -0.028118372 363.461639404
-0.035503626 0.032126985 -0.998853147 -141.062240601 0.000073396 0.999483228 0.032144647 0.288585186 0.999369681 0.001067934 -0.035487533 363.427307129
-0.042755604 0.038642190 -0.998338103 -142.226837158 0.002300491 0.999252915 0.038579080 0.314587593 0.999083042 -0.000647202 -0.042812467 363.382080078
-0.049646020 0.039572068 -0.997982800 -143.388641357 -0.001538710 0.999210596 0.039697301 0.340785980 0.998765826 0.003506409 -0.049545884 363.316162109
-0.054722071 0.036920369 -0.997818828 -144.547271729 -0.007918054 0.999268711 0.037408255 0.373520374 0.998470247 0.009947841 -0.054389715 363.238372803
-0.058858871 0.033030216 -0.997719765 -145.689865112 -0.013591273 0.999333322 0.033885427 0.402432919 0.998173833 0.015554736 -0.058370709 363.155273438
-0.061777234 0.030662406 -0.997618914 -146.843826294 -0.016049912 0.999368250 0.031710058 0.431334972 0.997960985 0.017970655 -0.061246037 363.076354980
-0.063920140 0.032699682 -0.997419298 -147.997070312 -0.015345501 0.999312639 0.033745181 0.456286907 0.997837186 0.017462889 -0.063374400 362.998962402
-0.065694332 0.039771691 -0.997047007 -149.164123535 -0.011598194 0.999107420 0.040618077 0.484133720 0.997772515 0.014232315 -0.065174460 362.927917480
-0.067812204 0.046784699 -0.996600688 -150.318664551 -0.008443730 0.998837233 0.047464240 0.517302513 0.997662485 0.011633673 -0.067338228 362.857391357
-0.068805337 0.048659023 -0.996442914 -151.468246460 -0.009918691 0.998727083 0.049455464 0.555803299 0.997580945 0.013286196 -0.068235040 362.770080566
-0.068873525 0.043222897 -0.996688724 -152.607513428 -0.013311666 0.998932242 0.044240061 0.595236778 0.997536659 0.016314555 -0.068224669 362.681945801
-0.069590449 0.034861952 -0.996966302 -153.750152588 -0.015797939 0.999225318 0.036043677 0.631151199 0.997450590 0.018258309 -0.068985820 362.598632812
-0.069754362 0.034229565 -0.996976793 -154.885101318 -0.012594128 0.999301255 0.035190534 0.667363644 0.997484744 0.015010746 -0.069274545 362.517883301
-0.071487069 0.038766168 -0.996687949 -156.021545410 -0.009973208 0.999166727 0.039577905 0.691723824 0.997391701 0.012769480 -0.071040869 362.436187744
-0.074817061 0.044407740 -0.996208131 -157.152770996 -0.005829483 0.998971403 0.044968728 0.727088928 0.997180343 0.009171797 -0.074481249 362.354980469
-0.077937841 0.048641596 -0.995770991 -158.290542603 -0.001886074 0.998800099 0.048937187 0.759972572 0.996956527 0.005692151 -0.077752590 362.272460938
-0.080014944 0.051070154 -0.995484591 -159.419113159 -0.002898543 0.998670518 0.051466577 0.802150726 0.996789515 0.007003548 -0.079760551 362.172637939
-0.082726359 0.049655907 -0.995334566 -160.546691895 -0.005402121 0.998720884 0.050273839 0.844561577 0.996557772 0.009535882 -0.082352281 362.073211670
-0.085296988 0.047179863 -0.995237947 -161.661514282 -0.010832407 0.998775303 0.048275948 0.882328033 0.996296704 0.014898612 -0.084681392 361.966247559
-0.087735176 0.042960353 -0.995217204 -162.781082153 -0.013243510 0.998930991 0.044288177 0.914526939 0.996055961 0.017065793 -0.087072492 361.860656738
-0.089150071 0.039546527 -0.995232940 -163.870437622 -0.011487518 0.999104202 0.040729374 0.943471432 0.995952070 0.015063777 -0.088615894 361.745361328
-0.090345263 0.038701408 -0.995158255 -164.985656738 -0.011419504 0.999138713 0.039892923 0.982451916 0.995845020 0.014968348 -0.089825392 361.644592285
-0.092082500 0.044524465 -0.994755447 -166.092987061 -0.009817305 0.998910666 0.045619216 1.009328842 0.995702982 0.013966552 -0.091545105 361.535400391
-0.092993379 0.051458932 -0.994336069 -167.191864014 -0.007339882 0.998600960 0.052366100 1.046648979 0.995639682 0.012168012 -0.092485547 361.432617188
-0.093274832 0.053105172 -0.994223297 -168.296234131 -0.008601286 0.998496294 0.054140363 1.087840080 0.995603383 0.013601525 -0.092677832 361.322448730
-0.093300819 0.051023543 -0.994329810 -169.390670776 -0.009086227 0.998600781 0.052095294 1.126591682 0.995596588 0.013895234 -0.092706680 361.219482422
-0.093350053 0.047237109 -0.994512260 -170.471237183 -0.010982666 0.998764277 0.048469961 1.168358803 0.995572865 0.015447063 -0.092715859 361.115051270
-0.093276978 0.047547970 -0.994504392 -171.562240601 -0.013415675 0.998708308 0.049007259 1.203942299 0.995549977 0.017913185 -0.092518568 361.003845215
-0.093597889 0.049785960 -0.994364560 -172.640472412 -0.013269745 0.998597860 0.051246971 1.242267609 0.995521724 0.017991571 -0.092806101 360.895202637
-0.093167424 0.048052698 -0.994490325 -173.707641602 -0.008764114 0.998756409 0.049079888 1.277101517 0.995612025 0.013288467 -0.092630506 360.789184570
-0.094094753 0.039655000 -0.994773209 -174.775802612 -0.008094584 0.999142885 0.040594853 1.315049171 0.995530367 0.011872035 -0.093693018 360.697021484
-0.093968034 0.036352355 -0.994911432 -175.840682983 -0.004316252 0.999308884 0.036920700 1.348388195 0.995566010 0.007763648 -0.093746185 360.597595215
-0.094789624 0.041570295 -0.994629025 -176.904235840 -0.002598203 0.999114037 0.042005356 1.378573418 0.995493948 0.006565921 -0.094597697 360.494018555
-0.094392776 0.045037705 -0.994515777 -177.959091187 -0.004251523 0.998948812 0.045641985 1.401861191 0.995525956 0.008536481 -0.094102144 360.382873535
-0.093193889 0.040406711 -0.994827807 -179.036758423 -0.007150861 0.999123216 0.041251060 1.439667702 0.995622337 0.010958220 -0.092823267 360.280181885
-0.091235518 0.033371925 -0.995270073 -180.087448120 -0.014868264 0.999281287 0.034869384 1.471105576 0.995718420 0.017979262 -0.090673685 360.166870117
-0.088198781 0.032209355 -0.995581985 -181.154846191 -0.021249041 0.999188781 0.034208495 1.500692844 0.995876253 0.024172308 -0.087442875 360.060943604
-0.084917903 0.035379294 -0.995759606 -182.230850220 -0.025346652 0.998969316 0.037654888 1.527947426 0.996065438 0.028436748 -0.083933711 359.958984375
-0.080633998 0.037645977 -0.996032596 -183.299819946 -0.025316125 0.998886764 0.039803326 1.560249805 0.996422231 0.028425187 -0.079591155 359.866821289
-0.076180458 0.036902893 -0.996411026 -184.372238159 -0.022682957 0.998992145 0.038732711 1.592367649 0.996836126 0.025552217 -0.075266600 359.786804199
-0.071229339 0.036010731 -0.996809721 -185.445114136 -0.020099208 0.999093354 0.037529465 1.620964527 0.997257411 0.022708286 -0.070441008 359.706512451
-0.066734314 0.034042142 -0.997189999 -186.516571045 -0.015147686 0.999268055 0.035126805 1.647102356 0.997655928 0.017449275 -0.066169739 359.637237549
-0.062547684 0.031996179 -0.997529149 -187.597427368 -0.010244624 0.999412715 0.032698967 1.671292305 0.997989535 0.012264547 -0.062183142 359.571228027
-0.058596492 0.030667638 -0.997810662 -188.674560547 -0.005237792 0.999504805 0.031027300 1.699941635 0.998268127 0.007044414 -0.058406949 359.513061523
-0.055235863 0.036220636 -0.997816205 -189.764984131 -0.000077125 0.999341667 0.036280282 1.725203514 0.998473346 0.002080926 -0.055196643 359.459838867
-0.052856445 0.042441450 -0.997700036 -190.854385376 0.005691544 0.999092996 0.042199187 1.753641129 0.998586118 -0.003447961 -0.053050041 359.404357910
-0.051644087 0.043845691 -0.997702599 -191.946304321 0.006884279 0.999027610 0.043547571 1.791910172 0.998641849 -0.004619487 -0.051895738 359.347778320
-0.049556375 0.042376798 -0.997872055 -193.053558350 0.009230309 0.999076247 0.041969545 1.831871986 0.998728812 -0.007130814 -0.049901724 359.294464111
-0.048610568 0.042392090 -0.997917831 -194.140625000 0.006739007 0.999090075 0.042113621 1.863747597 0.998795092 -0.004677811 -0.048851967 359.234252930
-0.046097994 0.044866785 -0.997928798 -195.234375000 0.001957817 0.998992980 0.044824194 1.899201393 0.998934984 0.000112543 -0.046139479 359.172790527
-0.042857170 0.044601280 -0.998085201 -196.330322266 -0.004959373 0.998981237 0.044854272 1.936181068 0.999068916 0.006872202 -0.042592287 359.107971191
-0.038782954 0.041855626 -0.998370647 -197.434280396 -0.011060947 0.999043167 0.042313494 1.971784592 0.999186397 0.012683965 -0.038282871 359.051574707
-0.034399509 0.040159989 -0.998601079 -198.559555054 -0.016338089 0.999036193 0.040740300 2.012130260 0.999274731 0.017716670 -0.033710122 359.008361816
-0.029808044 0.041237984 -0.998704791 -199.680038452 -0.020097489 0.998921871 0.041846793 2.047468185 0.999353707 0.021318819 -0.028947115 358.959197998
-0.024761081 0.042862825 -0.998774111 -200.790832520 -0.020851629 0.998840928 0.043382637 2.079745293 0.999475896 0.021900266 -0.023838639 358.913696289
-0.020695090 0.044128884 -0.998811603 -201.923294067 -0.020867329 0.998788714 0.044560242 2.121751785 0.999568164 0.021764701 -0.019749165 358.888183594
-0.017207503 0.046319697 -0.998778522 -203.064132690 -0.020206233 0.998706222 0.046664469 2.158523560 0.999647796 0.020984530 -0.016249299 358.866333008
-0.014596581 0.047774199 -0.998751581 -204.197418213 -0.018348349 0.998676956 0.048038792 2.201931953 0.999725223 0.019026641 -0.013700724 358.842468262
-0.012775421 0.047991771 -0.998766005 -205.339996338 -0.017661629 0.998680890 0.048213594 2.239821434 0.999762356 0.018255785 -0.011910915 358.829620361
-0.011363506 0.047168300 -0.998822331 -206.474395752 -0.017676650 0.998721242 0.047364630 2.277456284 0.999779224 0.018194055 -0.010515094 358.811920166
-0.009897113 0.048626650 -0.998768091 -207.602890015 -0.017519569 0.998655140 0.048794761 2.320497513 0.999797642 0.017980903 -0.009031892 358.792724609
-0.008464098 0.050665297 -0.998679936 -208.745544434 -0.018392324 0.998538733 0.050814021 2.362418175 0.999795139 0.018798133 -0.007519960 358.783416748
-0.007216930 0.050851807 -0.998680294 -209.883926392 -0.017922739 0.998539150 0.050974142 2.402094841 0.999813497 0.018266952 -0.006294966 358.774536133
-0.005688906 0.048635393 -0.998800516 -211.011795044 -0.016686574 0.998672903 0.048724223 2.443318367 0.999844730 0.016943740 -0.004869819 358.760070801
-0.004431248 0.048248332 -0.998825669 -212.147338867 -0.015327682 0.998714745 0.048310980 2.491438866 0.999872804 0.015523748 -0.003685951 358.766418457
-0.003117085 0.048422482 -0.998822212 -213.280960083 -0.015909541 0.998698115 0.048466120 2.531663895 0.999868691 0.016041869 -0.002342582 358.760131836
-0.000799537 0.046415493 -0.998921990 -214.408325195 -0.014469792 0.998817086 0.046422206 2.566341400 0.999895036 0.014491308 -0.000126958 358.760528564
0.002221763 0.043874867 -0.999034584 -215.529220581 -0.013445536 0.998948038 0.043841161 2.605896950 0.999907136 0.013335148 0.002809346 358.763702393
0.005003333 0.044260379 -0.999007583 -216.652725220 -0.014261226 0.998921573 0.044185147 2.642893791 0.999885917 0.014025996 0.005629122 358.771057129
0.009221971 0.047535993 -0.998826981 -217.764633179 -0.013923862 0.998778701 0.047405139 2.676050186 0.999860585 0.013470354 0.009872615 358.770782471
0.013360918 0.050700471 -0.998624623 -218.864257812 -0.013571848 0.998630881 0.050519209 2.712303162 0.999818742 0.012878191 0.014030755 358.790527344
0.019122183 0.053019278 -0.998410404 -219.964157104 -0.016061118 0.998480439 0.052715383 2.743055344 0.999688148 0.015027552 0.019944668 358.806121826
0.024589896 0.053098880 -0.998286486 -221.047744751 -0.018761560 0.998437047 0.052644752 2.787144661 0.999521613 0.017434880 0.025547624 358.830749512
0.031529069 0.052021399 -0.998148203 -222.126953125 -0.019324476 0.998489678 0.051428787 2.821328163 0.999316096 0.017667184 0.032486737 358.859344482
0.038936079 0.050202440 -0.997979879 -223.174896240 -0.020855142 0.998560429 0.049417984 2.857696533 0.999024093 0.018888865 0.039927006 358.891204834
0.045389593 0.049518663 -0.997741401 -224.218643188 -0.020142259 0.998613000 0.048645608 2.893414497 0.998766422 0.017888755 0.046324074 358.936889648
0.050618708 0.050035000 -0.997464001 -225.246215820 -0.018336535 0.998622477 0.049162582 2.925510406 0.998549819 0.015801480 0.051466465 358.985656738
0.053925276 0.049338922 -0.997325420 -226.230560303 -0.016026715 0.998692632 0.048540004 2.952477455 0.998416424 0.013366307 0.054645538 359.042724609
0.056445897 0.048077758 -0.997247577 -227.223937988 -0.013785571 0.998782218 0.047371466 2.987148285 0.998310626 0.011073692 0.057039976 359.105529785
0.059316456 0.050088737 -0.996981740 -228.208526611 -0.012900791 0.998695374 0.049407285 3.012877464 0.998155832 0.009931193 0.059885263 359.157714844
0.061482012 0.055428132 -0.996568084 -229.183288574 -0.009383790 0.998444796 0.054953597 3.047887802 0.998064160 0.005972920 0.061906517 359.222686768
0.063537180 0.057588797 -0.996316433 -230.135070801 -0.007168274 0.998334229 0.057248291 3.077459335 0.997953713 0.003504475 0.063844204 359.278930664
0.065476954 0.049411155 -0.996629953 -231.064071655 -0.006339052 0.998773694 0.049100973 3.108806610 0.997833967 0.003102707 0.065709889 359.345642090
0.068440497 0.039038602 -0.996891260 -231.966232300 -0.005138292 0.999234676 0.038777612 3.135960102 0.997642100 0.002468355 0.068588674 359.403564453
0.071362853 0.040804908 -0.996615469 -232.863311768 -0.010043679 0.999141634 0.040189158 3.167745590 0.997399926 0.007141671 0.071711421 359.458557129
0.076223791 0.053086016 -0.995676637 -233.747833252 -0.013603942 0.998544097 0.052197460 3.190061569 0.996998012 0.009566434 0.076834977 359.517333984
0.081870019 0.061787128 -0.994725943 -234.611114502 -0.018098334 0.998004019 0.060501181 3.213008881 0.996478736 0.013049645 0.082824826 359.582153320
0.090221405 0.058956567 -0.994175196 -235.443817139 -0.021730207 0.998125136 0.057218794 3.243944168 0.995684683 0.016441267 0.091333389 359.650817871
0.099283218 0.056954164 -0.993427932 -236.247772217 -0.023964234 0.998207927 0.054833218 3.276791573 0.994770586 0.018362721 0.100470185 359.729003906
0.109551191 0.057096597 -0.992339969 -237.029327393 -0.022500033 0.998235464 0.054951876 3.307509422 0.993726492 0.016307637 0.110642552 359.817077637
0.121999919 0.055474874 -0.990978718 -237.787109375 -0.021620361 0.998348415 0.053225741 3.324051857 0.992294729 0.014931774 0.122997820 359.913482666
0.136946261 0.046340652 -0.989493906 -238.494766235 -0.020313308 0.998826504 0.043966353 3.342305183 0.990370154 0.014078868 0.137726903 360.020263672
0.153688848 0.038010567 -0.987388074 -239.186706543 -0.018605556 0.999194026 0.035569064 3.366686344 0.987944245 0.012904331 0.154272139 360.138641357
0.169664681 0.034983531 -0.984880865 -239.866333008 -0.013998958 0.999354482 0.033086054 3.386162281 0.985402524 0.008173765 0.170044899 360.270660400
0.185426533 0.040168669 -0.981836796 -240.520935059 -0.007498897 0.999192894 0.039462522 3.394822121 0.982629478 0.000045294 0.185578108 360.405578613
0.200365245 0.044902951 -0.978691757 -241.151550293 -0.001099837 0.998958826 0.045607653 3.403127670 0.979720712 -0.008061788 0.200205982 360.548095703
0.213250518 0.045503162 -0.975937307 -241.769012451 0.005320138 0.998845935 0.047733773 3.417197227 0.976983070 -0.015371372 0.212762356 360.705261230
0.223387063 0.043759577 -0.973747015 -242.328247070 0.012192975 0.998788118 0.047682095 3.433092117 0.974653542 -0.022524437 0.222582757 360.842193604
0.230002105 0.041811805 -0.972291648 -242.894638062 0.017070126 0.998749614 0.046987645 3.447520256 0.973040521 -0.027404398 0.229000747 360.986053467
0.233852446 0.038807046 -0.971497357 -243.446578979 0.021288302 0.998759210 0.045020420 3.460736275 0.972039044 -0.031209664 0.232736111 361.123413086
0.235255957 0.036915597 -0.971232116 -243.992004395 0.024732171 0.998727500 0.043951400 3.479049683 0.971618712 -0.034360509 0.234043598 361.268249512
0.235299706 0.037631128 -0.971194148 -244.516220093 0.026965456 0.998612761 0.045226689 3.496726990 0.971548796 -0.036830522 0.233958542 361.394775391
0.231974125 0.038308904 -0.971967340 -245.023361206 0.028527416 0.998526454 0.046164181 3.517616272 0.972303569 -0.038436610 0.230539441 361.520751953
0.226304591 0.039612014 -0.973250747 -245.521026611 0.028970962 0.998457015 0.047374375 3.532873154 0.973625600 -0.038917046 0.224807799 361.636016846
0.219420612 0.041383620 -0.974752307 -245.995101929 0.027607633 0.998436511 0.048603740 3.540251732 0.975239694 -0.037575267 0.217935085 361.727722168
0.211342990 0.042322580 -0.976495266 -246.461441040 0.027258385 0.998418272 0.049172293 3.551714897 0.977031827 -0.037009906 0.209855080 361.821014404
0.201289594 0.040967580 -0.978674710 -246.890701294 0.026755277 0.998522282 0.047301315 3.567216873 0.979166329 -0.035705976 0.199896038 361.904235840
0.189901352 0.039483849 -0.981008947 -247.317504883 0.028642369 0.998542964 0.045734081 3.583401680 0.981385291 -0.036783386 0.188493729 361.979400635
0.175214291 0.038149886 -0.983790994 -247.727569580 0.031532086 0.998518884 0.044336915 3.593483925 0.984025300 -0.038789440 0.173751831 362.039611816
0.155524135 0.036945254 -0.987140954 -248.143066406 0.032812648 0.998555720 0.042542104 3.604212761 0.987286985 -0.039007030 0.154087245 362.099731445
0.134067833 0.037985824 -0.990243912 -248.553573608 0.031855129 0.998583436 0.042618558 3.614859581 0.990460038 -0.037258122 0.132667840 362.132263184
0.112341583 0.039408464 -0.992888033 -248.964416504 0.029210700 0.998650432 0.042942271 3.625060081 0.993240356 -0.033827160 0.111038864 362.159515381
0.091356516 0.041341405 -0.994959831 -249.366088867 0.026684459 0.998677492 0.043946031 3.635012627 0.995460749 -0.030564724 0.090132535 362.175079346
0.070656598 0.042340212 -0.996601760 -249.774047852 0.025279345 0.998701870 0.044221677 3.647950172 0.997180343 -0.028317992 0.069494545 362.188537598
0.050288916 0.043163538 -0.997801542 -250.174713135 0.024052246 0.998723567 0.044415649 3.662275314 0.998445034 -0.026232982 0.049186528 362.191101074
0.031194925 0.043370102 -0.998572052 -250.571304321 0.022863779 0.998765767 0.044092778 3.675727844 0.999251902 -0.024206603 0.030164778 362.185791016
0.013362765 0.043560047 -0.998961508 -250.970108032 0.020958129 0.998818934 0.043834183 3.685854912 0.999691129 -0.021522112 0.012434065 362.171020508
-0.001800776 0.043277055 -0.999061525 -251.361450195 0.017560096 0.998910427 0.043238860 3.695915222 0.999844253 -0.017465755 -0.002558708 362.154571533
-0.013098836 0.041627165 -0.999047339 -251.760253906 0.013854202 0.999044716 0.041445408 3.708300591 0.999818206 -0.013298114 -0.013663054 362.130767822
-0.020767570 0.040547390 -0.998961806 -252.166595459 0.008432353 0.999148846 0.040379681 3.720715523 0.999748766 -0.007585011 -0.021091819 362.109191895
-0.025103807 0.040855236 -0.998849809 -252.581298828 0.004070419 0.999160469 0.040765647 3.734370232 0.999676704 -0.003042368 -0.025249004 362.085693359
-0.027095675 0.041695818 -0.998762965 -253.005279541 0.001603717 0.999130249 0.041667648 3.746031761 0.999631643 -0.000472723 -0.027139068 362.068542480
-0.026001096 0.042412937 -0.998761892 -253.433654785 -0.000621491 0.999098659 0.042443424 3.759707451 0.999661863 0.001724296 -0.025951385 362.053710938
-0.022982597 0.043002535 -0.998810709 -253.864349365 -0.003836282 0.999063313 0.043101691 3.772109032 0.999728620 0.004822300 -0.022796035 362.040679932
-0.019634247 0.042989779 -0.998882711 -254.295196533 -0.005991500 0.999052167 0.043114848 3.783555984 0.999789417 0.006831329 -0.019358039 362.032836914
-0.015367746 0.043060426 -0.998954296 -254.720031738 -0.009960338 0.999016106 0.043216318 3.794075966 0.999832332 0.010614058 -0.014923692 362.023559570
-0.007349014 0.042105496 -0.999086320 -255.150146484 -0.013945062 0.999011636 0.042204931 3.809227943 0.999875963 0.014242473 -0.006754518 362.013854980
0.002896488 0.041539874 -0.999132752 -255.585754395 -0.017621851 0.998983800 0.041482598 3.823009491 0.999840677 0.017486408 0.003625512 362.013366699
0.013685286 0.041705709 -0.999036312 -256.016784668 -0.020036519 0.998940587 0.041427244 3.839306355 0.999705672 0.019450260 0.014506400 362.025878906
0.024844468 0.042954225 -0.998768210 -256.438812256 -0.021305159 0.998872340 0.042428736 3.851596832 0.999464393 0.020224789 0.025731623 362.036346436
0.035827935 0.044455245 -0.998368859 -256.869842529 -0.021534529 0.998812497 0.043702204 3.864323616 0.999126077 0.019933637 0.036742687 362.051513672
0.046313763 0.047374152 -0.997803152 -257.295166016 -0.025372939 0.998608291 0.046234678 3.867874146 0.998604834 0.023175882 0.047451317 362.073852539
0.058335602 0.052242242 -0.996929109 -257.715911865 -0.028691825 0.998304963 0.050635431 3.874615669 0.997884631 0.025649872 0.059735656 362.092315674
0.069421411 0.053466693 -0.996153653 -258.139709473 -0.030789195 0.998201847 0.051430944 3.898137093 0.997112215 0.027100358 0.070942760 362.131561279
0.080662251 0.052103419 -0.995378733 -258.551940918 -0.028551355 0.998343766 0.049944915 3.902269363 0.996332467 0.024390742 0.082016289 362.175018311
0.091132581 0.049885139 -0.994588554 -258.947235107 -0.025689110 0.998529911 0.047728974 3.914885521 0.995507419 0.021200430 0.092280090 362.229064941
0.101433694 0.049550653 -0.993607640 -259.330993652 -0.025471251 0.998560786 0.047197402 3.914450645 0.994516253 0.020521015 0.102549851 362.275054932
0.110949516 0.048106175 -0.992661119 -259.685485840 -0.028383013 0.998573720 0.045220349 3.927828789 0.993420720 0.023157531 0.112156689 362.312835693
0.119368911 0.046044186 -0.991781771 -260.036285400 -0.030772794 0.998615742 0.042657707 3.940581322 0.992372990 0.025427891 0.120620608 362.348144531
0.124679685 0.042171042 -0.991300523 -260.365325928 -0.030650787 0.998783231 0.038634300 3.953691483 0.991723537 0.025567226 0.125820518 362.408264160
0.128936410 0.038054582 -0.990922451 -260.695922852 -0.025934499 0.999051034 0.034992211 3.965873718 0.991313756 0.021187304 0.129800975 362.469970703
0.132186890 0.035853967 -0.990576148 -261.003997803 -0.019026540 0.999253273 0.033629049 3.984718800 0.991042197 0.014401915 0.132770360 362.514007568
0.131660640 0.036100220 -0.990637362 -261.328857422 -0.015244541 0.999292254 0.034389541 3.993034840 0.991177678 0.010574060 0.132117808 362.559936523
0.126986682 0.037059855 -0.991211951 -261.650299072 -0.014166329 0.999267638 0.035546165 3.991286755 0.991803348 0.009527942 0.127418637 362.599365234
0.116014659 0.036089279 -0.992591679 -261.965209961 -0.014117188 0.999298632 0.034683112 4.010578156 0.993147194 0.009988853 0.116442800 362.646087646
0.100896835 0.037029676 -0.994207561 -262.281982422 -0.016020136 0.999238014 0.035591241 4.015171051 0.994767904 0.012336298 0.101413131 362.667938232
0.081590295 0.037710447 -0.995952249 -262.595336914 -0.016433971 0.999198973 0.036487076 4.010072708 0.996530473 0.013390458 0.082144678 362.685241699
0.058865488 0.035718482 -0.997626722 -262.911499023 -0.016289171 0.999260962 0.034815844 4.029487133 0.998133004 0.014201063 0.059403777 362.685455322
0.031337082 0.032623492 -0.998976409 -263.218566895 -0.014250360 0.999380171 0.032189660 4.038725376 0.999407351 0.013227043 0.031782568 362.689117432
0.001955032 0.029584372 -0.999560475 -263.539794922 -0.013330707 0.999474227 0.029555747 4.045004845 0.999909341 0.013267061 0.002348363 362.667022705
-0.030909061 0.028287504 -0.999121904 -263.869293213 -0.013143156 0.999501526 0.028704852 4.054836273 0.999435842 0.014018852 -0.030521870 362.640045166
-0.067020774 0.033520918 -0.997188330 -264.199157715 -0.014444901 0.999298155 0.034562677 4.024023056 0.997646987 0.016720703 -0.066489577 362.593200684
-0.106651187 0.035605740 -0.993658900 -264.550567627 -0.016137101 0.999164999 0.037535068 4.041154861 0.994165659 0.020037925 -0.105987549 362.526275635
-0.149377823 0.037305940 -0.988076270 -264.914916992 -0.013684186 0.999114275 0.039791476 4.058642864 0.988685608 0.019464979 -0.148735046 362.453216553
-0.194840789 0.037516780 -0.980117202 -265.288024902 -0.010310738 0.999134660 0.040294435 4.067066669 0.980780780 0.017956728 -0.194285393 362.365692139
-0.241558552 0.037080146 -0.969677687 -265.662963867 -0.007437416 0.999169588 0.040060662 4.088001251 0.970357895 0.016888889 -0.241082191 362.245910645
-0.291277170 0.039820850 -0.955809712 -266.047729492 -0.005085171 0.999054730 0.043172196 4.091341019 0.956625342 0.017435523 -0.290799379 362.115997314
-0.338672519 0.036979802 -0.940177143 -266.420837402 -0.005940243 0.999123394 0.041438129 4.128796101 0.940885365 0.019618846 -0.338155985 361.930053711
-0.382528663 0.037495565 -0.923182607 -266.756317139 -0.002013139 0.999140024 0.041414779 4.120382786 0.923941553 0.017700830 -0.382124305 361.700317383
-0.433768272 0.033978153 -0.900383770 -267.150970459 0.001410897 0.999313116 0.037031785 4.146580696 0.901023567 0.014792860 -0.433518171 361.485931396
-0.485476613 0.034368251 -0.873573959 -267.555236816 0.008225031 0.999362350 0.034746088 4.158219337 0.874211073 0.009683237 -0.485449791 361.245849609
-0.537288070 0.035452224 -0.842653573 -267.948364258 0.012106494 0.999337375 0.034324974 4.178153038 0.843312144 0.008240814 -0.537361264 360.974700928
-0.586796641 0.040018041 -0.808745146 -268.334045410 0.018820735 0.999182224 0.035785537 4.188041687 0.809515893 0.005777652 -0.587069988 360.658172607
-0.636833429 0.041952338 -0.769859314 -268.718353271 0.021521877 0.999096692 0.036641236 4.208924294 0.770701051 0.006765545 -0.637161136 360.316040039
-0.681322813 0.046016842 -0.730535209 -269.047332764 0.025825053 0.998911798 0.038836692 4.210626602 0.731527328 0.007594214 -0.681769729 359.921478271
-0.726112008 0.050827444 -0.685695171 -269.406494141 0.031649381 0.998677671 0.040512517 4.217681885 0.686847568 0.007714798 -0.726760507 359.498443604
-0.767431617 0.054357987 -0.638822794 -269.748443604 0.036889475 0.998492360 0.040646490 4.239022255 0.640069127 0.007627552 -0.768279791 359.036132812
-0.806147456 0.057484347 -0.588916242 -270.085174561 0.041878175 0.998316884 0.040120520 4.260730743 0.590231299 0.007680309 -0.807197928 358.543640137
-0.840605259 0.061251927 -0.538173676 -270.394409180 0.047183711 0.998089075 0.039897904 4.274052620 0.539589107 0.008145359 -0.841889024 358.029602051
-0.869296670 0.061332792 -0.490470678 -270.665161133 0.048229009 0.998061836 0.039326712 4.302876472 0.491932064 0.010531669 -0.870569825 357.471618652
-0.893601179 0.061010312 -0.444696456 -270.933074951 0.048416447 0.998040497 0.039635528 4.327410698 0.446243256 0.013887731 -0.894804120 356.872924805
-0.912751436 0.061639976 -0.403838754 -271.164886475 0.049398605 0.997950673 0.040672228 4.337889671 0.405518204 0.017174559 -0.913925767 356.274719238
-0.928897381 0.061474144 -0.365199715 -271.390533447 0.050153583 0.997923553 0.040413413 4.365372658 0.366925776 0.019223835 -0.930051684 355.644256592
-0.942516208 0.063109152 -0.328147739 -271.599487305 0.052447990 0.997771442 0.041248005 4.391251564 0.330019563 0.021666216 -0.943725705 354.966217041
-0.953930497 0.063411623 -0.293250829 -271.793395996 0.053762525 0.997717559 0.040856469 4.411252975 0.295172304 0.023208318 -0.955162406 354.278778076
-0.962965131 0.065652341 -0.261511475 -271.982238770 0.057971209 0.997632802 0.036987614 4.440464020 0.263320744 0.020457642 -0.964491606 353.558044434
-0.969929099 0.068491124 -0.233552307 -272.142517090 0.063195474 0.997547388 0.030091859 4.464706421 0.235040516 0.014427520 -0.971878648 352.816802979
-0.975765347 0.071226373 -0.206903383 -272.298156738 0.067806393 0.997419715 0.023583347 4.481181145 0.208049268 0.008982440 -0.978077173 352.064147949
-0.980661392 0.074315384 -0.181055158 -272.431365967 0.071805239 0.997210264 0.020388614 4.499101639 0.182065248 0.006993615 -0.983261824 351.276000977
-0.984623194 0.080532014 -0.155022353 -272.562835693 0.078147799 0.996711552 0.021423090 4.515649796 0.156237811 0.008979014 -0.987678766 350.453826904
-0.987776160 0.085165389 -0.130557716 -272.677734375 0.082767166 0.996287167 0.023696415 4.534366608 0.132091090 0.012600861 -0.991157651 349.606567383
-0.990402222 0.085027874 -0.108969301 -272.757415771 0.082662731 0.996237040 0.026049500 4.551938057 0.110774189 0.016791778 -0.993704081 348.742980957
-0.992157817 0.085235327 -0.091420583 -272.827301025 0.083383098 0.996230960 0.023899198 4.567871094 0.093113065 0.016088847 -0.995525599 347.847717285
-0.993783236 0.078970626 -0.078476675 -272.899475098 0.077565476 0.996770263 0.020799937 4.588876724 0.079865798 0.014583549 -0.996698976 346.932556152
-0.994874358 0.071305521 -0.071697570 -272.946563721 0.070280127 0.997387052 0.016727274 4.604908943 0.072702974 0.011602622 -0.997286081 346.012329102
-0.995373964 0.067951486 -0.067925781 -272.999114990 0.067014948 0.997624099 0.015975151 4.614878654 0.068849929 0.011349202 -0.997562766 345.051788330
-0.995369792 0.069202781 -0.066708125 -273.058563232 0.068213105 0.997525871 0.017003881 4.630689621 0.067719795 0.012374781 -0.997627616 344.062438965
-0.995352149 0.070961878 -0.065104455 -273.132904053 0.069938526 0.997391284 0.017868120 4.651754379 0.066202566 0.013231761 -0.997718453 343.067199707
-0.995270133 0.072817326 -0.064305365 -273.195343018 0.071782529 0.997253120 0.018261388 4.671926498 0.065458469 0.013559011 -0.997763276 342.053558350
-0.995404959 0.072108582 -0.063002676 -273.254608154 0.071054384 0.997294903 0.018818757 4.686181068 0.064189240 0.014255667 -0.997835875 341.010620117
-0.995538473 0.071650006 -0.061395239 -273.317840576 0.070525713 0.997303545 0.020290468 4.707308769 0.062683500 0.015869997 -0.997907281 339.948577881
-0.995668054 0.070901327 -0.060152642 -273.377990723 0.069713183 0.997332573 0.021628691 4.724343300 0.061525691 0.017341563 -0.997954965 338.872833252
-0.995958328 0.067630261 -0.059107278 -273.428192139 0.066426575 0.997546554 0.022099735 4.751796722 0.060456872 0.018084118 -0.998007178 337.773834229
-0.996001720 0.068852574 -0.056920655 -273.497161865 0.067488581 0.997392833 0.025550146 4.754947662 0.058531448 0.021606494 -0.998051763 336.664703369
-0.996151924 0.068430670 -0.054761149 -273.556396484 0.067061149 0.997397721 0.026469683 4.775115967 0.056429982 0.022695480 -0.998148680 335.552459717
-0.996333003 0.067179337 -0.052990954 -273.600799561 0.065932631 0.997512460 0.024936199 4.795234680 0.054534331 0.021350920 -0.998283863 334.464538574
-0.996400356 0.068245284 -0.050290260 -273.666473389 0.067181058 0.997485757 0.022558486 4.817263603 0.051703326 0.019098727 -0.998479962 333.291229248
-0.996451974 0.069396347 -0.047624290 -273.711090088 0.068404198 0.997411609 0.022157501 4.833414078 0.049038667 0.018821180 -0.998619795 332.155731201
-0.996546626 0.069866784 -0.044874866 -273.756408691 0.068875141 0.997353673 0.023278490 4.851809502 0.046382505 0.020107336 -0.998721600 331.005615234
-0.996659756 0.070284322 -0.041587289 -273.806823730 0.069253087 0.997267008 0.025740311 4.871562004 0.043282770 0.022774283 -0.998803377 329.841461182
-0.996662140 0.072263353 -0.037987191 -273.851928711 0.071136452 0.997008562 0.030225549 4.897432804 0.040057752 0.027422380 -0.998821259 328.658966064
-0.996708989 0.073714979 -0.033729337 -273.892059326 0.072451450 0.996675551 0.037264690 4.925975800 0.036364172 0.034698308 -0.998736262 327.456329346
-0.996583223 0.077006266 -0.029871207 -273.931701660 0.075780764 0.996314108 0.040192697 4.957011700 0.032856196 0.037791695 -0.998745561 326.259674072
-0.996701241 0.076507144 -0.027090779 -273.960693359 0.075582094 0.996571064 0.033667102 4.985333920 0.029573658 0.031508453 -0.999066114 325.071044922
-0.996931911 0.074074961 -0.025302103 -273.989868164 0.073568977 0.997081935 0.020376645 5.002565384 0.026737669 0.018452674 -0.999472380 323.882446289
-0.997239947 0.070275128 -0.023957189 -274.016418457 0.070083708 0.997502804 0.008739404 5.013168335 0.024511527 0.007036274 -0.999674797 322.694580078
-0.997580290 0.066258945 -0.021068322 -274.033721924 0.066077195 0.997772038 0.009209777 5.011683464 0.021631612 0.007795354 -0.999735832 321.504547119
-0.997703671 0.065481111 -0.017314998 -274.049346924 0.065140739 0.997684717 0.019541666 5.018151283 0.018554518 0.018368877 -0.999659181 320.312805176
-0.997857451 0.064221673 -0.012513488 -274.060546875 0.063831575 0.997527122 0.029413367 5.029956818 0.014371519 0.028551584 -0.999489188 319.121154785
-0.997983575 0.063038208 -0.007410059 -274.056793213 0.062770702 0.997513831 0.032031607 5.051432610 0.009410852 0.031501886 -0.999459386 317.933807373
-0.997992754 0.063311949 -0.001530060 -274.063842773 0.063235536 0.997528434 0.030630684 5.075436592 0.003465567 0.030472441 -0.999529719 316.757873535
-0.997965932 0.063644975 0.003726375 -274.055084229 0.063726515 0.997545540 0.029014425 5.095836163 -0.001870607 0.029192870 -0.999572396 315.580596924
-0.997924805 0.063721158 0.009286962 -274.037536621 0.063970633 0.997511446 0.029642245 5.109198570 -0.007375014 0.030174816 -0.999517679 314.391998291
-0.997857571 0.063695438 0.014937102 -274.016601562 0.064116113 0.997502923 0.029615132 5.133845329 -0.013013453 0.030509392 -0.999449849 313.220336914
-0.997727633 0.064257190 0.020272823 -273.979003906 0.064852312 0.997437537 0.030207977 5.153951645 -0.018279795 0.031454068 -0.999338269 312.064331055
-0.997446895 0.066401526 0.026285132 -273.954284668 0.067217246 0.997241855 0.031471808 5.172813416 -0.024122858 0.033158261 -0.999159098 310.877044678
-0.997193217 0.067744225 0.031883948 -273.917205811 0.068771511 0.997109175 0.032307457 5.190517426 -0.029603133 0.034409482 -0.998969436 309.728973389
-0.996910453 0.068900704 0.037718128 -273.868713379 0.070108354 0.997035921 0.031689100 5.207319260 -0.035422929 0.034235545 -0.998786092 308.569732666
-0.996456623 0.072007552 0.043466110 -273.823455811 0.073372006 0.996833384 0.030655738 5.233803272 -0.041121025 0.033736307 -0.998584509 307.406494141
-0.996219993 0.071807735 0.048882045 -273.762725830 0.073342390 0.996844649 0.030358862 5.253734112 -0.046547804 0.033829231 -0.998343110 306.253967285
-0.995849609 0.073172644 0.054123886 -273.704528809 0.074903116 0.996719241 0.030663868 5.268989563 -0.051702563 0.034590647 -0.998063445 305.082427979
-0.995498657 0.074546792 0.058523390 -273.632690430 0.076315127 0.996674001 0.028582899 5.287368774 -0.056197975 0.032920461 -0.997876644 303.939239502
-0.994917870 0.078539670 0.063007765 -273.569824219 0.080314472 0.996426642 0.026144039 5.300969124 -0.060729273 0.031071607 -0.997670531 302.797515869
-0.994499803 0.080079958 0.067509107 -273.488739014 0.081981838 0.996297657 0.025884453 5.318100929 -0.065186344 0.031276602 -0.997382879 301.661773682
-0.993885159 0.082862392 0.072982945 -273.412231445 0.085049078 0.996000588 0.027376333 5.332506657 -0.070422590 0.033416059 -0.996957541 300.517883301
-0.993209362 0.085873567 0.078493439 -273.330444336 0.088157527 0.995764434 0.026104435 5.343736172 -0.075919293 0.032846954 -0.996572971 299.379791260
-0.992735028 0.087219119 0.082886554 -273.230041504 0.089529753 0.995680928 0.024574488 5.361519337 -0.080385201 0.031816766 -0.996256113 298.255645752
-0.992263317 0.088135496 0.087439321 -273.130645752 0.090777889 0.995512903 0.026710559 5.376169682 -0.084692821 0.034441464 -0.995811701 297.124328613
-0.991699576 0.090162672 0.091665834 -273.028503418 0.093077756 0.995264173 0.028031092 5.386712551 -0.088704363 0.036330473 -0.995395184 295.994476318
-0.991354942 0.090036124 0.095440492 -272.915222168 0.092979208 0.995306134 0.026842803 5.403663158 -0.092575684 0.035484727 -0.995073199 294.876007080
-0.991112947 0.089141138 0.098737806 -272.794219971 0.092000224 0.995450556 0.024782864 5.413971424 -0.096079431 0.033646517 -0.994804859 293.733581543
-0.990951538 0.087837577 0.101488806 -272.672302246 0.090626746 0.995614707 0.023197722 5.417561531 -0.099006116 0.032185413 -0.994566321 292.623809814
-0.990635157 0.087784357 0.104576834 -272.548522949 0.090586729 0.995637834 0.022346817 5.431775570 -0.102158949 0.031610809 -0.994265914 291.499877930
-0.990252018 0.088440545 0.107606195 -272.429321289 0.091366865 0.995561600 0.022565786 5.441489697 -0.105132863 0.032177456 -0.993937492 290.350433350
-0.989829898 0.089179099 0.110832930 -272.299865723 0.092150211 0.995502710 0.021970026 5.453572273 -0.108375214 0.031959865 -0.993596196 289.210479736
-0.989229441 0.091043897 0.114613436 -272.173004150 0.093961395 0.995368779 0.020304061 5.465438843 -0.112234071 0.030854613 -0.993202686 288.064147949
-0.988872766 0.090766050 0.117866360 -272.030700684 0.093680374 0.995413005 0.019413881 5.477449417 -0.115563586 0.030239619 -0.992839813 286.934783936
-0.988533616 0.090245306 0.121066488 -271.887817383 0.093290269 0.995443821 0.019711800 5.482491493 -0.118735991 0.030780103 -0.992448688 285.794799805
-0.988317490 0.088168606 0.124317728 -271.734130859 0.091345429 0.995616794 0.020078668 5.488816738 -0.122002512 0.031199956 -0.992039323 284.653564453
-0.988015413 0.086673535 0.127724394 -271.581420898 0.089909367 0.995753527 0.019779677 5.501438618 -0.125467643 0.031026242 -0.991612673 283.512084961
-0.987697482 0.085587524 0.130876884 -271.424560547 0.088915147 0.995842636 0.019786084 5.501572132 -0.128639340 0.031179598 -0.991201282 282.353057861
-0.987302303 0.085192412 0.134078801 -271.261718750 0.088511810 0.995894194 0.018983280 5.514341831 -0.131911069 0.030609785 -0.990789175 281.211425781
-0.986711144 0.086200692 0.137734339 -271.099731445 0.089543618 0.995815694 0.018250134 5.529716015 -0.135584846 0.030340839 -0.990301132 280.043670654
-0.986192465 0.086843416 0.141006365 -270.929443359 0.090415403 0.995720685 0.019114023 5.536483765 -0.138743028 0.031599250 -0.989824176 278.895324707
-0.985671163 0.085978538 0.145121530 -270.764099121 0.089811698 0.995756745 0.020059599 5.540581703 -0.142781034 0.032805774 -0.989210606 277.742828369
-0.985304713 0.084691860 0.148331538 -270.582092285 0.088718764 0.995840907 0.020733176 5.549143791 -0.145958677 0.033588283 -0.988720417 276.592926025
-0.984914899 0.083227284 0.151711479 -270.397583008 0.087351300 0.995962203 0.020712618 5.558575153 -0.149375051 0.033652354 -0.988208055 275.438720703
-0.984420180 0.081869468 0.155610234 -270.221557617 0.085959718 0.996103227 0.019728905 5.573809624 -0.153388664 0.032797739 -0.987621665 274.275970459
-0.984101057 0.079278350 0.158935085 -270.023864746 0.083175912 0.996372104 0.018012151 5.583679199 -0.156930506 0.030945342 -0.987124801 273.121307373
-0.983692288 0.077127293 0.162483633 -269.832641602 0.080797583 0.996600628 0.016092988 5.596001625 -0.160690084 0.028958833 -0.986580014 271.943420410
-0.983414173 0.073907480 0.165633395 -269.622161865 0.077518210 0.996871471 0.015433141 5.603943825 -0.163974583 0.028016772 -0.986066818 270.783386230
-0.982747316 0.072428264 0.170181066 -269.426025391 0.076460339 0.996923387 0.017250888 5.604103565 -0.168408036 0.029965367 -0.985261679 269.608581543
-0.982222438 0.071003422 0.173774704 -269.209472656 0.075303108 0.996993363 0.018267719 5.611878395 -0.171955153 0.031028738 -0.984616041 268.430084229
-0.981397510 0.070666254 0.178508803 -268.995117188 0.075057998 0.997017384 0.017961239 5.620346069 -0.176707134 0.031025628 -0.983774543 267.245941162
-0.980684280 0.070414960 0.182484537 -268.768310547 0.074680105 0.997069418 0.016598571 5.626976967 -0.180780962 0.029905915 -0.983068943 266.076782227
-0.979621530 0.072271511 0.187399074 -268.549804688 0.076633021 0.996928990 0.016124958 5.628332138 -0.185658187 0.030157315 -0.982151389 264.889617920
-0.978797793 0.071624421 0.191899613 -268.311096191 0.076267309 0.996944010 0.016908390 5.635663509 -0.190102130 0.031185554 -0.981269240 263.715087891
-0.977927208 0.070040397 0.196858197 -268.067932129 0.075411387 0.996953666 0.019911768 5.640700340 -0.194863871 0.034317601 -0.980229974 262.543975830
-0.976918101 0.069065116 0.202141687 -267.818481445 0.075186409 0.996909916 0.022752620 5.645307541 -0.199945644 0.037425749 -0.979092002 261.366119385
-0.976097703 0.066547938 0.206892177 -267.550659180 0.072813742 0.997084677 0.022810958 5.661666393 -0.204770997 0.037330322 -0.978097677 260.196899414
-0.974712729 0.065350324 0.213692978 -267.303222656 0.071582168 0.997201920 0.021547619 5.670228004 -0.211686909 0.036299344 -0.976663232 258.963653564
-0.973522186 0.065999418 0.218858019 -267.031860352 0.071832135 0.997239709 0.018792713 5.685793877 -0.217013597 0.034016158 -0.975575805 257.780151367
-0.972450614 0.064847946 0.223908022 -266.758392334 0.070279703 0.997393072 0.016366748 5.696468353 -0.222262949 0.031652041 -0.974473000 256.606170654
-0.971069217 0.066605330 0.229322255 -266.477203369 0.071960121 0.997293830 0.015058100 5.701584816 -0.227698728 0.031124510 -0.973234177 255.415893555
-0.969880581 0.066378132 0.234363064 -266.185729980 0.072138473 0.997264981 0.016082335 5.711998940 -0.232654557 0.032504536 -0.972016335 254.221801758
-0.968793750 0.063790180 0.239520222 -265.877685547 0.070225246 0.997361064 0.018419815 5.716755390 -0.237713158 0.034665361 -0.970716953 253.015472412
-0.967692971 0.061688334 0.244468555 -265.572753906 0.068831757 0.997411907 0.020777019 5.726526737 -0.242554158 0.036932975 -0.969434619 251.809478760
-0.966620922 0.059814014 0.249131441 -265.253295898 0.067523457 0.997463763 0.022507265 5.740221977 -0.247153342 0.038578209 -0.968208194 250.590026855
-0.965300798 0.059902214 0.254177660 -264.937316895 0.067761682 0.997452915 0.022270879 5.750333786 -0.252196193 0.038721602 -0.966901183 249.396026611
-0.963843226 0.062361069 0.259070694 -264.609497070 0.069946446 0.997347116 0.020155767 5.761511326 -0.257126451 0.037548069 -0.965648174 248.188201904
-0.962020278 0.067301370 0.264551759 -264.282775879 0.074801601 0.997029245 0.018367724 5.769198418 -0.262529671 0.037459016 -0.964196563 246.993988037
-0.960267186 0.069829859 0.270205557 -263.945190430 0.077587090 0.996820867 0.018121261 5.774312973 -0.268081158 0.038365711 -0.962632298 245.804260254
-0.958556056 0.071653634 0.275746673 -263.603851318 0.079694465 0.996655881 0.018051334 5.779331684 -0.273531109 0.039278697 -0.961060882 244.624145508
-0.956768990 0.072864428 0.281574160 -263.253997803 0.081611723 0.996474445 0.019447904 5.783737659 -0.279164404 0.041586902 -0.959342480 243.413787842
-0.955387950 0.071864560 0.286478192 -262.894653320 0.081519291 0.996431112 0.021902008 5.790295601 -0.283881783 0.044278406 -0.957836509 242.223999023
-0.954104185 0.072221167 0.290636361 -262.531524658 0.082371213 0.996340275 0.022825260 5.798258781 -0.287924230 0.045717742 -0.956561327 241.040802002
-0.953019500 0.073283218 0.293910980 -262.160949707 0.082847364 0.996357381 0.020206356 5.807411671 -0.291359603 0.043606799 -0.955619335 239.875701904
-0.951695204 0.076962933 0.297242671 -261.791900635 0.085424379 0.996223092 0.015562053 5.814231873 -0.294922322 0.040202096 -0.954675317 238.683563232
-0.950730562 0.077578485 0.300155103 -261.415344238 0.084830150 0.996332645 0.011183018 5.816664696 -0.298186779 0.036094237 -0.953824997 237.521697998
-0.949443579 0.078846820 0.303875327 -261.045562744 0.086116411 0.996228993 0.010573997 5.809213638 -0.301895678 0.036208063 -0.952653170 236.341003418
-0.948328257 0.077886179 0.307582587 -260.659301758 0.086488456 0.996148586 0.014413211 5.812160969 -0.305275381 0.040270802 -0.951412201 235.159484863
-0.947224259 0.077324614 0.311106205 -260.277709961 0.087076157 0.996046960 0.017555747 5.817001820 -0.308518887 0.043719165 -0.950212955 233.981597900
-0.946089983 0.076836668 0.314658701 -259.883026123 0.086937360 0.996048033 0.018170603 5.823004246 -0.312019020 0.044546619 -0.949030995 232.805450439
-0.945022702 0.076852128 0.317845881 -259.486724854 0.086738214 0.996085286 0.017046938 5.829247952 -0.315291524 0.043679126 -0.947989225 231.648376465
-0.943841815 0.076651677 0.321384162 -259.080841064 0.086522952 0.996112823 0.016523002 5.833951473 -0.318868369 0.043402195 -0.946805120 230.476531982
-0.942433596 0.077923641 0.325187743 -258.673126221 0.087521628 0.996050179 0.014968126 5.831980228 -0.322736949 0.042567421 -0.945531130 229.309295654
-0.940628052 0.079440519 0.330012739 -258.256530762 0.088336229 0.996018171 0.012021736 5.832833767 -0.327743649 0.040460058 -0.943900108 228.145538330
-0.938736439 0.082071081 0.334721178 -257.859985352 0.090551049 0.995843768 0.009780033 5.823075771 -0.332527369 0.039490227 -0.942266464 227.011901855
-0.936987758 0.082528673 0.339475036 -257.432250977 0.091205321 0.995785296 0.009654369 5.819902420 -0.337247491 0.040007956 -0.940565705 225.860656738
-0.935060024 0.082632966 0.344724000 -257.018737793 0.092519082 0.995634973 0.012295683 5.822497845 -0.342203259 0.043390747 -0.938623667 224.689880371
-0.933277011 0.081881948 0.349699467 -256.585845947 0.093614973 0.995467544 0.016751137 5.819898129 -0.346742839 0.048370551 -0.936712265 223.535858154
-0.931418300 0.083086915 0.354340464 -256.147888184 0.095940657 0.995208919 0.018829364 5.828681946 -0.351078302 0.051533658 -0.934927225 222.387481689
-0.929636836 0.084938981 0.358553410 -255.705749512 0.098061092 0.995007753 0.018536322 5.833332062 -0.355188966 0.052392185 -0.933325171 221.225738525
-0.928130031 0.087043740 0.361936867 -255.255462646 0.099713556 0.994880438 0.016436648 5.837745667 -0.358653188 0.051345352 -0.932057738 220.084503174
-0.926709175 0.089419596 0.364985436 -254.801361084 0.100929953 0.994814515 0.012539661 5.834886551 -0.361971527 0.048458580 -0.930928826 218.935333252
-0.925710201 0.088438168 0.367749393 -254.339492798 0.098546416 0.995093882 0.008759010 5.837074280 -0.365170538 0.044348683 -0.929883838 217.798522949
-0.924783587 0.086712882 0.370481223 -253.875656128 0.096793234 0.995266795 0.008665334 5.826690674 -0.367976248 0.043873630 -0.928799629 216.644439697
-0.924156904 0.082771383 0.372938365 -253.405822754 0.093568452 0.995553076 0.010909632 5.823578835 -0.370376945 0.044977475 -0.927792072 215.501831055
-0.923320174 0.080719441 0.375452340 -252.936233521 0.092261747 0.995652080 0.012834230 5.819304466 -0.372783929 0.046489991 -0.926753044 214.350952148
-0.922609568 0.079459578 0.377462953 -252.462387085 0.090876177 0.995783746 0.012500959 5.818795204 -0.374878138 0.045835882 -0.925940633 213.213653564
-0.921641469 0.080418117 0.379618704 -252.001449585 0.091764145 0.995710194 0.011855282 5.807964325 -0.377036840 0.045761701 -0.925067306 212.084686279
-0.920825481 0.079452939 0.381796092 -251.524932861 0.089936577 0.995900631 0.009661274 5.809288502 -0.379463375 0.043233771 -0.924196482 210.964813232
-0.919668913 0.080396794 0.384376943 -251.060287476 0.091063716 0.995798826 0.009598457 5.805397034 -0.381990433 0.043830194 -0.923126459 209.817443848
-0.918660164 0.079289325 0.387009770 -250.584625244 0.091279246 0.995744765 0.012668117 5.802639484 -0.384358525 0.046963658 -0.921988487 208.685607910
-0.917829514 0.078314707 0.389173090 -250.102340698 0.091664314 0.995664299 0.015820868 5.801818848 -0.386246741 0.050194144 -0.921028733 207.562011719
-0.916658878 0.079095595 0.391766340 -249.621246338 0.091897316 0.995670021 0.014001602 5.806170464 -0.388962537 0.048836961 -0.919958472 206.443817139
-0.915202260 0.079721563 0.395030886 -249.129302979 0.091344215 0.995762229 0.010669295 5.806337357 -0.392506242 0.045848344 -0.918606043 205.315185547
-0.913876653 0.079867430 0.398058981 -248.645202637 0.090853058 0.995825589 0.008778691 5.803743362 -0.395696223 0.044187512 -0.917317986 204.196105957
-0.912624121 0.079389438 0.401017338 -248.152801514 0.090121433 0.995899141 0.007937565 5.802593231 -0.398742676 0.043384265 -0.916036248 203.085418701
-0.910784841 0.079132251 0.405227751 -247.662124634 0.090304486 0.995877981 0.008493674 5.801667690 -0.402885258 0.044329785 -0.914176583 201.954223633
-0.909124851 0.078502834 0.409059346 -247.161651611 0.091051519 0.995782554 0.011258621 5.798914909 -0.406450331 0.047480963 -0.912438512 200.824371338
-0.907627106 0.076132976 0.412816048 -246.652160645 0.089248441 0.995930314 0.012550746 5.797175407 -0.410180509 0.048234582 -0.910728097 199.713439941
-0.906095624 0.072961271 0.416734457 -246.137207031 0.085954726 0.996220946 0.012472310 5.797788620 -0.414249629 0.047121398 -0.908942819 198.598297119
-0.904723287 0.069546096 0.420285344 -245.617065430 0.081679352 0.996598899 0.010915501 5.795384884 -0.418096751 0.044204131 -0.907326698 197.498992920
-0.903453350 0.066780090 0.423453122 -245.089401245 0.077755257 0.996934772 0.008673588 5.790051460 -0.421575904 0.040761888 -0.905876517 196.391204834
-0.901908755 0.063915558 0.427171230 -244.560302734 0.073698081 0.997260153 0.006387395 5.786331177 -0.425592601 0.037242550 -0.904148102 195.292083740
-0.900031805 0.063992962 0.431100756 -244.038040161 0.073648632 0.997267842 0.005724850 5.784850121 -0.429556549 0.036902525 -0.902285695 194.198852539
-0.897664666 0.063727230 0.436047345 -243.508438110 0.074594960 0.997183204 0.007828324 5.781497955 -0.434320182 0.039554138 -0.899889946 193.106109619
-0.895439744 0.061397094 0.440928966 -242.968368530 0.074091502 0.997183859 0.011612478 5.773689270 -0.438974261 0.043067358 -0.897467017 192.024963379
-0.893000722 0.060229927 0.446006596 -242.426055908 0.074184000 0.997148037 0.013874724 5.772363663 -0.443898916 0.045476690 -0.894922018 190.941040039
-0.890871048 0.059006281 0.450407773 -241.880020142 0.072942026 0.997243047 0.013628388 5.767786026 -0.448361874 0.044994794 -0.892718911 189.883453369
-0.888486505 0.059198491 0.455068588 -241.335235596 0.072597764 0.997289002 0.012007244 5.770654202 -0.453124106 0.043705232 -0.890375495 188.822265625
-0.886373758 0.058999278 0.459195614 -240.768127441 0.072050877 0.997340977 0.010935664 5.770990372 -0.457329422 0.042778529 -0.888267875 187.741424561
-0.884317517 0.058591090 0.463195115 -240.206420898 0.071570642 0.997380495 0.010478439 5.766157150 -0.461367816 0.042417441 -0.886194348 186.687988281
-0.881986260 0.058356237 0.467648566 -239.646850586 0.070937641 0.997437179 0.009321804 5.763259888 -0.465906084 0.041395582 -0.883865595 185.614624023
-0.880178928 0.056857720 0.471224517 -239.082839966 0.068905324 0.997588396 0.008336593 5.755273342 -0.469614089 0.039807569 -0.881973982 184.576171875
-0.878590584 0.056032632 0.474277347 -238.497573853 0.068112090 0.997643054 0.008311749 5.750967026 -0.472693771 0.039606649 -0.880336285 183.518829346
-0.876978040 0.053894501 0.477498710 -237.928649902 0.066665530 0.997726977 0.009826628 5.746585846 -0.475883752 0.040450439 -0.878577590 182.492279053
-0.874655843 0.053849716 0.481744111 -237.354766846 0.068241686 0.997591913 0.012388212 5.741920471 -0.479916930 0.043710452 -0.876224399 181.429260254
-0.872605085 0.055793833 0.485229403 -236.776596069 0.071245104 0.997368276 0.013440730 5.741296768 -0.483202487 0.046298664 -0.874283671 180.391662598
-0.870386362 0.058478035 0.488884449 -236.191131592 0.074272431 0.997153819 0.012956250 5.739021778 -0.486735344 0.047587577 -0.872252345 179.346740723
-0.868241668 0.060629167 0.492423445 -235.602737427 0.076819308 0.996964157 0.012697611 5.737907410 -0.490158677 0.048852220 -0.870263338 178.312835693
-0.866037130 0.062420908 0.496067882 -235.012451172 0.079751104 0.996719122 0.013811220 5.736521244 -0.493578225 0.051522989 -0.868173838 177.270599365
-0.864003181 0.062587589 0.499581575 -234.418029785 0.080797821 0.996619463 0.014879545 5.737493515 -0.496961445 0.053221069 -0.866139293 176.241302490
-0.861891270 0.065550663 0.502838314 -233.820266724 0.083536156 0.996416092 0.013291251 5.724335194 -0.500164926 0.053460795 -0.864278197 175.210205078
-0.859531999 0.066872060 0.506688476 -233.224121094 0.082864374 0.996519744 0.009049431 5.729068279 -0.504319966 0.049764697 -0.862081885 174.187164307
-0.857600451 0.066659696 0.509978414 -232.609222412 0.082029276 0.996600330 0.007677322 5.726703644 -0.507732868 0.048417233 -0.860152960 173.171478271
-0.855727196 0.064082786 0.513443768 -231.990234375 0.080911562 0.996666431 0.010456944 5.722722054 -0.511062086 0.050491828 -0.858059645 172.144378662
-0.854001522 0.061587390 0.516612470 -231.357849121 0.078014337 0.996900856 0.010119452 5.717355251 -0.514388204 0.048945203 -0.856159568 171.120758057
-0.852033377 0.061958637 0.519808292 -230.731597900 0.077294990 0.996977270 0.007861631 5.717857838 -0.517749965 0.046876948 -0.854246974 170.094573975
-0.849998236 0.060571168 0.523291767 -230.094955444 0.075010791 0.997162044 0.006420444 5.710505962 -0.521417797 0.044709891 -0.852129459 169.074493408
-0.847605348 0.061522137 0.527048528 -229.458648682 0.075222149 0.997156322 0.004575503 5.705833435 -0.525268257 0.043523949 -0.849822879 168.046783447
-0.845437884 0.065799572 0.530004859 -228.813598633 0.078424402 0.996919155 0.001332272 5.694763184 -0.528284311 0.042691670 -0.847993493 167.029174805
-0.843086481 0.068121910 0.533446312 -228.167617798 0.080478579 0.996756315 -0.000094766 5.683013916 -0.531722426 0.042851102 -0.845834136 166.014312744
-0.840266228 0.070296474 0.537597537 -227.510971069 0.084247954 0.996443868 0.001384343 5.670332909 -0.535588443 0.046454705 -0.843200564 164.988769531
-0.837404370 0.072888292 0.541702449 -226.852432251 0.087632619 0.996151805 0.001432739 5.655448914 -0.539513469 0.048670579 -0.840569258 163.957580566
-0.834504485 0.074510485 0.545939922 -226.184402466 0.089346007 0.996000469 0.000635903 5.639544010 -0.543709040 0.049308218 -0.837824106 162.928710938
-0.832441807 0.075205632 0.548985124 -225.502182007 0.088354118 0.996086061 -0.002480233 5.626517296 -0.547022939 0.046440449 -0.835828424 161.907867432
-0.829914689 0.075116597 0.552810371 -224.817596436 0.088505752 0.996072590 -0.002477097 5.610720634 -0.550825357 0.046871118 -0.833303571 160.882354736
-0.827531457 0.071632296 0.556831062 -224.119201660 0.086369798 0.996263146 0.000195915 5.594150066 -0.554736197 0.048255503 -0.830626011 159.852905273
-0.824943423 0.070828736 0.560760021 -223.419677734 0.087415561 0.996168077 0.002774029 5.582760334 -0.558414698 0.051307563 -0.827973843 158.826263428
-0.822504163 0.068750367 0.564588606 -222.711303711 0.084631413 0.996410429 0.001959140 5.570689201 -0.562427282 0.049393330 -0.825370193 157.801208496
-0.820378542 0.066792764 0.567906618 -221.994506836 0.081117876 0.996704519 -0.000044540 5.561213493 -0.566038072 0.046030834 -0.823093057 156.784484863
-0.818335176 0.063462324 0.571227074 -221.292663574 0.076569937 0.997063637 -0.001078575 5.539950371 -0.569618165 0.042856179 -0.820791602 155.796264648
-0.816399574 0.059993308 0.574362695 -220.584899902 0.073775396 0.997274637 0.000697122 5.518926620 -0.572755516 0.042942967 -0.818600655 154.809997559
-0.814132810 0.059111170 0.577662468 -219.872390747 0.073668204 0.997281253 0.001774797 5.505094528 -0.575986981 0.044000275 -0.816273928 153.804718018
-0.811880708 0.057755120 0.580959618 -219.161697388 0.072333522 0.997378647 0.001932094 5.488230705 -0.579325140 0.043591484 -0.813930154 152.828033447
-0.809235096 0.058205787 0.584594667 -218.444458008 0.073095649 0.997323155 0.001884341 5.478825569 -0.582920074 0.044256195 -0.811323524 151.819152832
-0.807107329 0.055580907 0.587782681 -217.725891113 0.071446620 0.997437239 0.003788180 5.468383789 -0.586065769 0.045052554 -0.809009910 150.841003418
-0.805263638 0.051802121 0.590649784 -216.990234375 0.067522630 0.997707367 0.004554569 5.453197002 -0.589059711 0.043549854 -0.806915283 149.852996826
-0.803644776 0.049176276 0.593073905 -216.256317139 0.063713200 0.997961819 0.003585962 5.442208290 -0.591688752 0.040668476 -0.805140018 148.889221191
-0.801533580 0.048365027 0.595990539 -215.524200439 0.063393742 0.997979462 0.004270053 5.432089329 -0.594579816 0.041204661 -0.802980065 147.906402588
-0.799193144 0.048117816 0.599145353 -214.793487549 0.063858740 0.997946262 0.005034619 5.417379379 -0.597672582 0.042284299 -0.800624609 146.941711426
-0.796538353 0.051840421 0.602361917 -214.061645508 0.065039843 0.997882664 0.000126256 5.405676842 -0.601079941 0.039278083 -0.798223495 145.967498779
-0.794646502 0.053393494 0.604719937 -213.336578369 0.063466854 0.997972786 -0.004715480 5.387228012 -0.603745818 0.034632534 -0.796424270 145.029846191
-0.792628169 0.052556537 0.607436359 -212.600555420 0.061530314 0.998086751 -0.006067037 5.370945930 -0.606593072 0.032566842 -0.794345498 144.084411621
-0.790759563 0.049413245 0.610129356 -211.854782104 0.060750242 0.998150766 -0.002102897 5.345537663 -0.609104991 0.035402618 -0.792299151 143.116455078
-0.788287640 0.048278622 0.613410115 -211.117141724 0.061724827 0.998092890 0.000766794 5.326977253 -0.612203300 0.038467083 -0.789764285 142.168609619
-0.785697579 0.049212333 0.616650343 -210.374389648 0.062911227 0.998018980 0.000509767 5.309766769 -0.615403652 0.039194748 -0.787237048 141.228027344
-0.782090902 0.050550587 0.621110976 -209.635848999 0.063672438 0.997970283 -0.001047098 5.294142246 -0.619903266 0.038728721 -0.783722162 140.292175293
-0.778861761 0.051045556 0.625115037 -208.883956909 0.064415522 0.997922421 -0.001229721 5.272098541 -0.623879075 0.039309330 -0.780531645 139.364471436
-0.775946498 0.047136694 0.629035056 -208.122924805 0.061518125 0.998105347 0.001092768 5.257376671 -0.627791762 0.039544988 -0.777376175 138.432159424
-0.773350120 0.045043129 0.632377326 -207.362304688 0.061457362 0.998101413 0.004064714 5.245826244 -0.630993664 0.042007685 -0.774650097 137.508178711
-0.770457268 0.045139838 0.635891676 -206.598861694 0.063093491 0.997991920 0.005601012 5.237857342 -0.634361923 0.044435963 -0.771758199 136.584014893
-0.766804338 0.050162364 0.639918208 -205.833831787 0.068695500 0.997629166 0.004113891 5.231433868 -0.638194680 0.047114041 -0.768432260 135.658599854
-0.763224006 0.051796667 0.644054472 -205.064163208 0.070456468 0.997509480 0.003270541 5.220696449 -0.642281055 0.047873959 -0.764972568 134.741424561
-0.759799361 0.050683286 0.648179114 -204.279235840 0.070878260 0.997471988 0.005088253 5.211678505 -0.646282673 0.049807858 -0.761470914 133.820129395
-0.756544232 0.046917483 0.652257442 -203.487823486 0.068056419 0.997655690 0.007175378 5.205066681 -0.650391638 0.049818791 -0.757963657 132.917572021
-0.753644824 0.045041196 0.655736923 -202.680831909 0.065778121 0.997809291 0.007061990 5.199886322 -0.653982341 0.048455372 -0.754956484 131.983978271
-0.750431538 0.047957063 0.659205973 -201.883209229 0.067718983 0.997694254 0.004508423 5.196434975 -0.657469809 0.048024025 -0.751948833 131.081817627
-0.747411847 0.051402457 0.662369549 -201.086059570 0.069248050 0.997599185 0.000721285 5.186097622 -0.660742283 0.046406895 -0.749176979 130.183197021
-0.744320273 0.054957483 0.665557861 -200.287139893 0.072411895 0.997373879 -0.001375580 5.167503357 -0.663885653 0.047170427 -0.746345162 129.268707275
-0.741712689 0.055598591 0.668409348 -199.476547241 0.073249884 0.997312188 -0.001673799 5.157199383 -0.666705906 0.047719434 -0.743791699 128.377471924
-0.738914728 0.055089336 0.671543419 -198.646179199 0.073316000 0.997308135 -0.001141824 5.145762444 -0.669798613 0.048391160 -0.740964532 127.456146240
-0.736473441 0.054479361 0.674269080 -197.804809570 0.073229834 0.997314930 -0.000595087 5.129087925 -0.672491014 0.048938353 -0.738485456 126.529479980
-0.734070063 0.053926229 0.676929533 -196.970306396 0.073930785 0.997263134 0.000726394 5.117170334 -0.675037682 0.050579146 -0.736047864 125.629608154
-0.730857015 0.054316409 0.680366039 -196.140762329 0.075542308 0.997141421 0.001542515 5.101544857 -0.678337395 0.052523773 -0.732870936 124.729766846
-0.728109121 0.057363011 0.683056951 -195.298690796 0.078009091 0.996952474 -0.000569609 5.090077877 -0.681008041 0.052869916 -0.730365038 123.826019287
-0.724389076 0.061133087 0.686675787 -194.458526611 0.078990743 0.996860623 -0.005419086 5.072261810 -0.684851348 0.050315496 -0.726943851 122.930725098
-0.721394420 0.061062209 0.689827442 -193.596496582 0.077231146 0.996985137 -0.007485949 5.056572914 -0.688204765 0.047875840 -0.723935366 122.023406982
-0.718427539 0.059847720 0.693022430 -192.735427856 0.075565018 0.997110605 -0.007772916 5.029372692 -0.691485226 0.046783976 -0.720874071 121.135894775
-0.716073394 0.056328792 0.695748806 -191.859451294 0.070975885 0.997448266 -0.007705556 5.006321430 -0.694407463 0.043863636 -0.718244195 120.250274658
-0.713196039 0.055962842 0.698727250 -190.992004395 0.068701833 0.997589350 -0.009775014 4.989287376 -0.697589934 0.041032344 -0.715321541 119.365631104
-0.710201979 0.054464668 0.701888263 -190.116912842 0.067317389 0.997688234 -0.009303227 4.970161438 -0.700772345 0.040642112 -0.712226629 118.488967896
-0.706890821 0.053491011 0.705297410 -189.231933594 0.067554988 0.997683823 -0.007958526 4.947453022 -0.704089463 0.042020548 -0.708867073 117.609161377
-0.703967929 0.051662650 0.708350420 -188.355407715 0.067844406 0.997681618 -0.005340009 4.916219711 -0.706984043 0.044298414 -0.705840945 116.733901978
-0.701340437 0.051026490 0.710998058 -187.460021973 0.066149376 0.997789502 -0.006357932 4.892678261 -0.709750831 0.042572998 -0.703165412 115.872268677
-0.697775126 0.052041583 0.714423954 -186.557189941 0.067505628 0.997696102 -0.006743808 4.873301506 -0.713128984 0.043521974 -0.699680567 114.978759766
-0.694241405 0.050442133 0.717972577 -185.651794434 0.066061385 0.997796178 -0.006223667 4.855797768 -0.716704249 0.043109536 -0.696043730 114.100051880
-0.691014171 0.049391650 0.721151948 -184.732604980 0.066863179 0.997753024 -0.004267163 4.828059673 -0.719742298 0.045269839 -0.692764044 113.218917847
-0.687380791 0.050124329 0.724565804 -183.809509277 0.065417409 0.997833669 -0.006968428 4.805612087 -0.723345459 0.042609252 -0.689170718 112.343887329
-0.683875203 0.052861221 0.727681696 -182.885894775 0.067020424 0.997706473 -0.009490944 4.781355381 -0.726514399 0.042278912 -0.685849547 111.475845337
-0.680722952 0.054058123 0.730543613 -181.953582764 0.068120480 0.997623444 -0.010346375 4.753309250 -0.729366720 0.042721968 -0.682787657 110.605041504
-0.677252650 0.053053468 0.733835578 -181.009796143 0.069261312 0.997564852 -0.008199228 4.730291843 -0.732483566 0.045273464 -0.679278016 109.727081299
-0.674100637 0.049525473 0.736977339 -180.052825928 0.067283079 0.997718751 -0.005504820 4.710839272 -0.735568762 0.045875303 -0.675895095 108.857635498
-0.671638370 0.046244081 0.739434659 -179.099761963 0.064910337 0.997885168 -0.003448601 4.681925774 -0.738030374 0.045680743 -0.673219681 107.995269775
-0.669066310 0.044171166 0.741889060 -178.135879517 0.059825767 0.998193800 -0.005477888 4.661102295 -0.740791023 0.040719006 -0.670500398 107.136642456
-0.667033792 0.042673502 0.743804634 -177.166427612 0.055012804 0.998454034 -0.007948521 4.635732174 -0.742993891 0.035616841 -0.668350220 106.285476685
-0.664891839 0.041418977 0.745790541 -176.198181152 0.051989213 0.998606086 -0.009109864 4.611189365 -0.745128334 0.032715987 -0.666118383 105.427200317
-0.662970901 0.040287048 0.747560501 -175.219207764 0.050804555 0.998670161 -0.008763883 4.586082458 -0.746919453 0.032169279 -0.664136052 104.566772461
-0.661017299 0.040221639 0.749292076 -174.236297607 0.051259041 0.998650193 -0.008386902 4.557773113 -0.748618007 0.032864105 -0.662186861 103.700759888
-0.659382701 0.040793687 0.750699818 -173.254852295 0.053560123 0.998538554 -0.007216530 4.530139446 -0.749897063 0.035449121 -0.660604000 102.839889526
-0.658214092 0.040737435 0.751727819 -172.284851074 0.054587789 0.998489022 -0.006312700 4.507209778 -0.750849128 0.036880046 -0.659443259 101.996597290
-0.657098055 0.039532587 0.752767980 -171.294616699 0.053504452 0.998551130 -0.005735695 4.487274170 -0.751904070 0.036507521 -0.658261180 101.146942139
-0.655717134 0.036548816 0.754121542 -170.311737061 0.049881794 0.998742461 -0.005031690 4.461039543 -0.753357053 0.034317568 -0.656715751 100.295166016
-0.654938459 0.035684325 0.754839361 -169.312057495 0.047969066 0.998833120 -0.005598417 4.439635754 -0.754158318 0.032542322 -0.655885935 99.443145752
-0.654078245 0.035086215 0.755612791 -168.314727783 0.043630682 0.999010563 -0.008620314 4.414597988 -0.755167603 0.027329540 -0.654961824 98.589294434
-0.652991295 0.033164065 0.756639242 -167.309494019 0.041578721 0.999103904 -0.007908416 4.393014431 -0.756223500 0.026295962 -0.653785110 97.724777222
-0.652383327 0.028786084 0.757342458 -166.312210083 0.039636176 0.999206841 -0.003836147 4.364867687 -0.756852210 0.027515519 -0.653006792 96.882431030
-0.652521610 0.024418684 0.757376730 -165.304336548 0.036756124 0.999324083 -0.000551928 4.345861435 -0.756878316 0.027478084 -0.652978182 96.028732300
-0.652940392 0.020250371 0.757138491 -164.300582886 0.033107329 0.999450147 0.001819850 4.335165977 -0.756685317 0.026255090 -0.653251767 95.177841187
-0.653923988 0.018624716 0.756330967 -163.301361084 0.031046569 0.999515474 0.002229718 4.320146561 -0.755922973 0.024939548 -0.654185414 94.329803467
-0.655594468 0.023821400 0.754737318 -162.311187744 0.035903379 0.999355197 -0.000355068 4.306438446 -0.754259109 0.026864842 -0.656027079 93.477554321
-0.656142950 0.031130699 0.753994405 -161.319213867 0.043776669 0.999036372 -0.003152482 4.289248466 -0.753365934 0.030938884 -0.656873465 92.600296021
-0.656582952 0.038769197 0.753257036 -160.327087402 0.055489462 0.998454690 -0.003021364 4.269980431 -0.752210140 0.039814044 -0.657719612 91.724029541
-0.656907558 0.042894404 0.752750278 -159.344146729 0.063134432 0.998003483 -0.001773885 4.251090050 -0.751323462 0.046359181 -0.658304214 90.852920532
-0.657816172 0.046295416 0.751754344 -158.360946655 0.068250708 0.997666717 -0.001717284 4.230617523 -0.750079811 0.050178107 -0.659440994 89.969131470
-0.658838511 0.048950974 0.750690281 -157.374359131 0.070686862 0.997494042 -0.003006683 4.212294579 -0.748956263 0.051083017 -0.660647631 89.095443726
-0.660077333 0.046108279 0.749781489 -156.390090942 0.067160226 0.997739732 -0.002231491 4.193871498 -0.748189688 0.048882529 -0.661682010 88.237716675
-0.661800385 0.042889878 0.748452425 -155.413330078 0.064634547 0.997909009 -0.000033453 4.175312996 -0.746888816 0.048353739 -0.663188696 87.384994507
-0.662623644 0.042065229 0.747770488 -154.425598145 0.061015617 0.998134613 -0.002081363 4.156539917 -0.746463180 0.044246517 -0.663954258 86.519149780
-0.663910508 0.041637141 0.746652365 -153.445602417 0.058326107 0.998290300 -0.003807200 4.137710094 -0.745534360 0.041021679 -0.665203929 85.658477783
-0.664180517 0.041505270 0.746419191 -152.471069336 0.056232288 0.998402655 -0.005480276 4.108503342 -0.745454371 0.038332961 -0.665453553 84.798599243
-0.664429426 0.044114377 0.746048033 -151.491851807 0.058345195 0.998271465 -0.007066393 4.084913731 -0.745070219 0.038833193 -0.665854692 83.927215576
-0.664673567 0.047640286 0.745613694 -150.513580322 0.059436709 0.998173714 -0.010792832 4.059129238 -0.744766176 0.037143111 -0.666291237 83.065505981
-0.664893985 0.050776180 0.745210052 -149.561767578 0.062347863 0.997977793 -0.012370731 4.022463799 -0.744331241 0.038237028 -0.666715264 82.213256836
-0.663959026 0.053051304 0.745884895 -148.594467163 0.066154383 0.997736335 -0.012076153 3.991487741 -0.744837105 0.041325483 -0.665965676 81.336669922
-0.663435459 0.053470891 0.746320605 -147.616455078 0.069517322 0.997533858 -0.009672482 3.963597775 -0.744997263 0.045465138 -0.665516496 80.474685669
-0.662501931 0.054126244 0.747102201 -146.656509399 0.074136540 0.997226894 -0.006505872 3.932710409 -0.745382547 0.051077422 -0.664677501 79.603866577
-0.662038207 0.055804562 0.747389972 -145.691680908 0.076042518 0.997079372 -0.007089400 3.908288956 -0.745602787 0.052139957 -0.664348245 78.760345459
-0.660879731 0.057332367 0.748299003 -144.709045410 0.075761229 0.997080922 -0.009482787 3.895687580 -0.746658266 0.050425064 -0.663294077 77.886886597
-0.659853339 0.056000844 0.749304831 -143.737274170 0.075226903 0.997132123 -0.008276376 3.858556986 -0.747619331 0.050906688 -0.662173629 77.023284912
-0.660158157 0.052879252 0.749263108 -142.756546021 0.072314970 0.997359514 -0.006673648 3.836752653 -0.747637570 0.049777273 -0.662239075 76.178695679
-0.659518719 0.049125716 0.750081062 -141.771240234 0.070358753 0.997515738 -0.003467299 3.814527988 -0.748387992 0.050488025 -0.661336660 75.313064575
-0.659262657 0.047890972 0.750386178 -140.788650513 0.068468191 0.997647107 -0.003517888 3.796063662 -0.748789072 0.049058370 -0.660990477 74.460021973
-0.659004569 0.048129011 0.750597656 -139.794860840 0.067521900 0.997706771 -0.004691478 3.775505543 -0.749102116 0.047590069 -0.660742998 73.591293335
-0.658927679 0.050578039 0.750504076 -138.831481934 0.069245525 0.997578919 -0.006432740 3.751438141 -0.749012411 0.047730334 -0.660834670 72.742126465
-0.658986211 0.051632538 0.750380754 -137.850936890 0.068749063 0.997599721 -0.008267703 3.729747534 -0.749006569 0.046139669 -0.660954237 71.887237549
-0.659231663 0.052602511 0.750097811 -136.879013062 0.069848865 0.997520804 -0.008566244 3.706010342 -0.748688757 0.046746336 -0.661271453 71.027526855
-0.659019947 0.051303308 0.750373781 -135.902572632 0.070128873 0.997516036 -0.006609441 3.679902077 -0.748848975 0.048267115 -0.660980821 70.172363281
-0.659220815 0.050025288 0.750283659 -134.917968750 0.069582716 0.997561693 -0.005375229 3.649899960 -0.748723149 0.048663307 -0.661094308 69.314819336
-0.659722447 0.050322033 0.749822855 -133.936111450 0.068590201 0.997623086 -0.006604148 3.628795624 -0.748372912 0.047073595 -0.661605835 68.457717896
-0.659689903 0.051448666 0.749775171 -132.956420898 0.067247160 0.997693062 -0.009293087 3.602185488 -0.748523653 0.044289690 -0.661627769 67.594863892
-0.660023570 0.052841153 0.749384403 -131.987945557 0.065750249 0.997758508 -0.012444888 3.570607424 -0.748362303 0.041058294 -0.662018538 66.745193481
-0.660291076 0.053827424 0.749078512 -131.011245728 0.066319637 0.997710645 -0.013234845 3.538792133 -0.748075962 0.040939763 -0.662349224 65.889175415
-0.660047412 0.052875988 0.749360800 -130.030975342 0.065447390 0.997774482 -0.012757453 3.507564068 -0.748367608 0.040623184 -0.662039042 65.021850586
-0.660650849 0.051640343 0.748915136 -129.053878784 0.065710366 0.997779906 -0.010834464 3.475295067 -0.747811973 0.042053685 -0.662577391 64.184036255
-0.660597563 0.048745129 0.749156535 -128.074951172 0.064408086 0.997890472 -0.008135151 3.440880537 -0.747972667 0.042877670 -0.662343502 63.323348999
-0.660538197 0.045846153 0.749391437 -127.097427368 0.063037731 0.997996032 -0.005491731 3.414285421 -0.748141468 0.043612435 -0.662104487 62.449279785
-0.660835862 0.041168850 0.749400616 -126.121994019 0.059655551 0.998216510 -0.002232323 3.391947985 -0.748155951 0.043230705 -0.662113190 61.605773926
-0.660897493 0.037644371 0.749531507 -125.147674561 0.056079008 0.998426080 -0.000697297 3.368557930 -0.748378038 0.041572139 -0.661968350 60.744537354
-0.661278605 0.036117353 0.749270678 -124.172843933 0.051219873 0.998683095 -0.002935112 3.352132559 -0.748389959 0.036436617 -0.662257671 59.902572632
-0.661623240 0.036083777 0.748967886 -123.193305969 0.048120830 0.998825729 -0.005612456 3.333005190 -0.748290896 0.032327622 -0.662582636 59.048629761
-0.661910295 0.035845265 0.748725474 -122.220901489 0.045321852 0.998942316 -0.007757652 3.313287258 -0.748211622 0.028798755 -0.662834764 58.201583862
-0.661990285 0.034849916 0.748701930 -121.249267578 0.042865958 0.999043822 -0.008601218 3.285593510 -0.748285770 0.026399903 -0.662851095 57.361511230
-0.661687493 0.034196336 0.748999476 -120.284233093 0.041936595 0.999083579 -0.008566193 3.252695084 -0.748605967 0.025742343 -0.662515163 56.511032104
-0.661926389 0.033090871 0.748838305 -119.310531616 0.041023176 0.999127030 -0.007889109 3.233191490 -0.748445630 0.025497714 -0.662706137 55.662322998
-0.661848187 0.030145865 0.749031544 -118.343132019 0.040110376 0.999183834 -0.004771876 3.202005625 -0.748564124 0.026885679 -0.662517190 54.812377930
-0.661548734 0.029497989 0.749321878 -117.372161865 0.040647171 0.999167621 -0.003447587 3.179453135 -0.748799801 0.028177068 -0.662197113 53.955352783
-0.661391854 0.031146623 0.749393642 -116.409164429 0.041202433 0.999137461 -0.005162586 3.155091047 -0.748908103 0.027462352 -0.662104726 53.112152100
-0.661129594 0.034238830 0.749490082 -115.446044922 0.042980134 0.999046028 -0.007726226 3.132399559 -0.749039650 0.027105145 -0.661970496 52.271713257
-0.660326838 0.037583746 0.750037372 -114.485382080 0.046898298 0.998861253 -0.008763220 3.102072954 -0.749512613 0.029388886 -0.661337495 51.405349731
-0.660161495 0.040806908 0.750014842 -113.520751953 0.050158475 0.998689294 -0.010187467 3.074934483 -0.749447525 0.030894224 -0.661342978 50.562591553
-0.659503222 0.042795651 0.750482440 -112.544921875 0.051027350 0.998623908 -0.012104284 3.048762798 -0.749967754 0.030312318 -0.660779476 49.701553345
-0.659183383 0.041356832 0.750844181 -111.567245483 0.052403346 0.998585463 -0.008996437 3.016042709 -0.750154138 0.033416446 -0.660418153 48.848098755
-0.659142375 0.036186200 0.751147211 -110.591896057 0.050754476 0.998704791 -0.003574416 2.998408794 -0.750303626 0.035768032 -0.660125256 47.994827271
-0.658858180 0.033927407 0.751501918 -109.614471436 0.051099379 0.998693526 -0.000287218 2.982979536 -0.750529826 0.038212042 -0.659731030 47.143325806
-0.658601046 0.034953695 0.751680136 -108.644210815 0.052744616 0.998607993 -0.000222682 2.961186886 -0.750641584 0.039500423 -0.659527898 46.301315308
-0.658081770 0.039647430 0.751902282 -107.669357300 0.055565439 0.998447001 -0.004015509 2.944723606 -0.750893712 0.039137237 -0.659262776 45.448333740
-0.657445073 0.042026192 0.752329528 -106.689590454 0.057065710 0.998353004 -0.005900874 2.924807310 -0.751338422 0.039052721 -0.658760428 44.579681396
-0.657125235 0.042290717 0.752594352 -105.712219238 0.058678485 0.998265088 -0.004860842 2.905082464 -0.751494229 0.040966909 -0.658466697 43.727371216
-0.656912446 0.041148815 0.752843201 -104.719772339 0.060988825 0.998137534 -0.001338739 2.886923313 -0.751496136 0.045035586 -0.658198595 42.872406006
-0.656223774 0.040741719 0.753465772 -103.745849609 0.063544810 0.997978032 0.001380645 2.870347738 -0.751886010 0.048784848 -0.657485843 42.018539429
-0.655332446 0.043341819 0.754095972 -102.770248413 0.067128606 0.997743845 0.000991286 2.853867292 -0.752351642 0.051271040 -0.656763434 41.163635254
-0.654795170 0.048547756 0.754245758 -101.786224365 0.067696229 0.997691095 -0.005447177 2.839725018 -0.752768755 0.047492810 -0.656569839 40.312896729
-0.654837966 0.052561384 0.753939569 -100.811492920 0.066854112 0.997696638 -0.011488612 2.817318678 -0.752806842 0.042880777 -0.656843543 39.467193604
-0.654991627 0.051278852 0.753894329 -99.822906494 0.062903225 0.997931957 -0.013226958 2.792229176 -0.753013551 0.038758837 -0.656862736 38.619140625
-0.655538797 0.047962118 0.753636897 -98.829406738 0.062291075 0.998014390 -0.009331640 2.761662006 -0.752588034 0.040827602 -0.657224774 37.760864258
-0.656021357 0.045647204 0.753360987 -97.835235596 0.062839739 0.998007059 -0.005750279 2.734827757 -0.752122045 0.043568693 -0.657582402 36.907180786
-0.655881166 0.048903678 0.753278315 -96.864089966 0.065668814 0.997812510 -0.007601124 2.709591389 -0.752002239 0.044481460 -0.657657862 36.051765442
-0.655475974 0.053661268 0.753307521 -95.880615234 0.068731554 0.997571707 -0.011255826 2.684931278 -0.752082229 0.044398073 -0.657572508 35.187805176
-0.655147910 0.056406021 0.753392160 -94.896759033 0.071246505 0.997377694 -0.012717303 2.654594660 -0.752133846 0.045344844 -0.657448649 34.322227478
-0.655368328 0.055424519 0.753273129 -93.901596069 0.069657989 0.997488976 -0.012789120 2.622891426 -0.752090454 0.044089902 -0.657583475 33.458724976
-0.656125546 0.053376503 0.752761722 -92.913436890 0.067370735 0.997655630 -0.012019353 2.584470034 -0.751638532 0.042827908 -0.658183336 32.610015869
-0.656835794 0.049055945 0.752436459 -91.909896851 0.065448806 0.997824490 -0.007921094 2.554371119 -0.751188099 0.044043206 -0.658617496 31.753341675
-0.656568050 0.045535356 0.752891064 -90.904159546 0.065186709 0.997866929 -0.003504783 2.529294491 -0.751444697 0.046777364 -0.658135891 30.867599487
-0.656755686 0.045818731 0.752710104 -89.925704956 0.065259799 0.997861087 -0.003800906 2.511142969 -0.751274288 0.046625447 -0.658341050 30.013465881
-0.656846404 0.048283204 0.752477050 -88.932983398 0.064579271 0.997883201 -0.007657830 2.490102530 -0.751253963 0.043564402 -0.658574104 29.158203125
-0.656514168 0.048817255 0.752732456 -87.942039490 0.063187800 0.997955382 -0.009610007 2.462647915 -0.751662552 0.041254401 -0.658256531 28.292625427
-0.656113744 0.047577422 0.753160834 -86.937744141 0.061841276 0.998043835 -0.009173930 2.440371752 -0.752124012 0.040557284 -0.657772541 27.423767090
-0.656296492 0.047182411 0.753026605 -85.952888489 0.062475711 0.998013735 -0.008082207 2.414874315 -0.751912296 0.041741546 -0.657940626 26.581710815
-0.655651331 0.046801243 0.753611863 -84.953788757 0.063332111 0.997968793 -0.006876742 2.388142347 -0.752403021 0.043219090 -0.657283664 25.715744019
-0.655841112 0.044898152 0.753562868 -83.949081421 0.062251426 0.998046517 -0.005286100 2.352486134 -0.752328098 0.043443516 -0.657354951 24.870948792
-0.655607581 0.044712964 0.753776848 -82.976768494 0.061911721 0.998067260 -0.005355374 2.326367617 -0.752559483 0.043156598 -0.657108784 24.008674622
-0.655640006 0.044078618 0.753786147 -81.974449158 0.060268521 0.998164475 -0.005947669 2.298709869 -0.752664745 0.041530043 -0.657093167 23.152969360
-0.654838324 0.042630676 0.754565775 -80.986663818 0.057760138 0.998310745 -0.006275281 2.270098448 -0.753558636 0.039474528 -0.656194448 22.284225464
-0.654920220 0.040771935 0.754597545 -79.984718323 0.055478457 0.998443067 -0.005797135 2.243163109 -0.753659010 0.038067244 -0.656162500 21.432220459
-0.655126333 0.038111150 0.754557490 -78.988700867 0.053708367 0.998549402 -0.003803692 2.216625690 -0.753607929 0.038034152 -0.656222939 20.576194763
-0.655140162 0.035477329 0.754674077 -77.992568970 0.051369537 0.998676956 -0.002353533 2.193297386 -0.753759086 0.037225362 -0.656095862 19.720458984
-0.654985547 0.034191489 0.754867494 -77.016342163 0.051505640 0.998672545 -0.000544012 2.177161694 -0.753884077 0.038523611 -0.655877113 18.875396729
-0.654819131 0.032131530 0.755102277 -76.034400940 0.049103349 0.998793721 0.000080843 2.155939102 -0.754188836 0.037130989 -0.655606985 18.037147522
-0.654789329 0.030947417 0.755177617 -75.038856506 0.047224462 0.998884320 0.000012161 2.139947891 -0.754334688 0.035670817 -0.655520201 17.184730530
-0.655443549 0.029980324 0.754649043 -74.054565430 0.046447322 0.998920500 0.000656770 2.122339249 -0.753814757 0.035481904 -0.656128526 16.347816467
-0.655667067 0.029403310 0.754477382 -73.068954468 0.046641830 0.998910367 0.001604079 2.104761124 -0.753608108 0.036241945 -0.656324148 15.495132446
-0.656347990 0.031005200 0.753821254 -72.092102051 0.048554737 0.998819828 0.001194157 2.091619968 -0.752894580 0.037385371 -0.657078743 14.647911072
-0.656838536 0.034193855 0.753255785 -71.130210876 0.051793035 0.998657823 -0.000170342 2.073621035 -0.752250612 0.038901512 -0.657727957 13.803710938
-0.657628894 0.038166787 0.752374649 -70.167762756 0.056511153 0.998401165 -0.001252569 2.060228109 -0.751219511 0.041693829 -0.658734322 12.946006775
-0.658151746 0.041102380 0.751762748 -69.209381104 0.059371024 0.998232603 -0.002600031 2.038630486 -0.750540972 0.042921703 -0.659428716 12.102424622
-0.659049869 0.043305531 0.750851393 -68.241622925 0.061939247 0.998074770 -0.003197846 2.018954754 -0.749544322 0.044399630 -0.660463452 11.254493713
-0.660218120 0.043878771 0.749791265 -67.277069092 0.065242045 0.997869015 -0.000948657 1.996657252 -0.748235106 0.048291590 -0.661673903 10.410774231
-0.661254168 0.041306585 0.749023855 -66.317047119 0.065034464 0.997880161 0.002383488 1.972372055 -0.747337580 0.050288457 -0.662538767 9.567901611
-0.662671328 0.041914240 0.747736812 -65.364074707 0.066845059 0.997757852 0.003311364 1.953448415 -0.745921493 0.052176848 -0.663987279 8.739288330
-0.663821578 0.044986427 0.746536732 -64.429443359 0.067789666 0.997699618 0.000157137 1.942293167 -0.744812369 0.050711788 -0.665344238 7.909179688
-0.664604545 0.050740507 0.745470643 -63.476833344 0.069053695 0.997592807 -0.006338246 1.929071665 -0.743997753 0.047265079 -0.666508436 7.064392090
-0.665028691 0.054371137 0.744836152 -62.549648285 0.071093068 0.997426033 -0.009333957 1.898525953 -0.743426442 0.046745330 -0.667182326 6.238639832
-0.665884614 0.054838724 0.744036734 -61.616230011 0.073026873 0.997296691 -0.008148812 1.871854305 -0.742472231 0.048908506 -0.668089151 5.408042908
-0.665887475 0.053630602 0.744122267 -60.681266785 0.074377112 0.997216046 -0.005314345 1.852900267 -0.742335677 0.051806904 -0.668022513 4.562454224
-0.666355729 0.053033564 0.743745923 -59.750442505 0.074502654 0.997211277 -0.004356890 1.825461864 -0.741902888 0.052507807 -0.668448567 3.735168457
-0.666373730 0.052702725 0.743753016 -58.812522888 0.074440673 0.997217536 -0.003967410 1.803105354 -0.741892636 0.052721694 -0.668442845 2.890838623
-0.666638613 0.050841603 0.743645489 -57.885501862 0.074086003 0.997250319 -0.001765941 1.778627038 -0.741690457 0.053916465 -0.668572187 2.066383362
-0.666800141 0.048229810 0.743674457 -56.979545593 0.072262324 0.997385681 0.000108650 1.748502493 -0.741725028 0.053812090 -0.668542147 1.250328064
-0.667438865 0.047195848 0.743167698 -56.072265625 0.070675842 0.997499347 0.000126436 1.730849743 -0.741303325 0.052608389 -0.669105411 0.458679199
-0.667602539 0.046639681 0.743055999 -55.175765991 0.068883441 0.997624457 -0.000729620 1.711442471 -0.741324842 0.050697152 -0.669229269 -0.331703186
-0.666505814 0.045431573 0.744114280 -54.307060242 0.067437612 0.997723341 -0.000511460 1.683408976 -0.742443442 0.049840398 -0.668052197 -1.133155823
-0.665508866 0.042620692 0.745172322 -53.429275513 0.064952157 0.997887969 0.000933406 1.662722230 -0.743558705 0.049021740 -0.666871548 -1.911003113
-0.664670587 0.039892990 0.746071041 -52.557861328 0.063385911 0.997984231 0.003107158 1.645907879 -0.744443238 0.049355622 -0.665859461 -2.678432465
-0.663393617 0.036451936 0.747382522 -51.700973511 0.060438730 0.998159587 0.004963727 1.623661041 -0.745826066 0.048463747 -0.664375782 -3.440925598
-0.662035108 0.036500521 0.748583555 -50.838043213 0.058182865 0.998302102 0.002779316 1.608662128 -0.747211099 0.045394741 -0.663034678 -4.213382721
-0.661013842 0.037698898 0.749426246 -49.998481750 0.056165356 0.998421252 -0.000684932 1.584628344 -0.748268902 0.041639037 -0.662087679 -4.939079285
-0.659799814 0.040194683 0.750365674 -49.161758423 0.056501068 0.998395324 -0.003799203 1.572625875 -0.749314249 0.039889749 -0.661012053 -5.676681519
-0.658928871 0.040596031 0.751109064 -48.326740265 0.056718767 0.998381376 -0.004202709 1.552774906 -0.750063896 0.039832693 -0.660164833 -6.397384644
-0.657654405 0.041830137 0.752157390 -47.502243042 0.059197918 0.998239219 -0.003755477 1.534351826 -0.750990093 0.042056348 -0.658972740 -7.108802795
-0.655268669 0.045110293 0.754048049 -46.712425232 0.064602181 0.997904778 -0.003559461 1.513025403 -0.752628684 0.046380743 -0.656809926 -7.830471039
-0.653706551 0.048042975 0.755221725 -45.917541504 0.068981595 0.997610867 -0.003753176 1.493881583 -0.753597677 0.049642920 -0.655458808 -8.519283295
-0.652439952 0.049500108 0.756222129 -45.140052795 0.071222536 0.997453034 -0.003842267 1.482737303 -0.754486263 0.051353209 -0.654303789 -9.183681488
-0.650789618 0.049067087 0.757670999 -44.369194031 0.071707420 0.997421205 -0.003001446 1.450908661 -0.755864382 0.052377325 -0.652629852 -9.865550995
-0.648887873 0.049834296 0.759250522 -43.621253967 0.070881538 0.997472763 -0.004891921 1.434505224 -0.757575452 0.050642535 -0.650780201 -10.503185272
-0.646329761 0.047795128 0.761560082 -42.877449036 0.068727896 0.997626245 -0.004281736 1.413602233 -0.759956956 0.049573008 -0.648080349 -11.130134583
-0.642517686 0.045097906 0.764942884 -42.165580750 0.068024680 0.997682214 -0.001681612 1.383535028 -0.763245761 0.050954521 -0.644096136 -11.748737335
-0.638903022 0.040894371 0.768199682 -41.446239471 0.064151749 0.997940123 0.000229895 1.366158843 -0.766607881 0.049428228 -0.640210390 -12.342002869
-0.635015011 0.038692657 0.771530151 -40.761924744 0.062575355 0.998039186 0.001451019 1.339112520 -0.769961178 0.049200188 -0.636191130 -12.884326935
-0.630380869 0.038187113 0.775346339 -40.082870483 0.060638439 0.998159766 0.000139886 1.320854068 -0.773914218 0.047103971 -0.631536365 -13.418693542
-0.624215484 0.039053347 0.780275762 -39.412239075 0.059928078 0.998200655 -0.002018589 1.304148197 -0.778950572 0.045500390 -0.625432611 -13.942405701
-0.613995910 0.039767709 0.788306832 -38.733505249 0.059001695 0.998248160 -0.004403419 1.286212921 -0.787100971 0.043807760 -0.615266681 -14.500816345
-0.603093147 0.039742075 0.796680331 -38.087085724 0.057300404 0.998336315 -0.006424767 1.268471479 -0.795610249 0.041775364 -0.604367018 -14.977432251
-0.589755297 0.038115364 0.806682050 -37.429061890 0.056591701 0.998380542 -0.005799534 1.243101597 -0.805596709 0.042231202 -0.590957284 -15.447551727
-0.573758721 0.036335833 0.818218052 -36.760650635 0.056050599 0.998415232 -0.005033783 1.225926757 -0.817104280 0.042973433 -0.574886203 -15.920043945
-0.555672407 0.034626730 0.830680132 -36.105220795 0.053700060 0.998540819 -0.005702036 1.202137351 -0.829665422 0.041439105 -0.556721091 -16.343971252
-0.535864115 0.032551233 0.843676627 -35.447212219 0.049172867 0.998763561 -0.007302582 1.189590454 -0.842871249 0.037572805 -0.536802292 -16.731109619
-0.511941552 0.031132365 0.858455956 -34.802726746 0.048118345 0.998813272 -0.007527049 1.168423414 -0.857671559 0.037454072 -0.512832165 -17.118389130
-0.485166788 0.029184863 0.873934567 -34.140163422 0.045188613 0.998944223 -0.008272973 1.156274676 -0.873253345 0.035478115 -0.485973358 -17.471506119
-0.456165075 0.026592365 0.889497936 -33.463527679 0.042040136 0.999081373 -0.008308847 1.139302969 -0.888901770 0.033604406 -0.456863880 -17.794527054
-0.422640562 0.024728328 0.905960202 -32.784866333 0.037793532 0.999239028 -0.009643294 1.119252563 -0.905509293 0.030163787 -0.423253536 -18.100015640
-0.385036230 0.023441572 0.922603905 -32.131229401 0.033580594 0.999371231 -0.011377685 1.092351913 -0.922290564 0.026600765 -0.385581255 -18.367959976
-0.344289303 0.021681501 0.938613296 -31.434097290 0.031285647 0.999443054 -0.011610866 1.079642296 -0.938342273 0.025367627 -0.344775915 -18.610555649
-0.301645756 0.018958980 0.953231752 -30.738885880 0.024643915 0.999623239 -0.012083223 1.066770077 -0.953101754 0.019846506 -0.301999331 -18.806076050
-0.257776499 0.016331552 0.966066599 -30.061189651 0.017952925 0.999765456 -0.012110841 1.042780995 -0.966037810 0.014221830 -0.258009315 -18.967317581
-0.212272167 0.014867523 0.977097690 -29.367559433 0.012837450 0.999840379 -0.012424676 1.024479508 -0.977126479 0.009906031 -0.212429166 -19.087636948
-0.163077354 0.014810570 0.986502171 -28.648813248 0.013033601 0.999832392 -0.012856133 1.008144855 -0.986527264 0.010761131 -0.163243055 -19.199544907
-0.112721562 0.013010704 0.993541539 -27.969720840 0.012425833 0.999854565 -0.011683613 0.989983320 -0.993549049 0.011028587 -0.112866759 -19.250080109
-0.060608029 0.009326948 0.998118162 -27.273302078 0.009580957 0.999915719 -0.008761969 0.973642409 -0.998115778 0.009031882 -0.060692310 -19.260932922
-0.007717252 0.007243262 0.999944031 -26.588701248 0.007660119 0.999944866 -0.007184150 0.962460279 -0.999940932 0.007604248 -0.007772326 -19.233596802
0.045481443 0.008580590 0.998928428 -25.986894608 0.008124119 0.999926865 -0.008959061 0.935485244 -0.998932242 0.008522883 0.045408428 -19.179943085
0.098880172 0.010570112 0.995043278 -25.318737030 0.005606649 0.999921799 -0.011179084 0.920187593 -0.995083630 0.006684248 0.098813176 -19.084800720
0.151223600 0.013444487 0.988408148 -24.665636063 0.003606352 0.999893367 -0.014152472 0.906370580 -0.988493025 0.005704735 0.151158988 -18.944274902
0.204436064 0.015672488 0.978754461 -24.036029816 0.002868481 0.999857962 -0.016609561 0.894736588 -0.978875697 0.006203132 0.204362094 -18.806470871
0.255477369 0.015400792 0.966692388 -23.414892197 0.000144952 0.999872506 -0.015967708 0.879269481 -0.966815054 0.004219514 0.255442560 -18.595506668
0.306400716 0.015101303 0.951782882 -22.798942566 -0.004851586 0.999885917 -0.014302686 0.867131948 -0.951890290 -0.000235302 0.306439042 -18.378816605
0.354531229 0.013893033 0.934940994 -22.193964005 -0.009105500 0.999893486 -0.011405393 0.850447059 -0.934999883 -0.004469536 0.354619980 -18.116048813
0.399225533 0.012363256 0.916769445 -21.622987747 -0.012923240 0.999885619 -0.007856451 0.826291084 -0.916761696 -0.008711135 0.399339676 -17.828636169
0.440413296 0.013473613 0.897694111 -21.033193588 -0.015107673 0.999857008 -0.007595089 0.815460086 -0.897668064 -0.010217088 0.440553904 -17.519645691
0.476224363 0.018456617 0.879130125 -20.479005814 -0.021310346 0.999728322 -0.009444672 0.803430021 -0.879065573 -0.014236783 0.476488292 -17.184501648
0.504874706 0.025839169 0.862805843 -19.943454742 -0.028258877 0.999510825 -0.013397378 0.790825248 -0.862729967 -0.017617922 0.505357981 -16.838026047
0.526018977 0.033406816 0.849816442 -19.420074463 -0.035313349 0.999224424 -0.017421894 0.774509072 -0.849739373 -0.020845618 0.526790738 -16.470035553
0.541286230 0.038392752 0.839961469 -18.888858795 -0.039124854 0.999025047 -0.020450434 0.765533328 -0.839927673 -0.021793829 0.542260647 -16.093654633
0.552092075 0.039031897 0.832869112 -18.358478546 -0.039122254 0.999016166 -0.020884925 0.744058788 -0.832864881 -0.021053309 0.553075910 -15.733739853
0.558801711 0.038107626 0.828425288 -17.821439743 -0.037906624 0.999073267 -0.020388106 0.728160262 -0.828434527 -0.020009896 0.559728384 -15.374068260
0.562460065 0.036741074 0.826007783 -17.297763824 -0.036902301 0.999132216 -0.019313522 0.706744671 -0.826000571 -0.019618500 0.563327789 -15.012081146
0.563479602 0.034838960 0.825395048 -16.781379700 -0.034511980 0.999230921 -0.018615773 0.686541200 -0.825408816 -0.017996406 0.564248562 -14.649894714
0.564320385 0.033200845 0.824888051 -16.256132126 -0.032704968 0.999305665 -0.017846923 0.664776087 -0.824907899 -0.016906552 0.565014362 -14.300337791
0.563901901 0.031493612 0.825241089 -15.744410515 -0.030116096 0.999392152 -0.017560858 0.646969914 -0.825292528 -0.014950436 0.564507604 -13.946401596
0.561872721 0.029706907 0.826690137 -15.245679855 -0.027915226 0.999466717 -0.016942574 0.628801465 -0.826752603 -0.013557671 0.562402368 -13.605620384
0.558182776 0.028392671 0.829232097 -14.722289085 -0.025997072 0.999522090 -0.016723886 0.608838797 -0.829310656 -0.012222621 0.558654189 -13.259781837
0.552832365 0.026986837 0.832855463 -14.225663185 -0.024482634 0.999570012 -0.016137782 0.590444028 -0.832932830 -0.011469005 0.553255320 -12.930819511
0.546412826 0.024734575 0.837150693 -13.729754448 -0.021609008 0.999647379 -0.015431410 0.567589283 -0.837237179 -0.009658076 0.546754599 -12.609136581
0.540716827 0.022796458 0.840895712 -13.234297752 -0.017254788 0.999722958 -0.016006965 0.554067075 -0.841027677 -0.005854243 0.540960431 -12.296956062
0.535157442 0.021893723 0.844468653 -12.754602432 -0.014096444 0.999756336 -0.016986508 0.538624167 -0.844634771 -0.002813547 0.535335660 -11.996595383
0.529325902 0.020952968 0.848159850 -12.284129143 -0.011898695 0.999779999 -0.017272772 0.511572957 -0.848335207 -0.000949069 0.529458761 -11.710714340
0.523436904 0.021797283 0.851785660 -11.815289497 -0.010961948 0.999762297 -0.018847717 0.502659082 -0.851993978 0.000528363 0.523551464 -11.423327446
0.518125772 0.021191783 0.855041862 -11.368010521 -0.009383507 0.999773681 -0.019092809 0.483314008 -0.855252981 0.001869187 0.518207431 -11.158979416
0.512625098 0.021029741 0.858354986 -10.924105644 -0.007936695 0.999773383 -0.019754561 0.467504621 -0.858575881 0.003314183 0.512675822 -10.892780304
0.507318258 0.018555490 0.861559033 -10.479598999 -0.003942713 0.999807656 -0.019211352 0.453011155 -0.861749768 0.006349391 0.507293880 -10.644687653
0.501657426 0.016089346 0.864916742 -10.070930481 -0.001379393 0.999840617 -0.017799169 0.432133198 -0.865065277 0.007736025 0.501599669 -10.407567978
0.496686161 0.014460676 0.867809772 -9.667505264 -0.000011192 0.999861300 -0.016654702 0.416027993 -0.867930293 0.008262448 0.496617436 -10.180536270
0.491782665 0.014223451 0.870601833 -9.275140762 -0.002108374 0.999883115 -0.015144613 0.399999291 -0.870715499 0.005612305 0.491755188 -9.957320213
0.486718774 0.013501510 0.873454392 -8.893341064 -0.002465176 0.999897778 -0.014082342 0.387783229 -0.873555303 0.004700922 0.486702323 -9.745449066
0.482084930 0.012918240 0.876029253 -8.529643059 -0.001571599 0.999902427 -0.013880056 0.372238755 -0.876123071 0.005314599 0.482058167 -9.544291496
0.478306055 0.012212583 0.878108323 -8.182806015 0.000434436 0.999899864 -0.014143079 0.363283992 -0.878193140 0.007146202 0.478252888 -9.365728378
0.474798560 0.011455437 0.880019963 -7.846884727 0.002095973 0.999897718 -0.014146760 0.354722619 -0.880092025 0.008561359 0.474725962 -9.195465088
0.470796108 0.011174210 0.882171333 -7.542883873 0.003543153 0.999887764 -0.014556197 0.344509870 -0.882234991 0.009978669 0.470703661 -9.032756805
0.467720211 0.011765993 0.883798361 -7.263379097 0.003987928 0.999873102 -0.015421771 0.334105492 -0.883867681 0.010737599 0.467613935 -8.887260437
0.464806020 0.013696585 0.885306597 -7.004104614 0.003305851 0.999846518 -0.017204281 0.324005902 -0.885406375 0.010923346 0.464689374 -8.745275497
0.463535011 0.015734887 0.885938883 -6.759987831 0.003045372 0.999808133 -0.019350663 0.315039754 -0.886073351 0.011667725 0.463398159 -8.627143860
0.462541401 0.018470703 0.886405230 -6.536948204 0.003503588 0.999737084 -0.022660514 0.305441707 -0.886590719 0.013587024 0.462355077 -8.502325058
0.463616133 0.020416522 0.885800958 -6.307891846 0.005836836 0.999642432 -0.026095336 0.289417416 -0.886017025 0.017268494 0.463331163 -8.389848709
0.466573060 0.021132147 0.884230196 -6.076617718 0.008459657 0.999562204 -0.028352283 0.284851193 -0.884442210 0.020708695 0.466189981 -8.282038689
0.471085966 0.020720139 0.881843925 -5.846800804 0.009206221 0.999554157 -0.028403919 0.278652668 -0.882039249 0.021499138 0.470685184 -8.151580811
0.478175879 0.019907486 0.878038526 -5.625402451 0.008693056 0.999586821 -0.027397513 0.268111229 -0.878221154 0.020733669 0.477805257 -8.020437241
0.487882316 0.022859003 0.872610033 -5.410836220 0.006128844 0.999542713 -0.029610826 0.260249823 -0.872887909 0.019794689 0.487519085 -7.891080856
0.499168277 0.026828302 0.866089702 -5.207376957 0.004788762 0.999419928 -0.033718377 0.244093761 -0.866491854 0.020978643 0.498750210 -7.764053345
0.512084544 0.029825179 0.858417213 -5.007420063 0.004324079 0.999294758 -0.037299402 0.232311189 -0.858924270 0.022812314 0.511594415 -7.630043983
0.527178526 0.031492714 0.849170804 -4.814644814 0.004273095 0.999202132 -0.039709643 0.226609200 -0.849743843 0.024562657 0.526623309 -7.497047424
0.543665528 0.030854119 0.838734746 -4.620448112 0.003700761 0.999226213 -0.039156869 0.211288899 -0.839293897 0.024392197 0.543130636 -7.361282349
0.560958862 0.032189324 0.827217698 -4.426297665 0.001442267 0.999204218 -0.039859846 0.208874136 -0.827842474 0.023552805 0.560466051 -7.218925476
0.579415321 0.033075862 0.814361036 -4.244617939 0.000977490 0.999147296 -0.041276574 0.200831085 -0.815031826 0.024712313 0.578888953 -7.068142414
0.599001765 0.035303660 0.799969077 -4.075073242 0.000725373 0.999003291 -0.044630442 0.184654742 -0.800747335 0.027313992 0.598379135 -6.904561043
0.619840860 0.035722941 0.783914089 -3.868606806 0.002675131 0.998861313 -0.047633313 0.174536258 -0.784723043 0.031622145 0.619039476 -6.725478172
0.640792489 0.035410829 0.766897082 -3.674507618 0.002671905 0.998826742 -0.048352536 0.166197151 -0.767709494 0.033033013 0.639946043 -6.550290585
0.662536263 0.036043990 0.748162150 -3.462029457 -0.001399360 0.998899341 -0.046884481 0.161293775 -0.749028563 0.030015720 0.661857486 -6.336377621
0.684144676 0.034780465 0.728516638 -3.256772995 -0.006891537 0.999126017 -0.041227974 0.141894832 -0.729313850 0.023185300 0.683786392 -6.101479530
0.706061006 0.030897493 0.707476676 -3.032881260 -0.009374986 0.999368012 -0.034288980 0.122127131 -0.708088994 0.017577527 0.705904484 -5.849694729
0.727877617 0.025555655 0.685230672 -2.792649746 -0.006892553 0.999527454 -0.029955819 0.110925712 -0.685672402 0.017081184 0.727709889 -5.588780403
0.749400258 0.022999547 0.661717713 -2.573093891 -0.006213321 0.999596775 -0.027706696 0.097214252 -0.662088156 0.016651940 0.749240994 -5.315175056
0.769833088 0.022414243 0.637851596 -2.375940561 -0.007479639 0.999631345 -0.026099969 0.084316716 -0.638201475 0.015321719 0.769716918 -5.025289536
0.791065693 0.022864006 0.611303806 -2.165663958 -0.011035307 0.999672055 -0.023109388 0.069615431 -0.611631751 0.011535120 0.791058540 -4.713205814
0.811294496 0.021641405 0.584237039 -1.959503293 -0.011502480 0.999712050 -0.021058708 0.064348295 -0.584524572 0.010364641 0.811309814 -4.388513088
0.830895364 0.020157369 0.556063473 -1.762070894 -0.010226514 0.999728024 -0.020959338 0.054440357 -0.556334674 0.011728426 0.830875516 -4.053757668
0.850699484 0.015962219 0.525409997 -1.549779415 -0.004829744 0.999733984 -0.022552507 0.046223395 -0.525630176 0.016647810 0.850550294 -3.693555355
0.868750691 0.013567125 0.495063841 -1.379417777 -0.002771446 0.999742210 -0.022534329 0.042181719 -0.495241970 0.018204670 0.868564308 -3.318295479
0.886746109 0.010951725 0.462127030 -1.184748292 -0.002223712 0.999808788 -0.019427044 0.033529554 -0.462251425 0.016199220 0.886600912 -2.897748947
0.903448045 0.012335723 0.428520113 -1.009999514 -0.005737567 0.999844313 -0.016685819 0.029640840 -0.428659230 0.012616109 0.903378189 -2.453762054
0.919327080 0.012435650 0.393297732 -0.834252357 -0.007380213 0.999869585 -0.014363669 0.024565589 -0.393425047 0.010302288 0.919299006 -1.972696185
0.933821321 0.007782512 0.357655048 -0.662799180 -0.004407054 0.999937713 -0.010251851 0.017306687 -0.357712567 0.007997192 0.933797479 -1.481470704
0.946991324 -0.000192126 0.321259111 -0.508727968 0.002429109 0.999975502 -0.006562376 0.008564383 -0.321249992 0.006994887 0.946968615 -0.988839924
0.958886981 -0.009111678 0.283641845 -0.366092712 0.010821607 0.999931514 -0.004462120 0.000666197 -0.283581764 0.007348129 0.958919883 -0.450858563
0.969590664 -0.015090728 0.244266674 -0.230371818 0.016581412 0.999854326 -0.004047431 -0.006715607 -0.244170010 0.007974637 0.969699621 0.120706804
0.978692651 -0.016889852 0.204634994 -0.122987881 0.018312389 0.999819517 -0.005059723 -0.010075288 -0.204512596 0.008699269 0.978825271 0.692936182
0.985907197 -0.015852034 0.166540518 -0.046371829 0.017057287 0.999837637 -0.005809047 -0.012891199 -0.166421399 0.008567911 0.986017525 1.293369651
0.991093159 -0.015763110 0.132234067 0.011058710 0.016888855 0.999830008 -0.007395971 -0.016847014 -0.132095009 0.009563378 0.991190910 1.927485108
0.994774282 -0.016676316 0.100727476 0.075350873 0.017618328 0.999808908 -0.008469699 -0.021687772 -0.100566983 0.010200089 0.994877994 2.580526590
0.997149765 -0.019522117 0.072878182 0.115686834 0.020175030 0.999762535 -0.008233525 -0.029775256 -0.072700143 0.009680377 0.997306883 3.264674425
0.998673260 -0.020009076 0.047448575 0.144894212 0.020459229 0.999750018 -0.009020522 -0.029726272 -0.047256220 0.009979315 0.998832941 3.972884178
0.999515533 -0.019973326 0.023870980 0.150545076 0.020222308 0.999743104 -0.010234755 -0.037427351 -0.023660427 0.010712522 0.999662638 4.699099064
0.999833882 -0.017867349 0.003603836 0.126988739 0.017900972 0.999794424 -0.009524007 -0.047280408 -0.003432926 0.009586937 0.999948144 5.401728630
0.999754786 -0.016498813 -0.014769319 0.104671068 0.016395755 0.999840558 -0.007072010 -0.052380875 0.014883643 0.006828122 0.999865890 6.153237820
0.999456644 -0.015341180 -0.029173147 0.082992963 0.015210921 0.999873340 -0.004681783 -0.058328785 0.029241277 0.004235488 0.999563396 6.941166401
0.999237061 -0.009794891 -0.037806831 0.035572756 0.009670660 0.999947250 -0.003467439 -0.068094082 0.037838798 0.003099177 0.999279022 7.724282742
0.999088824 -0.005557652 -0.042316042 -0.011844493 0.005322291 0.999969721 -0.005672618 -0.078436747 0.042346288 0.005442231 0.999088168 8.530641556
0.999023676 -0.005651227 -0.043814495 -0.053509846 0.005349591 0.999961197 -0.006998572 -0.082372665 0.043852344 0.006757349 0.999015152 9.355784416
0.998948097 -0.008184233 -0.045118436 -0.082045875 0.007848773 0.999940276 -0.007607240 -0.084674336 0.045178004 0.007245114 0.998952687 10.200830460
0.998953283 -0.009237727 -0.044799443 -0.129239008 0.008998028 0.999944091 -0.005549218 -0.095971912 0.044848204 0.005140303 0.998980582 11.061137199
0.998928964 -0.006900003 -0.045752876 -0.166540429 0.006623789 0.999958932 -0.006185954 -0.107481770 0.045793679 0.005876271 0.998933613 11.935421944
0.998919547 -0.005163447 -0.046184763 -0.217464030 0.004731749 0.999944150 -0.009451639 -0.115304671 0.046230987 0.009222892 0.998888195 12.824293137
0.998894453 -0.002077886 -0.046963267 -0.262448907 0.001552625 0.999935865 -0.011218205 -0.128518060 0.046983562 0.011132887 0.998833597 13.729621887
0.998873353 0.001574796 -0.047429845 -0.318167210 -0.002127849 0.999930322 -0.011612202 -0.140519604 0.047408253 0.011700042 0.998807073 14.654294968
0.998832881 0.002285349 -0.048245646 -0.371744215 -0.002748511 0.999950767 -0.009535932 -0.153793678 0.048221480 0.009657406 0.998789966 15.596189499
0.998762250 0.000163814 -0.049739026 -0.415339738 -0.000545639 0.999970496 -0.007663081 -0.167770192 0.049736302 0.007680735 0.998732865 16.547851562
0.998636246 0.000528760 -0.052205119 -0.471182108 -0.000853426 0.999980450 -0.006196940 -0.181763440 0.052200820 0.006233042 0.998617172 17.509986877
0.998454630 -0.000676784 -0.055568360 -0.527247190 0.000274004 0.999973655 -0.007255669 -0.198621079 0.055571806 0.007229231 0.998428524 18.476257324
0.998191833 -0.003061545 -0.060030650 -0.576765656 0.002565422 0.999961913 -0.008339831 -0.213974684 0.060053900 0.008170747 0.998161674 19.446413040
0.997924685 -0.004601537 -0.064227633 -0.640024543 0.004084074 0.999958158 -0.008185668 -0.225919977 0.064262614 0.007906370 0.997901678 20.438886642
0.997669458 -0.004458128 -0.068086587 -0.716871321 0.004075380 0.999975085 -0.005759364 -0.235390231 0.068110563 0.005468463 0.997662783 21.445995331
0.997399330 -0.005456663 -0.071866296 -0.790711522 0.005322338 0.999983728 -0.002060462 -0.246596277 0.071876369 0.001672607 0.997412145 22.457380295
0.997148514 -0.004917688 -0.075303935 -0.876820028 0.005086517 0.999984980 0.002050335 -0.252693325 0.075292721 -0.002427523 0.997158527 23.484380722
0.996917427 -0.004130544 -0.078349240 -0.960486829 0.004441219 0.999982953 0.003791422 -0.260262758 0.078332238 -0.004127700 0.996918738 24.529098511
0.996683478 -0.003233762 -0.081311621 -1.040201187 0.003271052 0.999994576 0.000325391 -0.265529305 0.081310131 -0.000590286 0.996688664 25.577026367
0.996575236 -0.001969345 -0.082667619 -1.141552448 0.001570668 0.999986827 -0.004887406 -0.274829656 0.082676150 0.004740824 0.996565163 26.624219894
0.996436715 -0.003089669 -0.084287263 -1.232731581 0.002503090 0.999971926 -0.007064081 -0.284434974 0.084306724 0.006827931 0.996416450 27.694194794
0.996288955 -0.003056303 -0.086017087 -1.324887037 0.002898130 0.999993861 -0.001963677 -0.300129175 0.086022563 0.001707101 0.996291757 28.759468079
0.996164024 -0.003998925 -0.087414034 -1.426604629 0.004395066 0.999980927 0.004339792 -0.312122345 0.087395012 -0.004707335 0.996162593 29.842453003
0.995950580 -0.009999836 -0.089344844 -1.506991148 0.010504994 0.999931395 0.005185582 -0.318926960 0.089286856 -0.006103150 0.995987236 30.916084290
0.995849490 -0.012617774 -0.090136379 -1.607795715 0.012871929 0.999914646 0.002238900 -0.323423654 0.090100437 -0.003389836 0.995926917 31.991712570
0.995810926 -0.012079472 -0.090634733 -1.714808583 0.011916369 0.999926269 -0.002340490 -0.339736611 0.090656325 0.001250648 0.995881438 33.061893463
0.995783806 -0.010502278 -0.091127984 -1.809673429 0.010190926 0.999940515 -0.003881286 -0.349239022 0.091163330 0.002936243 0.995831609 34.156002045
0.995974302 -0.006019687 -0.089436695 -1.931864619 0.005808741 0.999979675 -0.002618702 -0.362350136 0.089450642 0.002088646 0.995989084 35.243659973
0.996055126 -0.002285363 -0.088707253 -2.023277044 0.002228257 0.999997258 -0.000742785 -0.381014764 0.088708706 0.000542192 0.996057451 36.331802368
0.996167660 -0.001378305 -0.087453328 -2.122771025 0.001494259 0.999998093 0.001260444 -0.388968378 0.087451421 -0.001386291 0.996167839 37.410560608
0.996266186 -0.001233778 -0.086326085 -2.214724302 0.001592789 0.999990344 0.004090028 -0.403086096 0.086320207 -0.004212256 0.996258557 38.510738373
0.996334493 0.004782286 -0.085409373 -2.308915615 -0.004146910 0.999962389 0.007615048 -0.408660561 0.085442580 -0.007232950 0.996316850 39.620170593
0.996524572 0.008883215 -0.082824200 -2.413775206 -0.008304611 0.999938667 0.007327825 -0.414833128 0.082884215 -0.006614535 0.996537209 40.734050751
0.996673405 0.010318469 -0.080843426 -2.501964569 -0.009961523 0.999938786 0.004817362 -0.418874711 0.080888182 -0.003996013 0.996715188 41.838836670
0.996839166 0.012843322 -0.078400835 -2.605191231 -0.012768413 0.999917448 0.001456699 -0.420057088 0.078413077 -0.000451040 0.996920824 42.952610016
0.996974707 0.012597469 -0.076699004 -2.695690155 -0.012536658 0.999920607 0.001274295 -0.428645253 0.076708972 -0.000308890 0.997053504 44.077201843
0.997124255 0.012094051 -0.074812509 -2.781057835 -0.011891435 0.999924302 0.003153176 -0.437749624 0.074844979 -0.002254480 0.997192621 45.200305939
0.997295380 0.011923885 -0.072523817 -2.868217230 -0.011758175 0.999927223 0.002711432 -0.449020088 0.072550870 -0.001851351 0.997362971 46.321384430
0.997359991 0.013661956 -0.071319297 -2.953682184 -0.013827701 0.999902725 -0.001830750 -0.460061669 0.071287341 0.002812099 0.997451842 47.440120697
0.997424185 0.012564342 -0.070619799 -3.035856485 -0.012969839 0.999901891 -0.005286352 -0.476399571 0.070546456 0.006188662 0.997489274 48.580120087
0.997400761 0.011126237 -0.071189806 -3.112175226 -0.011443754 0.999926329 -0.004053829 -0.488447249 0.071139455 0.004857970 0.997454524 49.712886810
0.997423112 0.008269127 -0.071265034 -3.189586878 -0.008384384 0.999963999 -0.001318321 -0.498177737 0.071251571 0.001912437 0.997456551 50.863876343
0.997477770 0.004780713 -0.070818163 -3.274739742 -0.004799101 0.999988496 -0.000089508 -0.510160208 0.070816919 0.000429145 0.997489214 52.008274078
0.997513294 -0.000221197 -0.070477799 -3.348761797 0.000163164 0.999999642 -0.000829182 -0.525087833 0.070477955 0.000815621 0.997512996 53.151588440
0.997515261 -0.001008745 -0.070443787 -3.425731182 0.000966471 0.999999344 -0.000634185 -0.541500092 0.070444383 0.000564527 0.997515559 54.300724030
0.997530282 -0.006348136 -0.069950230 -3.496110916 0.006546499 0.999975145 0.002606895 -0.548581660 0.069931939 -0.003058386 0.997547090 55.463191986
0.997563004 -0.006497953 -0.069468521 -3.576344013 0.007150762 0.999932528 0.009152654 -0.557128131 0.069404364 -0.009627101 0.997542143 56.643795013
0.997632384 -0.007172545 -0.068396904 -3.658828974 0.007883524 0.999917626 0.010130643 -0.558204532 0.068318605 -0.010645866 0.997606754 57.811923981
0.997620642 -0.005602294 -0.068714038 -3.740096807 0.005892951 0.999974549 0.004027980 -0.564230919 0.068689726 -0.004423325 0.997628272 58.975559235
0.997661948 -0.003090739 -0.068272114 -3.837444067 0.002809078 0.999987125 -0.004221179 -0.568336606 0.068284281 0.004019528 0.997657835 60.161067963
0.997678638 0.002111188 -0.068064831 -3.928916216 -0.002644144 0.999966562 -0.007740986 -0.587767899 0.068046212 0.007902989 0.997650862 61.330642700
0.997703016 0.004371007 -0.067599043 -4.019635677 -0.004793942 0.999969959 -0.006095573 -0.606439292 0.067570366 0.006405637 0.997693956 62.516780853
0.997696340 0.006613365 -0.067515351 -4.111372948 -0.006936728 0.999965549 -0.004556155 -0.624020100 0.067482896 0.005013994 0.997707844 63.702457428
0.997656524 0.006244035 -0.068135992 -4.198132515 -0.006329188 0.999979436 -0.001033949 -0.636092484 0.068128131 0.001462772 0.997675478 64.903900146
0.997614563 0.005491524 -0.068811826 -4.279583454 -0.005463022 0.999984920 0.000602385 -0.650782466 0.068814099 -0.000225028 0.997629464 66.101623535
0.997609675 0.005335359 -0.068894565 -4.363350868 -0.005193278 0.999984026 0.002241237 -0.667601168 0.068905421 -0.001878091 0.997621417 67.291305542
0.997579098 0.007136317 -0.069173649 -4.444031715 -0.006735932 0.999959171 0.006019646 -0.681600273 0.069213785 -0.005539124 0.997586489 68.473136902
0.997590303 0.009195393 -0.068768278 -4.542232990 -0.008579697 0.999920487 0.009243215 -0.691889167 0.068847798 -0.008630930 0.997589827 69.664260864
0.997536004 0.009872315 -0.069458328 -4.618362427 -0.009614632 0.999945581 0.004043223 -0.699852526 0.069494464 -0.003365444 0.997576654 70.843231201
0.997533977 0.009654395 -0.069518268 -4.705355167 -0.010074885 0.999933004 -0.005700540 -0.710455537 0.069458574 0.006386871 0.997564375 72.011001587
0.997520626 0.009929330 -0.069670707 -4.791360378 -0.010619329 0.999898076 -0.009540331 -0.730948925 0.069568872 0.010256533 0.997524440 73.193656921
0.997527957 0.005964210 -0.070017412 -4.872493744 -0.006660066 0.999930680 -0.009709088 -0.758930922 0.069954649 0.010151407 0.997498512 74.376930237
0.997547686 -0.001408933 -0.069975510 -4.947346210 0.000500699 0.999915421 -0.012995156 -0.784007311 0.069987901 0.012928252 0.997464061 75.549163818
0.997570217 -0.000557817 -0.069666326 -5.031194687 -0.000409020 0.999903798 -0.013863073 -0.812533736 0.069667362 0.013857883 0.997474015 76.716567993
0.997573614 -0.006143463 -0.069347680 -5.106623650 0.005577329 0.999949574 -0.008354374 -0.838148236 0.069395505 0.007947329 0.997557580 77.891464233
0.997577548 -0.007093763 -0.069200188 -5.182044983 0.007022613 0.999974549 -0.001271388 -0.862480879 0.069207445 0.000782342 0.997601986 79.063697815
0.997656822 -0.004670668 -0.068257123 -5.268380642 0.004893142 0.999983251 0.003092527 -0.876465559 0.068241537 -0.003419273 0.997662961 80.236152649
0.997701228 -0.001951149 -0.067737974 -5.359857559 0.002389650 0.999976695 0.006393060 -0.888927817 0.067723922 -0.006540234 0.997682691 81.393768311
0.997734189 0.001815453 -0.067254275 -5.440751076 -0.001258219 0.999964535 0.008326910 -0.897240162 0.067267008 -0.008223423 0.997701108 82.546119690
0.997809231 0.005409022 -0.065935127 -5.533761978 -0.004967739 0.999964178 0.006854806 -0.904126823 0.065969847 -0.006512240 0.997800350 83.690055847
0.997827888 0.009551642 -0.065178931 -5.625078201 -0.009540340 0.999954343 0.000484647 -0.916422069 0.065180585 0.000138235 0.997873485 84.821861267
0.997815907 0.012185742 -0.064921997 -5.707637787 -0.012510592 0.999911189 -0.004599497 -0.930633783 0.064860180 0.005401664 0.997879744 85.948974609
0.997900605 0.008634345 -0.064185761 -5.782548428 -0.008960277 0.999948382 -0.004791831 -0.944963396 0.064141072 0.005356893 0.997926474 87.078468323
0.997946799 0.007788957 -0.063572988 -5.854067802 -0.007764070 0.999969661 0.000638506 -0.967014730 0.063576035 -0.000143610 0.997976959 88.206031799
0.998064697 0.003304228 -0.062095813 -5.934031487 -0.002882592 0.999972165 0.006878438 -0.983140588 0.062116813 -0.006686130 0.998046517 89.355758667
0.998119473 -0.001345917 -0.061284259 -6.003647804 0.001963746 0.999947846 0.010022250 -0.986342072 0.061267573 -0.010123749 0.998070061 90.481254578
0.998129904 -0.006264675 -0.060806286 -6.064439774 0.006807085 0.999938846 0.008717241 -0.988972902 0.060747955 -0.009114852 0.998111546 91.614997864
0.998149991 -0.009373655 -0.060072970 -6.130964756 0.009738258 0.999935865 0.005779444 -0.990416884 0.060014941 -0.006353758 0.998177230 92.741668701
0.998183370 -0.011474971 -0.059146348 -6.206692219 0.011573931 0.999932110 0.001330836 -1.004221916 0.059127063 -0.002012974 0.998248458 93.859024048
0.998198628 -0.013501247 -0.058457222 -6.272728920 0.013383253 0.999907553 -0.002409535 -1.019382000 0.058484346 0.001622846 0.998287022 94.972312927
