1.000000000e+00 0.000000000e+00 0.000000000e+00 0.000000000e+00 0.000000000e+00 1.000000000e+00 0.000000000e+00 0.000000000e+00 0.000000000e+00 0.000000000e+00 1.000000000e+00 0.000000000e+00
9.999905386e-01 -2.635046520e-03 -3.466540787e-03 -9.409651922e-03 2.627646333e-03 9.999942574e-01 -2.137601789e-03 -9.424056012e-03 3.472153429e-03 2.128472450e-03 9.999917301e-01 6.478653125e-01
9.999699943e-01 -1.604057675e-03 -7.575209284e-03 -2.661081721e-02 1.579043639e-03 9.999932723e-01 -3.306958323e-03 -2.282349405e-02 7.580462758e-03 3.294896877e-03 9.999658653e-01 1.318721915e+00
9.999345224e-01 -1.999832439e-03 -1.126644289e-02 -4.884553136e-02 1.947624535e-03 9.999872995e-01 -4.643032530e-03 -3.234071238e-02 1.127558522e-02 4.620786354e-03 9.999257598e-01 2.030917722e+00
9.998671594e-01 -6.844854393e-04 -1.628514169e-02 -7.115167251e-02 5.986498478e-04 9.999859288e-01 -5.275123142e-03 -4.165868362e-02 1.628852306e-02 5.264672850e-03 9.998534954e-01 2.764427094e+00
9.997858401e-01 -1.450686675e-03 -2.064325125e-02 -9.718529232e-02 1.335790576e-03 9.999835557e-01 -5.578501080e-03 -5.546534688e-02 2.065100440e-02 5.549731443e-03 9.997713535e-01 3.507595766e+00
9.996816936e-01 3.372938118e-04 -2.522726704e-02 -1.311402154e-01 -5.100695382e-04 9.999764501e-01 -6.842658617e-03 -7.383914568e-02 2.522436527e-02 6.853347828e-03 9.996583098e-01 4.265714553e+00
9.995429957e-01 2.812649835e-03 -3.009892125e-02 -1.720556854e-01 -3.040237557e-03 9.999670901e-01 -7.518259940e-03 -8.889220051e-02 3.007678536e-02 7.606332214e-03 9.995186628e-01 5.036859716e+00
9.994009672e-01 3.321296463e-03 -3.444839558e-02 -2.118153556e-01 -3.523088142e-03 9.999769734e-01 -5.798735593e-03 -1.068420941e-01 3.442834229e-02 5.916626172e-03 9.993896801e-01 5.832402319e+00
9.992416853e-01 2.480313422e-03 -3.885690149e-02 -2.549749111e-01 -2.609515817e-03 9.999912132e-01 -3.274731982e-03 -1.168941324e-01 3.884843591e-02 3.373646245e-03 9.992393962e-01 6.628790107e+00
9.991116689e-01 2.106416678e-03 -4.208889165e-02 -3.063314593e-01 -2.122540211e-03 9.999976624e-01 -3.383781379e-04 -1.340187250e-01 4.208808244e-02 4.274126134e-04 9.991138371e-01 7.438674274e+00
9.989769480e-01 3.776672400e-03 -4.506494252e-02 -3.497662692e-01 -3.842282307e-03 9.999916809e-01 -1.369376847e-03 -1.453194684e-01 4.505939673e-02 1.541128381e-03 9.989831184e-01 8.255557282e+00
9.989000214e-01 3.577218893e-03 -4.675469965e-02 -4.107894214e-01 -3.657802769e-03 9.999919945e-01 -1.638112975e-03 -1.584119698e-01 4.674846648e-02 1.807330594e-03 9.989050574e-01 9.069998192e+00
9.988136001e-01 7.212447583e-04 -4.869212827e-02 -4.595060169e-01 -8.427897914e-04 9.999965514e-01 -2.475699274e-03 -1.708735269e-01 4.869017302e-02 2.513799633e-03 9.988107933e-01 9.901638607e+00
9.986860942e-01 2.093609840e-04 -5.124535113e-02 -5.034582713e-01 -2.821143269e-04 9.999989915e-01 -1.412479709e-03 -1.898267881e-01 5.124500023e-02 1.425080539e-03 9.986851106e-01 1.075683269e+01
9.986109716e-01 -8.650750219e-04 -5.268146693e-02 -5.608243588e-01 7.744445424e-04 9.999981831e-01 -1.740735559e-03 -2.056259145e-01 5.268287773e-02 1.697518024e-03 9.986098254e-01 1.159520671e+01
9.985146932e-01 1.598853206e-03 -5.445996617e-02 -6.251102976e-01 -1.822203089e-03 9.999901478e-01 -4.051771828e-03 -2.210993654e-01 5.445295224e-02 4.144989836e-03 9.985077490e-01 1.245448912e+01
9.984395032e-01 2.026604558e-03 -5.580773208e-02 -6.855738999e-01 -2.400198246e-03 9.999751399e-01 -6.628101010e-03 -2.381226317e-01 5.579291411e-02 6.751707092e-03 9.984195230e-01 1.332051975e+01
9.983156318e-01 6.149030312e-03 -5.768976700e-02 -7.558882315e-01 -6.652259679e-03 9.999414700e-01 -8.535040774e-03 -2.559179844e-01 5.763390620e-02 8.904431493e-03 9.982980754e-01 1.420776701e+01
9.982329287e-01 7.401239931e-03 -5.895992499e-02 -8.195511668e-01 -7.904669594e-03 9.999342264e-01 -8.309840616e-03 -2.746865819e-01 5.889454022e-02 8.761214881e-03 9.982257431e-01 1.510272505e+01
9.981511224e-01 7.186582241e-03 -6.035443883e-02 -8.854740090e-01 -7.615332050e-03 9.999473583e-01 -6.876844704e-03 -2.969536330e-01 6.030184108e-02 7.323749442e-03 9.981533241e-01 1.599067387e+01
9.980736114e-01 7.933285853e-03 -6.153106626e-02 -9.570167881e-01 -8.298402355e-03 9.999494273e-01 -5.680577138e-03 -3.136386136e-01 6.148288767e-02 6.180244681e-03 9.980890282e-01 1.689057756e+01
9.979952455e-01 7.416727806e-03 -6.285260740e-02 -1.024964327e+00 -7.784903967e-03 9.999539515e-01 -5.614894647e-03 -3.372039845e-01 6.280806807e-02 6.092939704e-03 9.980070520e-01 1.779753937e+01
9.978765578e-01 7.159160580e-03 -6.473843149e-02 -1.085694324e+00 -7.581144177e-03 9.999515952e-01 -6.274979044e-03 -3.571073388e-01 6.469037305e-02 6.752445611e-03 9.978825580e-01 1.869314545e+01
9.978260340e-01 5.572472456e-03 -6.566671869e-02 -1.153924314e+00 -6.025641385e-03 9.999593695e-01 -6.705014892e-03 -3.801744647e-01 6.562669272e-02 7.086122258e-03 9.978190836e-01 1.959721861e+01
9.977735534e-01 5.381601060e-03 -6.647504617e-02 -1.217863990e+00 -5.729651467e-03 9.999708788e-01 -5.046247803e-03 -3.975721346e-01 6.644594698e-02 5.415891032e-03 9.977753415e-01 2.050862366e+01
9.977806241e-01 6.950681974e-03 -6.622322462e-02 -1.297530741e+00 -7.064559367e-03 9.999739513e-01 -1.485590472e-03 -4.168639985e-01 6.621117125e-02 1.950131011e-03 9.978036983e-01 2.143319463e+01
9.978542236e-01 8.213481288e-03 -6.495728538e-02 -1.380383223e+00 -8.105906677e-03 9.999652748e-01 1.919472994e-03 -4.295281599e-01 6.497080065e-02 -1.388816549e-03 9.978862098e-01 2.236432672e+01
9.979424846e-01 7.237816030e-03 -6.370595181e-02 -1.448766312e+00 -6.947728419e-03 9.999644887e-01 4.773896101e-03 -4.445078422e-01 6.373824335e-02 -4.321462094e-03 9.979572820e-01 2.329838514e+01
9.980304667e-01 7.402828645e-03 -6.229247259e-02 -1.518305889e+00 -7.068994089e-03 9.999594849e-01 5.577832934e-03 -4.609037797e-01 6.233123937e-02 -5.126502662e-03 9.980423732e-01 2.423846704e+01
9.981169124e-01 7.306154862e-03 -6.090325648e-02 -1.586496556e+00 -7.149480690e-03 9.999705572e-01 2.790045821e-03 -4.749737448e-01 6.092184586e-02 -2.349365606e-03 9.981397689e-01 2.518239125e+01
9.981707295e-01 8.280314139e-03 -5.988886928e-02 -1.660422431e+00 -8.415946917e-03 9.999625866e-01 -2.012842523e-03 -4.920477058e-01 5.986996305e-02 2.513181363e-03 9.982030125e-01 2.611763789e+01
9.982360980e-01 7.543325533e-03 -5.888786028e-02 -1.719630278e+00 -7.839530885e-03 9.999577217e-01 -4.800593688e-03 -5.060464232e-01 5.884915960e-02 5.253779057e-03 9.982530328e-01 2.708416534e+01
9.982926825e-01 4.738528700e-03 -5.821787184e-02 -1.785565429e+00 -4.980979330e-03 9.999794922e-01 -4.020114918e-03 -5.179600029e-01 5.819762863e-02 4.303232669e-03 9.982957795e-01 2.804106108e+01
9.982835947e-01 3.361531084e-03 -5.846820719e-02 -1.848226581e+00 -3.298396863e-03 9.999938507e-01 1.176279430e-03 -5.442620721e-01 5.847180553e-02 -9.814100857e-04 9.982885913e-01 2.900989340e+01
9.982458939e-01 1.735430824e-04 -5.920416153e-02 -1.915352438e+00 8.724287756e-05 9.999903215e-01 4.402247515e-03 -5.612518427e-01 5.920435523e-02 -4.399690096e-03 9.982361829e-01 2.998038556e+01
9.981455622e-01 -6.944477172e-03 -6.047504897e-02 -1.972518600e+00 7.174709351e-03 9.999678290e-01 3.590730549e-03 -5.735622661e-01 6.044816718e-02 -4.017962359e-03 9.981632403e-01 3.095137181e+01
9.980525156e-01 -8.641082111e-03 -6.177786966e-02 -2.041267918e+00 8.629349383e-03 9.999626592e-01 -4.567172694e-04 -5.876679255e-01 6.177950935e-02 -7.727529637e-05 9.980898480e-01 3.191921965e+01
9.979591025e-01 -8.600991605e-03 -6.327458594e-02 -2.114603155e+00 8.351326723e-03 9.999562639e-01 -4.209155708e-03 -6.074421585e-01 6.330802200e-02 3.672138245e-03 9.979872966e-01 3.289892865e+01
9.978078044e-01 -7.504981577e-03 -6.575114461e-02 -2.188585682e+00 7.188060933e-03 9.999613848e-01 -5.055242425e-03 -6.235006752e-01 6.578654537e-02 4.571537496e-03 9.978232234e-01 3.388954052e+01
9.977780797e-01 -7.304962309e-03 -6.622332659e-02 -2.263678616e+00 7.091317832e-03 9.999688401e-01 -3.460601761e-03 -6.509017284e-01 6.624653961e-02 2.983302002e-03 9.977988218e-01 3.485965080e+01
9.976997413e-01 -4.184484121e-03 -6.765887400e-02 -2.344906745e+00 4.140483704e-03 9.999911004e-01 -7.905384838e-04 -6.671894856e-01 6.766158743e-02 5.085804214e-04 9.977082202e-01 3.585550317e+01
9.975999221e-01 -4.002225410e-03 -6.912539256e-02 -2.420378042e+00 4.038081928e-03 9.999917588e-01 3.789893546e-04 -6.816871098e-01 6.912330626e-02 -6.572142878e-04 9.976078940e-01 3.686196136e+01
9.975239068e-01 -3.068290420e-03 -7.026125533e-02 -2.501965743e+00 3.285195936e-03 9.999901592e-01 2.971785723e-03 -6.956855629e-01 7.025145215e-02 -3.195249287e-03 9.975241809e-01 3.785271976e+01
9.975486464e-01 -2.666250712e-03 -6.992527050e-02 -2.584551629e+00 3.094297441e-03 9.999771210e-01 6.013888784e-03 -7.162293397e-01 6.990763396e-02 -6.215515920e-03 9.975340826e-01 3.884071880e+01
9.975079605e-01 2.786283440e-03 -7.049863816e-02 -2.673650966e+00 -2.200025815e-03 9.999623780e-01 8.392148881e-03 -7.303526010e-01 7.051937060e-02 -8.216136469e-03 9.974765765e-01 3.983000742e+01
9.975023872e-01 3.311774677e-03 -7.055515994e-02 -2.759765882e+00 -2.783799185e-03 9.999673884e-01 7.580169646e-03 -7.442116468e-01 7.057795768e-02 -7.364826114e-03 9.974791011e-01 4.081474594e+01
9.974918638e-01 2.936590316e-03 -7.072026874e-02 -2.841843630e+00 -2.541851546e-03 9.999806593e-01 5.671041296e-03 -7.498583754e-01 7.073555698e-02 -5.477057373e-03 9.974800464e-01 4.181957554e+01
9.974745504e-01 5.609449540e-03 -7.080331843e-02 -2.929400588e+00 -5.389512286e-03 9.999800120e-01 3.296965908e-03 -7.640534345e-01 7.082039832e-02 -2.907043362e-03 9.974848200e-01 4.280312381e+01
9.973999781e-01 5.049891897e-03 -7.188717778e-02 -3.011578444e+00 -4.797918118e-03 9.999817173e-01 3.677369107e-03 -7.869063424e-01 7.190443457e-02 -3.322897924e-03 9.974060138e-01 4.378676443e+01
9.973122377e-01 3.014046700e-03 -7.320671342e-02 -3.089756384e+00 -2.689154871e-03 9.999861173e-01 4.536164932e-03 -7.978076139e-01 7.321936723e-02 -4.327108159e-03 9.973064623e-01 4.478298533e+01
9.972582828e-01 3.643879289e-03 -7.390960494e-02 -3.177009586e+00 -3.245131330e-03 9.999795000e-01 5.514447208e-03 -8.137035606e-01 7.392818903e-02 -5.259480895e-03 9.972496881e-01 4.576146155e+01
9.972249736e-01 6.567340520e-03 -7.415679396e-02 -3.269560548e+00 -6.445603780e-03 9.999774647e-01 1.880815787e-03 -8.318658578e-01 7.416747708e-02 -1.397610419e-03 9.972448305e-01 4.672820641e+01
9.971539546e-01 6.897377771e-03 -7.507583420e-02 -3.349929903e+00 -7.082743268e-03 9.999724949e-01 -2.203067245e-03 -8.472222677e-01 7.505857311e-02 2.728540071e-03 9.971754193e-01 4.769337528e+01
9.971021474e-01 7.852292901e-03 -7.566835141e-02 -3.440735371e+00 -8.135393338e-03 9.999609874e-01 -3.433817905e-03 -8.654128279e-01 7.563843828e-02 4.039459190e-03 9.971271333e-01 4.866419998e+01
9.971150227e-01 6.855997542e-03 -7.559520510e-02 -3.532498809e+00 -6.856514426e-03 9.999764406e-01 2.526970924e-04 -8.916282470e-01 7.559515777e-02 2.663512877e-04 9.971385429e-01 4.963226378e+01
9.970928783e-01 4.827956389e-03 -7.604235575e-02 -3.602972563e+00 -4.589605969e-03 9.999840124e-01 3.308885509e-03 -9.087221093e-01 7.605711821e-02 -2.950261977e-03 9.970990793e-01 5.059556525e+01
9.970952132e-01 2.842773933e-03 -7.611187455e-02 -3.685849499e+00 -2.539071676e-03 9.999884267e-01 4.086677323e-03 -9.266434012e-01 7.612261692e-02 -3.881553102e-03 9.970909220e-01 5.155599857e+01
9.971035480e-01 -3.765702254e-04 -7.605528865e-02 -3.769474579e+00 5.900748475e-04 9.999959190e-01 2.784777864e-03 -9.427959012e-01 7.605393313e-02 -2.821590019e-03 9.970996995e-01 5.250399118e+01
9.970359657e-01 -3.470503926e-03 -7.685889858e-02 -3.836978856e+00 3.611617108e-03 9.999920146e-01 1.697078352e-03 -9.621177750e-01 7.685239756e-02 -1.969633382e-03 9.970405149e-01 5.344254040e+01
9.969592062e-01 -4.901936482e-03 -7.777070472e-02 -3.923934574e+00 5.141091082e-03 9.999826662e-01 2.875202902e-03 -9.789294383e-01 7.775526880e-02 -3.266286707e-03 9.969670968e-01 5.438571586e+01
9.968545647e-01 -7.872768410e-03 -7.886031481e-02 -4.008285543e+00 8.441840891e-03 9.999406468e-01 6.885414722e-03 -9.920750271e-01 7.880142944e-02 -7.529483861e-03 9.968619205e-01 5.533167092e+01
9.967986956e-01 -8.448503895e-03 -7.950475392e-02 -4.087691685e+00 9.409773994e-03 9.998870061e-01 1.172384077e-02 -1.005342983e+00 7.939671552e-02 -1.243443029e-02 9.967655415e-01 5.627260487e+01
9.967841990e-01 -6.453962305e-03 -7.987266007e-02 -4.176504825e+00 7.594313287e-03 9.998734190e-01 1.398156795e-02 -1.014740878e+00 7.977231605e-02 -1.454318528e-02 9.967070099e-01 5.720678577e+01
9.966361500e-01 -5.347690796e-03 -8.177878977e-02 -4.253688849e+00 6.176772411e-03 9.999320083e-01 9.888469047e-03 -1.023369844e+00 8.172035061e-02 -1.036033527e-02 9.966014672e-01 5.813621041e+01
9.965443722e-01 -4.271623046e-03 -8.295189873e-02 -4.344813109e+00 4.501159855e-03 9.999865601e-01 2.580299501e-03 -1.040780830e+00 8.293975596e-02 -2.944762201e-03 9.965502212e-01 5.904575290e+01
9.964748344e-01 -2.234134633e-03 -8.386278471e-02 -4.435322421e+00 2.062361192e-03 9.999956135e-01 -2.134839046e-03 -1.063595157e+00 8.386718773e-02 1.954358664e-03 9.964750374e-01 5.994938827e+01
9.963972445e-01 2.708942681e-03 -8.476563070e-02 -4.534806466e+00 -2.825888724e-03 9.999952015e-01 -1.259684068e-03 -1.082926293e+00 8.476181088e-02 1.494683237e-03 9.964001465e-01 6.084655632e+01
9.962798687e-01 5.610274763e-03 -8.599403221e-02 -4.622728568e+00 -5.512331250e-03 9.999838297e-01 1.376377110e-03 -1.108853774e+00 8.600036899e-02 -8.972289680e-04 9.962946930e-01 6.173142210e+01
9.961931839e-01 7.706442185e-03 -8.683197130e-02 -4.701884464e+00 -7.486762995e-03 9.999678907e-01 2.855314996e-03 -1.133055198e+00 8.685118738e-02 -2.194355491e-03 9.962188742e-01 6.260006180e+01
9.960908728e-01 8.874827194e-03 -8.788774354e-02 -4.795263661e+00 -8.684484077e-03 9.999590629e-01 2.547890245e-03 -1.150609623e+00 8.790676142e-02 -1.774670811e-03 9.961271542e-01 6.346322872e+01
9.959224799e-01 1.070315585e-02 -8.957611983e-02 -4.884249955e+00 -1.044321505e-02 9.999397995e-01 3.370083311e-03 -1.167197861e+00 8.960679490e-02 -2.420878434e-03 9.959742742e-01 6.430438977e+01
9.957854391e-01 1.127457870e-02 -9.101755260e-02 -4.970923577e+00 -1.096121056e-02 9.999321703e-01 3.942103904e-03 -1.185423720e+00 9.105582405e-02 -2.927827277e-03 9.958414755e-01 6.514338706e+01
9.956504879e-01 1.130323434e-02 -9.247867969e-02 -5.056555510e+00 -1.093554201e-02 9.999301521e-01 4.481754687e-03 -1.200821160e+00 9.252287223e-02 -3.450956909e-03 9.957045996e-01 6.596321808e+01
9.955664924e-01 1.081491362e-02 -9.343631581e-02 -5.155106352e+00 -1.035945231e-02 9.999320033e-01 5.358254570e-03 -1.210677662e+00 9.348791114e-02 -4.366549989e-03 9.956108477e-01 6.677994810e+01
9.953761018e-01 1.402852745e-02 -9.502455012e-02 -5.234987073e+00 -1.331410640e-02 9.998781701e-01 8.148154865e-03 -1.226804804e+00 9.512727262e-02 -6.845312406e-03 9.954415755e-01 6.756565062e+01
9.952239258e-01 1.543552232e-02 -9.639018419e-02 -5.317887707e+00 -1.428706183e-02 9.998186119e-01 1.259358239e-02 -1.243919725e+00 9.656709441e-02 -1.115630284e-02 9.952639774e-01 6.835350265e+01
9.950193064e-01 1.868919298e-02 -9.791495388e-02 -5.408890191e+00 -1.736782781e-02 9.997464619e-01 1.433010088e-02 -1.253163830e+00 9.815794662e-02 -1.255815683e-02 9.950915800e-01 6.913127605e+01
9.948299779e-01 2.135301249e-02 -9.928428066e-02 -5.496353779e+00 -2.043927442e-02 9.997389278e-01 1.021143823e-02 -1.264415424e+00 9.947641275e-02 -8.129345952e-03 9.950067068e-01 6.987387567e+01
9.946828650e-01 2.136023694e-02 -1.007460232e-01 -5.579301025e+00 -2.117785420e-02 9.997715951e-01 2.879597420e-03 -1.275887924e+00 1.007845196e-01 -7.307020969e-04 9.949080207e-01 7.059788690e+01
9.945354650e-01 2.037345653e-02 -1.023920109e-01 -5.658467115e+00 -2.077229717e-02 9.997802270e-01 -2.830360442e-03 -1.290044818e+00 1.023118457e-01 4.941810844e-03 9.947400714e-01 7.130626994e+01
9.944870379e-01 2.120205168e-02 -1.026938946e-01 -5.741453336e+00 -2.173583410e-02 9.997554446e-01 -4.081438067e-03 -1.300538014e+00 1.025822411e-01 6.291074716e-03 9.947046085e-01 7.199048882e+01
9.943398352e-01 2.390224469e-02 -1.035225386e-01 -5.828696617e+00 -2.409110731e-02 9.997096071e-01 -5.742188339e-04 -1.315261740e+00 1.034787482e-01 3.064940384e-03 9.946269212e-01 7.267045005e+01
9.942024105e-01 2.430928504e-02 -1.047405224e-01 -5.909435288e+00 -2.426619735e-02 9.997041224e-01 1.685876717e-03 -1.334679131e+00 1.047505165e-01 8.655510380e-04 9.944981763e-01 7.331831457e+01
9.941389641e-01 2.085701885e-02 -1.060790381e-01 -5.973254935e+00 -2.114080602e-02 9.997752979e-01 -1.551363009e-03 -1.352642774e+00 1.060228462e-01 3.784866176e-03 9.943564628e-01 7.394216043e+01
9.942537730e-01 1.261613708e-02 -1.063028006e-01 -6.030091777e+00 -1.339480875e-02 9.998884160e-01 -6.614207337e-03 -1.372647197e+00 1.062074975e-01 8.000105605e-03 9.943118131e-01 7.455306672e+01
9.944026640e-01 8.786469230e-03 -1.052907230e-01 -6.092620630e+00 -1.003511398e-02 9.998854092e-01 -1.133510951e-02 -1.389957975e+00 1.051790607e-01 1.232826729e-02 9.943768921e-01 7.513854217e+01
9.946953225e-01 1.094346878e-02 -1.022813691e-01 -6.159699029e+00 -1.221085351e-02 9.998561403e-01 -1.177325746e-02 -1.403096789e+00 1.021378104e-01 1.295974677e-02 9.946858532e-01 7.572214035e+01
9.950314829e-01 1.615497995e-02 -9.824108919e-02 -6.225096832e+00 -1.708081225e-02 9.998172269e-01 -8.590294742e-03 -1.423386922e+00 9.808435836e-02 1.022565138e-02 9.951255562e-01 7.629150527e+01
9.954940802e-01 1.447091403e-02 -9.371271421e-02 -6.279871981e+00 -1.506189497e-02 9.998708520e-01 -5.602036546e-03 -1.434631900e+00 9.361955106e-02 6.988284931e-03 9.955835180e-01 7.684830003e+01
9.960647024e-01 1.112023764e-02 -8.792857950e-02 -6.322307776e+00 -1.129733186e-02 9.999350554e-01 -1.516670385e-03 -1.447844386e+00 8.790599712e-02 2.504060138e-03 9.961256002e-01 7.738930061e+01
9.967969196e-01 6.515280225e-03 -7.970881120e-02 -6.363510640e+00 -6.392593089e-03 9.999779795e-01 1.794280971e-03 -1.464467627e+00 7.971873741e-02 -1.278987665e-03 9.968165984e-01 7.792538064e+01
9.975620909e-01 1.072687385e-02 -6.895471627e-02 -6.401056088e+00 -1.062636049e-02 9.999418695e-01 1.824311707e-03 -1.480747369e+00 6.897027569e-02 -1.087126833e-03 9.976181482e-01 7.843178966e+01
9.984128516e-01 1.599023575e-02 -5.400118913e-02 -6.432774149e+00 -1.595835889e-02 9.998721492e-01 1.021489607e-03 -1.488936268e+00 5.401061926e-02 -1.580987739e-04 9.985403723e-01 7.893025148e+01
9.991360948e-01 2.097023796e-02 -3.587887936e-02 -6.455077298e+00 -2.093273904e-02 9.997799048e-01 1.420523662e-03 -1.499407986e+00 3.590077070e-02 -6.682530606e-04 9.993551570e-01 7.941704805e+01
9.997141061e-01 1.956867659e-02 -1.374094485e-02 -6.454121336e+00 -1.954108706e-02 9.998067681e-01 2.139330834e-03 -1.511950337e+00 1.378015259e-02 -1.870207069e-03 9.999033135e-01 7.989771086e+01
9.997955579e-01 1.585203911e-02 1.255396639e-02 -6.431984825e+00 -1.589021677e-02 9.998693691e-01 2.947157802e-03 -1.525371133e+00 -1.250560956e-02 -3.146040171e-03 9.999168348e-01 8.035092597e+01
9.990178342e-01 1.516255120e-02 4.163502536e-02 -6.402546622e+00 -1.535845451e-02 9.998724144e-01 4.389408200e-03 -1.549381708e+00 -4.156316189e-02 -5.024546467e-03 9.991232666e-01 8.079038462e+01
9.970813368e-01 1.482695000e-02 7.489302616e-02 -6.367859659e+00 -1.530241432e-02 9.998661914e-01 5.778701769e-03 -1.572510031e+00 -7.479732647e-02 -6.907880635e-03 9.971748583e-01 8.123381914e+01
9.935478290e-01 1.505074163e-02 1.124110251e-01 -6.309985848e+00 -1.580686616e-02 9.998580124e-01 5.838150446e-03 -1.589715174e+00 -1.123071969e-01 -7.577347443e-03 9.936446212e-01 8.167280785e+01
9.878928065e-01 1.497059458e-02 1.544138597e-01 -6.242104605e+00 -1.601884435e-02 9.998562922e-01 5.546518076e-03 -1.610620623e+00 -1.543086386e-01 -7.952896743e-03 9.879906886e-01 8.209191773e+01
9.797643934e-01 1.487763689e-02 1.996006861e-01 -6.144532829e+00 -1.619235331e-02 9.998565912e-01 4.955836813e-03 -1.629151876e+00 -1.994983310e-01 -8.087557433e-03 9.798647649e-01 8.250682222e+01
9.685308820e-01 1.706204257e-02 2.483079925e-01 -6.045863390e+00 -1.839027997e-02 9.998262654e-01 3.030413002e-03 -1.657641295e+00 -2.482131680e-01 -7.501501601e-03 9.686763988e-01 8.286888424e+01
9.532135358e-01 1.807523157e-02 3.017569064e-01 -5.910787119e+00 -1.893015410e-02 9.998208117e-01 -9.117675892e-05 -1.682430717e+00 -3.017045014e-01 -5.625393530e-03 9.533848807e-01 8.325468691e+01
9.336701086e-01 1.841499643e-02 3.576604731e-01 -5.749424324e+00 -1.869167018e-02 9.998217091e-01 -2.683714255e-03 -1.701937210e+00 -3.576460989e-01 -4.179567348e-03 9.338478386e-01 8.362249586e+01
9.096010097e-01 1.899445637e-02 4.150484138e-01 -5.571000873e+00 -1.852870525e-02 9.998150530e-01 -5.149312389e-03 -1.721778947e+00 -4.150694557e-01 -3.006489135e-03 9.097847904e-01 8.396495958e+01
8.809330627e-01 1.911119954e-02 4.728548494e-01 -5.378890336e+00 -1.781422683e-02 9.998152657e-01 -7.221090398e-03 -1.747661907e+00 -4.729054855e-01 -2.062244647e-03 8.811107847e-01 8.427510858e+01
8.474428273e-01 1.867196142e-02 5.305582115e-01 -5.156367738e+00 -1.582704603e-02 9.998256785e-01 -9.906905049e-03 -1.768730659e+00 -5.306506905e-01 -1.631393164e-06 8.475906391e-01 8.458630317e+01
8.108697816e-01 1.880910211e-02 5.849242621e-01 -4.913545418e+00 -1.453113564e-02 9.998223289e-01 -1.200651449e-02 -1.790627668e+00 -5.850461417e-01 1.236107123e-03 8.109990247e-01 8.487022277e+01
7.706340485e-01 1.750094946e-02 6.370375940e-01 -4.659188733e+00 -1.332136645e-02 9.998467965e-01 -1.135312910e-02 -1.817769358e+00 -6.371386630e-01 2.628971146e-04 7.707491150e-01 8.514378560e+01
7.283548519e-01 1.706578472e-02 6.849876151e-01 -4.385484351e+00 -1.484782147e-02 9.998481677e-01 -9.122370261e-03 -1.848513908e+00 -6.850392807e-01 -3.526249019e-03 7.284976877e-01 8.538451114e+01
6.832475345e-01 1.652891977e-02 7.299997710e-01 -4.096856360e+00 -1.359405068e-02 9.998584168e-01 -9.915727565e-03 -1.864727667e+00 -7.300603225e-01 -3.148755931e-03 6.833755156e-01 8.561021170e+01
6.368883619e-01 1.551601120e-02 7.707999110e-01 -3.790511361e+00 -1.029567464e-02 9.998795033e-01 -1.162032473e-02 -1.889714900e+00 -7.708873005e-01 -5.350550580e-04 6.369713400e-01 8.581440630e+01
5.907979489e-01 1.307670569e-02 8.067136107e-01 -3.469786264e+00 -4.198591403e-03 9.999049666e-01 -1.313346357e-02 -1.912566811e+00 -8.068086652e-01 4.372162852e-03 5.907966821e-01 8.598918185e+01
5.449516225e-01 1.530776936e-02 8.383277413e-01 -3.147439216e+00 -5.933695604e-03 9.998786748e-01 -1.440049603e-02 -1.940959448e+00 -8.384464648e-01 2.873192401e-03 5.449763933e-01 8.614946515e+01
4.978601584e-01 1.840006322e-02 8.670620344e-01 -2.824304712e+00 -8.318973411e-03 9.998302040e-01 -1.644086783e-02 -1.960808752e+00 -8.672173579e-01 9.721865578e-04 4.979287148e-01 8.630515876e+01
4.504970864e-01 2.177744078e-02 8.925123366e-01 -2.524479743e+00 -1.011837205e-02 9.997627762e-01 -1.928710445e-02 -1.984687896e+00 -8.927206371e-01 -3.419854064e-04 4.506106134e-01 8.644774268e+01
4.077692674e-01 1.949825973e-02 9.128768685e-01 -2.189793723e+00 -2.574052840e-03 9.997925705e-01 -2.020491227e-02 -2.008083332e+00 -9.130814517e-01 5.889150897e-03 4.077348835e-01 8.655965143e+01
3.689732244e-01 1.171000962e-02 9.293663293e-01 -1.836882198e+00 1.288121293e-02 9.997601970e-01 -1.771101897e-02 -2.032701540e+00 -9.293507994e-01 1.850625544e-02 3.687339074e-01 8.663914891e+01
3.330124923e-01 8.568178546e-03 9.428835838e-01 -1.491458234e+00 1.734632160e-02 9.997338190e-01 -1.521125476e-02 -2.052101399e+00 -9.427629297e-01 2.142109782e-02 3.327752312e-01 8.673325840e+01
2.999687022e-01 1.309616277e-02 9.538592910e-01 -1.139211306e+00 1.479994447e-02 9.997214986e-01 -1.838011159e-02 -2.077159165e+00 -9.538343608e-01 1.963052145e-02 2.996913192e-01 8.682658970e+01
2.695157237e-01 2.010875303e-02 9.627861242e-01 -7.648025164e-01 5.476406000e-03 9.997338169e-01 -2.241347191e-02 -2.097879117e+00 -9.629805551e-01 1.131339120e-02 2.693338405e-01 8.692413378e+01
2.406932608e-01 2.524894032e-02 9.702727925e-01 -3.888007496e-01 2.667183384e-04 9.996598382e-01 -2.607983020e-02 -2.117938006e+00 -9.706012094e-01 6.536029289e-03 2.406046385e-01 8.701964609e+01
2.152220989e-01 2.682039073e-02 9.761967720e-01 5.734490117e-03 2.389815521e-03 9.996053088e-01 -2.799041096e-02 -2.137785266e+00 -9.765622559e-01 8.357086787e-03 2.150730707e-01 8.708663527e+01
1.913912411e-01 2.822222593e-02 9.811080905e-01 4.182419878e-01 9.812490602e-03 9.994815464e-01 -3.066494228e-02 -2.155624003e+00 -9.814648992e-01 1.549611898e-02 1.910151122e-01 8.715046033e+01
1.717702231e-01 3.438797566e-02 9.845367440e-01 8.251028888e-01 1.659430042e-02 9.991477864e-01 -3.779349262e-02 -2.168175821e+00 -9.849973534e-01 2.282949576e-02 1.710531999e-01 8.718738906e+01
1.520005691e-01 4.127933324e-02 9.875181518e-01 1.247338257e+00 1.905895603e-02 9.988192936e-01 -4.468532743e-02 -2.173251890e+00 -9.881967127e-01 2.561326134e-02 1.510343748e-01 8.723913858e+01
1.344854868e-01 4.206795941e-02 9.900222742e-01 1.703662736e+00 1.694057710e-02 9.988547909e-01 -4.474449834e-02 -2.194592859e+00 -9.907708632e-01 2.278903914e-02 1.336188517e-01 8.730069781e+01
1.190904401e-01 3.765571473e-02 9.921691991e-01 2.160760904e+00 1.520212031e-02 9.990942809e-01 -3.974325960e-02 -2.226501055e+00 -9.927670895e-01 1.981611760e-02 1.184101318e-01 8.734944143e+01
1.045861626e-01 3.437721306e-02 9.939215806e-01 2.643258436e+00 1.576305329e-02 9.992195692e-01 -3.621914024e-02 -2.256120362e+00 -9.943909986e-01 1.945526135e-02 1.039626508e-01 8.739479465e+01
9.169616626e-02 3.198189293e-02 9.952734222e-01 3.133009910e+00 1.805916281e-02 9.992662942e-01 -3.377402461e-02 -2.281769018e+00 -9.956234006e-01 2.107075659e-02 9.105132721e-02 8.742081315e+01
8.001480642e-02 3.100753864e-02 9.963112851e-01 3.627250728e+00 2.200965607e-02 9.992174171e-01 -3.286560292e-02 -2.306209468e+00 -9.965506903e-01 2.455820463e-02 7.926970931e-02 8.744820670e+01
7.017726556e-02 3.188147262e-02 9.970250435e-01 4.138877879e+00 2.533027186e-02 9.991098891e-01 -3.373105931e-02 -2.327285356e+00 -9.972129898e-01 2.762207007e-02 6.930727601e-02 8.747314415e+01
6.241691230e-02 3.235466701e-02 9.975257595e-01 4.661074654e+00 2.772300199e-02 9.990325235e-01 -3.413822688e-02 -2.350688881e+00 -9.976652442e-01 2.978521082e-02 6.145959602e-02 8.749924107e+01
5.681562226e-02 3.260161787e-02 9.978522741e-01 5.212232732e+00 2.901286209e-02 9.989906746e-01 -3.429074509e-02 -2.378126270e+00 -9.979630687e-01 3.089879884e-02 5.581238612e-02 8.752589171e+01
5.154096935e-02 3.365721158e-02 9.981036558e-01 5.774410329e+00 3.015152998e-02 9.989238499e-01 -3.524186778e-02 -2.398730748e+00 -9.982157613e-01 3.191075495e-02 5.047069239e-02 8.754456325e+01
4.574754377e-02 3.433547722e-02 9.983629212e-01 6.356570557e+00 3.091813245e-02 9.988816402e-01 -3.577007275e-02 -2.425076108e+00 -9.984745871e-01 3.250390884e-02 4.463478391e-02 8.756883417e+01
4.152589306e-02 3.425758172e-02 9.985500822e-01 6.955460312e+00 3.344062664e-02 9.988044464e-01 -3.565698160e-02 -2.455313810e+00 -9.985778234e-01 3.487282841e-02 4.033061622e-02 8.758299575e+01
3.848699808e-02 3.432637154e-02 9.986693512e-01 7.577817174e+00 3.490501944e-02 9.987536910e-01 -3.567445197e-02 -2.484591302e+00 -9.986492989e-01 3.623157497e-02 3.724086408e-02 8.760547917e+01
3.541027629e-02 3.381587397e-02 9.988005627e-01 8.213915899e+00 3.607453419e-02 9.987327687e-01 -3.509252104e-02 -2.516246735e+00 -9.987215543e-01 3.727390203e-02 3.414546261e-02 8.762621222e+01
3.296917877e-02 3.313920369e-02 9.989068403e-01 8.861644722e+00 3.837634836e-02 9.986711615e-01 -3.439800743e-02 -2.548822324e+00 -9.987193840e-01 3.946847094e-02 3.165361659e-02 8.764384043e+01
3.260563428e-02 3.279488412e-02 9.989302239e-01 9.530127283e+00 4.288705282e-02 9.984950596e-01 -3.418046343e-02 -2.577349751e+00 -9.985478579e-01 4.395565166e-02 3.115013591e-02 8.765359432e+01
3.362587962e-02 3.233410514e-02 9.989113525e-01 1.021624214e+01 4.622651143e-02 9.983565190e-01 -3.387225034e-02 -2.610333925e+00 -9.983649273e-01 4.731516966e-02 3.207591893e-02 8.767311084e+01
3.613569403e-02 3.232806311e-02 9.988238571e-01 1.092301397e+01 4.776401513e-02 9.982785174e-01 -3.403843419e-02 -2.641411420e+00 -9.982048142e-01 4.893784547e-02 3.452941956e-02 8.769431593e+01
3.983096570e-02 3.237441899e-02 9.986819175e-01 1.164083904e+01 5.042773237e-02 9.981361964e-01 -3.436797534e-02 -2.671245438e+00 -9.979332335e-01 5.173017515e-02 3.812418507e-02 8.772272871e+01
4.446438439e-02 3.162868759e-02 9.985102100e-01 1.237328481e+01 5.125600885e-02 9.981100567e-01 -3.389848815e-02 -2.705292707e+00 -9.976952801e-01 5.268692387e-02 4.275920946e-02 8.775148910e+01
4.819124618e-02 2.993610746e-02 9.983894417e-01 1.312695166e+01 5.243060228e-02 9.980969415e-01 -3.245810723e-02 -2.740955148e+00 -9.974611185e-01 5.391035740e-02 4.652993121e-02 8.779372694e+01
5.214469267e-02 2.824769149e-02 9.982400409e-01 1.388021221e+01 5.205791880e-02 9.981638827e-01 -3.096487415e-02 -2.775912481e+00 -9.972818200e-01 5.358095339e-02 5.057846625e-02 8.782665909e+01
5.620840552e-02 2.605453346e-02 9.980790888e-01 1.465813470e+01 4.903775020e-02 9.983809227e-01 -2.882405349e-02 -2.811465825e+00 -9.972141253e-01 5.056370277e-02 5.483973593e-02 8.787999904e+01
6.011416026e-02 2.497266676e-02 9.978792655e-01 1.545576467e+01 4.813445524e-02 9.984515193e-01 -2.788671206e-02 -2.844501440e+00 -9.970304531e-01 4.970875495e-02 5.881901973e-02 8.793762389e+01
6.421450574e-02 2.613679384e-02 9.975938123e-01 1.624234767e+01 4.542547340e-02 9.985442150e-01 -2.908570680e-02 -2.876348893e+00 -9.969017674e-01 4.718389673e-02 6.293370249e-02 8.798846312e+01
6.706443467e-02 3.012345092e-02 9.972938634e-01 1.704281198e+01 4.340176186e-02 9.985099165e-01 -3.307880316e-02 -2.916128770e+00 -9.968042826e-01 4.550272571e-02 6.565711031e-02 8.805150847e+01
6.833895466e-02 3.544153797e-02 9.970325996e-01 1.784634128e+01 3.753493141e-02 9.985699443e-01 -3.806892580e-02 -2.953970933e+00 -9.969559901e-01 4.002513900e-02 6.691094517e-02 8.812031973e+01
6.832853243e-02 3.823824493e-02 9.969299979e-01 1.865131843e+01 3.434643218e-02 9.985827320e-01 -4.065571420e-02 -3.001110906e+00 -9.970716298e-01 3.701893326e-02 6.691835517e-02 8.817378479e+01
6.829739480e-02 3.794697213e-02 9.969430588e-01 1.946260636e+01 3.224352996e-02 9.986704215e-01 -4.022162106e-02 -3.041463277e+00 -9.971438389e-01 3.489199612e-02 6.698303177e-02 8.823972545e+01
6.778088561e-02 3.635586348e-02 9.970376910e-01 2.027842806e+01 2.918533124e-02 9.988359154e-01 -3.840552755e-02 -3.087357401e+00 -9.972733840e-01 3.170203771e-02 6.664093564e-02 8.831197704e+01
6.800982998e-02 3.499121245e-02 9.970709119e-01 2.110599712e+01 2.980105076e-02 9.988675975e-01 -3.708698659e-02 -3.133306838e+00 -9.972395254e-01 3.223603876e-02 6.689004006e-02 8.836691348e+01
6.844437343e-02 3.420352621e-02 9.970685129e-01 2.191559677e+01 2.757856508e-02 9.989653415e-01 -3.616174411e-02 -3.179371326e+00 -9.972737423e-01 2.997278748e-02 6.743025327e-02 8.842674749e+01
6.839112465e-02 3.483273868e-02 9.970503877e-01 2.273342752e+01 2.603581350e-02 9.989876147e-01 -3.668630649e-02 -3.217606932e+00 -9.973188700e-01 2.846803400e-02 6.741496303e-02 8.849480012e+01
6.862951244e-02 3.522664477e-02 9.970201532e-01 2.354269876e+01 2.295311158e-02 9.990560926e-01 -3.687855109e-02 -3.269358317e+00 -9.973781530e-01 2.541567087e-02 6.775616066e-02 8.855469561e+01
6.644715661e-02 3.716196668e-02 9.970976555e-01 2.426396364e+01 2.021365202e-02 9.990509545e-01 -3.858181760e-02 -3.256780998e+00 -9.975852024e-01 2.271863730e-02 6.563292071e-02 8.861322207e+01
6.340303132e-02 3.682298283e-02 9.973085435e-01 2.507366952e+01 1.696787623e-02 9.991348632e-01 -3.796913920e-02 -3.305482702e+00 -9.978438673e-01 1.932956896e-02 6.272336300e-02 8.867302894e+01
5.958946673e-02 3.579013959e-02 9.975811556e-01 2.588614998e+01 1.442864827e-02 9.992217327e-01 -3.671087815e-02 -3.351210056e+00 -9.981186683e-01 1.658132842e-02 5.902671281e-02 8.872565924e+01
5.439978089e-02 3.329732777e-02 9.979639771e-01 2.668908931e+01 1.207466852e-02 9.993488548e-01 -3.400173656e-02 -3.399515464e+00 -9.984463146e-01 1.389977256e-02 5.396232646e-02 8.877479056e+01
4.867785250e-02 3.121295702e-02 9.983267190e-01 2.749048347e+01 1.063621561e-02 9.994387342e-01 -3.176634141e-02 -3.442919461e+00 -9.987579087e-01 1.216473563e-02 4.831856000e-02 8.880353999e+01
4.101063571e-02 3.155506417e-02 9.986602644e-01 2.829033386e+01 1.047603403e-02 9.994326848e-01 -3.200967234e-02 -3.485481426e+00 -9.991037430e-01 1.177473366e-02 4.065680727e-02 8.883912721e+01
3.231791833e-02 3.268260741e-02 9.989432819e-01 2.908579653e+01 9.941222001e-03 9.994052874e-01 -3.301934520e-02 -3.527858917e+00 -9.994283724e-01 1.099783704e-02 3.197380778e-02 8.886321916e+01
2.241478200e-02 3.306611592e-02 9.992017970e-01 2.988522583e+01 1.081214691e-02 9.993864426e-01 -3.331477065e-02 -3.567563765e+00 -9.996903110e-01 1.155025934e-02 2.204349915e-02 8.887708052e+01
1.227119256e-02 3.200550667e-02 9.994123235e-01 3.067516387e+01 1.204300891e-02 9.994104090e-01 -3.215331276e-02 -3.611670690e+00 -9.998521065e-01 1.243048954e-02 1.187851141e-02 8.888300857e+01
1.309934392e-03 3.123213541e-02 9.995113361e-01 3.147040935e+01 1.103517851e-02 9.994508307e-01 -3.124470821e-02 -3.650110094e+00 -9.999382852e-01 1.107071305e-02 9.645427291e-04 8.888603616e+01
-9.745579618e-03 3.047489767e-02 9.994880029e-01 3.225249903e+01 1.273112260e-02 9.994582298e-01 -3.034985370e-02 -3.689814802e+00 -9.998714865e-01 1.242882663e-02 -1.012833584e-02 8.887300173e+01
-2.068191014e-02 3.105847303e-02 9.993036012e-01 3.303066170e+01 1.300328333e-02 9.994411553e-01 -3.079362842e-02 -3.727053033e+00 -9.997016163e-01 1.235735741e-02 -2.107418832e-02 8.885277852e+01
-3.193297695e-02 3.173341837e-02 9.989861863e-01 3.380344706e+01 1.342149401e-02 9.994193368e-01 -3.131815521e-02 -3.766923143e+00 -9.993999639e-01 1.240780667e-02 -3.234034906e-02 8.882672734e+01
-4.184764965e-02 3.263803725e-02 9.985908982e-01 3.456689070e+01 1.304108019e-02 9.993989912e-01 -3.211794536e-02 -3.809348084e+00 -9.990390322e-01 1.167864693e-02 -4.224812922e-02 8.877625700e+01
-5.231522693e-02 3.378480870e-02 9.980591178e-01 3.532107353e+01 1.393427770e-02 9.993549775e-01 -3.309828690e-02 -3.846174556e+00 -9.985335555e-01 1.217569225e-02 -5.275220928e-02 8.873302283e+01
-6.193144147e-02 3.446205321e-02 9.974852640e-01 3.607251224e+01 1.508223884e-02 9.993219217e-01 -3.358908802e-02 -3.888823066e+00 -9.979664595e-01 1.296409051e-02 -6.240926683e-02 8.868160556e+01
-7.151419409e-02 3.511789125e-02 9.968213807e-01 3.682920895e+01 1.575257527e-02 9.992951299e-01 -3.407492370e-02 -3.927942009e+00 -9.973153393e-01 1.326566676e-02 -7.201699058e-02 8.862253907e+01
-8.093570209e-02 3.570248306e-02 9.960797122e-01 3.756780028e+01 1.652128191e-02 9.992689921e-01 -3.447437203e-02 -3.968352544e+00 -9.965824200e-01 1.366630509e-02 -8.146644933e-02 8.855990089e+01
-8.952228003e-02 3.521646614e-02 9.953620977e-01 3.829761363e+01 1.789893978e-02 9.992701668e-01 -3.374491861e-02 -4.007401337e+00 -9.958240327e-01 1.479500424e-02 -9.008721197e-02 8.849036770e+01
-9.732199599e-02 3.414928421e-02 9.946668507e-01 3.901952743e+01 1.973310821e-02 9.992809022e-01 -3.237693157e-02 -4.046712700e+00 -9.950572601e-01 1.647687786e-02 -9.792592200e-02 8.842516837e+01
-1.021561380e-01 3.257861310e-02 9.942347207e-01 3.974217585e+01 2.263581137e-02 9.992809243e-01 -3.041816593e-02 -4.084864421e+00 -9.945107766e-01 1.939790625e-02 -1.028201394e-01 8.833842013e+01
-1.056374744e-01 3.102257986e-02 9.939208631e-01 4.044260441e+01 2.593375905e-02 9.992592212e-01 -2.843287644e-02 -4.120003749e+00 -9.940666558e-01 2.277252526e-02 -1.063637472e-01 8.825192448e+01
-1.084475219e-01 2.995113262e-02 9.936510116e-01 4.114151003e+01 2.724100759e-02 9.992602055e-01 -2.714711679e-02 -4.154071764e+00 -9.937289746e-01 2.412401696e-02 -1.091831614e-01 8.817334322e+01
-1.103724720e-01 2.915713909e-02 9.934625889e-01 4.181936047e+01 2.755518580e-02 9.992751544e-01 -2.626638708e-02 -4.186800778e+00 -9.935083077e-01 2.447596379e-02 -1.110958348e-01 8.810132121e+01
-1.111854174e-01 2.945373297e-02 9.933633437e-01 4.248243050e+01 2.761630970e-02 9.992662560e-01 -2.653772093e-02 -4.227150234e+00 -9.934160704e-01 2.448242090e-02 -1.119171751e-01 8.802830606e+01
-1.101272193e-01 3.075136020e-02 9.934416696e-01 4.312993091e+01 2.878639005e-02 9.992006457e-01 -2.773853294e-02 -4.257242598e+00 -9.935005665e-01 2.554283389e-02 -1.109243496e-01 8.795196495e+01
-1.069498561e-01 3.260897503e-02 9.937296726e-01 4.376443180e+01 3.047625971e-02 9.990999442e-01 -2.950520585e-02 -4.281878668e+00 -9.937973785e-01 2.712958254e-02 -1.078474385e-01 8.788401249e+01
-1.019674190e-01 3.255773595e-02 9.942550070e-01 4.438384315e+01 2.942626860e-02 9.991256148e-01 -2.969937743e-02 -4.322727401e+00 -9.943526074e-01 2.622884700e-02 -1.028363427e-01 8.782043099e+01
-9.389978401e-02 3.308184222e-02 9.950319930e-01 4.497341248e+01 2.892746933e-02 9.991164636e-01 -3.048780062e-02 -4.355899173e+00 -9.951614306e-01 2.592096114e-02 -9.477379924e-02 8.776765064e+01
-8.268522395e-02 3.316347326e-02 9.960238091e-01 4.556031240e+01 2.706452062e-02 9.991522528e-01 -3.102086913e-02 -4.384414480e+00 -9.962081920e-01 2.439193935e-02 -8.351272636e-02 8.772406588e+01
-6.861357633e-02 3.324007565e-02 9.970895275e-01 4.612825129e+01 2.615309942e-02 9.991612486e-01 -3.150944691e-02 -4.417477342e+00 -9.973005586e-01 2.391500360e-02 -6.942540918e-02 8.768919077e+01
-5.147508670e-02 3.464418838e-02 9.980732030e-01 4.666884719e+01 2.552441528e-02 9.991172855e-01 -3.336402392e-02 -4.448363434e+00 -9.983480582e-01 2.375782102e-02 -5.231387038e-02 8.767146576e+01
-3.015999006e-02 3.716504593e-02 9.988539386e-01 4.721194481e+01 2.324814326e-02 9.990642352e-01 -3.647090552e-02 -4.478971554e+00 -9.992746559e-01 2.212153778e-02 -3.099575398e-02 8.767149289e+01
-5.638201126e-03 4.014852466e-02 9.991779314e-01 4.773089765e+01 2.066117058e-02 9.989850827e-01 -4.002419680e-02 -4.510285132e+00 -9.997707544e-01 2.041852608e-02 -6.461991634e-03 8.768790554e+01
2.248470166e-02 4.190437347e-02 9.988686333e-01 4.826007026e+01 1.868113753e-02 9.989291316e-01 -4.232742714e-02 -4.542415562e+00 -9.995726597e-01 1.961172535e-02 2.167785218e-02 8.771957607e+01
5.571091029e-02 4.141629963e-02 9.975876510e-01 4.878240591e+01 1.586560822e-02 9.989764421e-01 -4.235998704e-02 -4.571308458e+00 -9.983209525e-01 1.818725037e-02 5.499675560e-02 8.776648154e+01
9.484316080e-02 3.910078154e-02 9.947240818e-01 4.924928354e+01 1.523225359e-02 9.990543636e-01 -4.072333568e-02 -4.600597403e+00 -9.953757472e-01 1.901421828e-02 9.415786081e-02 8.780250331e+01
1.370214897e-01 3.558747160e-02 9.899287823e-01 4.974008186e+01 1.259906705e-02 9.992110211e-01 -3.766507626e-02 -4.633134094e+00 -9.904881034e-01 1.763310421e-02 1.364649834e-01 8.789376088e+01
1.820116768e-01 3.112509678e-02 9.828036081e-01 5.020194843e+01 9.474399924e-03 9.993969569e-01 -3.340522820e-02 -4.667226504e+00 -9.832506953e-01 1.539161631e-02 1.816070186e-01 8.800887200e+01
2.306563892e-01 2.841510342e-02 9.726202916e-01 5.069290870e+01 4.520682987e-03 9.995314100e-01 -3.027339111e-02 -4.692146817e+00 -9.730247966e-01 1.137965936e-02 2.304198499e-01 8.814725201e+01
2.823813666e-01 2.691453768e-02 9.589247273e-01 5.114432739e+01 2.373793609e-04 9.996043549e-01 -2.812621561e-02 -4.723499670e+00 -9.593023320e-01 8.169950571e-03 2.822632109e-01 8.831109723e+01
3.373824831e-01 2.632548236e-02 9.409994930e-01 5.158457359e+01 -1.280460331e-03 9.996207867e-01 -2.750638462e-02 -4.755786016e+00 -9.413667819e-01 8.075260670e-03 3.372882940e-01 8.849363226e+01
3.959410993e-01 2.714917442e-02 9.178746127e-01 5.201323326e+01 1.199093075e-04 9.995613325e-01 -2.961705722e-02 -4.777752055e+00 -9.182760203e-01 1.183667388e-02 3.957641782e-01 8.870410348e+01
4.555680892e-01 3.112595232e-02 8.896567123e-01 5.241884600e+01 -3.622774309e-04 9.993949295e-01 -3.477979867e-02 -4.801105611e+00 -8.902009445e-01 1.552226563e-02 4.553036728e-01 8.895188167e+01
5.148503016e-01 3.297075465e-02 8.566458377e-01 5.279410592e+01 1.026475021e-03 9.992357362e-01 -3.907570253e-02 -4.842896235e+00 -8.572794640e-01 2.099746473e-02 5.144230020e-01 8.921698917e+01
5.733267708e-01 3.722047818e-02 8.184809951e-01 5.315357590e+01 -3.546215817e-03 9.990709570e-01 -4.294878276e-02 -4.866574979e+00 -8.193191697e-01 2.172117670e-02 5.729260914e-01 8.951047556e+01
6.291799805e-01 4.073429877e-02 7.761915401e-01 5.347421811e+01 -8.434988642e-03 9.989248145e-01 -4.558588232e-02 -4.885030541e+00 -7.772138516e-01 2.213455717e-02 6.288470598e-01 8.982712016e+01
6.823345671e-01 4.249018676e-02 7.298042628e-01 5.378509491e+01 -1.146001723e-02 9.988084748e-01 -4.743737212e-02 -4.905888481e+00 -7.309502542e-01 2.400458619e-02 6.820084025e-01 9.015949616e+01
7.282628669e-01 4.054222658e-02 6.840976177e-01 5.401148988e+01 -1.212034758e-02 9.988543687e-01 -4.629307355e-02 -4.928518026e+00 -6.851907071e-01 2.542202550e-02 7.279199282e-01 9.051613770e+01
7.737389921e-01 3.827068087e-02 6.323474498e-01 5.426927807e+01 -1.578318726e-02 9.990282730e-01 -4.115052131e-02 -4.950386610e+00 -6.333078780e-01 2.185930739e-02 7.735912220e-01 9.089701412e+01
8.149800644e-01 3.357382878e-02 5.785156329e-01 5.450169164e+01 -1.737582280e-02 9.992871349e-01 -3.351499114e-02 -4.972239089e+00 -5.792284774e-01 1.726186450e-02 8.149824559e-01 9.129858484e+01
8.510142552e-01 3.236722014e-02 5.241442122e-01 5.471739837e+01 -2.118712275e-02 9.994022791e-01 -2.731563611e-02 -4.984864487e+00 -5.247150556e-01 1.214089028e-02 8.511913619e-01 9.173250563e+01
8.813957068e-01 2.891183982e-02 4.714930632e-01 5.488883338e+01 -2.252089955e-02 9.995621480e-01 -1.919297941e-02 -5.004617340e+00 -4.718415166e-01 6.298162031e-03 8.816608817e-01 9.217099098e+01
9.071536578e-01 2.709218600e-02 4.199265260e-01 5.503310308e+01 -2.421815470e-02 9.996325571e-01 -1.217509226e-02 -5.043634950e+00 -4.201020845e-01 8.748341453e-04 9.074764491e-01 9.257714566e+01
9.270267630e-01 2.917075865e-02 3.738588146e-01 5.516029242e+01 -2.815503960e-02 9.995701352e-01 -8.178873217e-03 -5.063697304e+00 -3.739366978e-01 -2.943975467e-03 9.274495690e-01 9.302274801e+01
9.419106863e-01 3.503065733e-02 3.340316123e-01 5.526252317e+01 -3.539699775e-02 9.993608875e-01 -4.991917512e-03 -5.079999502e+00 -3.339930029e-01 -7.121774337e-03 9.425486790e-01 9.347442395e+01
9.533830877e-01 3.960571581e-02 2.991522933e-01 5.535661889e+01 -3.979651954e-02 9.991929134e-01 -5.456820834e-03 -5.094614713e+00 -2.991269632e-01 -6.702777475e-03 9.541897660e-01 9.392440123e+01
9.624003649e-01 4.216928449e-02 2.683417147e-01 5.545085846e+01 -4.244217540e-02 9.990874808e-01 -4.786576468e-03 -5.107088431e+00 -2.682986825e-01 -6.782402276e-03 9.633119084e-01 9.437891934e+01
9.683552341e-01 3.620088624e-02 2.469366307e-01 5.554394408e+01 -3.617712831e-02 9.993346212e-01 -4.634745762e-03 -5.117231982e+00 -2.469401126e-01 -4.445376701e-03 9.690205468e-01 9.485005076e+01
9.721920191e-01 3.320616013e-02 2.318189134e-01 5.563523010e+01 -3.326449061e-02 9.994398860e-01 -3.658412050e-03 -5.139369379e+00 -2.318105397e-01 -4.154657901e-03 9.727520945e-01 9.532882118e+01
9.748569363e-01 3.761398192e-02 2.196342200e-01 5.571182328e+01 -3.774275023e-02 9.992809507e-01 -3.611253461e-03 -5.153221183e+00 -2.196121342e-01 -4.769143041e-03 9.755756372e-01 9.582187730e+01
9.770707576e-01 4.206782034e-02 2.087175823e-01 5.580896947e+01 -4.237815749e-02 9.990971587e-01 -2.986730826e-03 -5.160271929e+00 -2.086547922e-01 -5.926819567e-03 9.779713978e-01 9.631425110e+01
9.780482556e-01 4.972435221e-02 2.023588853e-01 5.589058033e+01 -4.986192608e-02 9.987463570e-01 -4.421066993e-03 -5.169805862e+00 -2.023250395e-01 -5.765985971e-03 9.793014755e-01 9.682466819e+01
9.783674114e-01 5.578256763e-02 1.992121197e-01 5.597557907e+01 -5.526271250e-02 9.984384184e-01 -8.173296370e-03 -5.180266345e+00 -1.993569619e-01 -3.012515226e-03 9.799222809e-01 9.734145401e+01
9.782778091e-01 5.689306229e-02 1.993382454e-01 5.605136878e+01 -5.593361074e-02 9.983798189e-01 -1.044595290e-02 -5.200754581e+00 -1.996095887e-01 -9.306624582e-04 9.798750778e-01 9.787467093e+01
9.777893573e-01 5.553350616e-02 2.020990087e-01 5.614861380e+01 -5.375852244e-02 9.984520661e-01 -1.426543761e-02 -5.219904403e+00 -2.025783820e-01 3.084048472e-03 9.792612065e-01 9.841597250e+01
9.772676412e-01 5.366825085e-02 2.051041023e-01 5.627164424e+01 -5.052201819e-02 9.985115176e-01 -2.054972945e-02 -5.239904479e+00 -2.059016795e-01 9.720312637e-03 9.785244102e-01 9.894504117e+01
9.763586034e-01 5.409976918e-02 2.092775298e-01 5.638093994e+01 -4.986305182e-02 9.984311770e-01 -2.547180241e-02 -5.254134263e+00 -2.103272341e-01 1.443439778e-02 9.775244858e-01 9.950296505e+01
9.750522485e-01 5.908688176e-02 2.139670799e-01 5.648686230e+01 -5.502151466e-02 9.981743779e-01 -2.491112654e-02 -5.279342217e+00 -2.150483820e-01 1.251685708e-02 9.765231633e-01 1.000859406e+02
9.736446686e-01 6.248998999e-02 2.193423110e-01 5.660209936e+01 -5.933688368e-02 9.980183566e-01 -2.094040697e-02 -5.305945411e+00 -2.202162154e-01 7.373428596e-03 9.754232006e-01 1.006585943e+02
9.727325352e-01 5.914268161e-02 2.242622069e-01 5.673380836e+01 -5.683877955e-02 9.982433693e-01 -1.672085893e-02 -5.325625477e+00 -2.248571720e-01 3.518132614e-03 9.743853995e-01 1.012701680e+02
9.720951945e-01 5.498165959e-02 2.280524277e-01 5.687367055e+01 -5.384118625e-02 9.984864469e-01 -1.122409461e-02 -5.347649687e+00 -2.283243734e-01 -1.367724048e-03 9.735841728e-01 1.018823483e+02
9.713271931e-01 5.257992045e-02 2.318594830e-01 5.701580128e+01 -5.247356777e-02 9.986003253e-01 -6.630397272e-03 -5.366618506e+00 -2.318835759e-01 -5.726208204e-03 9.727266783e-01 1.025074937e+02
9.708643671e-01 4.759273526e-02 2.348559095e-01 5.716418503e+01 -4.749132167e-02 9.988530724e-01 -6.091040594e-03 -5.384678262e+00 -2.348764377e-01 -5.240042661e-03 9.720110882e-01 1.031352487e+02
9.709754393e-01 4.390112476e-02 2.351156407e-01 5.731377354e+01 -4.289083574e-02 9.990354231e-01 -9.411669006e-03 -5.401994070e+00 -2.353020414e-01 -9.458051337e-04 9.719218728e-01 1.037813345e+02
9.710720919e-01 4.394531106e-02 2.347079865e-01 5.746188728e+01 -4.132752927e-02 9.990165502e-01 -1.606285481e-02 -5.426001150e+00 -2.351830416e-01 5.898287451e-03 9.719331999e-01 1.044250872e+02
9.711535983e-01 4.617824620e-02 2.339408087e-01 5.760417618e+01 -4.202667576e-02 9.988585073e-01 -2.270307476e-02 -5.446676672e+00 -2.347221591e-01 1.221641791e-02 9.719857559e-01 1.050841226e+02
9.716933467e-01 4.886001879e-02 2.311379156e-01 5.774755551e+01 -4.392053433e-02 9.986842914e-01 -2.647095179e-02 -5.467513703e+00 -2.321271760e-01 1.556994787e-02 9.725608103e-01 1.057590398e+02
9.722905324e-01 4.746306718e-02 2.289068337e-01 5.789013000e+01 -4.356714728e-02 9.988071950e-01 -2.204620681e-02 -5.490787584e+00 -2.296801884e-01 1.146250200e-02 9.731986408e-01 1.064478370e+02
9.727958989e-01 4.342575779e-02 2.275574092e-01 5.805657353e+01 -4.125055562e-02 9.990463557e-01 -1.430836596e-02 -5.517652306e+00 -2.279617635e-01 4.532248978e-03 9.736595287e-01 1.071388213e+02
9.733616249e-01 4.424899672e-02 2.249648529e-01 5.821122706e+01 -4.340292122e-02 9.990196955e-01 -8.707502857e-03 -5.538537744e+00 -2.251296187e-01 -1.288582869e-03 9.743279906e-01 1.078583374e+02
9.735832416e-01 4.719209368e-02 2.234022239e-01 5.835539343e+01 -4.633537267e-02 9.988847120e-01 -9.078325083e-03 -5.567429680e+00 -2.235814894e-01 -1.512918751e-03 9.746840481e-01 1.085809414e+02
9.737847016e-01 5.303859414e-02 2.212017421e-01 5.849864852e+01 -5.122834206e-02 9.985900143e-01 -1.391683958e-02 -5.583276151e+00 -2.216279662e-01 2.220206655e-03 9.751287816e-01 1.093058727e+02
9.746488025e-01 5.351841618e-02 2.172451346e-01 5.864747329e+01 -5.057543612e-02 9.985377907e-01 -1.908844411e-02 -5.608113013e+00 -2.179490734e-01 7.617263329e-03 9.759304041e-01 1.100525131e+02
9.755979171e-01 5.204901742e-02 2.133064049e-01 5.880115195e+01 -4.847835193e-02 9.985832522e-01 -2.193978920e-02 -5.630620114e+00 -2.141461455e-01 1.106366831e-02 9.767389762e-01 1.108090971e+02
9.764919040e-01 5.006941777e-02 2.096584047e-01 5.895283009e+01 -4.681150628e-02 9.986938767e-01 -2.047598975e-02 -5.654164138e+00 -2.104097688e-01 1.018021277e-02 9.775602507e-01 1.115829676e+02
9.774026193e-01 4.635689573e-02 2.062404845e-01 5.910407561e+01 -4.355014549e-02 9.988866947e-01 -1.813058678e-02 -5.687993950e+00 -2.068513544e-01 8.739082012e-03 9.783333482e-01 1.123594024e+02
9.778542546e-01 4.493817505e-02 2.044055281e-01 5.926533182e+01 -4.269962326e-02 9.989700306e-01 -1.535125191e-02 -5.714584922e+00 -2.048848497e-01 6.283248468e-03 9.787659401e-01 1.131497996e+02
9.782306909e-01 4.182794362e-02 2.032610983e-01 5.941955362e+01 -4.000671713e-02 9.991140228e-01 -1.306243750e-02 -5.735808178e+00 -2.036273964e-01 4.646267507e-03 9.790374278e-01 1.139454689e+02
9.784747868e-01 3.737670262e-02 2.029532778e-01 5.957687864e+01 -3.572254719e-02 9.992919857e-01 -1.180875925e-02 -5.762599388e+00 -2.032509463e-01 4.304565943e-03 9.791172471e-01 1.147405854e+02
9.786255662e-01 3.765124092e-02 2.021740183e-01 5.973555643e+01 -3.631943642e-02 9.992871793e-01 -1.029446749e-02 -5.785197189e+00 -2.024175022e-01 2.731583801e-03 9.792955259e-01 1.155493100e+02
9.783518632e-01 4.245714969e-02 2.025464199e-01 5.988946361e+01 -4.083005037e-02 9.990915114e-01 -1.220669854e-02 -5.807020186e+00 -2.028806793e-01 3.672465545e-03 9.791965694e-01 1.163714821e+02
9.779897092e-01 4.842354770e-02 2.029564743e-01 6.004075132e+01 -4.620853017e-02 9.988093440e-01 -1.564092040e-02 -5.830564385e+00 -2.034722087e-01 5.918338954e-03 9.790628217e-01 1.171849915e+02
9.772795965e-01 5.709244877e-02 2.041202348e-01 6.018670072e+01 -5.469826033e-02 9.983520903e-01 -1.735676908e-02 -5.850063752e+00 -2.047748087e-01 5.797393716e-03 9.787919246e-01 1.180107019e+02
9.763787726e-01 6.248814592e-02 2.068327190e-01 6.034206906e+01 -6.031638904e-02 9.980379731e-01 -1.679571494e-02 -5.881341248e+00 -2.074764395e-01 3.923576997e-03 9.782321196e-01 1.188548583e+02
9.755476252e-01 6.498955062e-02 2.099598916e-01 6.049684394e+01 -6.327902068e-02 9.978852373e-01 -1.486193377e-02 -5.910361484e+00 -2.104817388e-01 1.212467606e-03 9.775970546e-01 1.196785480e+02
9.750239296e-01 6.510131975e-02 2.123442921e-01 6.066781265e+01 -6.320534086e-02 9.978768363e-01 -1.571211947e-02 -5.942822312e+00 -2.129163456e-01 1.898400909e-03 9.770685808e-01 1.205205596e+02
9.746996254e-01 6.349006041e-02 2.143120626e-01 6.083420120e+01 -6.087111583e-02 9.979684747e-01 -1.880448240e-02 -5.964527006e+00 -2.150705793e-01 5.283308475e-03 9.765841887e-01 1.213537114e+02
9.748180309e-01 5.757112124e-02 2.154422029e-01 6.101703599e+01 -5.515392848e-02 9.983293427e-01 -1.721991392e-02 -5.998072668e+00 -2.160736572e-01 4.903800043e-03 9.763647363e-01 1.221902741e+02
9.750820361e-01 5.113405949e-02 2.158710991e-01 6.120006846e+01 -4.823664111e-02 9.986613595e-01 -1.867284084e-02 -6.033696158e+00 -2.165369546e-01 7.794655482e-03 9.762433014e-01 1.230218843e+02
9.748952497e-01 5.020323298e-02 2.169307009e-01 6.137617451e+01 -4.729260760e-02 9.987080466e-01 -1.859134914e-02 -6.070788472e+00 -2.175837792e-01 7.865400112e-03 9.760099499e-01 1.238576529e+02
9.742892117e-01 5.263002092e-02 2.190676239e-01 6.154640929e+01 -5.039377581e-02 9.986046145e-01 -1.578723322e-02 -6.099385784e+00 -2.195928296e-01 4.341685869e-03 9.755819593e-01 1.247012715e+02
9.738612173e-01 5.453738763e-02 2.204993456e-01 6.171923157e+01 -5.366578036e-02 9.985094260e-01 -9.945930708e-03 -6.127997458e+00 -2.207131108e-01 -2.147313047e-03 9.753364005e-01 1.255425571e+02
9.734189108e-01 5.812994597e-02 2.215323618e-01 6.188957168e+01 -5.831450963e-02 9.982818920e-01 -5.713052779e-03 -6.161314535e+00 -2.214838479e-01 -7.357356482e-03 9.751362926e-01 1.263893269e+02
9.731366578e-01 5.771094110e-02 2.228777607e-01 6.206131452e+01 -5.641881576e-02 9.983330449e-01 -1.216596714e-02 -6.192259871e+00 -2.232083517e-01 -7.353497457e-04 9.747705081e-01 1.272227266e+02
9.735851249e-01 5.309163500e-02 2.220659264e-01 6.224368558e+01 -4.837896800e-02 9.984744500e-01 -2.661191757e-02 -6.220750563e+00 -2.231400365e-01 1.516564659e-02 9.746684260e-01 1.280131230e+02
9.738043981e-01 5.075692578e-02 2.216500803e-01 6.242054965e+01 -4.398530505e-02 9.984053593e-01 -3.538416930e-02 -6.255472794e+00 -2.230926101e-01 2.470791339e-02 9.744840790e-01 1.288221550e+02
9.740697886e-01 4.794099201e-02 2.211101276e-01 6.259353659e+01 -4.315698547e-02 9.987188957e-01 -2.641969012e-02 -6.287587201e+00 -2.220934433e-01 1.619217545e-02 9.748909303e-01 1.296503457e+02
9.745462463e-01 4.178344367e-02 2.202583519e-01 6.277657732e+01 -4.157108392e-02 9.991198717e-01 -5.601258165e-03 -6.319126270e+00 -2.202985169e-01 -3.697693024e-03 9.754254825e-01 1.304858149e+02
9.747712925e-01 3.839878846e-02 2.198784234e-01 6.295280517e+01 -4.148059961e-02 9.990949497e-01 9.414568183e-03 -6.351165807e+00 -2.193179092e-01 -1.829773881e-02 9.754818446e-01 1.313258239e+02
9.747679152e-01 4.302674370e-02 2.190347356e-01 6.311718977e+01 -4.493255848e-02 9.989830790e-01 3.724666614e-03 -6.372461415e+00 -2.186517343e-01 -1.347247436e-02 9.757099811e-01 1.321322004e+02
9.748875826e-01 5.142416488e-02 2.166788891e-01 6.327750041e+01 -4.998711509e-02 9.986764165e-01 -1.211139869e-02 -6.390333453e+00 -2.170149044e-01 9.761017039e-04 9.761677885e-01 1.329287327e+02
9.750833788e-01 5.162951081e-02 2.157469947e-01 6.343642453e+01 -4.839086615e-02 9.986227814e-01 -2.027039148e-02 -6.405955931e+00 -2.164964072e-01 9.325140366e-03 9.762388882e-01 1.337448640e+02
9.757452088e-01 4.746468126e-02 2.137015730e-01 6.360672566e+01 -4.407818269e-02 9.988159745e-01 -2.058666827e-02 -6.445449276e+00 -2.144256815e-01 1.066776650e-02 9.766820364e-01 1.345444697e+02
9.763848879e-01 4.689541279e-02 2.108871866e-01 6.376819292e+01 -4.391851476e-02 9.988586070e-01 -1.878024223e-02 -6.482588786e+00 -2.115271828e-01 9.074891052e-03 9.773299948e-01 1.353486078e+02
9.771620277e-01 4.622543954e-02 2.074068189e-01 6.392300000e+01 -4.299913421e-02 9.988741427e-01 -2.003924374e-02 -6.509863946e+00 -2.080996324e-01 1.066327595e-02 9.780495018e-01 1.361602393e+02
9.781621147e-01 4.714358976e-02 2.024262482e-01 6.407624627e+01 -4.365893728e-02 9.988119261e-01 -2.164770337e-02 -6.539699794e+00 -2.032063042e-01 1.233724915e-02 9.790582006e-01 1.369653066e+02
9.783948244e-01 5.273822818e-02 1.999056874e-01 6.421400840e+01 -4.944385061e-02 9.985467813e-01 -2.144002907e-02 -6.580328071e+00 -2.007458895e-01 1.109270584e-02 9.795805258e-01 1.377807721e+02
9.784957126e-01 5.860679379e-02 1.977658697e-01 6.436017465e+01 -5.541590715e-02 9.982289319e-01 -2.163551778e-02 -6.608337173e+00 -1.986836082e-01 1.021088711e-02 9.800104826e-01 1.385677996e+02
9.788058875e-01 5.985643662e-02 1.958474867e-01 6.450152675e+01 -5.711443649e-02 9.981747754e-01 -1.962362836e-02 -6.642644665e+00 -1.966646136e-01 8.022005936e-03 9.804380080e-01 1.393640339e+02
9.790627749e-01 5.844642404e-02 1.949874391e-01 6.464504855e+01 -5.670296190e-02 9.982855721e-01 -1.451613006e-02 -6.676848493e+00 -1.955015584e-01 3.155838499e-03 9.806983047e-01 1.401597543e+02
9.794393342e-01 5.690645217e-02 1.935464410e-01 6.478721889e+01 -5.509459396e-02 9.983723869e-01 -1.473556705e-02 -6.705816475e+00 -1.940699717e-01 3.769230817e-03 9.809804264e-01 1.409540164e+02
9.800895516e-01 5.513018009e-02 1.907489633e-01 6.493229466e+01 -5.271475021e-02 9.984524287e-01 -1.771797980e-02 -6.735509789e+00 -1.914305575e-01 7.309921981e-03 9.814789323e-01 1.417450301e+02
9.812195943e-01 5.058115234e-02 1.861440759e-01 6.507306096e+01 -4.745463272e-02 9.986480524e-01 -2.121663209e-02 -6.768749120e+00 -1.869655730e-01 1.198477707e-02 9.822933498e-01 1.425290866e+02
9.826110817e-01 4.735184283e-02 1.795363467e-01 6.520895029e+01 -4.407518997e-02 9.987815591e-01 -2.219816295e-02 -6.795081872e+00 -1.803687116e-01 1.389906328e-02 9.835008444e-01 1.433125221e+02
9.837502526e-01 4.599177839e-02 1.735518715e-01 6.533774963e+01 -4.368654541e-02 9.988992271e-01 -1.708137722e-02 -6.816381877e+00 -1.741464419e-01 9.221927886e-03 9.846765903e-01 1.441125485e+02
9.849340754e-01 4.346136036e-02 1.673798275e-01 6.546357529e+01 -4.261310277e-02 9.990541590e-01 -8.657891386e-03 -6.841620429e+00 -1.675978022e-01 1.394879028e-03 9.858544589e-01 1.449069892e+02
9.854881543e-01 4.054083267e-02 1.648318822e-01 6.557193864e+01 -4.125207391e-02 9.991483942e-01 8.925422633e-04 -6.864413104e+00 -1.646553137e-01 -7.679246360e-03 9.863212678e-01 1.457021096e+02
9.858574172e-01 4.730310767e-02 1.607719902e-01 6.568280984e+01 -4.852824194e-02 9.988149424e-01 3.700112581e-03 -6.886019855e+00 -1.604064315e-01 -1.144976269e-02 9.869846571e-01 1.465076908e+02
9.864893107e-01 5.027058996e-02 1.559219796e-01 6.578864008e+01 -5.078588930e-02 9.987093069e-01 -6.796433125e-04 -6.908126257e+00 -1.557549063e-01 -7.248176006e-03 9.877691163e-01 1.472921864e+02
9.876666701e-01 5.066314001e-02 1.481477358e-01 6.589336738e+01 -4.960064884e-02 9.987100595e-01 -1.085998180e-02 -6.924831350e+00 -1.485068337e-01 3.377819963e-03 9.889056249e-01 1.480688829e+02
9.887738178e-01 4.745270587e-02 1.416848225e-01 6.599835266e+01 -4.557849785e-02 9.988253740e-01 -1.644595424e-02 -6.938421394e+00 -1.422987979e-01 9.803547857e-03 9.897751990e-01 1.488641831e+02
9.896394313e-01 4.669434277e-02 1.357696112e-01 6.608030173e+01 -4.508625200e-02 9.988720059e-01 -1.489684551e-02 -6.965506914e+00 -1.363120579e-01 8.621163235e-03 9.906284645e-01 1.496614692e+02
9.903235050e-01 5.384651308e-02 1.279057614e-01 6.617061221e+01 -5.282482384e-02 9.985390608e-01 -1.136916253e-02 -6.990526762e+00 -1.283310967e-01 4.502550128e-03 9.917211646e-01 1.504751807e+02
9.909779865e-01 5.940797812e-02 1.201388337e-01 6.623715144e+01 -5.830868338e-02 9.982184985e-01 -1.264803397e-02 -7.014458915e+00 -1.206761909e-01 5.528785852e-03 9.926765390e-01 1.512864731e+02
9.920436233e-01 6.196763460e-02 1.095874414e-01 6.630867346e+01 -6.036524498e-02 9.980161594e-01 -1.788290990e-02 -7.044784525e+00 -1.104781963e-01 1.112535486e-02 9.938162911e-01 1.520905612e+02
9.930200654e-01 6.052350748e-02 1.012325428e-01 6.637547676e+01 -5.880575761e-02 9.980716799e-01 -1.987011918e-02 -7.071028174e+00 -1.022399419e-01 1.377837179e-02 9.946643505e-01 1.529040416e+02
9.937355793e-01 6.069987881e-02 9.383590507e-02 6.643572604e+01 -5.932402741e-02 9.980873500e-01 -1.738554535e-02 -7.092198988e+00 -9.471173319e-02 1.170991184e-02 9.954358396e-01 1.537298178e+02
9.942428949e-01 6.340860773e-02 8.637344309e-02 6.648149282e+01 -6.275883525e-02 9.979763638e-01 -1.022034124e-02 -7.117678642e+00 -8.684671003e-02 4.740806935e-03 9.962104071e-01 1.545514192e+02
9.947475876e-01 6.625162349e-02 7.802551215e-02 6.652513066e+01 -6.611320657e-02 9.978026063e-01 -4.358687063e-03 -7.139404116e+00 -7.814283063e-02 -8.227229147e-04 9.969418481e-01 1.553733429e+02
9.953529945e-01 6.513273994e-02 7.092331278e-02 6.656051682e+01 -6.525253616e-02 9.978685882e-01 -6.289568430e-04 -7.160130810e+00 -7.081311244e-02 -4.001892418e-03 9.974815512e-01 1.561876354e+02
9.956980505e-01 6.616206555e-02 6.486894529e-02 6.660525351e+01 -6.639486940e-02 9.977923800e-01 1.437312011e-03 -7.173410230e+00 -6.463064205e-02 -5.738092794e-03 9.978927581e-01 1.570050818e+02
9.960280503e-01 6.538495909e-02 6.043983410e-02 6.664228810e+01 -6.548961886e-02 9.978532236e-01 -2.497286814e-04 -7.190792572e+00 -6.032641108e-02 -3.709445748e-03 9.981718174e-01 1.578236396e+02
9.959437264e-01 7.030871623e-02 5.614969805e-02 6.666200136e+01 -7.011386126e-02 9.975241662e-01 -5.435154834e-03 -7.212862490e+00 -5.639282340e-02 1.476236601e-03 9.984075628e-01 1.586391607e+02
9.957147678e-01 7.616484843e-02 5.245060585e-02 6.667772238e+01 -7.563524007e-02 9.970632210e-01 -1.201207591e-02 -7.236378398e+00 -5.321146714e-02 7.993486783e-03 9.985512659e-01 1.594614063e+02
9.957053091e-01 7.810897718e-02 4.969859118e-02 6.669662831e+01 -7.749127683e-02 9.968913258e-01 -1.423948970e-02 -7.255453250e+00 -5.065632794e-02 1.032712764e-02 9.986627654e-01 1.602789403e+02
9.957419795e-01 7.949021809e-02 4.668168612e-02 6.671852808e+01 -7.920999922e-02 9.968272326e-01 -7.825142526e-03 -7.277784600e+00 -4.715559729e-02 4.094166054e-03 9.988791362e-01 1.611022581e+02
9.955963749e-01 8.208464400e-02 4.527722047e-02 6.673052796e+01 -8.228405332e-02 9.966056303e-01 2.554998603e-03 -7.295289821e+00 -4.491380993e-02 -6.269340813e-03 9.989711857e-01 1.619348621e+02
9.956139091e-01 8.349098745e-02 4.221654889e-02 6.674627508e+01 -8.396555574e-02 9.964224649e-01 9.593003272e-03 -7.308495958e+00 -4.126458816e-02 -1.309566339e-02 9.990624584e-01 1.627573983e+02
9.961418793e-01 7.950255418e-02 3.715727536e-02 6.677409326e+01 -7.980983962e-02 9.967865363e-01 6.858589146e-03 -7.323299518e+00 -3.649259657e-02 -9.797645499e-03 9.992858956e-01 1.635614831e+02
9.972475677e-01 6.729393151e-02 3.112594319e-02 6.680074325e+01 -6.723377363e-02 9.977327921e-01 -2.976502413e-03 -7.335771742e+00 -3.125567327e-02 8.755946350e-04 9.995110385e-01 1.643705521e+02
9.976062607e-01 6.499735555e-02 2.360210257e-02 6.681451053e+01 -6.484881106e-02 9.978705124e-01 -7.006302446e-03 -7.351313907e+00 -2.400723339e-02 5.458963265e-03 9.996968581e-01 1.651854688e+02
9.974103690e-01 6.979973669e-02 1.733641398e-02 6.680003152e+01 -6.971250656e-02 9.975514976e-01 -5.586670762e-03 -7.371435524e+00 -1.768391379e-02 4.363637839e-03 9.998341122e-01 1.660064587e+02
9.976835509e-01 6.721628972e-02 1.046249852e-02 6.679364889e+01 -6.722997120e-02 9.977370726e-01 9.610241558e-04 -7.388049833e+00 -1.037422602e-02 -1.662191984e-03 9.999448279e-01 1.668212279e+02
9.980958438e-01 6.159788235e-02 3.223850071e-03 6.678646717e+01 -6.161316073e-02 9.980882243e-01 4.875918173e-03 -7.401941539e+00 -2.917339813e-03 -5.065265266e-03 9.999829320e-01 1.676465265e+02
9.986061883e-01 5.271212044e-02 -2.672890237e-03 6.678408465e+01 -5.268498999e-02 9.985672524e-01 9.367790282e-03 -7.411978253e+00 3.162856623e-03 -9.213912596e-03 9.999525377e-01 1.684771505e+02
9.987782511e-01 4.867444401e-02 -8.535232699e-03 6.676735359e+01 -4.859495953e-02 9.987754061e-01 9.285105119e-03 -7.423043966e+00 8.976727679e-03 -8.858991317e-03 9.999204528e-01 1.692900343e+02
9.988517923e-01 4.545153970e-02 -1.514094465e-02 6.674460880e+01 -4.541116577e-02 9.989639022e-01 2.999862769e-03 -7.442112657e+00 1.526160553e-02 -2.308850030e-03 9.998808876e-01 1.701126022e+02
9.990646806e-01 3.709333683e-02 -2.222196056e-02 6.671497556e+01 -3.726402984e-02 9.992786921e-01 -7.316875076e-03 -7.454649842e+00 2.193452249e-02 8.138111744e-03 9.997263061e-01 1.709456711e+02
9.992387462e-01 2.638153979e-02 -2.874004752e-02 6.669444498e+01 -2.671588482e-02 9.995790827e-01 -1.131215779e-02 -7.466552378e+00 2.842951928e-02 1.207136186e-02 9.995228811e-01 1.717780691e+02
9.989263322e-01 3.023827463e-02 -3.509743957e-02 6.665424181e+01 -3.038314331e-02 9.995318478e-01 -3.601498479e-03 -7.484115791e+00 3.497210291e-02 4.664001856e-03 9.993774121e-01 1.726130013e+02
9.983739807e-01 4.078667627e-02 -3.982216126e-02 6.659731532e+01 -4.042392320e-02 9.991338170e-01 9.872753135e-03 -7.499202750e+00 4.019034472e-02 -8.246933358e-03 9.991580171e-01 1.734523523e+02
9.979830123e-01 4.554173358e-02 -4.422490392e-02 6.653588763e+01 -4.479137847e-02 9.988375494e-01 1.781259178e-02 -7.513536974e+00 4.498471049e-02 -1.579577046e-02 9.988628034e-01 1.742978434e+02
9.978332906e-01 4.491936925e-02 -4.807286913e-02 6.648227633e+01 -4.425028641e-02 9.989094332e-01 1.489356232e-02 -7.520140562e+00 4.868945076e-02 -1.273405416e-02 9.987327756e-01 1.751311479e+02
9.976480974e-01 4.626016540e-02 -5.057887007e-02 6.642300421e+01 -4.611712179e-02 9.989280781e-01 3.992125012e-03 -7.525035579e+00 5.070932901e-02 -1.650184193e-03 9.987120813e-01 1.759579781e+02
9.969401027e-01 5.698594098e-02 -5.350687198e-02 6.634591044e+01 -5.733599207e-02 9.983422594e-01 -5.028813587e-03 -7.536319105e+00 5.313160133e-02 8.081296139e-03 9.985548051e-01 1.767893030e+02
9.969164373e-01 5.559583458e-02 -5.537759524e-02 6.627909646e+01 -5.614436427e-02 9.983873694e-01 -8.398063879e-03 -7.552037617e+00 5.482139276e-02 1.148130778e-02 9.984301946e-01 1.776322103e+02
9.970645512e-01 5.024697103e-02 -5.777151843e-02 6.622835044e+01 -5.053386697e-02 9.987161573e-01 -3.514957022e-03 -7.568349858e+00 5.752073123e-02 6.424057494e-03 9.983236627e-01 1.784908398e+02
9.971024614e-01 5.061334919e-02 -5.678870060e-02 6.615950636e+01 -5.039822157e-02 9.987156123e-01 5.214972151e-03 -7.582316263e+00 5.697970422e-02 -2.337811660e-03 9.983726199e-01 1.793527066e+02
9.970039715e-01 5.251484250e-02 -5.679141504e-02 6.610167411e+01 -5.198388494e-02 9.985896870e-01 1.078752184e-02 -7.595432895e+00 5.727782518e-02 -7.802963926e-03 9.983278045e-01 1.801927671e+02
9.969304962e-01 5.220050490e-02 -5.834978244e-02 6.604152042e+01 -5.169703339e-02 9.986116602e-01 1.010606984e-02 -7.607530888e+00 5.879631582e-02 -7.058539459e-03 9.982450656e-01 1.810430957e+02
9.969862454e-01 4.852909619e-02 -6.052602347e-02 6.597832274e+01 -4.854871120e-02 9.988201421e-01 1.147358859e-03 -7.619351930e+00 6.051029356e-02 1.794558904e-03 9.981659620e-01 1.818948545e+02
9.972823370e-01 3.773449049e-02 -6.327718253e-02 6.592843680e+01 -3.846839270e-02 9.992054805e-01 -1.041983228e-02 -7.635808323e+00 6.283371481e-02 1.282568492e-02 9.979415980e-01 1.827343566e+02
9.974939366e-01 2.723777114e-02 -6.529937153e-02 6.587393110e+01 -2.823289507e-02 9.994981240e-01 -1.436523124e-02 -7.655041735e+00 6.487532542e-02 1.617282121e-02 9.977623300e-01 1.835881802e+02
9.973676981e-01 3.016795190e-02 -6.593604594e-02 6.580025060e+01 -3.088990969e-02 9.994731901e-01 -9.957184890e-03 -7.674637030e+00 6.560092745e-02 1.196773311e-02 9.977741770e-01 1.844350139e+02
9.971006962e-01 3.615008467e-02 -6.695793383e-02 6.572612703e+01 -3.614204389e-02 9.993457990e-01 1.331847449e-03 -7.700054276e+00 6.696227910e-02 1.092010124e-03 9.977549104e-01 1.852936117e+02
9.970043901e-01 3.727788685e-02 -6.776906040e-02 6.565727001e+01 -3.701380033e-02 9.993015121e-01 5.148751616e-03 -7.724748928e+00 6.791366226e-02 -2.624937771e-03 9.976877218e-01 1.861340622e+02
9.969666591e-01 3.604700729e-02 -6.897868552e-02 6.559023757e+01 -3.603091286e-02 9.993495864e-01 1.477881828e-03 -7.740441913e+00 6.898709399e-02 1.011966224e-03 9.976170539e-01 1.869774957e+02
9.969879023e-01 3.617376069e-02 -6.860454463e-02 6.551584029e+01 -3.659749359e-02 9.993179560e-01 -4.929270301e-03 -7.752975556e+00 6.837944097e-02 7.425177478e-03 9.976317318e-01 1.878148076e+02
9.967074962e-01 4.262898096e-02 -6.897048765e-02 6.543355878e+01 -4.306917833e-02 9.990600344e-01 -4.907328497e-03 -7.772769914e+00 6.869645760e-02 7.861673780e-03 9.976066137e-01 1.886507749e+02
9.965852274e-01 4.531101459e-02 -6.902734414e-02 6.536172720e+01 -4.555502343e-02 9.989598809e-01 -1.964136511e-03 -7.790761691e+00 6.886655745e-02 5.101971838e-03 9.976128199e-01 1.894836620e+02
9.963581187e-01 4.921136946e-02 -6.963274096e-02 6.528438531e+01 -4.923645494e-02 9.987862082e-01 1.357048160e-03 -7.810410801e+00 6.961500541e-02 2.076363688e-03 9.975717543e-01 1.903189668e+02
9.961906656e-01 5.296905785e-02 -6.927065187e-02 6.520691559e+01 -5.280865531e-02 9.985960202e-01 4.146088374e-03 -7.824166153e+00 6.939301841e-02 -4.722051778e-04 9.975892955e-01 1.911456382e+02
9.959923540e-01 5.619837048e-02 -6.957686169e-02 6.511827380e+01 -5.606447590e-02 9.984196274e-01 3.877234300e-03 -7.839509938e+00 6.968480171e-02 3.909367367e-05 9.975690353e-01 1.919541690e+02
9.960881351e-01 5.355659397e-02 -7.028579735e-02 6.506057724e+01 -5.366945443e-02 9.985587169e-01 2.830694615e-04 -7.863048549e+00 7.019965414e-02 3.490237735e-03 9.975268454e-01 1.927761254e+02
9.958950826e-01 5.574392152e-02 -7.131353986e-02 6.498617606e+01 -5.623733398e-02 9.984052752e-01 -4.928386300e-03 -7.880031428e+00 7.092508688e-02 8.918638128e-03 9.974417736e-01 1.935755007e+02
9.957403317e-01 5.692484471e-02 -7.253126407e-02 6.491252646e+01 -5.741673611e-02 9.983391875e-01 -4.713213549e-03 -7.891575160e+00 7.214250156e-02 8.857644184e-03 9.973550178e-01 1.943837389e+02
9.956360620e-01 5.694330329e-02 -7.393421268e-02 6.483539905e+01 -5.670781542e-02 9.983768449e-01 5.282105704e-03 -7.910044039e+00 7.411498567e-02 -1.066408017e-03 9.972491090e-01 1.951862773e+02
9.956578772e-01 5.539960731e-02 -7.480865138e-02 6.476405865e+01 -5.448422428e-02 9.984132960e-01 1.422373777e-02 -7.923707235e+00 7.547793872e-02 -1.008608476e-02 9.970964817e-01 1.959803159e+02
9.959278601e-01 4.965204420e-02 -7.524883272e-02 6.469754251e+01 -4.855688108e-02 9.986871849e-01 1.631534126e-02 -7.941715710e+00 7.596013210e-02 -1.259505388e-02 9.970313060e-01 1.967525424e+02
9.959546038e-01 4.763463289e-02 -7.619326250e-02 6.462888198e+01 -4.703358722e-02 9.988465810e-01 9.664534806e-03 -7.950873901e+00 7.656574861e-02 -6.041795193e-03 9.970462254e-01 1.975148117e+02
9.959152571e-01 4.894043122e-02 -7.587878626e-02 6.456467032e+01 -4.875355590e-02 9.988015370e-01 4.314335426e-03 -7.953051151e+00 7.599898799e-02 -5.973524055e-04 9.971077381e-01 1.982448520e+02
9.960106637e-01 4.830103695e-02 -7.503175786e-02 6.449708305e+01 -4.855480451e-02 9.988192977e-01 -1.560633648e-03 -7.970844040e+00 7.486778754e-02 5.197560586e-03 9.971799246e-01 1.989540239e+02
9.962014851e-01 4.493749804e-02 -7.458720955e-02 6.443207150e+01 -4.540897542e-02 9.989577316e-01 -4.636551953e-03 -7.994199117e+00 7.430111023e-02 8.005868215e-03 9.972037109e-01 1.996468816e+02
9.965046028e-01 4.190965115e-02 -7.226425643e-02 6.438564201e+01 -4.269501699e-02 9.990443235e-01 -9.357084404e-03 -8.020847144e+00 7.180303912e-02 1.240970198e-02 9.973416240e-01 2.003179702e+02
9.968895630e-01 4.002276434e-02 -6.789211881e-02 6.433599464e+01 -4.085045863e-02 9.991063825e-01 -1.084659523e-02 -8.036211741e+00 6.739734046e-02 1.358628225e-02 9.976337104e-01 2.009899698e+02
9.972119422e-01 4.091421881e-02 -6.240452788e-02 6.427737506e+01 -4.137547205e-02 9.991249646e-01 -6.116515068e-03 -8.049900811e+00 6.209966585e-02 8.681478124e-03 9.980322155e-01 2.016638551e+02
9.974217189e-01 4.554069170e-02 -5.546154862e-02 6.422297365e+01 -4.543168655e-02 9.989622272e-01 3.225311551e-03 -8.073558699e+00 5.555087391e-02 -6.972835919e-04 9.984556062e-01 2.023434656e+02
9.973823685e-01 5.296714736e-02 -4.922296237e-02 6.416874953e+01 -5.266674923e-02 9.985848520e-01 7.380788353e-03 -8.096806243e+00 4.954424401e-02 -4.769055910e-03 9.987605179e-01 2.030051685e+02
9.976455370e-01 5.290426194e-02 -4.364108527e-02 6.413428448e+01 -5.271068637e-02 9.985942773e-01 5.575262935e-03 -8.108228291e+00 4.387469013e-02 -3.261785480e-03 9.990317112e-01 2.036629295e+02
9.980272099e-01 5.071686987e-02 -3.700644002e-02 6.410556711e+01 -5.084743056e-02 9.987030855e-01 -2.594816821e-03 -8.122750680e+00 3.682684397e-02 4.471379347e-03 9.993116502e-01 2.043126821e+02
9.982332623e-01 5.143284781e-02 -2.974860715e-02 6.407732626e+01 -5.180364536e-02 9.985871865e-01 -1.183048029e-02 -8.138132645e+00 2.909810542e-02 1.335066446e-02 9.994874142e-01 2.049582104e+02
9.982687528e-01 5.438758474e-02 -2.239482300e-02 6.404675514e+01 -5.477714271e-02 9.983510591e-01 -1.716481608e-02 -8.158678140e+00 2.142434125e-02 1.836182266e-02 9.996018609e-01 2.055934642e+02
9.984457024e-01 5.358406597e-02 -1.532578966e-02 6.403125755e+01 -5.383046622e-02 9.984195712e-01 -1.614397740e-02 -8.177677075e+00 1.443650800e-02 1.694387948e-02 9.997522131e-01 2.062434567e+02
9.987031975e-01 5.013532680e-02 -8.852845153e-03 6.402464455e+01 -5.022825526e-02 9.986814613e-01 -1.060622014e-02 -8.204689368e+00 8.309425545e-03 1.103712865e-02 9.999045403e-01 2.068853946e+02
9.990857543e-01 4.267943198e-02 -2.478900042e-03 6.402784448e+01 -4.269110258e-02 9.990764791e-01 -4.861830573e-03 -8.230062677e+00 2.269110863e-03 4.963211956e-03 9.999851111e-01 2.075307324e+02
9.993067271e-01 3.709814656e-02 3.124319578e-03 6.402996102e+01 -3.708736427e-02 9.993061175e-01 -3.440987701e-03 -8.254701047e+00 -3.249805298e-03 3.322730054e-03 9.999891922e-01 2.081645880e+02
9.992346937e-01 3.838905141e-02 7.500096195e-03 6.401343601e+01 -3.836887701e-02 9.992597030e-01 -2.815493287e-03 -8.267641299e+00 -7.602628246e-03 2.525568234e-03 9.999679326e-01 2.088061428e+02
9.990772391e-01 4.215790146e-02 8.206795040e-03 6.401105222e+01 -4.215210972e-02 9.991108272e-01 -8.771262855e-04 -8.283926275e+00 -8.236475898e-03 5.303829617e-04 9.999659644e-01 2.094669306e+02
9.990783354e-01 4.209976797e-02 8.369131145e-03 6.400917439e+01 -4.210913828e-02 9.991125705e-01 9.465476548e-04 -8.294709055e+00 -8.321854237e-03 -1.298092685e-03 9.999645108e-01 2.100898762e+02
9.990977744e-01 4.176895519e-02 7.677788973e-03 6.400314168e+01 -4.179975519e-02 9.991184035e-01 3.895635851e-03 -8.309402398e+00 -7.508303852e-03 -4.213051124e-03 9.999629474e-01 2.107371395e+02
9.990331626e-01 4.325759982e-02 7.840714907e-03 6.399599153e+01 -4.330271820e-02 9.990458497e-01 5.678703655e-03 -8.321230046e+00 -7.587586864e-03 -6.012737790e-03 9.999531580e-01 2.113884303e+02
9.986182713e-01 5.199769447e-02 7.604260807e-03 6.397332438e+01 -5.200647343e-02 9.986462581e-01 9.612708867e-04 -8.336501498e+00 -7.543983243e-03 -1.355413174e-03 9.999706075e-01 2.120383106e+02
9.983666506e-01 5.673361000e-02 6.730363241e-03 6.395163734e+01 -5.668132163e-02 9.983624554e-01 -7.720909071e-03 -8.351936334e+00 -7.157376443e-03 7.326812347e-03 9.999475211e-01 2.126831989e+02
9.984992725e-01 5.457766464e-02 4.529157611e-03 6.394298127e+01 -5.449763927e-02 9.983820259e-01 -1.622923289e-02 -8.367930249e+00 -5.407582761e-03 1.595804781e-02 9.998580209e-01 2.133230472e+02
9.988092563e-01 4.877872904e-02 8.363256318e-04 6.393768237e+01 -4.875179153e-02 9.986052335e-01 -2.027076401e-02 -8.384627559e+00 -1.823941659e-03 2.020585474e-02 9.997942057e-01 2.139770676e+02
9.987122082e-01 5.066066257e-02 -2.729377741e-03 6.392242327e+01 -5.069528836e-02 9.986071717e-01 -1.461951474e-02 -8.395842302e+00 1.984941665e-03 1.473905414e-02 9.998894261e-01 2.146373830e+02
9.983123825e-01 5.782699814e-02 -5.336330277e-03 6.388371703e+01 -5.783852580e-02 9.983238834e-01 -2.031610782e-03 -8.411459447e+00 5.209903404e-03 2.336827692e-03 9.999836977e-01 2.153155564e+02
9.985632165e-01 5.279018414e-02 -9.204098001e-03 6.387261307e+01 -5.267332021e-02 9.985334524e-01 1.250826968e-02 -8.427826557e+00 9.850912744e-03 -1.200548705e-02 9.998794150e-01 2.159957720e+02
9.988562479e-01 4.604917165e-02 -1.287349894e-02 6.386510238e+01 -4.575079392e-02 9.986975741e-01 2.258395052e-02 -8.443122508e+00 1.389670416e-02 -2.196914657e-02 9.996620644e-01 2.166880869e+02
9.988942491e-01 4.442500997e-02 -1.538569222e-02 6.384375275e+01 -4.409775789e-02 9.988066223e-01 2.099340799e-02 -8.447519853e+00 1.629996238e-02 -2.029171899e-02 9.996612343e-01 2.173670077e+02
9.986340345e-01 4.911313068e-02 -1.783050741e-02 6.380244583e+01 -4.885446484e-02 9.986982672e-01 1.466397498e-02 -8.447759070e+00 1.852749105e-02 -1.377284384e-02 9.997334799e-01 2.180500992e+02
9.986227538e-01 4.774307161e-02 -2.175366622e-02 6.377413192e+01 -4.762130447e-02 9.988469731e-01 6.081963579e-03 -8.450155456e+00 2.201895460e-02 -5.037647976e-03 9.997448821e-01 2.187292919e+02
9.989355636e-01 3.919507294e-02 -2.431968359e-02 6.376080883e+01 -3.917407334e-02 9.992314863e-01 1.339483854e-03 -8.447916075e+00 2.435349448e-02 -3.853569380e-04 9.997033483e-01 2.194209676e+02
9.991996831e-01 3.136259315e-02 -2.482602706e-02 6.374082839e+01 -3.120168292e-02 9.994896939e-01 6.842694885e-03 -8.460401786e+00 2.502796115e-02 -6.062605298e-03 9.996683944e-01 2.201269403e+02
9.993605883e-01 2.424215049e-02 -2.628270070e-02 6.372214928e+01 -2.396772551e-02 9.996554074e-01 1.070650088e-02 -8.466634764e+00 2.653319169e-02 -1.006971915e-02 9.995972133e-01 2.208323493e+02
9.993869001e-01 2.131974340e-02 -2.777143637e-02 6.369548020e+01 -2.094569933e-02 9.996868547e-01 1.369065565e-02 -8.480224178e+00 2.805462083e-02 -1.310057152e-02 9.995205334e-01 2.215327786e+02
9.994216430e-01 1.876896458e-02 -2.835602927e-02 6.367784275e+01 -1.845867314e-02 9.997672750e-01 1.116511635e-02 -8.498191987e+00 2.855898777e-02 -1.063524459e-02 9.995355370e-01 2.221988969e+02
9.994841620e-01 1.266995964e-02 -2.951146710e-02 6.365651886e+01 -1.248993663e-02 9.999022868e-01 6.276462329e-03 -8.502661432e+00 2.958810381e-02 -5.904627901e-03 9.995447205e-01 2.228913382e+02
9.995290373e-01 4.608266589e-03 -3.034002045e-02 6.363446126e+01 -4.457580323e-03 9.999773843e-01 5.032336586e-03 -8.507741516e+00 3.036252527e-02 -4.894723038e-03 9.995269468e-01 2.235907456e+02
9.995087505e-01 3.579064661e-03 -3.113610679e-02 6.361331450e+01 -3.324841728e-03 9.999607677e-01 8.212825529e-03 -8.513996549e+00 3.116428054e-02 -8.105267157e-03 9.994814127e-01 2.242815895e+02
9.994855290e-01 3.009072764e-03 -3.193106327e-02 6.358936082e+01 -2.622123914e-03 9.999227237e-01 1.215323050e-02 -8.513770724e+00 3.196516382e-02 -1.206325144e-02 9.994161817e-01 2.249815526e+02
9.994481343e-01 1.412296468e-03 -3.318718218e-02 6.358223830e+01 -9.009128123e-04 9.998807077e-01 1.541897684e-02 -8.521882478e+00 3.320499959e-02 -1.538056920e-02 9.993302027e-01 2.256623456e+02
9.994305463e-01 2.532489183e-04 -3.374138697e-02 6.355814077e+01 1.839788728e-04 9.999160726e-01 1.295448860e-02 -8.525647897e+00 3.374183364e-02 -1.295332053e-02 9.993466174e-01 2.263515540e+02
9.994310396e-01 -2.066355024e-03 -3.366404564e-02 6.354128487e+01 2.255927337e-03 9.999818310e-01 5.594299913e-03 -8.533312071e+00 3.365187293e-02 -5.667060885e-03 9.994175381e-01 2.270201148e+02
9.994170166e-01 -3.711753988e-03 -3.393916658e-02 6.351906711e+01 3.580655140e-03 9.999858695e-01 -3.922718209e-03 -8.540903619e+00 3.395324550e-02 3.798906210e-03 9.994161747e-01 2.276736063e+02
9.994143911e-01 -2.275462444e-03 -3.414308613e-02 6.349952241e+01 1.965968328e-03 9.999567220e-01 -9.095471287e-03 -8.548714367e+00 3.416230706e-02 9.023020179e-03 9.993755912e-01 2.283491141e+02
9.994281974e-01 1.247689062e-03 -3.379009736e-02 6.346711212e+01 -1.515859406e-03 9.999675688e-01 -7.911883505e-03 -8.558825395e+00 3.377913061e-02 7.958580578e-03 9.993976418e-01 2.289999615e+02
9.994273706e-01 -6.992413900e-04 -3.382992666e-02 6.344028611e+01 6.411687039e-04 9.999983178e-01 -1.727432726e-03 -8.568143556e+00 3.383107711e-02 1.704752565e-03 9.994261369e-01 2.296692547e+02
9.994155193e-01 -2.398654661e-03 -3.410101310e-02 6.342037907e+01 2.616872244e-03 9.999763667e-01 6.355964056e-03 -8.583803291e+00 3.408496281e-02 -6.441487066e-03 9.993981980e-01 2.303067303e+02
9.994038719e-01 -2.241897099e-03 -3.445033752e-02 6.340133695e+01 2.633660004e-03 9.999323267e-01 1.133066374e-02 -8.600377235e+00 3.442260397e-02 -1.141463995e-02 9.993421880e-01 2.309212447e+02
9.994012582e-01 -1.130483028e-03 -3.458131352e-02 6.337066335e+01 1.629185574e-03 9.998950307e-01 1.439637383e-02 -8.604032568e+00 3.456140712e-02 -1.444409369e-02 9.992982045e-01 2.315288703e+02
9.992863924e-01 -3.512947268e-03 -3.760762555e-02 6.335305899e+01 4.160254169e-03 9.998442832e-01 1.714770759e-02 -8.602050740e+00 3.754152994e-02 -1.729192884e-02 9.991454293e-01 2.321301795e+02
9.990434839e-01 -9.949633148e-03 -4.258143852e-02 6.333144467e+01 1.067461454e-02 9.998013409e-01 1.683237653e-02 -8.608440360e+00 4.240550392e-02 -1.727081677e-02 9.989511848e-01 2.327063256e+02
9.986455935e-01 -1.374736936e-02 -5.017937917e-02 6.329462509e+01 1.451007538e-02 9.997842045e-01 1.486710867e-02 -8.615094083e+00 4.996416574e-02 -1.557507831e-02 9.986295626e-01 2.332500188e+02
9.980210987e-01 -1.610506170e-02 -6.078209040e-02 6.325935597e+01 1.680481853e-02 9.997980613e-01 1.101898020e-02 -8.624446000e+00 6.059235617e-02 -1.201860664e-02 9.980902319e-01 2.337679014e+02
9.970335279e-01 -1.743716891e-02 -7.496763965e-02 6.319688640e+01 1.804998102e-02 9.998089133e-01 7.504534808e-03 -8.623498185e+00 7.482246113e-02 -8.835436993e-03 9.971577314e-01 2.343009550e+02
9.953609619e-01 -1.869616983e-02 -9.437689537e-02 6.315144459e+01 1.925998470e-02 9.998016638e-01 5.066650583e-03 -8.624655142e+00 9.426345433e-02 -6.860843347e-03 9.955236492e-01 2.347578258e+02
9.930009035e-01 -2.161564258e-02 -1.161118529e-01 6.307087244e+01 2.246124591e-02 9.997298444e-01 5.979007998e-03 -8.632947935e+00 1.159512401e-01 -8.545176410e-03 9.932181451e-01 2.353738605e+02
9.898465240e-01 -1.898114630e-02 -1.408672338e-01 6.298823376e+01 2.040891811e-02 9.997538637e-01 8.697713479e-03 -8.638974590e+00 1.406674781e-01 -1.148434972e-02 9.899902860e-01 2.358950854e+02
9.854270082e-01 -1.938257355e-02 -1.689907584e-01 6.288904338e+01 2.163890059e-02 9.996994828e-01 1.152022169e-02 -8.642356543e+00 1.687166755e-01 -1.500911154e-02 9.855503329e-01 2.363587564e+02
9.793639511e-01 -2.129287325e-02 -2.009798117e-01 6.277611252e+01 2.404933629e-02 9.996470883e-01 1.128318545e-02 -8.649123121e+00 2.006686381e-01 -1.588377621e-02 9.795304057e-01 2.368160091e+02
9.713409206e-01 -1.911474871e-02 -2.369208135e-01 6.265283538e+01 2.170090917e-02 9.997299298e-01 8.312454511e-03 -8.658971945e+00 2.366979469e-01 -1.321562393e-02 9.714934262e-01 2.372476376e+02
9.609368901e-01 -1.463804768e-02 -2.763801621e-01 6.248647390e+01 1.653131355e-02 9.998531304e-01 4.521495325e-03 -8.667002411e+00 2.762733572e-01 -8.913797576e-03 9.610377316e-01 2.376832461e+02
9.476796593e-01 -1.085952983e-02 -3.190381377e-01 6.230770625e+01 1.190887498e-02 9.999281668e-01 1.338546555e-03 -8.668165759e+00 3.190006838e-01 -5.067897464e-03 9.477409234e-01 2.380979240e+02
9.315174909e-01 -5.281549660e-03 -3.636582327e-01 6.212025732e+01 5.953633743e-03 9.999820301e-01 7.272161088e-04 -8.672250646e+00 3.636478643e-01 -2.842501846e-03 9.315321535e-01 2.384798286e+02
9.118300871e-01 4.005981124e-03 -4.105482745e-01 6.191032597e+01 -4.411504435e-03 9.999902597e-01 -4.043420674e-05 -8.671955338e+00 4.105441209e-01 1.848004666e-03 9.118388791e-01 2.388593653e+02
8.888603664e-01 1.706806216e-02 -4.578601204e-01 6.166752158e+01 -1.898745595e-02 9.998196574e-01 4.101404919e-04 -8.679393046e+00 4.577845555e-01 8.329040583e-03 8.890241703e-01 2.391985377e+02
8.621959545e-01 2.920027469e-02 -5.057325885e-01 6.140058607e+01 -3.209399775e-02 9.994803730e-01 2.993253312e-03 -8.684154318e+00 5.055571688e-01 1.365020943e-02 8.626850936e-01 2.395505305e+02
8.314420011e-01 3.885969608e-02 -5.542510138e-01 6.113450455e+01 -4.205963374e-02 9.990909217e-01 6.953931655e-03 -8.689508408e+00 5.540173929e-01 1.752980168e-02 8.323205450e-01 2.398459314e+02
7.968157566e-01 4.555253890e-02 -6.025028847e-01 6.084521600e+01 -4.818987952e-02 9.987687242e-01 1.178084874e-02 -8.683262144e+00 6.022976381e-01 1.964737538e-02 7.980298006e-01 2.401612370e+02
7.596294642e-01 5.343211717e-02 -6.481574351e-01 6.054047116e+01 -5.189011516e-02 9.984215089e-01 2.149248448e-02 -8.676842461e+00 6.482826820e-01 1.730663702e-02 7.612030467e-01 2.404592771e+02
7.205765586e-01 6.516628644e-02 -6.903062875e-01 6.021087429e+01 -5.581853154e-02 9.977943046e-01 3.592756750e-02 -8.664301385e+00 6.911249849e-01 1.264331835e-02 7.226247111e-01 2.407507921e+02
6.797129032e-01 7.696614694e-02 -7.294289437e-01 5.986907446e+01 -5.985227943e-02 9.969829458e-01 4.942437206e-02 -8.651566265e+00 7.310322004e-01 1.006359927e-02 6.822687350e-01 2.410171159e+02
6.373798281e-01 8.524813615e-02 -7.658196979e-01 5.951379158e+01 -6.284378746e-02 9.963014507e-01 5.860058487e-02 -8.628153936e+00 7.679828578e-01 1.077617875e-02 6.403797242e-01 2.412574926e+02
5.930232014e-01 8.896565948e-02 -8.002553571e-01 5.915412566e+01 -6.188222617e-02 9.959733594e-01 6.486658225e-02 -8.605729671e+00 8.028039189e-01 1.105419053e-02 5.961407229e-01 2.414762635e+02
5.474317941e-01 9.158406302e-02 -8.318238209e-01 5.879919723e+01 -6.047385139e-02 9.957241230e-01 6.983108189e-02 -8.583510648e+00 8.346624144e-01 1.207582918e-02 5.506294873e-01 2.416479867e+02
4.997375059e-01 8.893478300e-02 -8.615991306e-01 5.842927375e+01 -5.268745944e-02 9.959941275e-01 7.224777641e-02 -8.561348617e+00 8.645730228e-01 9.290533807e-03 5.024214186e-01 2.418125747e+02
4.499929891e-01 8.213783102e-02 -8.892467420e-01 5.805129293e+01 -4.403741045e-02 9.965907477e-01 6.976835143e-02 -8.521347082e+00 8.919456923e-01 7.764855693e-03 4.520759459e-01 2.419601653e+02
3.966497372e-01 7.514002282e-02 -9.148895907e-01 5.766971945e+01 -3.429902644e-02 9.971614423e-01 6.702670521e-02 -8.495460956e+00 9.173290335e-01 4.793693717e-03 3.981010652e-01 2.421055051e+02
3.444676912e-01 7.000413532e-02 -9.361845887e-01 5.725720315e+01 -2.935552789e-02 9.975314841e-01 6.379008999e-02 -8.463698057e+00 9.383391506e-01 5.508563589e-03 3.456723268e-01 2.422041661e+02
2.912768724e-01 6.781310389e-02 -9.542322421e-01 5.685183002e+01 -2.648310517e-02 9.976736852e-01 6.281639724e-02 -8.440197030e+00 9.562721521e-01 6.974067651e-03 2.923951664e-01 2.423170326e+02
2.420331685e-01 6.837541447e-02 -9.678558605e-01 5.640461681e+01 -2.592335211e-02 9.976134464e-01 6.399499358e-02 -8.411687076e+00 9.699216938e-01 9.601148394e-03 2.432280594e-01 2.423947107e+02
1.955530816e-01 6.924779243e-02 -9.782453412e-01 5.594935931e+01 -2.296377126e-02 9.975537356e-01 6.602409527e-02 -8.384981370e+00 9.804243072e-01 9.552975985e-03 1.966649162e-01 2.424545711e+02
1.526193255e-01 6.844765382e-02 -9.859119942e-01 5.547443496e+01 -2.037861871e-02 9.976045544e-01 6.610480824e-02 -8.355276171e+00 9.880750502e-01 1.000264416e-02 1.536486237e-01 2.424962584e+02
1.125198983e-01 6.719049781e-02 -9.913751680e-01 5.498749835e+01 -1.823611627e-02 9.976827538e-01 6.554821713e-02 -8.324317893e+00 9.934821680e-01 1.070335334e-02 1.134844361e-01 2.425281116e+02
7.711487499e-02 6.575613110e-02 -9.948516077e-01 5.449500387e+01 -1.624944712e-02 9.977731432e-01 6.468968282e-02 -8.295277514e+00 9.968899565e-01 1.117724487e-02 7.801161405e-02 2.425443799e+02
4.797558957e-02 6.324429546e-02 -9.968444616e-01 5.399743518e+01 -1.647166440e-02 9.979078233e-01 6.251902666e-02 -8.265942346e+00 9.987128457e-01 1.342028716e-02 4.891694034e-02 2.425419233e+02
2.302089113e-02 6.118846756e-02 -9.978607651e-01 5.349137641e+01 -1.600486640e-02 9.980198677e-01 6.082898701e-02 -8.239416146e+00 9.996069175e-01 1.457029003e-02 2.395461278e-02 2.425329661e+02
1.293419434e-03 6.007543930e-02 -9.981931675e-01 5.299320097e+01 -1.717996838e-02 9.980478479e-01 6.004443798e-02 -8.214336234e+00 9.998517243e-01 1.707125094e-02 2.322985932e-03 2.425026286e+02
-1.713256468e-02 5.820215936e-02 -9.981578274e-01 5.245991405e+01 -1.902556228e-02 9.981046087e-01 5.852561401e-02 -8.185952526e+00 9.996722123e-01 1.999320418e-02 -1.599274875e-02 2.424717365e+02
-3.167240905e-02 5.741433084e-02 -9.978480078e-01 5.190410530e+01 -2.126820176e-02 9.980840132e-01 5.810298087e-02 -8.158222965e+00 9.992721069e-01 2.306268569e-02 -3.039063968e-02 2.424380120e+02
-4.199127444e-02 5.543562152e-02 -9.975790477e-01 5.134796878e+01 -2.280143138e-02 9.981463400e-01 5.642693153e-02 -8.126210973e+00 9.988579447e-01 2.511565797e-02 -4.064938385e-02 2.424100038e+02
-4.855857528e-02 5.338451232e-02 -9.973927179e-01 5.076813700e+01 -2.330735019e-02 9.982382130e-01 5.456449638e-02 -8.093208860e+00 9.985484278e-01 2.589615653e-02 -4.722880116e-02 2.423825936e+02
-5.171983373e-02 5.304618157e-02 -9.972518668e-01 5.016191675e+01 -2.331330022e-02 9.982519972e-01 5.430846552e-02 -8.060113925e+00 9.983895097e-01 2.605805381e-02 -5.039273096e-02 2.423439074e+02
-5.367688930e-02 5.335078613e-02 -9.971321120e-01 4.954671203e+01 -2.238828465e-02 9.982564190e-01 5.461613232e-02 -8.027729054e+00 9.983073437e-01 2.525570402e-02 -5.238883177e-02 2.423140340e+02
-5.473485292e-02 5.366954038e-02 -9.970575059e-01 4.891695598e+01 -2.221251389e-02 9.982418642e-01 5.495267827e-02 -7.997982512e+00 9.982538447e-01 2.515498247e-02 -5.344656398e-02 2.422775475e+02
-5.465360637e-02 5.436413127e-02 -9.970245020e-01 4.825548284e+01 -2.242852673e-02 9.981979922e-01 5.565758016e-02 -7.967640144e+00 9.982536058e-01 2.540366482e-02 -5.333580278e-02 2.422398752e+02
-5.395478449e-02 5.477325558e-02 -9.970401016e-01 4.758204591e+01 -2.170443340e-02 9.981942169e-01 5.601118996e-02 -7.937162396e+00 9.983075883e-01 2.466225457e-02 -5.266850853e-02 2.422103131e+02
-5.289163797e-02 5.231778044e-02 -9.972288483e-01 4.688259937e+01 -1.999822412e-02 9.983708661e-01 5.343837400e-02 -7.895668058e+00 9.983999821e-01 2.276925330e-02 -5.175920328e-02 2.421683744e+02
-5.176859317e-02 4.977475722e-02 -9.974179723e-01 4.616732644e+01 -1.766420387e-02 9.985552514e-01 5.074833188e-02 -7.859701641e+00 9.985029507e-01 2.024576171e-02 -5.081458810e-02 2.421314007e+02
-5.018850578e-02 4.838292671e-02 -9.975672637e-01 4.542173662e+01 -1.646322984e-02 9.986501327e-01 4.926372847e-02 -7.816773888e+00 9.986041533e-01 1.889564407e-02 -4.932414072e-02 2.420959561e+02
-4.931569178e-02 4.736945462e-02 -9.976594656e-01 4.466126425e+01 -1.730248787e-02 9.986842783e-01 4.827340276e-02 -7.777481335e+00 9.986335377e-01 1.964261855e-02 -4.843118123e-02 2.420596381e+02
-4.797047274e-02 4.714035992e-02 -9.977358658e-01 4.387459726e+01 -1.747317889e-02 9.986932506e-01 4.802569343e-02 -7.742050253e+00 9.986960367e-01 1.973742373e-02 -4.708407750e-02 2.420242887e+02
-4.631648482e-02 4.776869971e-02 -9.977841423e-01 4.307145190e+01 -1.566125602e-02 9.986984722e-01 4.853946207e-02 -7.701672803e+00 9.988042028e-01 1.787472135e-02 -4.550804876e-02 2.419832791e+02
-4.465811583e-02 4.847376635e-02 -9.978256515e-01 4.224276479e+01 -1.299208848e-02 9.987094294e-01 4.909816724e-02 -7.670447270e+00 9.989178952e-01 1.515646583e-02 -4.397065957e-02 2.419496519e+02
-4.265663709e-02 4.819161480e-02 -9.979269370e-01 4.140194687e+01 -1.010065923e-02 9.987641606e-01 4.866380168e-02 -7.630585480e+00 9.990388256e-01 1.215554593e-02 -4.211716122e-02 2.419170001e+02
-4.140664351e-02 4.838061303e-02 -9.979702989e-01 4.055886636e+01 -9.131286270e-03 9.987669305e-01 4.879809540e-02 -7.592693589e+00 9.991006133e-01 1.113331744e-02 -4.091374316e-02 2.418799465e+02
-4.006036708e-02 5.091143244e-02 -9.978995221e-01 3.967069706e+01 -8.248751255e-03 9.986502194e-01 5.128088091e-02 -7.550823198e+00 9.991633362e-01 1.028575165e-02 -3.958638103e-02 2.418495119e+02
-3.906942980e-02 5.550169401e-02 -9.976939640e-01 3.878124938e+01 -6.488949566e-03 9.984210837e-01 5.579625228e-02 -7.510657769e+00 9.992155229e-01 8.653910165e-03 -3.864751748e-02 2.418156481e+02
-3.774478877e-02 5.995846803e-02 -9.974870548e-01 3.789600365e+01 -5.154790475e-03 9.981733262e-01 6.019477912e-02 -7.469566100e+00 9.992741633e-01 7.413871828e-03 -3.736678370e-02 2.417749519e+02
-3.769147727e-02 6.088694001e-02 -9.974328290e-01 3.700634388e+01 -4.209346959e-03 9.981234876e-01 6.108816720e-02 -7.428498349e+00 9.992806246e-01 6.501040033e-03 -3.736446317e-02 2.417532189e+02
-3.845867106e-02 5.795157851e-02 -9.975784633e-01 3.611422941e+01 -4.641239085e-03 9.982957473e-01 5.817218205e-02 -7.391846589e+00 9.992495720e-01 6.867222640e-03 -3.812421847e-02 2.417156592e+02
-3.983884858e-02 5.325483298e-02 -9.977860631e-01 3.524420003e+01 -3.197517760e-03 9.985668159e-01 5.342417470e-02 -7.347161130e+00 9.992011013e-01 5.318793867e-03 -3.961151671e-02 2.416821191e+02
-4.142212698e-02 5.232093480e-02 -9.977709003e-01 3.435329037e+01 -1.068050643e-03 9.986250480e-01 5.241006419e-02 -7.306808854e+00 9.991412023e-01 3.236603651e-03 -4.130924654e-02 2.416399319e+02
-4.412527016e-02 5.727777755e-02 -9.973827435e-01 3.346567357e+01 1.444764084e-03 9.983576797e-01 5.726985176e-02 -7.266493625e+00 9.990250309e-01 1.086058340e-03 -4.413551758e-02 2.416076358e+02
-4.706239129e-02 6.337737335e-02 -9.968793692e-01 3.256927937e+01 3.258696091e-03 9.979895776e-01 6.329411556e-02 -7.223975616e+00 9.988866354e-01 -2.697540555e-04 -4.717431378e-02 2.415657091e+02
-4.988566333e-02 6.773188236e-02 -9.964556023e-01 3.168665690e+01 5.527848386e-03 9.977012852e-01 6.753981042e-02 -7.186055458e+00 9.987396228e-01 -2.138983147e-03 -5.014542511e-02 2.415178730e+02
-5.249743088e-02 6.737225418e-02 -9.963459632e-01 3.080787802e+01 7.740099751e-03 9.977191320e-01 6.705728458e-02 -7.135657895e+00 9.985911884e-01 -4.191485526e-03 -5.289924344e-02 2.414691679e+02
-5.521169408e-02 6.575498807e-02 -9.963072032e-01 2.992699874e+01 7.742805499e-03 9.978273804e-01 6.542624428e-02 -7.090371929e+00 9.984446532e-01 -4.101915631e-03 -5.560094930e-02 2.414162910e+02
-5.763054817e-02 6.298876178e-02 -9.963489244e-01 2.905432559e+01 6.714474690e-03 9.980095094e-01 6.270536827e-02 -7.052080419e+00 9.983153965e-01 -3.076220080e-03 -5.793876197e-02 2.413571812e+02
-6.020993033e-02 6.101210263e-02 -9.963195253e-01 2.816605877e+01 5.378765825e-03 9.981355772e-01 6.079826958e-02 -7.000397772e+00 9.981714354e-01 -1.698318809e-03 -6.042588096e-02 2.413100721e+02
-6.201028678e-02 6.009244704e-02 -9.962650225e-01 2.729494795e+01 5.285965175e-03 9.981916000e-01 5.987964750e-02 -6.956145061e+00 9.980616753e-01 -1.553071800e-03 -6.221583106e-02 2.412541827e+02
-6.337710177e-02 5.886315790e-02 -9.962523468e-01 2.641989110e+01 1.272187339e-03 9.982630296e-01 5.890103202e-02 -6.919189437e+00 9.979889613e-01 2.465554013e-03 -6.334190421e-02 2.411895247e+02
-6.428854049e-02 5.542970377e-02 -9.963908319e-01 2.555360536e+01 -3.178275925e-03 9.984397910e-01 5.574875316e-02 -6.883931627e+00 9.979263633e-01 6.750804477e-03 -6.401199028e-02 2.411246475e+02
-6.495204996e-02 5.218109022e-02 -9.965232705e-01 2.469197162e+01 -5.528333342e-03 9.985977263e-01 5.265005062e-02 -6.845569669e+00 9.978732007e-01 8.928837115e-03 -6.457251414e-02 2.410636923e+02
-6.406548408e-02 5.104485637e-02 -9.966395388e-01 2.383648154e+01 -7.094447348e-03 9.986424433e-01 5.160348568e-02 -6.807391689e+00 9.979206445e-01 1.037659954e-02 -6.361639717e-02 2.410048608e+02
-6.251174943e-02 5.121590491e-02 -9.967293211e-01 2.297863275e+01 -7.805033960e-03 9.986268164e-01 5.180291555e-02 -6.774288294e+00 9.980137942e-01 1.101779068e-02 -6.202607580e-02 2.409505047e+02
-6.050909988e-02 5.121914748e-02 -9.968527260e-01 2.213492683e+01 -6.497745871e-03 9.986412480e-01 5.170545450e-02 -6.746876631e+00 9.981465908e-01 9.605941837e-03 -6.009400165e-02 2.408949755e+02
-5.843175544e-02 5.225041795e-02 -9.969231946e-01 2.128520074e+01 -5.750660965e-03 9.985951234e-01 5.267510981e-02 -6.711263579e+00 9.982749625e-01 8.810859487e-03 -5.804918969e-02 2.408471686e+02
-5.651906234e-02 5.348116977e-02 -9.969681566e-01 2.044191540e+01 -3.353140481e-03 9.985484588e-01 5.375603738e-02 -6.680822689e+00 9.983959585e-01 6.381206977e-03 -5.625759123e-02 2.408006745e+02
-5.452711344e-02 5.541718889e-02 -9.969733768e-01 1.959338066e+01 1.794631760e-03 9.984625144e-01 5.540181411e-02 -6.647620227e+00 9.985107379e-01 1.231695610e-03 -5.454275075e-02 2.407598725e+02
-5.239144733e-02 5.553470107e-02 -9.970812688e-01 1.875846888e+01 6.794887699e-03 9.984492328e-01 5.525386048e-02 -6.610148174e+00 9.986035124e-01 -3.880225086e-03 -5.268755470e-02 2.407250329e+02
-5.047618696e-02 5.362654195e-02 -9.972845181e-01 1.792525083e+01 6.132802800e-03 9.985552069e-01 5.338446760e-02 -6.574350585e+00 9.987064398e-01 -3.421506530e-03 -5.073216015e-02 2.406851933e+02
-4.865942555e-02 5.273583621e-02 -9.974223067e-01 1.709337032e+01 5.818530088e-03 9.986032322e-01 5.251441899e-02 -6.537992470e+00 9.987985133e-01 -3.248210602e-03 -4.889835476e-02 2.406374068e+02
-4.747593129e-02 5.293058305e-02 -9.974690188e-01 1.627078718e+01 9.081503002e-03 9.985766032e-01 5.255710999e-02 -6.499330544e+00 9.988311077e-01 -6.563319473e-03 -4.788905846e-02 2.405958476e+02
-4.739878101e-02 5.679017418e-02 -9.972604805e-01 1.544831456e+01 1.151695038e-02 9.983472100e-01 5.630467586e-02 -6.467480648e+00 9.988097654e-01 -8.816633236e-03 -4.797448987e-02 2.405627684e+02
-4.798642809e-02 6.112734792e-02 -9.969758692e-01 1.462845343e+01 9.373608343e-03 9.981092826e-01 6.074567275e-02 -6.438156995e+00 9.988040308e-01 -6.430294662e-03 -4.846861642e-02 2.405167340e+02
-4.934360003e-02 6.294827071e-02 -9.967962070e-01 1.381385101e+01 7.864368390e-03 9.980054841e-01 6.263533406e-02 -6.393380933e+00 9.987508889e-01 -4.748518454e-03 -4.974033843e-02 2.404680702e+02
-5.197897225e-02 6.130666461e-02 -9.967646315e-01 1.299857533e+01 6.993602119e-03 9.981117328e-01 6.102481788e-02 -6.359412392e+00 9.986237093e-01 -3.798966708e-03 -5.230961867e-02 2.404217609e+02
-5.448147546e-02 5.833881537e-02 -9.968091422e-01 1.218666171e+01 6.155456688e-03 9.982923994e-01 5.808919372e-02 -6.322679481e+00 9.984958898e-01 -2.971034555e-03 -5.474746920e-02 2.403697150e+02
-5.806454656e-02 5.485786235e-02 -9.968045350e-01 1.138596711e+01 5.361724913e-03 9.984917977e-01 5.463839749e-02 -6.285324025e+00 9.982985200e-01 -2.172041385e-03 -5.827109261e-02 2.403126518e+02
-6.268514488e-02 5.305589407e-02 -9.966222905e-01 1.057803844e+01 4.472414255e-03 9.985908708e-01 5.287939479e-02 -6.247297743e+00 9.980235339e-01 -1.142564253e-03 -6.283407692e-02 2.402613866e+02
-6.771251017e-02 5.212461044e-02 -9.963424836e-01 9.779209244e+00 2.802850077e-03 9.986403297e-01 5.205434485e-02 -6.214784586e+00 9.977010672e-01 7.321270437e-04 -6.776658561e-02 2.402008722e+02
-7.240537322e-02 5.288756253e-02 -9.959722020e-01 8.986233176e+00 1.309171860e-03 9.985972874e-01 5.293179006e-02 -6.189804586e+00 9.973745652e-01 2.528636284e-03 -7.237298734e-02 2.401373440e+02
-7.684199490e-02 5.415985092e-02 -9.955712048e-01 8.200129062e+00 -1.211962822e-03 9.985177378e-01 5.441368968e-02 -6.156350424e+00 9.970425689e-01 5.387848437e-03 -7.666243080e-02 2.400682381e+02
-8.115929034e-02 5.678484362e-02 -9.950822667e-01 7.408965223e+00 -3.452371673e-03 9.983536991e-01 5.725310848e-02 -6.122847664e+00 9.966951708e-01 8.082016766e-03 -8.082967289e-02 2.399966187e+02
-8.522824237e-02 5.809475069e-02 -9.946664287e-01 6.630233454e+00 -7.868198507e-03 9.982283605e-01 5.897698100e-02 -6.092486499e+00 9.963304846e-01 1.285273635e-02 -8.462023562e-02 2.399162630e+02
-8.854216819e-02 5.759699447e-02 -9.944057777e-01 5.844864412e+00 -1.145834484e-02 9.982018512e-01 5.883712053e-02 -6.056620308e+00 9.960065168e-01 1.660381315e-02 -8.772303178e-02 2.398425000e+02
-9.053437060e-02 5.600369873e-02 -9.943175158e-01 5.078552987e+00 -1.603998041e-02 9.982060982e-01 5.768318728e-02 -6.022771382e+00 9.957642285e-01 2.117113676e-02 -8.947365345e-02 2.397602589e+02
-9.209227850e-02 5.489870309e-02 -9.942359984e-01 4.325296000e+00 -2.130748109e-02 9.981417448e-01 5.708800168e-02 -5.988388072e+00 9.955225360e-01 2.644202920e-02 -9.075137534e-02 2.396831687e+02
-9.307331392e-02 5.497679646e-02 -9.941402578e-01 3.562593131e+00 -2.474130269e-02 9.980384121e-01 5.750869162e-02 -5.954236269e+00 9.953517907e-01 2.994884772e-02 -9.153055141e-02 2.396030718e+02
-9.361131671e-02 5.575648224e-02 -9.940464018e-01 2.828433195e+00 -2.676369945e-02 9.979289057e-01 5.849464798e-02 -5.927762041e+00 9.952490397e-01 3.208012141e-02 -9.192527179e-02 2.395272700e+02
-9.358878618e-02 5.533354452e-02 -9.940721962e-01 2.109927942e+00 -2.954439528e-02 9.978602982e-01 5.832591925e-02 -5.897045351e+00 9.951725998e-01 3.482790236e-02 -9.175374521e-02 2.394502926e+02
-9.338113808e-02 5.529413110e-02 -9.940937963e-01 1.395186005e+00 -3.252186372e-02 9.977544073e-01 5.855271497e-02 -5.868359291e+00 9.950991384e-01 3.779750526e-02 -9.137311490e-02 2.393776914e+02
-9.273851667e-02 5.519680826e-02 -9.941593633e-01 7.020232582e-01 -3.489216105e-02 9.976688157e-01 5.864651467e-02 -5.837184641e+00 9.950789691e-01 4.012715823e-02 -9.059643334e-02 2.393077028e+02
-9.157558089e-02 5.604135324e-02 -9.942201122e-01 2.282728549e-02 -3.591707191e-02 9.975795973e-01 5.953896654e-02 -5.809454822e+00 9.951503221e-01 4.116177693e-02 -8.934113986e-02 2.392412456e+02
-8.869427995e-02 5.723595232e-02 -9.944130842e-01 -6.451737483e-01 -3.716700141e-02 9.974622415e-01 6.072647685e-02 -5.780169387e+00 9.953651995e-01 4.234544294e-02 -8.634188240e-02 2.391761543e+02
-8.594409780e-02 5.739041506e-02 -9.946456794e-01 -1.316961406e+00 -3.809011536e-02 9.974204103e-01 6.084176387e-02 -5.750375548e+00 9.955715750e-01 4.311516026e-02 -8.353639630e-02 2.391275729e+02
-8.318031757e-02 5.642657331e-02 -9.949358160e-01 -1.949329630e+00 -3.961091727e-02 9.974194000e-01 5.987904964e-02 -5.726700481e+00 9.957470543e-01 4.439107007e-02 -8.073055411e-02 2.390696321e+02
-7.997262515e-02 5.509417034e-02 -9.952733817e-01 -2.584865242e+00 -3.965200951e-02 9.975052711e-01 5.840384795e-02 -5.697722432e+00 9.960080906e-01 4.413529178e-02 -7.758848665e-02 2.390210508e+02
-7.713515015e-02 5.438500358e-02 -9.955363056e-01 -3.199522036e+00 -3.755213408e-02 9.976441926e-01 5.740973348e-02 -5.671443530e+00 9.963132573e-01 4.181281964e-02 -7.491125669e-02 2.389793437e+02
-7.415608742e-02 5.390507900e-02 -9.957886596e-01 -3.800196640e+00 -3.551500197e-02 9.977618713e-01 5.665668097e-02 -5.645696312e+00 9.966139989e-01 3.956687537e-02 -7.207562969e-02 2.389426701e+02
-7.096824909e-02 5.444394640e-02 -9.959917005e-01 -4.384747801e+00 -3.610969943e-02 9.977146237e-01 5.711108273e-02 -5.619517769e+00 9.968247941e-01 4.001803102e-02 -6.884003160e-02 2.389030986e+02
-6.740004075e-02 5.561828323e-02 -9.961746302e-01 -4.959334090e+00 -3.659357679e-02 9.976354504e-01 5.817572281e-02 -5.597148119e+00 9.970547534e-01 4.037463267e-02 -6.520533174e-02 2.388695870e+02
-6.373545745e-02 5.564342800e-02 -9.964143675e-01 -5.521275603e+00 -3.783258748e-02 9.975919521e-01 5.812914405e-02 -5.576016811e+00 9.972494309e-01 4.140182007e-02 -6.147681328e-02 2.388452746e+02
-5.918348359e-02 5.527572208e-02 -9.967156902e-01 -6.054933365e+00 -3.733075506e-02 9.976447671e-01 5.754390019e-02 -5.554990223e+00 9.975489691e-01 4.061379123e-02 -5.698070759e-02 2.388186661e+02
-5.431779016e-02 5.573678776e-02 -9.969670797e-01 -6.570189244e+00 -3.642918217e-02 9.976656044e-01 5.776061219e-02 -5.532413376e+00 9.978591298e-01 3.945611234e-02 -5.216059568e-02 2.387928517e+02
-5.001087001e-02 5.616246525e-02 -9.971684813e-01 -7.064102899e+00 -3.622516218e-02 9.976587564e-01 5.800687686e-02 -5.505721861e+00 9.980916550e-01 3.902355457e-02 -4.785937714e-02 2.387720781e+02
-4.542741443e-02 5.708347283e-02 -9.973354701e-01 -7.540477571e+00 -3.417430549e-02 9.976928847e-01 5.866052317e-02 -5.489220169e+00 9.983830739e-01 3.674803189e-02 -4.337181283e-02 2.387522540e+02
-4.089989877e-02 5.823155415e-02 -9.974649960e-01 -8.005261516e+00 -3.411775579e-02 9.976366787e-01 5.964054001e-02 -5.469021724e+00 9.985806948e-01 3.647055370e-02 -3.881652767e-02 2.387361728e+02
-3.599719573e-02 6.000038952e-02 -9.975491066e-01 -8.456502673e+00 -3.452809557e-02 9.975253487e-01 6.124492718e-02 -5.453731601e+00 9.987552329e-01 3.664811217e-02 -3.383638824e-02 2.387275645e+02
-3.128705271e-02 6.104463478e-02 -9.976446865e-01 -8.884870007e+00 -3.481105379e-02 9.974611030e-01 6.212510798e-02 -5.434707514e+00 9.989041819e-01 3.667276600e-02 -2.908265678e-02 2.387189202e+02
-2.573337140e-02 6.173085060e-02 -9.977610478e-01 -9.313343527e+00 -3.426572930e-02 9.974505669e-01 6.259539244e-02 -5.417838360e+00 9.990813842e-01 3.579979487e-02 -2.355244100e-02 2.387089834e+02
-1.953666503e-02 6.206476393e-02 -9.978810592e-01 -9.707440117e+00 -3.361188410e-02 9.974664669e-01 6.269704141e-02 -5.392952879e+00 9.992441503e-01 3.476554539e-02 -1.740112661e-02 2.387055331e+02
-1.334352516e-02 6.155672611e-02 -9.980144831e-01 -1.008585041e+01 -3.211083772e-02 9.975620867e-01 6.195814712e-02 -5.379135583e+00 9.993953841e-01 3.287381009e-02 -1.133442477e-02 2.387054528e+02
-7.321158968e-03 6.044906238e-02 -9.981444529e-01 -1.044241813e+01 -3.043568401e-02 9.976952375e-01 6.064509813e-02 -5.365885435e+00 9.995099282e-01 3.082320148e-02 -5.464555197e-03 2.387070029e+02
-1.214828547e-03 5.955364641e-02 -9.982244037e-01 -1.078286639e+01 -2.962752650e-02 9.977847671e-01 5.956347792e-02 -5.348162136e+00 9.995602742e-01 2.964728140e-02 5.522964056e-04 2.387138090e+02
3.972629142e-03 5.872927484e-02 -9.982661790e-01 -1.110661682e+01 -2.862921865e-02 9.978713894e-01 5.859211898e-02 -5.336042190e+00 9.995823771e-01 2.834680137e-02 5.645586262e-03 2.387262176e+02
9.144311848e-03 5.864347628e-02 -9.982371459e-01 -1.141152480e+01 -2.902851094e-02 9.978737015e-01 5.835621164e-02 -5.325440010e+00 9.995367546e-01 2.844370670e-02 1.082724303e-02 2.387279894e+02
1.359532580e-02 5.903173856e-02 -9.981635204e-01 -1.168828508e+01 -2.878138668e-02 9.978652416e-01 5.862208278e-02 -5.310552277e+00 9.994932871e-01 2.793154029e-02 1.526530166e-02 2.387396811e+02
1.767240332e-02 5.887877512e-02 -9.981088176e-01 -1.193608611e+01 -2.875168404e-02 9.978817258e-01 5.835630789e-02 -5.297678585e+00 9.994304824e-01 2.766600496e-02 1.932784583e-02 2.387525133e+02
2.157955446e-02 5.667248517e-02 -9.981596110e-01 -1.215450904e+01 -2.677680121e-02 9.980667002e-01 5.608831255e-02 -5.287492072e+00 9.994085280e-01 2.551715978e-02 2.305533495e-02 2.387653063e+02
2.473839558e-02 5.170504796e-02 -9.983560722e-01 -1.233980042e+01 -2.513639398e-02 9.983780145e-01 5.108332669e-02 -5.285543170e+00 9.993780226e-01 2.383134046e-02 2.599796796e-02 2.387815721e+02
2.747935930e-02 4.797248462e-02 -9.984706424e-01 -1.250661022e+01 -2.361281007e-02 9.986002489e-01 4.732885592e-02 -5.280788700e+00 9.993434809e-01 2.227612804e-02 2.857366060e-02 2.387908746e+02
2.982521110e-02 4.831834473e-02 -9.983866672e-01 -1.265472882e+01 -2.363913575e-02 9.985856985e-01 4.762179295e-02 -5.275034601e+00 9.992756546e-01 2.218065985e-02 3.092525133e-02 2.387934452e+02
3.107104898e-02 5.015154219e-02 -9.982581756e-01 -1.277184592e+01 -2.379437451e-02 9.984944492e-01 4.942280699e-02 -5.274811117e+00 9.992338930e-01 2.221731051e-02 3.221759608e-02 2.388014479e+02
3.196111066e-02 4.928426596e-02 -9.982734174e-01 -1.286152478e+01 -2.383246597e-02 9.985371395e-01 4.853426043e-02 -5.271124764e+00 9.992050256e-01 2.224009914e-02 3.308893834e-02 2.388103366e+02
3.288028761e-02 4.675669355e-02 -9.983650308e-01 -1.293863090e+01 -2.351119633e-02 9.986648665e-01 4.599641653e-02 -5.266320216e+00 9.991827203e-01 2.196038086e-02 3.393570244e-02 2.388102527e+02
3.373479186e-02 4.509972177e-02 -9.984128094e-01 -1.299884563e+01 -2.309457242e-02 9.987497391e-01 4.433461490e-02 -5.264989055e+00 9.991640170e-01 2.156229393e-02 3.473418184e-02 2.388092252e+02
3.369618684e-02 4.453807017e-02 -9.984393060e-01 -1.304912369e+01 -2.301608288e-02 9.987762201e-01 4.377633502e-02 -5.264354002e+00 9.991671529e-01 2.150506303e-02 3.468005699e-02 2.388144279e+02
3.383786921e-02 4.468481977e-02 -9.984278897e-01 -1.309042563e+01 -2.327473566e-02 9.987643011e-01 4.391107130e-02 -5.262377269e+00 9.991562841e-01 2.175229032e-02 3.483604604e-02 2.388153915e+02
3.401563947e-02 4.457850006e-02 -9.984266724e-01 -1.311666872e+01 -2.336561867e-02 9.987671200e-01 4.379765215e-02 -5.261226250e+00 9.991481679e-01 2.183904693e-02 3.501531889e-02 2.388143353e+02
3.404682818e-02 4.433418517e-02 -9.984364421e-01 -1.313626781e+01 -2.357697671e-02 9.987732446e-01 4.354516150e-02 -5.258688787e+00 9.991421369e-01 2.205753676e-02 3.505031300e-02 2.388149438e+02
3.390045448e-02 4.422535360e-02 -9.984461746e-01 -1.314317410e+01 -2.338844377e-02 9.987819958e-01 4.344611219e-02 -5.256753508e+00 9.991514511e-01 2.187925928e-02 3.489355399e-02 2.388201105e+02
3.401501976e-02 4.417443375e-02 -9.984447628e-01 -1.313734826e+01 -2.338876650e-02 9.987843085e-01 4.339265135e-02 -5.259934507e+00 9.991477778e-01 2.187638313e-02 3.500683537e-02 2.388166495e+02
3.422163237e-02 4.299407645e-02 -9.984890874e-01 -1.313396627e+01 -2.384941351e-02 9.988248381e-01 4.219113199e-02 -5.261325731e+00 9.991297475e-01 2.236952732e-02 3.520680954e-02 2.388117559e+02
3.403113344e-02 4.102416318e-02 -9.985784651e-01 -1.313203722e+01 -2.408414672e-02 9.989007048e-01 4.021662442e-02 -5.264756339e+00 9.991305953e-01 2.268129277e-02 3.498171589e-02 2.388147399e+02
3.406848578e-02 4.064266528e-02 -9.985928458e-01 -1.313407963e+01 -2.422352842e-02 9.989128277e-01 3.982926604e-02 -5.263933701e+00 9.991259841e-01 2.283251617e-02 3.501591435e-02 2.388144811e+02
3.409387079e-02 4.108809418e-02 -9.985736597e-01 -1.312693546e+01 -2.385103643e-02 9.989034002e-01 4.028732503e-02 -5.261747754e+00 9.991339844e-01 2.244346647e-02 3.503646983e-02 2.388131966e+02
3.399956236e-02 4.071028278e-02 -9.985924773e-01 -1.313181710e+01 -2.360159785e-02 9.989240671e-01 3.992022886e-02 -5.260928516e+00 9.991432375e-01 2.221110130e-02 3.492381542e-02 2.388172780e+02
3.427030646e-02 4.067217018e-02 -9.985848065e-01 -1.313625918e+01 -2.380512385e-02 9.989213125e-01 3.986891273e-02 -5.265004806e+00 9.991291932e-01 2.240510690e-02 3.520158104e-02 2.388109599e+02
3.402698116e-02 4.022873558e-02 -9.986110548e-01 -1.314451706e+01 -2.374982831e-02 9.989399342e-01 3.943272756e-02 -5.261616637e+00 9.991387846e-01 2.237505767e-02 3.494629876e-02 2.388162607e+02
3.418845540e-02 3.950124382e-02 -9.986346061e-01 -1.315285132e+01 -2.366127848e-02 9.989705314e-01 3.870448340e-02 -5.257468465e+00 9.991354229e-01 2.230571773e-02 3.508786067e-02 2.388164802e+02
3.433607613e-02 3.955046262e-02 -9.986275367e-01 -1.316157174e+01 -2.372400479e-02 9.989673244e-01 3.874821314e-02 -5.259644679e+00 9.991287790e-01 2.236097866e-02 3.523891399e-02 2.388128123e+02
3.427746483e-02 3.969066001e-02 -9.986240992e-01 -1.317902723e+01 -2.364046183e-02 9.989637265e-01 3.889270820e-02 -5.260070481e+00 9.991328789e-01 2.227478332e-02 3.518025237e-02 2.388153056e+02
3.451567962e-02 3.948791211e-02 -9.986238269e-01 -1.320309045e+01 -2.360878384e-02 9.989724824e-01 3.868570090e-02 -5.258336959e+00 9.991253631e-01 2.224102412e-02 3.541245767e-02 2.388117842e+02
3.455889205e-02 3.921814468e-02 -9.986330011e-01 -1.322829854e+01 -2.338465478e-02 9.989878812e-01 3.842282985e-02 -5.257745881e+00 9.991291523e-01 2.202483268e-02 3.544102594e-02 2.388145801e+02
3.460849853e-02 3.849415962e-02 -9.986594323e-01 -1.326047390e+01 -2.335258535e-02 9.990162445e-01 3.769863135e-02 -5.258094048e+00 9.991281943e-01 2.201658127e-02 3.547337530e-02 2.388207208e+02
3.500183034e-02 3.584385044e-02 -9.987443641e-01 -1.330261442e+01 -2.317839543e-02 9.991169144e-01 3.504491544e-02 -5.250975227e+00 9.991185273e-01 2.192264799e-02 3.580174833e-02 2.388239943e+02
3.560148732e-02 3.333343272e-02 -9.988100242e-01 -1.335878140e+01 -2.318055201e-02 9.992022018e-01 3.252027459e-02 -5.249878254e+00 9.990972458e-01 2.199519624e-02 3.634578022e-02 2.388299145e+02
3.711921436e-02 3.121316507e-02 -9.988233568e-01 -1.343526936e+01 -2.301285487e-02 9.992737108e-01 3.037201136e-02 -5.248088137e+00 9.990459263e-01 2.185838776e-02 3.781054077e-02 2.388324283e+02
3.900256787e-02 3.016024510e-02 -9.987838470e-01 -1.353174372e+01 -2.268721274e-02 9.993134276e-01 2.929030098e-02 -5.247591432e+00 9.989815395e-01 2.151722528e-02 3.966000732e-02 2.388474604e+02
4.288955243e-02 2.914354258e-02 -9.986547672e-01 -1.365299347e+01 -2.240927273e-02 9.993510702e-01 2.820144516e-02 -5.245293403e+00 9.988285420e-01 2.116957620e-02 4.351477768e-02 2.388505189e+02
4.865356709e-02 2.695947524e-02 -9.984518677e-01 -1.379309048e+01 -2.208114808e-02 9.994204116e-01 2.590963427e-02 -5.235138442e+00 9.985716497e-01 2.078636610e-02 4.922064901e-02 2.388583685e+02
5.634707137e-02 2.576695022e-02 -9.980787558e-01 -1.396071484e+01 -2.222486064e-02 9.994515660e-01 2.454767583e-02 -5.235343614e+00 9.981639062e-01 2.079896873e-02 5.688884050e-02 2.388758687e+02
6.587294086e-02 2.486638804e-02 -9.975182041e-01 -1.414447436e+01 -2.288131553e-02 9.994642361e-01 2.340389047e-02 -5.223178328e+00 9.975657043e-01 2.128284188e-02 6.640661418e-02 2.388973009e+02
7.760462711e-02 2.527423322e-02 -9.966639033e-01 -1.432184734e+01 -2.442496586e-02 9.994267425e-01 2.344246017e-02 -5.225363893e+00 9.966850533e-01 2.252423445e-02 7.817747503e-02 2.389267404e+02
9.179475674e-02 2.429840054e-02 -9.954814859e-01 -1.453381353e+01 -2.596905589e-02 9.994206124e-01 2.199990649e-02 -5.216743520e+00 9.954393034e-01 2.383223761e-02 9.237257674e-02 2.389603784e+02
1.084765297e-01 2.528191763e-02 -9.937775750e-01 -1.475203703e+01 -2.680131883e-02 9.993875744e-01 2.249911829e-02 -5.210068971e+00 9.937377594e-01 2.419391892e-02 1.090877035e-01 2.389936657e+02
1.276275236e-01 2.989908261e-02 -9.913715916e-01 -1.498734328e+01 -2.603489333e-02 9.993020940e-01 2.678657284e-02 -5.206767314e+00 9.914805655e-01 2.239154352e-02 1.283168227e-01 2.390488636e+02
1.502179443e-01 3.452420154e-02 -9.880499559e-01 -1.523181779e+01 -2.654179913e-02 9.991707106e-01 3.087750332e-02 -5.208828452e+00 9.882966305e-01 2.158626636e-02 1.510097169e-01 2.391060684e+02
1.742136239e-01 3.536417620e-02 -9.840727009e-01 -1.548294612e+01 -2.816507172e-02 9.991249751e-01 3.091894829e-02 -5.203337582e+00 9.843050548e-01 2.232997268e-02 1.750572308e-01 2.391704646e+02
2.009927375e-01 3.446093903e-02 -9.789863773e-01 -1.573942737e+01 -2.631029736e-02 9.992104115e-01 2.977115061e-02 -5.199759931e+00 9.792393250e-01 1.977363683e-02 2.017407129e-01 2.392489458e+02
2.314579454e-01 3.417834794e-02 -9.722444948e-01 -1.600368623e+01 -2.492185457e-02 9.992630036e-01 2.919512421e-02 -5.190540988e+00 9.725257915e-01 1.747268698e-02 2.321391227e-01 2.393393129e+02
2.645544411e-01 3.442939944e-02 -9.637560491e-01 -1.626312676e+01 -2.141517532e-02 9.993258309e-01 2.982156053e-02 -5.192230594e+00 9.641330575e-01 1.274957644e-02 2.651133619e-01 2.394456746e+02
3.010415563e-01 3.494814254e-02 -9.529704477e-01 -1.652916792e+01 -1.773823083e-02 9.993605366e-01 3.104592602e-02 -5.186311657e+00 9.534460643e-01 7.557896055e-03 3.014689430e-01 2.395617483e+02
3.406358459e-01 3.848119576e-02 -9.394075651e-01 -1.680155437e+01 -1.651941806e-02 9.992527625e-01 3.494259332e-02 -5.180788639e+00 9.400502731e-01 3.615760540e-03 3.410170360e-01 2.397014315e+02
3.825228123e-01 4.357451829e-02 -9.229180103e-01 -1.707410093e+01 -1.875364488e-02 9.990476441e-01 3.939605520e-02 -5.175546671e+00 9.237557445e-01 2.238184000e-03 3.829757303e-01 2.398507820e+02
4.274080549e-01 4.828583106e-02 -9.027685214e-01 -1.735628397e+01 -2.483810436e-02 9.988229054e-01 4.166404873e-02 -5.168607538e+00 9.037176102e-01 4.615506318e-03 4.281042576e-01 2.400068278e+02
4.739573087e-01 5.142365097e-02 -8.790450193e-01 -1.764122333e+01 -3.027668528e-02 9.986546877e-01 4.209637953e-02 -5.160410237e+00 8.800272070e-01 6.662677961e-03 4.748766428e-01 2.401918586e+02
5.214229338e-01 5.284802306e-02 -8.516603256e-01 -1.792545768e+01 -3.127653568e-02 9.985932403e-01 4.281680947e-02 -5.148260751e+00 8.527250469e-01 4.311314839e-03 5.223423666e-01 2.404015055e+02
5.681822188e-01 5.233876784e-02 -8.212366500e-01 -1.817937550e+01 -2.951621102e-02 9.986293334e-01 4.322315998e-02 -5.144169296e+00 8.223732970e-01 -3.188337258e-04 5.689482842e-01 2.406445271e+02
6.156463320e-01 4.949233894e-02 -7.864668515e-01 -1.842923549e+01 -2.784646441e-02 9.987688184e-01 4.105428115e-02 -5.142007736e+00 7.875304426e-01 -3.374597727e-03 6.162665030e-01 2.409082881e+02
6.622320053e-01 4.588272133e-02 -7.478927295e-01 -1.868535715e+01 -2.854194284e-02 9.989437028e-01 3.601166896e-02 -5.133717974e+00 7.487550448e-01 -2.501767797e-03 6.628420709e-01 2.411943988e+02
7.081643103e-01 4.143088931e-02 -7.048310574e-01 -1.892596348e+01 -3.018882534e-02 9.991406755e-01 2.839920139e-02 -5.120606295e+00 7.054019562e-01 1.166722519e-03 7.088065026e-01 2.415012558e+02
7.528207526e-01 4.002270059e-02 -6.570077869e-01 -1.916549925e+01 -3.393005003e-02 9.991822638e-01 2.198867362e-02 -5.102746658e+00 6.573505864e-01 5.738774473e-03 7.535630861e-01 2.418230212e+02
7.953422402e-01 4.034389071e-02 -6.048166104e-01 -1.938990300e+01 -3.694576539e-02 9.991539710e-01 1.806370605e-02 -5.088808497e+00 6.050337028e-01 7.978583211e-03 7.961599461e-01 2.421698412e+02
8.334489564e-01 4.014161059e-02 -5.511365709e-01 -1.959767466e+01 -3.622863799e-02 9.991815947e-01 1.798835506e-02 -5.082074553e+00 5.514076010e-01 4.974552147e-03 8.342211489e-01 2.425621498e+02
8.667985150e-01 3.720057849e-02 -4.972690340e-01 -1.979959321e+01 -3.299756932e-02 9.993067282e-01 1.723924794e-02 -5.078985356e+00 4.975656117e-01 1.465714653e-03 8.674251198e-01 2.429861047e+02
8.955741023e-01 3.341900781e-02 -4.436554490e-01 -1.996339719e+01 -2.900992949e-02 9.994391821e-01 1.672406809e-02 -5.080933023e+00 4.439655521e-01 -2.107229758e-03 8.960414012e-01 2.434221248e+02
9.201217973e-01 3.063327278e-02 -3.904323946e-01 -2.010845310e+01 -2.687720992e-02 9.995249941e-01 1.508177705e-02 -5.081143986e+00 3.907089260e-01 -3.383339913e-03 9.205080432e-01 2.438804259e+02
9.401446636e-01 2.789837118e-02 -3.396316398e-01 -2.023414638e+01 -2.547935334e-02 9.996082881e-01 1.158067735e-02 -5.079584381e+00 3.398216796e-01 -2.233918012e-03 9.404872055e-01 2.443561766e+02
9.561219947e-01 2.662014138e-02 -2.917570269e-01 -2.035194993e+01 -2.594746500e-02 9.996442075e-01 6.175440736e-03 -5.072416737e+00 2.918176207e-01 1.665880183e-03 9.564725371e-01 2.448519326e+02
9.689254792e-01 2.637440434e-02 -2.459427897e-01 -2.045291097e+01 -2.654995578e-02 9.996441115e-01 2.602591422e-03 -5.067174131e+00 2.459238883e-01 4.008051998e-03 9.692808508e-01 2.453782307e+02
9.786453587e-01 2.580159033e-02 -2.039301804e-01 -2.054059040e+01 -2.590678221e-02 9.996620277e-01 2.154260424e-03 -5.069981297e+00 2.039168407e-01 3.174916926e-03 9.789830488e-01 2.459227886e+02
9.856132952e-01 2.616939222e-02 -1.669777396e-01 -2.061042342e+01 -2.615624610e-02 9.996552978e-01 2.278313666e-03 -5.075451465e+00 1.669798035e-01 2.121974387e-03 9.859580474e-01 2.464842384e+02
9.905026176e-01 2.530550504e-02 -1.351451702e-01 -2.066578840e+01 -2.518708545e-02 9.996794031e-01 2.586249944e-03 -5.077504870e+00 1.351672882e-01 8.422250781e-04 9.908224190e-01 2.470660303e+02
9.938630982e-01 2.302061665e-02 -1.081953646e-01 -2.071620431e+01 -2.290640710e-02 9.997349932e-01 2.298464836e-03 -5.078923503e+00 1.082196032e-01 1.940081821e-04 9.941269852e-01 2.476620462e+02
9.959862239e-01 2.016280771e-02 -8.720578467e-02 -2.075266387e+01 -2.005291746e-02 9.997966281e-01 2.136061441e-03 -5.081728169e+00 8.723112076e-02 -3.787578731e-04 9.961880363e-01 2.482821836e+02
9.973273224e-01 1.849946572e-02 -7.068192511e-02 -2.078584015e+01 -1.839528936e-02 9.998285195e-01 2.124566008e-03 -5.081749845e+00 7.070910678e-02 -8.186739452e-04 9.974966601e-01 2.489185964e+02
9.981544417e-01 1.744380296e-02 -5.816731472e-02 -2.080991827e+01 -1.733790178e-02 9.998469664e-01 2.324843535e-03 -5.085770892e+00 5.819896544e-02 -1.312053984e-03 9.983041703e-01 2.495585724e+02
9.986802508e-01 1.753325314e-02 -4.827379558e-02 -2.084751758e+01 -1.748793815e-02 9.998461290e-01 1.360917699e-03 -5.090109224e+00 4.829023242e-02 -5.149117884e-04 9.988331855e-01 2.502318400e+02
9.990227495e-01 1.754118482e-02 -4.056866037e-02 -2.086358891e+01 -1.754332187e-02 9.998460301e-01 3.033372849e-04 -5.093489801e+00 4.056773381e-02 4.086683993e-04 9.991767323e-01 2.509134458e+02
9.992901790e-01 1.652637222e-02 -3.385215347e-02 -2.088601100e+01 -1.657574797e-02 9.998619171e-01 -1.178409818e-03 -5.093369206e+00 3.382800367e-02 1.738698304e-03 9.994261760e-01 2.516085817e+02
9.994219492e-01 1.589580273e-02 -3.005198759e-02 -2.090217994e+01 -1.596744577e-02 9.998702063e-01 -2.145495731e-03 -5.096363228e+00 3.001398333e-02 2.624108826e-03 9.995460295e-01 2.523261792e+02
9.995050522e-01 1.551745654e-02 -2.736502342e-02 -2.091948808e+01 -1.556813926e-02 9.998774430e-01 -1.639996514e-03 -5.103085775e+00 2.733622257e-02 2.065207585e-03 9.996241437e-01 2.530510672e+02
9.995599362e-01 1.543293014e-02 -2.533357802e-02 -2.094031958e+01 -1.545509316e-02 9.998803425e-01 -6.792627394e-04 -5.106133661e+00 2.532006436e-02 1.070496409e-03 9.996788310e-01 2.537933512e+02
9.995877672e-01 1.609881344e-02 -2.377224146e-02 -2.096795416e+01 -1.607074877e-02 9.998699279e-01 1.371146101e-03 -5.107452517e+00 2.379122510e-02 -9.885428046e-04 9.997164588e-01 2.545519535e+02
9.996140032e-01 1.551242985e-02 -2.304809116e-02 -2.098529932e+01 -1.543250213e-02 9.998742802e-01 3.641693952e-03 -5.106185008e+00 2.310168437e-02 -3.284598681e-03 9.997277329e-01 2.553173491e+02
9.996067546e-01 1.505275589e-02 -2.365802443e-02 -2.099827599e+01 -1.495208330e-02 9.998783968e-01 4.426520106e-03 -5.113221795e+00 2.372177842e-02 -4.071042970e-03 9.997102981e-01 2.560963348e+02
9.995781492e-01 1.425798557e-02 -2.530250770e-02 -2.102257286e+01 -1.418362815e-02 9.998945795e-01 3.115785048e-03 -5.116761217e+00 2.534426333e-02 -2.755588837e-03 9.996749993e-01 2.568980947e+02
9.995437080e-01 1.269240470e-02 -2.741039791e-02 -2.104144540e+01 -1.270695613e-02 9.999191979e-01 -3.567415816e-04 -5.119864749e+00 2.740365641e-02 7.048821840e-04 9.996242041e-01 2.577142815e+02
9.994782936e-01 1.459989224e-02 -2.880876958e-02 -2.107235444e+01 -1.478615527e-02 9.998710378e-01 -6.263088714e-03 -5.123724043e+00 2.871361172e-02 6.685791916e-03 9.995653350e-01 2.585325225e+02
9.994267694e-01 1.681438946e-02 -2.938404735e-02 -2.110275079e+01 -1.712168095e-02 9.998010110e-01 -1.023760734e-02 -5.130490549e+00 2.920606190e-02 1.073484263e-02 9.995157600e-01 2.593711745e+02
9.993757261e-01 1.882961722e-02 -2.989230922e-02 -2.112966808e+01 -1.912614569e-02 9.997703494e-01 -9.665144749e-03 -5.140244221e+00 2.970345518e-02 1.023083527e-02 9.995063877e-01 2.602184108e+02
9.993795581e-01 1.902438300e-02 -2.963991346e-02 -2.115596512e+01 -1.912823798e-02 9.998118118e-01 -3.224269353e-03 -5.145178842e+00 2.957299755e-02 3.789227547e-03 9.995554385e-01 2.610983404e+02
9.994198670e-01 1.858055648e-02 -2.854305136e-02 -2.119525713e+01 -1.840450098e-02 9.998099997e-01 6.418463764e-03 -5.150930673e+00 2.865688874e-02 -5.889419016e-03 9.995719698e-01 2.619858102e+02
9.994666544e-01 1.621522012e-02 -2.834475073e-02 -2.122468960e+01 -1.589244047e-02 9.998066808e-01 1.157608468e-02 -5.155275929e+00 2.852697835e-02 -1.111944276e-02 9.995311499e-01 2.628768223e+02
9.995046680e-01 1.250961027e-02 -2.887773949e-02 -2.124740130e+01 -1.224798019e-02 9.998824773e-01 9.219082941e-03 -5.155586111e+00 2.898967378e-02 -8.860822389e-03 9.995404558e-01 2.637783174e+02
9.995002486e-01 9.848430714e-03 -3.003688386e-02 -2.127357231e+01 -9.791570166e-03 9.999499516e-01 2.039539434e-03 -5.154079256e+00 3.005546549e-02 -1.744411220e-03 9.995467057e-01 2.646896187e+02
9.994657290e-01 7.670497917e-03 -3.177122773e-02 -2.129706785e+01 -7.835757941e-03 9.999563698e-01 -5.080354616e-03 -5.157611018e+00 3.173087453e-02 5.326591604e-03 9.994822794e-01 2.656044435e+02
9.994168363e-01 7.499184325e-03 -3.331261075e-02 -2.132903235e+01 -7.830053913e-03 9.999212195e-01 -9.812920472e-03 -5.160876306e+00 3.323639557e-02 1.006803724e-02 9.993968156e-01 2.665454639e+02
9.993943907e-01 7.539625765e-03 -3.396996770e-02 -2.136739286e+01 -7.896189306e-03 9.999150316e-01 -1.037452208e-02 -5.183043256e+00 3.388886131e-02 1.063647156e-02 9.993690331e-01 2.674979609e+02
9.993560038e-01 1.005599447e-02 -3.444510809e-02 -2.140606311e+01 -1.036183201e-02 9.999083636e-01 -8.712017042e-03 -5.197495874e+00 3.435434461e-02 9.063321198e-03 9.993686015e-01 2.684506149e+02
9.993418938e-01 1.187292724e-02 -3.427609244e-02 -2.145238159e+01 -1.195346394e-02 9.999262662e-01 -2.145679236e-03 -5.208662137e+00 3.424808875e-02 2.553985354e-03 9.994100820e-01 2.694275854e+02
9.993499142e-01 1.235539043e-02 -3.386803399e-02 -2.148953559e+01 -1.219559535e-02 9.999135161e-01 4.920696270e-03 -5.216809163e+00 3.392590025e-02 -4.504456780e-03 9.994141851e-01 2.704170014e+02
9.993677087e-01 1.172632478e-02 -3.356531656e-02 -2.152001508e+01 -1.144034649e-02 9.998967374e-01 8.699473274e-03 -5.220138980e+00 3.366386558e-02 -8.309973915e-03 9.993986796e-01 2.714264357e+02
9.993804666e-01 1.058740839e-02 -3.356504622e-02 -2.155022685e+01 -1.038058614e-02 9.999260552e-01 6.330110607e-03 -5.215687601e+00 3.362958776e-02 -5.977763726e-03 9.994165156e-01 2.724397877e+02
9.994050088e-01 8.641420890e-03 -3.339079779e-02 -2.158749491e+01 -8.568170820e-03 9.999605543e-01 2.336164086e-03 -5.218911088e+00 3.340966957e-02 -2.048676240e-03 9.994396146e-01 2.734507742e+02
9.993952317e-01 7.622737485e-03 -3.392749449e-02 -2.163287842e+01 -7.671170024e-03 9.999697403e-01 -1.297599366e-03 -5.225643647e+00 3.391657938e-02 1.557078179e-03 9.994234309e-01 2.744652056e+02
9.993798818e-01 6.588982817e-03 -3.458879814e-02 -2.166352275e+01 -6.686857825e-03 9.999739330e-01 -2.714734452e-03 -5.233683371e+00 3.457000975e-02 2.944342053e-03 9.993979580e-01 2.754918001e+02
9.993603650e-01 6.436562556e-03 -3.517642429e-02 -2.170347130e+01 -6.532287127e-03 9.999752840e-01 -2.607013184e-03 -5.242683181e+00 3.515877512e-02 2.835127747e-03 9.993777003e-01 2.765247943e+02
9.993032839e-01 5.112362500e-03 -3.697082227e-02 -2.174049031e+01 -5.094869660e-03 9.999868683e-01 5.673253026e-04 -5.254018325e+00 3.697323543e-02 -3.785687743e-04 9.993161918e-01 2.775658140e+02
9.992407065e-01 5.362530045e-03 -3.859114470e-02 -2.178641977e+01 -5.220787307e-03 9.999792835e-01 3.772777285e-03 -5.261623252e+00 3.861057652e-02 -3.568436123e-03 9.992479493e-01 2.786091401e+02
9.991578203e-01 3.386058942e-03 -4.089261000e-02 -2.181803686e+01 -3.301806463e-03 9.999923040e-01 2.127693800e-03 -5.271242426e+00 4.089950124e-02 -1.990882053e-03 9.991613112e-01 2.796549479e+02
9.990742006e-01 1.065108747e-03 -4.300747382e-02 -2.185955455e+01 -1.218831480e-03 9.999929735e-01 -3.548264160e-03 -5.282632640e+00 4.300339217e-02 3.597397090e-03 9.990684687e-01 2.807005036e+02
9.990081868e-01 1.713097391e-03 -4.449456974e-02 -2.190931472e+01 -2.069472266e-03 9.999661325e-01 -7.964584561e-03 -5.291552343e+00 4.447942017e-02 8.048765576e-03 9.989778840e-01 2.817490052e+02
9.989471655e-01 2.017484315e-03 -4.583077703e-02 -2.195790262e+01 -2.423673486e-03 9.999582414e-01 -8.808968853e-03 -5.311756086e+00 4.581109102e-02 8.910774123e-03 9.989103725e-01 2.827993672e+02
9.988588896e-01 4.222307648e-03 -4.757154293e-02 -2.201813592e+01 -4.566318686e-03 9.999641870e-01 -7.125093716e-03 -5.331090795e+00 4.753975470e-02 7.334189334e-03 9.988424200e-01 2.838411271e+02
9.988004728e-01 5.493486943e-03 -4.865582241e-02 -2.207636209e+01 -5.671997949e-03 9.999776968e-01 -3.531534578e-03 -5.346883853e+00 4.863533551e-02 3.803274307e-03 9.988093881e-01 2.848953851e+02
9.987213775e-01 7.414401633e-03 -5.000635703e-02 -2.213728471e+01 -7.332668223e-03 9.999714426e-01 1.817713910e-03 -5.364995200e+00 5.001840537e-02 -1.448710081e-03 9.987472583e-01 2.859486225e+02
9.986479066e-01 9.471229127e-03 -5.111390592e-02 -2.220029552e+01 -9.196806788e-03 9.999420421e-01 5.601380467e-03 -5.377947082e+00 5.116399058e-02 -5.123722408e-03 9.986771500e-01 2.869993760e+02
9.985833017e-01 1.154648831e-02 -5.194283692e-02 -2.225589934e+01 -1.123088227e-02 9.999166600e-01 6.363828888e-03 -5.384675096e+00 5.201198906e-02 -5.771449281e-03 9.986298085e-01 2.880354851e+02
9.985599255e-01 1.189331006e-02 -5.231329657e-02 -2.231552166e+01 -1.164218181e-02 9.999192262e-01 5.102585803e-03 -5.394079421e+00 5.236976013e-02 -4.486196921e-03 9.986176811e-01 2.890891712e+02
9.985836782e-01 1.085591486e-02 -5.208477587e-02 -2.237305701e+01 -1.071355463e-02 9.999380606e-01 3.011662771e-03 -5.403672251e+00 5.211424261e-02 -2.449384368e-03 9.986381221e-01 2.901324427e+02
9.985725475e-01 1.154885375e-02 -5.214855899e-02 -2.243362945e+01 -1.157585275e-02 9.999329976e-01 -2.157226238e-04 -5.419557660e+00 5.214257482e-02 8.190787483e-04 9.986393151e-01 2.911645936e+02
9.985571560e-01 1.025793993e-02 -5.270997267e-02 -2.247522046e+01 -1.048973133e-02 9.999364836e-01 -4.122713957e-03 -5.431160942e+00 5.266432999e-02 4.669679108e-03 9.986013754e-01 2.921922497e+02
9.985388451e-01 1.064317536e-02 -5.298043255e-02 -2.252619417e+01 -1.095018881e-02 9.999248711e-01 -5.507932163e-03 -5.446606164e+00 5.291782520e-02 6.080030844e-03 9.985803528e-01 2.932177833e+02
9.985601414e-01 1.148537776e-02 -5.240005327e-02 -2.258484658e+01 -1.170569710e-02 9.999238930e-01 -3.899588104e-03 -5.464105946e+00 5.235127911e-02 4.507352948e-03 9.986185424e-01 2.942462194e+02
9.985485695e-01 1.391944486e-02 -5.202852576e-02 -2.264497881e+01 -1.397211342e-02 9.999021993e-01 -6.487127324e-04 -5.484218604e+00 5.201440116e-02 1.374719977e-03 9.986454096e-01 2.952720324e+02
9.985689905e-01 1.574617292e-02 -5.110779109e-02 -2.270421665e+01 -1.573808008e-02 9.998760117e-01 5.608166141e-04 -5.493081134e+00 5.111028610e-02 2.443244994e-04 9.986929856e-01 2.962851014e+02
9.985567500e-01 1.761214702e-02 -5.073721285e-02 -2.276214828e+01 -1.755928480e-02 9.998446898e-01 1.487472823e-03 -5.504717004e+00 5.075552764e-02 -5.944173080e-04 9.987109194e-01 2.973160885e+02
9.985419934e-01 1.918769221e-02 -5.045456055e-02 -2.281654306e+01 -1.894580890e-02 9.998066110e-01 5.268028853e-03 -5.510348504e+00 5.054588887e-02 -4.304445900e-03 9.987124646e-01 2.983363314e+02
9.985419989e-01 2.131783841e-02 -4.959301423e-02 -2.287597622e+01 -2.083629642e-02 9.997307953e-01 1.020673853e-02 -5.521928408e+00 4.979724874e-02 -9.158523075e-03 9.987173369e-01 2.993521145e+02
9.984783669e-01 2.428319853e-02 -4.951018409e-02 -2.292963848e+01 -2.380219343e-02 9.996637946e-01 1.028190922e-02 -5.528225937e+00 4.974321512e-02 -9.087812569e-03 9.987206722e-01 3.003720851e+02
9.984278570e-01 2.713379140e-02 -4.904665816e-02 -2.299294585e+01 -2.691820218e-02 9.996248695e-01 5.050879283e-03 -5.531689298e+00 4.916531180e-02 -3.722690104e-03 9.987837156e-01 3.013748242e+02
9.983671405e-01 2.920714400e-02 -4.909136412e-02 -2.304250605e+01 -2.922743607e-02 9.995727156e-01 3.045909781e-04 -5.531669146e+00 4.907928439e-02 1.130721672e-03 9.987942492e-01 3.023889285e+02
9.983362552e-01 3.168162713e-02 -4.817707958e-02 -2.310732327e+01 -3.183257028e-02 9.994904136e-01 -2.368883077e-03 -5.538434151e+00 4.807747739e-02 3.898542344e-03 9.988360273e-01 3.033958193e+02
9.982303942e-01 3.496695138e-02 -4.809740995e-02 -2.315808215e+01 -3.515875161e-02 9.993767610e-01 -3.147287478e-03 -5.556621862e+00 4.795737944e-02 4.832763336e-03 9.988376959e-01 3.044089569e+02
9.981803195e-01 3.715182243e-02 -4.749464807e-02 -2.321948266e+01 -3.739834860e-02 9.992911094e-01 -4.312259862e-03 -5.568851492e+00 4.730077591e-02 6.080634589e-03 9.988621699e-01 3.054090670e+02
9.981550672e-01 3.756167558e-02 -4.770348784e-02 -2.327178152e+01 -3.776314782e-02 9.992811791e-01 -3.328913465e-03 -5.580639566e+00 4.754415797e-02 5.124205011e-03 9.988559642e-01 3.064329612e+02
9.981496505e-01 3.769478961e-02 -4.771100532e-02 -2.332479693e+01 -3.776441437e-02 9.992864846e-01 -5.584274211e-04 -5.598780363e+00 4.765591404e-02 2.359172134e-03 9.988610082e-01 3.074581063e+02
9.981802248e-01 3.676665841e-02 -4.779568252e-02 -2.337309486e+01 -3.674992061e-02 9.993237557e-01 1.229190887e-03 -5.608989986e+00 4.780855303e-02 5.295334774e-04 9.988563791e-01 3.084781445e+02
9.981715445e-01 3.670435376e-02 -4.802429718e-02 -2.342037353e+01 -3.665741524e-02 9.993261551e-01 1.858058765e-03 -5.619546288e+00 4.806013636e-02 -9.421484712e-05 9.988444588e-01 3.095027671e+02
9.981528163e-01 3.740456950e-02 -4.787374628e-02 -2.347402084e+01 -3.738522133e-02 9.993000720e-01 1.299801772e-03 -5.626777812e+00 4.788885724e-02 4.923692118e-04 9.988525632e-01 3.105217376e+02
9.982013173e-01 3.705848980e-02 -4.712514260e-02 -2.352151558e+01 -3.701272834e-02 9.993130658e-01 1.843579250e-03 -5.639036667e+00 4.716109213e-02 -9.603335364e-05 9.988873212e-01 3.115478673e+02
9.982576813e-01 3.709006441e-02 -4.589033009e-02 -2.357360379e+01 -3.704976485e-02 9.993119096e-01 1.728723625e-03 -5.645893997e+00 4.592287221e-02 -2.548660908e-05 9.989449951e-01 3.125877963e+02
9.983177032e-01 3.638526990e-02 -4.514321545e-02 -2.362520145e+01 -3.636396212e-02 9.993377481e-01 1.293422149e-03 -5.654737138e+00 4.516038016e-02 3.503391521e-04 9.989796978e-01 3.136228492e+02
9.983227312e-01 3.691472823e-02 -4.459860266e-02 -2.367279289e+01 -3.690593749e-02 9.993182308e-01 1.020738466e-03 -5.658251944e+00 4.460587329e-02 6.269261032e-04 9.990044408e-01 3.146553899e+02
9.983497762e-01 3.662370201e-02 -4.423183488e-02 -2.371977690e+01 -3.653333839e-02 9.993283956e-01 2.849894123e-03 -5.670683908e+00 4.430650193e-02 -1.229254039e-03 9.990172360e-01 3.157124651e+02
9.984179037e-01 3.564176679e-02 -4.349035639e-02 -2.377591963e+01 -3.561473498e-02 9.993646458e-01 1.396426978e-03 -5.681555057e+00 4.351249414e-02 1.546801767e-04 9.990528866e-01 3.167694006e+02
9.983578290e-01 3.701689798e-02 -4.372005085e-02 -2.381995781e+01 -3.718813605e-02 9.993034305e-01 -3.109646579e-03 -5.689985677e+00 4.357448719e-02 4.730407297e-03 9.990389629e-01 3.178296697e+02
9.983684634e-01 3.647002657e-02 -4.393573681e-02 -2.386837429e+01 -3.678914749e-02 9.993020825e-01 -6.476556352e-03 -5.697201874e+00 4.366887190e-02 8.082348494e-03 9.990133855e-01 3.188883054e+02
9.984206678e-01 3.480493902e-02 -4.410023531e-02 -2.391289458e+01 -3.501034524e-02 9.993793729e-01 -3.893745607e-03 -5.709813329e+00 4.393734360e-02 5.431560460e-03 9.990195326e-01 3.199620718e+02
9.984099615e-01 3.542691499e-02 -4.384566108e-02 -2.396743752e+01 -3.541155644e-02 9.993721815e-01 1.127208500e-03 -5.724936097e+00 4.385806756e-02 4.272273055e-04 9.990376531e-01 3.210413641e+02
9.984100462e-01 3.596093656e-02 -4.340790893e-02 -2.401981477e+01 -3.581684700e-02 9.993499710e-01 4.092840924e-03 -5.737079432e+00 4.352687380e-02 -2.531598966e-03 9.990490717e-01 3.221118902e+02
9.984592188e-01 3.541898732e-02 -4.271623101e-02 -2.407379347e+01 -3.519678040e-02 9.993627358e-01 5.943081184e-03 -5.742499769e+00 4.289950715e-02 -4.430450275e-03 9.990695830e-01 3.231881584e+02
9.984523805e-01 3.589831302e-02 -4.247533357e-02 -2.412436788e+01 -3.559636018e-02 9.993354678e-01 7.844266192e-03 -5.749511217e+00 4.272870460e-02 -6.320158652e-03 9.990667097e-01 3.242678608e+02
9.985170735e-01 3.377892903e-02 -4.269206695e-02 -2.416631304e+01 -3.345715468e-02 9.994062923e-01 8.229472904e-03 -5.760064445e+00 4.294470467e-02 -6.788914202e-03 9.990543587e-01 3.253369175e+02
9.985931369e-01 3.103933101e-02 -4.299140804e-02 -2.421342348e+01 -3.079264270e-02 9.995053594e-01 6.388635583e-03 -5.765638169e+00 4.316844430e-02 -5.055828890e-03 9.990550177e-01 3.264029046e+02
9.986344761e-01 2.938871254e-02 -4.319184219e-02 -2.426297097e+01 -2.926938274e-02 9.995657967e-01 3.392706449e-03 -5.768069303e+00 4.327279544e-02 -2.123875540e-03 9.990610486e-01 3.274638562e+02
9.986794038e-01 2.713127791e-02 -4.362692440e-02 -2.430980222e+01 -2.706644480e-02 9.996314981e-01 2.076188216e-03 -5.778043543e+00 4.366717899e-02 -8.926202715e-04 9.990457145e-01 3.285311334e+02
9.986944518e-01 2.577516281e-02 -4.410304640e-02 -2.435975261e+01 -2.565625692e-02 9.996654934e-01 3.260087566e-03 -5.787245456e+00 4.417232187e-02 -2.124312556e-03 9.990216633e-01 3.295924830e+02
9.987564773e-01 2.367349197e-02 -4.387615437e-02 -2.441233116e+01 -2.343122014e-02 9.997072497e-01 6.027830041e-03 -5.794062165e+00 4.400601070e-02 -4.992262642e-03 9.990188045e-01 3.306442280e+02
9.987825290e-01 2.079638390e-02 -4.473198555e-02 -2.445052611e+01 -2.038188986e-02 9.997452056e-01 9.702432148e-03 -5.803442219e+00 4.492236309e-02 -8.778897501e-03 9.989518923e-01 3.317040663e+02
9.988322636e-01 1.733278000e-02 -4.509616431e-02 -2.449746460e+01 -1.684730392e-02 9.997962091e-01 1.112327776e-02 -5.808004728e+00 4.527976987e-02 -1.035054018e-02 9.989207437e-01 3.327557064e+02
9.988572243e-01 1.421807601e-02 -4.563013452e-02 -2.454133457e+01 -1.385482986e-02 9.998698352e-01 8.267087114e-03 -5.813238538e+00 4.574173806e-02 -7.625441588e-03 9.989241922e-01 3.338017797e+02
9.988842374e-01 1.060781995e-02 -4.601964479e-02 -2.458702211e+01 -1.044698292e-02 9.999384380e-01 3.734083347e-03 -5.815063316e+00 4.605642201e-02 -3.249151091e-03 9.989335534e-01 3.348328091e+02
9.988808834e-01 8.852604452e-03 -4.646077441e-02 -2.463243035e+01 -8.741522851e-03 9.999584391e-01 2.593518359e-03 -5.823115379e+00 4.648180184e-02 -2.184478177e-03 9.989167391e-01 3.358671005e+02
9.988608795e-01 7.413925548e-03 -4.713834184e-02 -2.468433101e+01 -7.256126088e-03 9.999674584e-01 3.517804245e-03 -5.827135481e+00 4.716289204e-02 -3.171755174e-03 9.988821899e-01 3.369056405e+02
9.988231213e-01 5.579526488e-03 -4.817947379e-02 -2.473275274e+01 -5.297362440e-03 9.999680527e-01 5.982221941e-03 -5.846631613e+00 4.821131188e-02 -5.719957927e-03 9.988207862e-01 3.379244006e+02
9.987807510e-01 3.717417575e-03 -4.922613263e-02 -2.478102601e+01 -3.289823881e-03 9.999561931e-01 8.764482972e-03 -5.851993103e+00 4.925655723e-02 -8.591850730e-03 9.987491763e-01 3.389345094e+02
9.987352513e-01 1.787290199e-03 -5.024693391e-02 -2.482431353e+01 -1.216590414e-03 9.999344416e-01 1.138620413e-02 -5.859093686e+00 5.026398920e-02 -1.131067296e-02 9.986719204e-01 3.399326928e+02
9.986837100e-01 3.156685417e-05 -5.129190751e-02 -2.487498200e+01 6.261610968e-04 9.999177733e-01 1.280710267e-02 -5.866037407e+00 5.128809746e-02 -1.282236082e-02 9.986015839e-01 3.409263895e+02
9.986228191e-01 -2.156521987e-03 -5.241989769e-02 -2.492863921e+01 2.761925044e-03 9.999302980e-01 1.147940128e-02 -5.869084490e+00 5.239149307e-02 -1.160837157e-02 9.985591255e-01 3.419153468e+02
9.985618032e-01 -3.506447009e-03 -5.349826064e-02 -2.497515081e+01 4.048968513e-03 9.999414312e-01 1.003591699e-02 -5.873927345e+00 5.345993986e-02 -1.023809708e-02 9.985175204e-01 3.428946468e+02
9.985151664e-01 -2.851260902e-03 -5.440005862e-02 -2.503795162e+01 3.313794582e-03 9.999591176e-01 8.414146391e-03 -5.878988083e+00 5.437384384e-02 -8.581923613e-03 9.984837828e-01 3.438665138e+02
9.984513237e-01 -2.059881553e-03 -5.559388080e-02 -2.509234111e+01 2.480421566e-03 9.999688300e-01 7.496547436e-03 -5.880193184e+00 5.557670361e-02 -7.622833987e-03 9.984253116e-01 3.448219824e+02
9.984138005e-01 -2.004788097e-03 -5.626651677e-02 -2.514860489e+01 2.443190245e-03 9.999672100e-01 7.723803873e-03 -5.886130697e+00 5.624918945e-02 -7.849021747e-03 9.983858924e-01 3.457609224e+02
9.983814072e-01 -1.439228484e-03 -5.685554675e-02 -2.520319985e+01 1.933073505e-03 9.999608760e-01 8.631919752e-03 -5.893651077e+00 5.684089457e-02 -8.727853324e-03 9.983450730e-01 3.467023751e+02
9.983559267e-01 4.454396332e-04 -5.731671726e-02 -2.526046929e+01 1.217365641e-04 9.999510823e-01 9.891614714e-03 -5.901635006e+00 5.731831694e-02 -9.882330046e-03 9.983070333e-01 3.476238446e+02
9.983342204e-01 2.766503716e-03 -5.762917886e-02 -2.531820545e+01 -2.260532567e-03 9.999583353e-01 8.843102822e-03 -5.910796609e+00 5.765124373e-02 -8.698099078e-03 9.982989178e-01 3.485353795e+02
9.983369304e-01 3.492438877e-03 -5.754257824e-02 -2.537918949e+01 -3.113910394e-03 9.999729444e-01 6.666588592e-03 -5.917138915e+00 5.756429976e-02 -6.476319369e-03 9.983208210e-01 3.494304303e+02
9.983770002e-01 2.837313918e-03 -5.687975028e-02 -2.543127466e+01 -2.537815041e-03 9.999825548e-01 5.337011020e-03 -5.922861317e+00 5.689389775e-02 -5.183998793e-03 9.983667604e-01 3.503138272e+02
9.984508567e-01 3.123215587e-03 -5.555343721e-02 -2.548227318e+01 -2.774641954e-03 9.999760137e-01 6.350574570e-03 -5.933594412e+00 5.557194392e-02 -6.186595271e-03 9.984355068e-01 3.511813634e+02
9.985384997e-01 3.733666961e-03 -5.391565649e-02 -2.553067647e+01 -3.380103207e-03 9.999721859e-01 6.647418935e-03 -5.942011706e+00 5.393897922e-02 -6.455463413e-03 9.985233907e-01 3.520295866e+02
9.986317357e-01 2.128187035e-03 -5.225050748e-02 -2.557365134e+01 -1.721693320e-03 9.999679440e-01 7.823476433e-03 -5.946677575e+00 5.226547486e-02 -7.722812526e-03 9.986033541e-01 3.528673233e+02
9.987047837e-01 2.389366469e-04 -5.087916529e-02 -2.560548860e+01 1.685078496e-04 9.999679418e-01 8.003631454e-03 -5.953744992e+00 5.087944990e-02 -8.001838371e-03 9.986727225e-01 3.536816725e+02
9.987948593e-01 -1.220049942e-04 -4.907999894e-02 -2.564832436e+01 5.762772218e-04 9.999571356e-01 9.241705746e-03 -5.964266280e+00 4.907676606e-02 -9.258852312e-03 9.987521133e-01 3.544790748e+02
9.988880417e-01 -2.880814381e-03 -4.705765556e-02 -2.567964731e+01 3.411378720e-03 9.999314878e-01 1.119836332e-02 -5.971466720e+00 4.702216984e-02 -1.134644309e-02 9.988294092e-01 3.552507011e+02
9.989458036e-01 -3.601859596e-03 -4.576379397e-02 -2.570959425e+01 4.187668857e-03 9.999104642e-01 1.271128772e-02 -5.972592676e+00 4.571391028e-02 -1.288953156e-02 9.988713992e-01 3.559969969e+02
9.990155703e-01 -1.480323756e-03 -4.433644281e-02 -2.573377832e+01 2.110211878e-03 9.998974926e-01 1.416355463e-02 -5.977682356e+00 4.431092803e-02 -1.424317082e-02 9.989162769e-01 3.567261919e+02
9.990743854e-01 -1.827762233e-03 -4.297647193e-02 -2.575532794e+01 2.444579749e-03 9.998947008e-01 1.430430560e-02 -5.982716307e+00 4.294579803e-02 -1.439612606e-02 9.989736674e-01 3.574308852e+02
9.991358367e-01 -2.245825627e-03 -4.150320878e-02 -2.579172933e+01 2.698569371e-03 9.999374315e-01 1.085585295e-02 -5.989478006e+00 4.147622858e-02 -1.095847107e-02 9.990794060e-01 3.580998238e+02
9.991887897e-01 -2.324732162e-03 -4.020339450e-02 -2.581870653e+01 2.547711822e-03 9.999816262e-01 5.495958149e-03 -5.998967899e+00 4.018988039e-02 -5.593926604e-03 9.991764080e-01 3.587481020e+02
9.992344407e-01 -1.966327822e-03 -3.907288465e-02 -2.584272200e+01 2.086690875e-03 9.999932205e-01 3.039918416e-03 -6.004060708e+00 3.906663909e-02 -3.119123279e-03 9.992317271e-01 3.593800369e+02
9.992687414e-01 -1.717251560e-03 -3.819732926e-02 -2.586773770e+01 1.859116663e-03 9.999915243e-01 3.678796423e-03 -6.007736817e+00 3.819068639e-02 -3.747119539e-03 9.992634563e-01 3.599960945e+02
9.992778492e-01 -1.594921020e-03 -3.796288362e-02 -2.588769063e+01 1.844123724e-03 9.999769926e-01 6.530294152e-03 -6.008476323e+00 3.795159378e-02 -6.595586792e-03 9.992578254e-01 3.605904910e+02
9.992676458e-01 -1.707676283e-03 -3.822619073e-02 -2.591060826e+01 2.080726785e-03 9.999505581e-01 9.721347834e-03 -6.016302648e+00 3.820770026e-02 -9.793767293e-03 9.992218087e-01 3.611686478e+02
9.991828461e-01 -1.624708441e-03 -4.038606321e-02 -2.593399366e+01 2.067112392e-03 9.999383062e-01 1.091503318e-02 -6.022740329e+00 4.036583814e-02 -1.098959627e-02 9.991245575e-01 3.617089070e+02
9.990312742e-01 -1.921332032e-05 -4.400544969e-02 -2.596461476e+01 3.930777971e-04 9.999638923e-01 8.487217573e-03 -6.031620107e+00 4.400369713e-02 -8.496293675e-03 9.989952485e-01 3.622232454e+02
9.987699950e-01 8.395963146e-04 -4.957593391e-02 -2.600320359e+01 -5.992958901e-04 9.999880068e-01 4.861784279e-03 -6.034820521e+00 4.957942439e-02 -4.826092963e-03 9.987585207e-01 3.627181179e+02
9.983080714e-01 1.438944372e-03 -5.812871494e-02 -2.604663023e+01 -1.299594299e-03 9.999961943e-01 2.434998588e-03 -6.039752907e+00 5.813199342e-02 -2.355334990e-03 9.983061260e-01 3.632013422e+02
9.975265642e-01 1.273582303e-03 -7.027870839e-02 -2.609241138e+01 -1.171713889e-03 9.999981740e-01 1.490703577e-03 -6.042154907e+00 7.028047777e-02 -1.404669977e-03 9.975262858e-01 3.636568288e+02
9.963307366e-01 1.495486217e-03 -8.557363507e-02 -2.614351855e+01 -1.421462942e-03 9.999985893e-01 9.259525648e-04 -6.052797138e+00 8.557489790e-02 -8.009151363e-04 9.963314425e-01 3.641071452e+02
9.945350135e-01 3.443045224e-03 -1.043468089e-01 -2.621169399e+01 -3.474457127e-03 9.999939281e-01 -1.192629895e-04 -6.051228161e+00 1.043457684e-01 4.811599398e-04 9.945409508e-01 3.645531104e+02
9.920166325e-01 6.114658872e-03 -1.259589879e-01 -2.629853989e+01 -6.049414259e-03 9.999812941e-01 9.004901142e-04 -6.061278539e+00 1.259621360e-01 -1.313227641e-04 9.920350156e-01 3.649955134e+02
9.884599384e-01 9.041294010e-03 -1.512124469e-01 -2.639329141e+01 -8.614667140e-03 9.999568321e-01 3.476235124e-03 -6.065629320e+00 1.512373593e-01 -2.133473629e-03 9.884952020e-01 3.654267006e+02
9.835554490e-01 8.722424159e-03 -1.803958179e-01 -2.649071253e+01 -7.464246837e-03 9.999428702e-01 7.652201890e-03 -6.069482887e+00 1.804522562e-01 -6.179845665e-03 9.835643435e-01 3.658396016e+02
9.766900759e-01 7.918063055e-03 -2.145083991e-01 -2.660718322e+01 -5.952767762e-03 9.999341950e-01 9.806295698e-03 -6.075555451e+00 2.145719351e-01 -8.300791513e-03 9.766728973e-01 3.662401163e+02
9.673525321e-01 7.771247378e-03 -2.533152768e-01 -2.674252900e+01 -5.335339741e-03 9.999326822e-01 1.030166906e-02 -6.073150648e+00 2.533783005e-01 -8.613822673e-03 9.673289371e-01 3.666317101e+02
9.555215711e-01 1.121391011e-02 -2.947078671e-01 -2.690932104e+01 -7.830430766e-03 9.998892152e-01 1.265837516e-02 -6.073967134e+00 2.948171499e-01 -9.787661520e-03 9.555035837e-01 3.670080600e+02
9.413243742e-01 1.547030302e-02 -3.371484560e-01 -2.710150755e+01 -1.054555462e-02 9.998093584e-01 1.643361136e-02 -6.070770134e+00 3.373383993e-01 -1.191394229e-02 9.413080833e-01 3.673806117e+02
9.243357484e-01 1.902413201e-02 -3.811056961e-01 -2.728257320e+01 -1.186666824e-02 9.997064721e-01 2.112212292e-02 -6.064015478e+00 3.813956629e-01 -1.500147778e-02 9.242901820e-01 3.677360784e+02
9.045449472e-01 1.934516656e-02 -4.259391863e-01 -2.747768862e+01 -9.244979907e-03 9.996251959e-01 2.576756876e-02 -6.054150679e+00 4.262780180e-01 -1.937012476e-02 9.043847924e-01 3.680733488e+02
8.815683735e-01 2.307795795e-02 -4.714919152e-01 -2.768861557e+01 -9.878191964e-03 9.994874064e-01 3.045190499e-02 -6.048688084e+00 4.719529986e-01 -2.218794848e-02 8.813444607e-01 3.683954635e+02
8.542697860e-01 3.029614675e-02 -5.189463895e-01 -2.793155135e+01 -1.460782706e-02 9.993050710e-01 3.429269373e-02 -6.050262994e+00 5.196246491e-01 -2.171453275e-02 8.541186733e-01 3.687186751e+02
8.232135473e-01 3.797223420e-02 -5.664605762e-01 -2.819452379e+01 -1.909837346e-02 9.990482331e-01 3.921553532e-02 -6.042833329e+00 5.674105750e-01 -2.146428543e-02 8.231552578e-01 3.690211559e+02
7.886992139e-01 4.192516011e-02 -6.133481238e-01 -2.848180456e+01 -1.805227098e-02 9.988211234e-01 4.506074977e-02 -6.025265946e+00 6.145142039e-01 -2.446705185e-02 7.885262682e-01 3.693307408e+02
7.500959285e-01 4.297877301e-02 -6.599310417e-01 -2.879975161e+01 -1.291187913e-02 9.986475864e-01 5.036208395e-02 -6.006421594e+00 6.612030299e-01 -2.925544170e-02 7.496363960e-01 3.696655428e+02
7.074672550e-01 4.073013667e-02 -7.055714989e-01 -2.912528687e+01 -4.687868245e-03 9.985864860e-01 5.294438407e-02 -5.984962040e+00 7.067306229e-01 -3.414878718e-02 7.066581043e-01 3.699785649e+02
6.616227075e-01 4.098370622e-02 -7.487160655e-01 -2.947900928e+01 2.818021728e-03 9.983622600e-01 5.713921521e-02 -5.967622279e+00 7.498316253e-01 -3.991449731e-02 6.604235686e-01 3.702640823e+02
6.123304976e-01 4.109506881e-02 -7.895331355e-01 -2.987093709e+01 9.951513860e-03 9.981684191e-01 5.967249963e-02 -5.947240158e+00 7.905392929e-01 -4.439634254e-02 6.107999609e-01 3.705320527e+02
5.584608320e-01 3.757319686e-02 -8.286794511e-01 -3.025335982e+01 1.951336749e-02 9.981022442e-01 5.840538011e-02 -5.922440015e+00 8.293013268e-01 -4.878744697e-02 5.566678583e-01 3.707712794e+02
4.999244424e-01 3.250773636e-02 -8.654588122e-01 -3.067708807e+01 2.837554082e-02 9.981440589e-01 5.388244768e-02 -5.878853999e+00 8.656041406e-01 -5.149501258e-02 4.980741754e-01 3.710128271e+02
4.405678172e-01 3.155146992e-02 -8.971648003e-01 -3.116391097e+01 2.967196563e-02 9.983243609e-01 4.967997436e-02 -5.866370717e+00 8.972288714e-01 -4.850804232e-02 4.388933951e-01 3.711993957e+02
3.783113296e-01 3.039661538e-02 -9.251792678e-01 -3.165550458e+01 3.062925192e-02 9.985023778e-01 4.533012329e-02 -5.846853364e+00 9.251715931e-01 -4.548644363e-02 3.768137227e-01 3.713383667e+02
3.133842334e-01 2.640215156e-02 -9.492593644e-01 -3.216582165e+01 3.569375054e-02 9.985795861e-01 3.955769449e-02 -5.825725690e+00 9.489554290e-01 -4.627938150e-02 3.119966798e-01 3.714713957e+02
2.488217018e-01 2.253623600e-02 -9.682871417e-01 -3.267382740e+01 4.953265444e-02 9.981249652e-01 3.595915064e-02 -5.807638968e+00 9.672819724e-01 -5.690924970e-02 2.472388352e-01 3.715659187e+02
1.836202023e-01 2.736397306e-02 -9.826163192e-01 -3.322528325e+01 5.211283405e-02 9.979357979e-01 3.752884434e-02 -5.780610557e+00 9.816149340e-01 -5.809797321e-02 1.818151288e-01 3.716648772e+02
1.234133498e-01 3.696650520e-02 -9.916666207e-01 -3.377790914e+01 4.607410814e-02 9.980148352e-01 4.293709241e-02 -5.761911799e+00 9.912851906e-01 -5.098916516e-02 1.214651405e-01 3.716838722e+02
6.931277832e-02 4.554161669e-02 -9.965550062e-01 -3.434226550e+01 3.588037388e-02 9.981972719e-01 4.811224196e-02 -5.747010777e+00 9.969496370e-01 -3.909156148e-02 6.755373857e-02 3.716682396e+02
2.183453651e-02 4.909917560e-02 -9.985553690e-01 -3.489967725e+01 2.698283869e-02 9.984005783e-01 4.968158282e-02 -5.726539217e+00 9.993975515e-01 -2.802863390e-02 2.047475847e-02 3.716408429e+02
-1.808031038e-02 5.109643959e-02 -9.985301193e-01 -3.547119105e+01 2.268581141e-02 9.984571711e-01 5.068194340e-02 -5.699938077e+00 9.995791972e-01 -2.173612442e-02 -1.921153470e-02 3.715918071e+02
-4.846550746e-02 5.723699611e-02 -9.971836971e-01 -3.606753465e+01 2.053154899e-02 9.982029030e-01 5.629762600e-02 -5.672088747e+00 9.986139739e-01 -1.774523740e-02 -4.955360416e-02 3.715422619e+02
-6.982242924e-02 6.269200247e-02 -9.955876805e-01 -3.668401010e+01 1.929900721e-02 9.979214040e-01 6.148549290e-02 -5.635491908e+00 9.973729167e-01 -1.492079469e-02 -7.088714937e-02 3.714819782e+02
-8.502008914e-02 6.529989122e-02 -9.942371732e-01 -3.727791668e+01 1.742812941e-02 9.977949115e-01 6.404322757e-02 -5.619394506e+00 9.962268174e-01 -1.188273274e-02 -8.597069518e-02 3.713978774e+02
-9.505840062e-02 5.993055485e-02 -9.936661298e-01 -3.789545091e+01 1.318464209e-02 9.981744055e-01 5.894116297e-02 -5.592269039e+00 9.953844818e-01 -7.498283089e-03 -9.567502864e-02 3.713220046e+02
-1.000279648e-01 4.832017740e-02 -9.938106938e-01 -3.850722077e+01 9.579757759e-03 9.988205517e-01 4.759955367e-02 -5.562653818e+00 9.949385498e-01 -4.759175791e-03 -1.003729328e-01 3.712388379e+02
-1.029535255e-01 3.629973674e-02 -9.940237153e-01 -3.913413059e+01 9.005366426e-03 9.993269707e-01 3.556069636e-02 -5.529223130e+00 9.946455209e-01 -5.290452667e-03 -1.032111016e-01 3.711736068e+02
-1.029509813e-01 3.179076747e-02 -9.941783010e-01 -3.978610657e+01 1.192945974e-02 9.994566917e-01 3.072421331e-02 -5.498566198e+00 9.946149343e-01 -8.696922939e-03 -1.032743242e-01 3.711140420e+02
-1.016475284e-01 3.532179680e-02 -9.941933208e-01 -4.044567426e+01 1.539132933e-02 9.993057082e-01 3.392980596e-02 -5.477464943e+00 9.947015079e-01 -1.185307742e-02 -1.021205906e-01 3.710523399e+02
-1.001506883e-01 4.060543984e-02 -9.941434108e-01 -4.111589773e+01 1.780896712e-02 9.990799713e-01 3.901298968e-02 -5.458539145e+00 9.948129261e-01 -1.379749314e-02 -1.007816141e-01 3.709815987e+02
-9.918466975e-02 4.284609651e-02 -9.941461667e-01 -4.179793168e+01 1.665888237e-02 9.990040402e-01 4.139342923e-02 -5.439655600e+00 9.949296025e-01 -1.245577395e-02 -9.979953771e-02 3.709060498e+02
-9.834940074e-02 4.191654368e-02 -9.942687775e-01 -4.249503380e+01 1.364672256e-02 9.990754019e-01 4.076929991e-02 -5.413452866e+00 9.950583513e-01 -9.558875134e-03 -9.883044104e-02 3.708329916e+02
-9.709123170e-02 4.121522068e-02 -9.944217934e-01 -4.320721121e+01 9.279487059e-03 9.991362777e-01 4.050460997e-02 -5.389012309e+00 9.952322566e-01 -5.295082759e-03 -9.738981343e-02 3.707577557e+02
-9.352960020e-02 3.911997795e-02 -9.948476817e-01 -4.392285618e+01 4.606589366e-03 9.992340414e-01 3.885937662e-02 -5.365968939e+00 9.956058379e-01 -9.483544171e-04 -9.363818719e-02 3.706784725e+02
-8.934246128e-02 3.769135427e-02 -9.952875489e-01 -4.465799124e+01 1.514383649e-03 9.992877210e-01 3.770690067e-02 -5.340281335e+00 9.959997923e-01 1.861582650e-03 -8.933597488e-02 3.706146592e+02
-8.497482697e-02 3.820643176e-02 -9.956503833e-01 -4.540389329e+01 -1.388023975e-03 9.992590725e-01 3.846337243e-02 -5.317220215e+00 9.963822142e-01 4.650401665e-03 -8.485887089e-02 3.705477517e+02
-8.092997432e-02 4.134024811e-02 -9.958621224e-01 -4.618206396e+01 -2.705084236e-03 9.991266958e-01 4.169559892e-02 -5.290730826e+00 9.967161576e-01 6.068311572e-03 -8.074741643e-02 3.704889824e+02
-7.669923100e-02 4.485618768e-02 -9.960448090e-01 -4.696197739e+01 -5.632628977e-03 9.989520434e-01 4.542085066e-02 -5.259850418e+00 9.970384195e-01 9.094095745e-03 -7.636628816e-02 3.704237668e+02
-7.284488646e-02 4.660278766e-02 -9.962538708e-01 -4.776004581e+01 -6.817270644e-03 9.988610966e-01 4.722321743e-02 -5.231461442e+00 9.973199708e-01 1.023169965e-02 -7.244410866e-02 3.703546836e+02
-6.998099566e-02 4.489751434e-02 -9.965374250e-01 -4.857599094e+01 -7.309182006e-03 9.989367143e-01 4.551889472e-02 -5.196889656e+00 9.975215177e-01 1.046933069e-02 -6.957834681e-02 3.702954665e+02
-6.638375571e-02 4.219061948e-02 -9.969018524e-01 -4.940488640e+01 -6.009959014e-03 9.990705943e-01 4.268260869e-02 -5.157795610e+00 9.977761481e-01 8.824766227e-03 -6.606849775e-02 3.702352173e+02
-6.300719032e-02 4.275522610e-02 -9.970968198e-01 -5.025885246e+01 -4.069301425e-03 9.990626165e-01 4.309666187e-02 -5.117845032e+00 9.980047794e-01 6.772885820e-03 -6.277417027e-02 3.701863321e+02
-6.035352854e-02 4.745623468e-02 -9.970483340e-01 -5.112834195e+01 -4.113226708e-03 9.988489093e-01 4.779091494e-02 -5.084852928e+00 9.981686544e-01 6.985434410e-03 -6.008878396e-02 3.701372123e+02
-5.664612581e-02 5.316127609e-02 -9.969780294e-01 -5.200466859e+01 -3.241072432e-03 9.985663195e-01 5.343012182e-02 -5.050258464e+00 9.983891207e-01 6.257885538e-03 -5.639258693e-02 3.700761123e+02
-5.347142692e-02 5.810328300e-02 -9.968775129e-01 -5.289769550e+01 -2.085265064e-03 9.982970282e-01 5.829787124e-02 -5.008625881e+00 9.985672216e-01 5.196019310e-03 -5.325914846e-02 3.700242375e+02
-5.092339627e-02 5.913461911e-02 -9.969504495e-01 -5.378714698e+01 -1.379851097e-03 9.982403629e-01 5.928162153e-02 -4.957700696e+00 9.987017816e-01 4.394456057e-03 -5.075222113e-02 3.699840606e+02
-4.829521808e-02 5.822950721e-02 -9.971344152e-01 -5.468718761e+01 -3.400524389e-03 9.982838822e-01 5.846133606e-02 -4.917868931e+00 9.988273769e-01 6.214176755e-03 -4.801429174e-02 3.699327939e+02
-4.644009417e-02 5.389384298e-02 -9.974662250e-01 -5.558465156e+01 -5.565574404e-03 9.985140475e-01 5.420958285e-02 -4.876819969e+00 9.989056528e-01 8.068968191e-03 -4.607115017e-02 3.698866690e+02
-4.560290488e-02 5.057066235e-02 -9.976788935e-01 -5.648577193e+01 -4.395240391e-03 9.986979674e-01 5.082322647e-02 -4.836323558e+00 9.989500506e-01 6.702720500e-03 -4.532128290e-02 3.698443585e+02
-4.524764069e-02 5.010935600e-02 -9.977182686e-01 -5.739652087e+01 -4.118614085e-03 9.987233069e-01 5.034661616e-02 -4.797302091e+00 9.989673376e-01 6.387279058e-03 -4.498343549e-02 3.698022467e+02
-4.525060049e-02 5.079711082e-02 -9.976833849e-01 -5.832513186e+01 -4.134941194e-03 9.986882611e-01 5.103581604e-02 -4.757980658e+00 9.989672080e-01 6.434758100e-03 -4.498116011e-02 3.697548065e+02
-4.606263957e-02 5.251173553e-02 -9.975573795e-01 -5.924602144e+01 -2.995430860e-03 9.986056399e-01 5.270522957e-02 -4.728553376e+00 9.989341018e-01 5.415853856e-03 -4.584108102e-02 3.697122845e+02
-4.763401273e-02 5.313621419e-02 -9.974506220e-01 -6.017211726e+01 -2.433286292e-03 9.985749450e-01 5.331231597e-02 -4.686215592e+00 9.988619885e-01 4.966557045e-03 -4.743679767e-02 3.696705161e+02
-4.857362248e-02 5.361321825e-02 -9.973798352e-01 -6.109268284e+01 -4.685712796e-03 9.985351330e-01 5.390352591e-02 -4.647312770e+00 9.988087359e-01 7.291715825e-03 -4.825119092e-02 3.696158979e+02
-4.995372517e-02 5.434081069e-02 -9.972721031e-01 -6.201029836e+01 -7.217641369e-03 9.984730494e-01 5.476778165e-02 -4.607971844e+00 9.987254331e-01 9.933808781e-03 -4.948516507e-02 3.695659372e+02
-5.095677518e-02 5.467675423e-02 -9.972031587e-01 -6.292057949e+01 -8.271038625e-03 9.984428840e-01 5.516738008e-02 -4.571699997e+00 9.986667527e-01 1.105904422e-02 -5.042516475e-02 3.695106637e+02
-5.164513231e-02 5.498746357e-02 -9.971504992e-01 -6.384534119e+01 -7.536564744e-03 9.984331036e-01 5.544853247e-02 -4.531199475e+00 9.986370735e-01 1.037873627e-02 -5.114974124e-02 3.694555855e+02
-5.345291887e-02 5.409719695e-02 -9.971040058e-01 -6.474854193e+01 -9.101715374e-03 9.984635777e-01 5.465888770e-02 -4.493531862e+00 9.985289414e-01 1.199702925e-02 -5.287847506e-02 3.694051640e+02
-5.493456422e-02 5.223051054e-02 -9.971229931e-01 -6.565201777e+01 -9.307305639e-03 9.985607657e-01 5.281859206e-02 -4.458765661e+00 9.984466319e-01 1.218209044e-02 -5.436932304e-02 3.693454436e+02
-5.758985548e-02 5.097476560e-02 -9.970381695e-01 -6.655838365e+01 -7.760907569e-03 9.986425735e-01 5.150507341e-02 -4.422131535e+00 9.983102139e-01 1.070408735e-02 -5.711600427e-02 3.692904952e+02
-6.146540033e-02 5.346809171e-02 -9.966761362e-01 -6.747119700e+01 -8.296081679e-03 9.985022755e-01 5.407768254e-02 -4.384526836e+00 9.980748131e-01 1.159241288e-02 -6.092979550e-02 3.692275442e+02
-6.564946356e-02 5.743531362e-02 -9.961884295e-01 -6.838472995e+01 -9.349616887e-03 9.982628553e-01 5.817105735e-02 -4.340153923e+00 9.977989868e-01 1.313287262e-02 -6.499837986e-02 3.691623734e+02
-6.936655418e-02 5.963630722e-02 -9.958071187e-01 -6.929180371e+01 -1.106589322e-02 9.981041173e-01 6.054470429e-02 -4.301482174e+00 9.975298716e-01 1.521927094e-02 -6.857515417e-02 3.690906452e+02
-7.265737181e-02 5.762855630e-02 -9.956908282e-01 -7.019224549e+01 -1.606601091e-02 9.981321295e-01 5.894222653e-02 -4.260812560e+00 9.972277297e-01 2.027935992e-02 -7.159584774e-02 3.690108271e+02
-7.541272467e-02 5.604587943e-02 -9.955762158e-01 -7.109520116e+01 -1.900665720e-02 9.981569889e-01 5.763088221e-02 -4.217714370e+00 9.969713715e-01 2.326867083e-02 -7.420856839e-02 3.689333620e+02
-7.789116061e-02 5.129279790e-02 -9.956415945e-01 -7.198989481e+01 -1.866768793e-02 9.984254803e-01 5.289663552e-02 -4.176930724e+00 9.967871853e-01 2.270650452e-02 -7.681101176e-02 3.688569796e+02
-7.939656801e-02 4.878631061e-02 -9.956487678e-01 -7.288255222e+01 -1.595785976e-02 9.986114981e-01 5.020402471e-02 -4.141513541e+00 9.967155636e-01 1.987444217e-02 -7.850782299e-02 3.687873949e+02
-8.044907513e-02 5.097071034e-02 -9.954546179e-01 -7.378357018e+01 -1.615971270e-02 9.984936992e-01 5.243229232e-02 -4.104403117e+00 9.966276919e-01 2.030439044e-02 -7.950423594e-02 3.687057297e+02
-8.077433288e-02 5.289216224e-02 -9.953281631e-01 -7.467954681e+01 -1.731704932e-02 9.983658188e-01 5.445892853e-02 -4.067395709e+00 9.965820981e-01 2.163502628e-02 -7.972636436e-02 3.686201342e+02
-8.028342838e-02 5.496880045e-02 -9.952553733e-01 -7.556794045e+01 -1.648093304e-02 9.982685427e-01 5.646467878e-02 -4.033142403e+00 9.966359671e-01 2.093590655e-02 -7.923842313e-02 3.685468659e+02
-7.918877196e-02 5.064878043e-02 -9.955721013e-01 -7.647178526e+01 -1.797280574e-02 9.984735200e-01 5.222596093e-02 -3.996026490e+00 9.966975714e-01 2.202893176e-02 -7.815755481e-02 3.684752235e+02
-7.558531464e-02 4.909297894e-02 -9.959300307e-01 -7.735500920e+01 -1.992194722e-02 9.985135428e-01 5.073228704e-02 -3.954614799e+00 9.969402846e-01 2.367548100e-02 -7.449491676e-02 3.683940159e+02
-7.293269884e-02 4.942166999e-02 -9.961117494e-01 -7.824322070e+01 -2.306026962e-02 9.984209035e-01 5.122464816e-02 -3.921728967e+00 9.970704128e-01 2.670654332e-02 -7.167784508e-02 3.683317688e+02
-6.828727419e-02 5.208852086e-02 -9.963049524e-01 -7.913559851e+01 -2.384975810e-02 9.982654742e-01 5.382569419e-02 -3.890885515e+00 9.973805462e-01 2.743724344e-02 -6.692658790e-02 3.682621000e+02
-6.347772152e-02 5.375263067e-02 -9.965346710e-01 -8.002394457e+01 -2.560373109e-02 9.981320277e-01 5.546971069e-02 -3.855623681e+00 9.976548491e-01 2.903608875e-02 -6.198277366e-02 3.681956914e+02
-5.840236005e-02 5.506100353e-02 -9.967735447e-01 -8.090848426e+01 -2.595935055e-02 9.980564158e-01 5.665285871e-02 -3.818889593e+00 9.979555538e-01 2.918424805e-02 -5.685940726e-02 3.681449325e+02
-5.322256008e-02 5.570088929e-02 -9.970280644e-01 -8.178820448e+01 -2.586468139e-02 9.980312132e-01 5.713761422e-02 -3.779110568e+00 9.982477808e-01 2.882880967e-02 -5.167705087e-02 3.680925746e+02
-4.861955183e-02 5.642002359e-02 -9.972226117e-01 -8.268440583e+01 -2.484919229e-02 9.980259944e-01 5.767699663e-02 -3.741837876e+00 9.985082358e-01 2.758440108e-02 -4.712152322e-02 3.680608860e+02
-4.314561569e-02 5.515916531e-02 -9.975451099e-01 -8.355903941e+01 -2.425801938e-02 9.981225111e-01 5.624030411e-02 -3.701953494e+00 9.987744095e-01 2.662498521e-02 -4.172662200e-02 3.680197265e+02
-3.796079127e-02 5.322107447e-02 -9.978611243e-01 -8.443884732e+01 -2.478410554e-02 9.982233842e-01 5.418323624e-02 -3.664512846e+00 9.989719946e-01 2.678791698e-02 -3.657427598e-02 3.679816590e+02
-3.265113482e-02 5.173434971e-02 -9.981270388e-01 -8.531402936e+01 -2.583724222e-02 9.982819885e-01 5.258758203e-02 -3.629632301e+00 9.991328753e-01 2.750588950e-02 -3.125830403e-02 3.679495065e+02
-2.819362153e-02 5.064730687e-02 -9.983185895e-01 -8.619296935e+01 -2.629151346e-02 9.983324674e-01 5.139051610e-02 -3.592568099e+00 9.992567037e-01 2.769619310e-02 -2.681502719e-02 3.679295643e+02
-2.309380613e-02 5.142709284e-02 -9.984098006e-01 -8.705560079e+01 -2.611385017e-02 9.983042783e-01 5.202568707e-02 -3.560703829e+00 9.993922827e-01 2.727378859e-02 -2.171164615e-02 3.679056346e+02
-1.801919968e-02 5.257199804e-02 -9.984545307e-01 -8.792988830e+01 -2.682300277e-02 9.982318778e-01 5.304434927e-02 -3.522098588e+00 9.994777456e-01 2.773736881e-02 -1.657719552e-02 3.678863867e+02
-1.337491115e-02 5.453318593e-02 -9.984224705e-01 -8.880432406e+01 -2.742170224e-02 9.981161422e-01 5.488380157e-02 -3.488924443e+00 9.995345521e-01 2.811250415e-02 -1.185430393e-02 3.678717396e+02
-9.253181151e-03 5.685757755e-02 -9.983394434e-01 -8.967295688e+01 -2.657576007e-02 9.980155112e-01 5.708545002e-02 -3.452389082e+00 9.996039536e-01 2.705985064e-02 -7.723761197e-03 3.678667702e+02
-5.641729340e-03 5.802096423e-02 -9.982994974e-01 -9.052757028e+01 -2.400755047e-02 9.980197329e-01 5.814038139e-02 -3.416592650e+00 9.996959547e-01 2.429473047e-02 -4.237544959e-03 3.678607385e+02
-2.711914390e-03 5.845944377e-02 -9.982861827e-01 -9.137117614e+01 -2.156031301e-02 9.980543188e-01 5.850443230e-02 -3.383399172e+00 9.997639600e-01 2.168201251e-02 -1.446182755e-03 3.678600354e+02
-3.945785742e-04 5.680141187e-02 -9.983855345e-01 -9.221184743e+01 -1.994702908e-02 9.981864278e-01 5.679797102e-02 -3.341777385e+00 9.998010958e-01 1.993723341e-02 7.391277112e-04 3.678673074e+02
1.102362224e-03 5.457268585e-02 -9.985091959e-01 -9.302349873e+01 -1.713042937e-02 9.983643339e-01 5.454585924e-02 -3.309570837e+00 9.998526779e-01 1.704476703e-02 2.035419262e-03 3.678701323e+02
2.332262767e-03 5.441855301e-02 -9.985155908e-01 -9.381528251e+01 -1.406515885e-02 9.984211894e-01 5.438055884e-02 -3.276402622e+00 9.998984256e-01 1.391744812e-02 3.093941618e-03 3.678735499e+02
2.717079696e-03 5.394432722e-02 -9.985402901e-01 -9.458084888e+01 -1.235295516e-02 9.984695601e-01 5.390689341e-02 -3.249467632e+00 9.999200126e-01 1.218845095e-02 3.379322514e-03 3.678747460e+02
2.659997050e-03 5.180479869e-02 -9.986536740e-01 -9.532810382e+01 -9.276366445e-03 9.986155328e-01 5.177811130e-02 -3.225054756e+00 9.999534458e-01 9.126150579e-03 3.136772177e-03 3.678780502e+02
1.582510876e-03 5.115368014e-02 -9.986896696e-01 -9.605866796e+01 -7.103248120e-03 9.986661483e-01 5.114122627e-02 -3.200216622e+00 9.999736524e-01 7.013000144e-03 1.943793154e-03 3.678806892e+02
-3.659906713e-04 5.096287305e-02 -9.987005436e-01 -9.676464373e+01 -4.776281693e-03 9.986890385e-01 5.096404150e-02 -3.172815780e+00 9.999885705e-01 4.788722347e-03 -1.220493375e-04 3.678767341e+02
-3.850931570e-03 5.304389910e-02 -9.985849055e-01 -9.744557163e+01 -2.632568126e-03 9.985881756e-01 5.305423269e-02 -3.151009135e+00 9.999892765e-01 2.833145602e-03 -3.705844470e-03 3.678719634e+02
-8.200386525e-03 5.531443292e-02 -9.984353897e-01 -9.811033777e+01 5.552608561e-06 9.984688991e-01 5.531624838e-02 -3.130918072e+00 9.999664631e-01 4.480641307e-04 -8.188103498e-03 3.678717527e+02
-1.349780602e-02 5.631199327e-02 -9.983219874e-01 -9.874993005e+01 1.429463062e-03 9.984129746e-01 5.629779967e-02 -3.106369189e+00 9.999078800e-01 -6.671718578e-04 -1.355686168e-02 3.678623486e+02
-1.955118093e-02 5.599175921e-02 -9.982399028e-01 -9.935298531e+01 3.813652633e-03 9.984275147e-01 5.592759837e-02 -3.083526692e+00 9.998017155e-01 -2.713491520e-03 -1.973397769e-02 3.678509507e+02
-2.575412064e-02 5.400212388e-02 -9.982086464e-01 -9.995366095e+01 4.748733964e-03 9.985351888e-01 5.389727057e-02 -3.061464513e+00 9.996569971e-01 -3.352146314e-03 -2.597291597e-02 3.678249113e+02
-3.282449520e-02 5.180091216e-02 -9.981178743e-01 -1.005410163e+02 5.816502800e-03 9.986489711e-01 5.163719469e-02 -3.041710565e+00 9.994442278e-01 -4.110588359e-03 -3.308142412e-02 3.677957759e+02
-4.088748981e-02 5.210187834e-02 -9.978044834e-01 -1.011439027e+02 5.352641997e-03 9.986366169e-01 5.192599419e-02 -3.020736486e+00 9.991495147e-01 -3.217771043e-03 -4.111061330e-02 3.677650836e+02
-4.818019386e-02 5.301276776e-02 -9.974309790e-01 -1.017360363e+02 6.911130438e-03 9.985843647e-01 5.274023641e-02 -2.994372354e+00 9.988149165e-01 -4.352348099e-03 -4.847837738e-02 3.677350072e+02
-5.560596400e-02 5.323732896e-02 -9.970326476e-01 -1.023282702e+02 6.310549633e-03 9.985763084e-01 5.296781272e-02 -2.969017638e+00 9.984330047e-01 -3.346503203e-03 -5.586281399e-02 3.676955690e+02
-6.228193016e-02 5.101841766e-02 -9.967537532e-01 -1.029123621e+02 5.853084860e-03 9.986941390e-01 5.075200648e-02 -2.952104673e+00 9.980414241e-01 -2.673152559e-03 -6.249927004e-02 3.676434773e+02
-6.933499888e-02 4.694559858e-02 -9.964883065e-01 -1.034915267e+02 4.255932830e-03 9.988969782e-01 4.676294911e-02 -2.926909028e+00 9.975844356e-01 -9.986822743e-04 -6.945831037e-02 3.675983403e+02
-7.577883252e-02 4.357171406e-02 -9.961723624e-01 -1.040671599e+02 5.176656126e-03 9.990485392e-01 4.330373453e-02 -2.900789954e+00 9.971113765e-01 -1.875340861e-03 -7.593232916e-02 3.675492454e+02
-8.197342451e-02 4.096215625e-02 -9.957924259e-01 -1.046452480e+02 5.395098761e-03 9.991586173e-01 4.065650574e-02 -2.880716792e+00 9.966199512e-01 -2.039647964e-03 -8.212537616e-02 3.674884712e+02
-8.763951645e-02 3.845404195e-02 -9.954097352e-01 -1.052223799e+02 5.248317712e-03 9.992586050e-01 3.814064901e-02 -2.864344164e+00 9.961383938e-01 -1.881600490e-03 -8.777633245e-02 3.674345149e+02
-9.312254113e-02 3.727559001e-02 -9.949567272e-01 -1.058060460e+02 3.225681498e-03 9.993049924e-01 3.713658819e-02 -2.845426598e+00 9.956495215e-01 2.488396427e-04 -9.317809908e-02 3.673738547e+02
-9.766029037e-02 3.667740278e-02 -9.945438276e-01 -1.063919228e+02 1.396470077e-03 9.993247393e-01 3.671658854e-02 -2.831823604e+00 9.952188946e-01 2.196898577e-03 -9.764549695e-02 3.673042865e+02
-1.022650129e-01 3.621146356e-02 -9.940978589e-01 -1.069796931e+02 2.103635454e-03 9.993428366e-01 3.618611453e-02 -2.816772891e+00 9.947549392e-01 1.609354318e-03 -1.022740068e-01 3.672365487e+02
-1.065948098e-01 3.591457256e-02 -9.936537033e-01 -1.075863979e+02 3.018024785e-03 9.993545203e-01 3.579686208e-02 -2.799837623e+00 9.942979753e-01 8.168862466e-04 -1.066344102e-01 3.671704907e+02
-1.103325951e-01 3.509763212e-02 -9.932748592e-01 -1.081980122e+02 2.168387421e-03 9.993824163e-01 3.507258182e-02 -2.784074097e+00 9.938923828e-01 1.715842826e-03 -1.103406178e-01 3.670943755e+02
-1.139283351e-01 3.279954830e-02 -9.929474865e-01 -1.088094457e+02 -3.188791474e-03 9.994376633e-01 3.337981315e-02 -2.768526250e+00 9.934839671e-01 6.969206075e-03 -1.137597131e-01 3.670150326e+02
-1.160338101e-01 3.146174875e-02 -9.927470012e-01 -1.094313275e+02 -6.302592582e-03 9.994547378e-01 3.241098670e-02 -2.751372856e+00 9.932253960e-01 1.001764415e-02 -1.157722637e-01 3.669271515e+02
-1.174979032e-01 3.074497853e-02 -9.925971255e-01 -1.100633030e+02 -6.446613136e-03 9.994759405e-01 3.172115970e-02 -2.738470864e+00 9.930522454e-01 1.012605820e-02 -1.172381475e-01 3.668529408e+02
-1.181316866e-01 3.024022446e-02 -9.925374842e-01 -1.107007914e+02 -4.721281536e-03 9.995078065e-01 3.101452083e-02 -2.718266961e+00 9.929868440e-01 8.349841285e-03 -1.179308033e-01 3.667731475e+02
-1.184107797e-01 3.192122794e-02 -9.924515440e-01 -1.113486192e+02 -6.241219289e-03 9.994394665e-01 3.289063725e-02 -2.702756128e+00 9.929452060e-01 1.008871131e-02 -1.181452106e-01 3.666928388e+02
-1.180074002e-01 3.615372747e-02 -9.923544462e-01 -1.120136376e+02 -5.737307268e-03 9.992955061e-01 3.708886772e-02 -2.684518070e+00 9.929962377e-01 1.007019818e-02 -1.177168187e-01 3.666096495e+02
-1.178573436e-01 4.156858164e-02 -9.921600673e-01 -1.126841208e+02 -9.193665845e-03 9.990349776e-01 4.294872193e-02 -2.665882835e+00 9.929879352e-01 1.418341223e-02 -1.173614631e-01 3.665249406e+02
-1.172032121e-01 5.349144628e-02 -9.916663326e-01 -1.133867331e+02 -1.055104463e-02 9.984248996e-01 5.510302035e-02 -2.630538229e+00 9.930519370e-01 1.692136452e-02 -1.164542002e-01 3.664373974e+02
-1.152737393e-01 6.385838342e-02 -9.912791728e-01 -1.140954781e+02 -1.436365247e-02 9.977199750e-01 6.594362454e-02 -2.597026425e+00 9.932300210e-01 2.183994708e-02 -1.140937124e-01 3.663482104e+02
-1.126258828e-01 6.621429915e-02 -9.914288400e-01 -1.148095819e+02 -1.584037883e-02 9.975307308e-01 6.842128940e-02 -2.560186370e+00 9.935112516e-01 2.341061218e-02 -1.112989138e-01 3.662636401e+02
-1.098472471e-01 5.742946944e-02 -9.922880420e-01 -1.155269265e+02 -2.031714201e-02 9.979910888e-01 6.000866176e-02 -2.530630937e+00 9.937408673e-01 2.675223470e-02 -1.084597284e-01 3.661815841e+02
-1.050534112e-01 4.120383650e-02 -9.936127767e-01 -1.162424959e+02 -2.226618593e-02 9.987933489e-01 4.377284461e-02 -2.491651067e+00 9.942174656e-01 2.672244310e-02 -1.040091178e-01 3.660951236e+02
-1.014107513e-01 3.730840407e-02 -9.941447956e-01 -1.170061248e+02 -2.485219767e-02 9.988897028e-01 4.002159153e-02 -2.444421434e+00 9.945341957e-01 2.876530476e-02 -1.003709965e-01 3.660159806e+02
-9.728955033e-02 4.745878320e-02 -9.941239926e-01 -1.177906453e+02 -2.322710495e-02 9.984820981e-01 4.993994859e-02 -2.402182321e+00 9.949850903e-01 2.794925371e-02 -9.603946196e-02 3.659401558e+02
-9.313766847e-02 6.662312881e-02 -9.934218991e-01 -1.185933734e+02 -2.343231536e-02 9.973357095e-01 6.908249260e-02 -2.373960861e+00 9.953776039e-01 2.971233914e-02 -9.132829160e-02 3.658640416e+02
-8.931052093e-02 7.082766079e-02 -9.934823782e-01 -1.194141879e+02 -2.152104956e-02 9.970982691e-01 7.302011638e-02 -2.332028416e+00 9.957713982e-01 2.790224284e-02 -8.752712650e-02 3.657965822e+02
-8.586740288e-02 6.118933956e-02 -9.944258085e-01 -1.202201007e+02 -2.123407259e-02 9.977731251e-01 6.322884232e-02 -2.283551267e+00 9.960802995e-01 2.654500085e-02 -8.437681021e-02 3.657248522e+02
-8.210335052e-02 4.349508599e-02 -9.956743639e-01 -1.210361628e+02 -2.245191625e-02 9.987129638e-01 4.547921425e-02 -2.238149189e+00 9.963710075e-01 2.608878688e-02 -8.102115332e-02 3.656502512e+02
-7.783427793e-02 3.398820346e-02 -9.963868015e-01 -1.218706739e+02 -2.521691916e-02 9.990318170e-01 3.604828651e-02 -2.199358877e+00 9.966473400e-01 2.793159585e-02 -7.690181940e-02 3.655748483e+02
-7.413019683e-02 3.736823417e-02 -9.965482571e-01 -1.227401157e+02 -3.096968637e-02 9.987294653e-01 3.975376316e-02 -2.160633234e+00 9.967675810e-01 3.380973527e-02 -7.287867464e-02 3.655091031e+02
-6.904306243e-02 4.777567830e-02 -9.964690041e-01 -1.236361851e+02 -3.709211244e-02 9.980390118e-01 5.042097697e-02 -2.126639377e+00 9.969238309e-01 4.044235667e-02 -6.713553264e-02 3.654425685e+02
-6.316054823e-02 5.109052212e-02 -9.966947891e-01 -1.245295315e+02 -4.067585513e-02 9.977271994e-01 5.372107135e-02 -2.089378735e+00 9.971741115e-01 4.393446763e-02 -6.093887480e-02 3.653881736e+02
-5.575036003e-02 4.188719021e-02 -9.975658108e-01 -1.254343888e+02 -4.319752055e-02 9.980828668e-01 4.432305645e-02 -2.054579721e+00 9.975099737e-01 4.556339240e-02 -5.383406865e-02 3.653182900e+02
-4.794975324e-02 2.753790113e-02 -9.984702388e-01 -1.263440272e+02 -4.083023893e-02 9.987303354e-01 2.950587153e-02 -2.017309488e+00 9.980150074e-01 4.218256664e-02 -4.676447498e-02 3.652710847e+02
-4.062842553e-02 1.968777720e-02 -9.989805086e-01 -1.272627172e+02 -3.371986197e-02 9.992093233e-01 2.106366683e-02 -1.990661707e+00 9.986053533e-01 3.454126057e-02 -3.993242365e-02 3.652364732e+02
-3.384095797e-02 2.498909151e-02 -9.991147656e-01 -1.282151894e+02 -2.953447284e-02 9.992257663e-01 2.599222774e-02 -1.973739607e+00 9.989907386e-01 3.038792911e-02 -3.307672199e-02 3.652149811e+02
-2.642313608e-02 3.727965567e-02 -9.989556028e-01 -1.291891969e+02 -2.658348935e-02 9.989247654e-01 3.798166030e-02 -1.945596893e+00 9.992974178e-01 2.755931085e-02 -2.540366340e-02 3.651903216e+02
-2.000632127e-02 4.750480233e-02 -9.986707621e-01 -1.301580951e+02 -2.384380420e-02 9.985637975e-01 4.797737718e-02 -1.921809563e+00 9.995156069e-01 2.477195466e-02 -1.884485414e-02 3.651742718e+02
-1.455054246e-02 4.817578692e-02 -9.987329967e-01 -1.311308058e+02 -2.247152221e-02 9.985705777e-01 4.849534465e-02 -1.880989621e+00 9.996417154e-01 2.314867899e-02 -1.344721284e-02 3.651551768e+02
-1.086249051e-02 4.409432347e-02 -9.989683841e-01 -1.321039464e+02 -2.144730051e-02 9.987871809e-01 4.431953611e-02 -1.839128965e+00 9.997110313e-01 2.190659373e-02 -9.903623426e-03 3.651478792e+02
-8.866589008e-03 4.081812289e-02 -9.991272855e-01 -1.330974134e+02 -1.958739954e-02 9.989677606e-01 4.098542904e-02 -1.802309704e+00 9.997688410e-01 1.993370093e-02 -8.057869369e-03 3.651381904e+02
-7.902686213e-03 4.117729886e-02 -9.991206990e-01 -1.340855121e+02 -1.784271783e-02 9.989869259e-01 4.131291603e-02 -1.768045948e+00 9.998097146e-01 1.815350580e-02 -7.160007043e-03 3.651279071e+02
-7.653541635e-03 4.192453851e-02 -9.990915995e-01 -1.350778383e+02 -1.560519394e-02 9.989940578e-01 4.203999119e-02 -1.730934834e+00 9.998490709e-01 1.591276849e-02 -6.991586693e-03 3.651179615e+02
-8.024868359e-03 4.385026117e-02 -9.990058683e-01 -1.360663368e+02 -1.574889400e-02 9.989086061e-01 4.397250008e-02 -1.705914499e+00 9.998437579e-01 1.608611059e-02 -7.325449318e-03 3.651044337e+02
-9.876322405e-03 4.697069552e-02 -9.988474844e-01 -1.370702606e+02 -1.721706079e-02 9.987401257e-01 4.713588363e-02 -1.672950161e+00 9.998030604e-01 1.766274525e-02 -9.055257647e-03 3.650838047e+02
-1.266428604e-02 5.114559163e-02 -9.986109310e-01 -1.380641609e+02 -1.776353153e-02 9.985218588e-01 5.136630626e-02 -1.632585202e+00 9.997620575e-01 1.838936683e-02 -1.173702772e-02 3.650631536e+02
-1.602576280e-02 5.118263664e-02 -9.985607853e-01 -1.390688299e+02 -1.714726868e-02 9.985280262e-01 5.145615502e-02 -1.601116802e+00 9.997245706e-01 1.794720845e-02 -1.512451499e-02 3.650407754e+02
-1.908220617e-02 4.415223326e-02 -9.988425745e-01 -1.400590119e+02 -1.350725088e-02 9.989219197e-01 4.441378629e-02 -1.569823644e+00 9.997266961e-01 1.433913108e-02 -1.846522086e-02 3.650222252e+02
-2.243375344e-02 3.606371539e-02 -9.990977010e-01 -1.410310782e+02 -9.066448750e-03 9.993007507e-01 3.627462306e-02 -1.534130506e+00 9.997072349e-01 9.872043352e-03 -2.209103628e-02 3.649930792e+02
-2.599142037e-02 3.439380465e-02 -9.990703513e-01 -1.420287638e+02 -4.310491630e-03 9.993948396e-01 3.451711546e-02 -1.500892129e+00 9.996529483e-01 5.203631857e-03 -2.582743954e-02 3.649727142e+02
-2.998859895e-02 4.091049488e-02 -9.987127608e-01 -1.430186705e+02 -7.324162940e-04 9.991608933e-01 4.095085020e-02 -1.481063233e+00 9.995500399e-01 1.959529212e-03 -2.993351804e-02 3.649551725e+02
-3.253122076e-02 4.720123613e-02 -9.983554986e-01 -1.440012264e+02 -3.057366607e-04 9.988836887e-01 4.723617102e-02 -1.458371244e+00 9.994706766e-01 1.841883752e-03 -3.248047744e-02 3.649207678e+02
-3.559751438e-02 4.803296657e-02 -9.982114076e-01 -1.449808071e+02 -2.543907238e-03 9.988366648e-01 4.815378422e-02 -1.418452892e+00 9.993631453e-01 4.253506007e-03 -3.543391093e-02 3.648852009e+02
-3.858755122e-02 4.475504567e-02 -9.982525918e-01 -1.459576939e+02 -6.076790283e-03 9.989675099e-01 4.502199911e-02 -1.385748083e+00 9.992368726e-01 7.803453107e-03 -3.827574420e-02 3.648459255e+02
-3.979038104e-02 4.124293080e-02 -9.983566499e-01 -1.469328760e+02 -1.061406332e-02 9.990739830e-01 4.169560291e-02 -1.357191412e+00 9.991517852e-01 1.225569711e-02 -3.931576318e-02 3.647760239e+02
-4.244334812e-02 3.868851638e-02 -9.983495403e-01 -1.479049141e+02 -1.164115588e-02 9.991629717e-01 3.921495005e-02 -1.327604838e+00 9.990310603e-01 1.328635890e-02 -4.195752953e-02 3.647350160e+02
-4.422013973e-02 3.832951484e-02 -9.982863399e-01 -1.488751976e+02 -1.032375550e-02 9.991928141e-01 3.882162216e-02 -1.305436909e+00 9.989685544e-01 1.202275645e-02 -4.378873716e-02 3.646836943e+02
-4.640242586e-02 4.018337215e-02 -9.981144109e-01 -1.498488781e+02 -8.906051793e-03 9.991342407e-01 4.063847453e-02 -1.269219777e+00 9.988832666e-01 1.077497134e-02 -4.600436319e-02 3.646403560e+02
-4.861894832e-02 4.530552154e-02 -9.977893459e-01 -1.508345694e+02 -4.763732759e-03 9.989488657e-01 4.559028903e-02 -1.238108942e+00 9.988060469e-01 6.969755159e-03 -4.835213157e-02 3.645968396e+02
-5.211939112e-02 5.289903915e-02 -9.972388789e-01 -1.518002438e+02 -3.228161780e-03 9.985819041e-01 5.313899790e-02 -1.207421252e+00 9.986356931e-01 5.988819256e-03 -5.187480973e-02 3.645526441e+02
-5.513360125e-02 5.652164134e-02 -9.968779059e-01 -1.527672692e+02 -2.195521381e-03 9.983871995e-01 5.672864455e-02 -1.168297259e+00 9.984765660e-01 5.316321954e-03 -5.492052239e-02 3.644918213e+02
-5.903302284e-02 5.452040168e-02 -9.967661676e-01 -1.537245882e+02 -3.484449282e-03 9.984900939e-01 5.482106446e-02 -1.128754603e+00 9.982500637e-01 6.709425268e-03 -5.875386259e-02 3.644318979e+02
-6.242178609e-02 4.671533269e-02 -9.969560080e-01 -1.546688556e+02 -6.543263979e-03 9.988633501e-01 4.721439762e-02 -1.088538043e+00 9.980284249e-01 9.470555782e-03 -6.204523787e-02 3.643594571e+02
-6.498523670e-02 4.082570497e-02 -9.970509995e-01 -1.556180655e+02 -8.497589577e-03 9.991038785e-01 4.146362152e-02 -1.052897912e+00 9.978502931e-01 1.116704489e-02 -6.458016679e-02 3.642909071e+02
-6.679604714e-02 4.200864888e-02 -9.968818925e-01 -1.565774383e+02 -5.652002875e-03 9.990813391e-01 4.248004300e-02 -1.024258420e+00 9.977506173e-01 8.471881725e-03 -6.649729511e-02 3.642252438e+02
-6.811911846e-02 4.727417299e-02 -9.965565515e-01 -1.575255556e+02 -4.212902197e-03 9.988542258e-01 4.767113988e-02 -9.927030411e-01 9.976683371e-01 7.445709185e-03 -6.784183812e-02 3.641552507e+02
-6.997519861e-02 5.213411020e-02 -9.961855532e-01 -1.584820446e+02 -3.001325209e-03 9.986178732e-01 5.247222734e-02 -9.601305739e-01 9.975443261e-01 6.661629327e-03 -6.972210220e-02 3.640862934e+02
-7.145326575e-02 5.411851770e-02 -9.959747043e-01 -1.594315327e+02 -5.682803650e-04 9.985246189e-01 5.429784384e-02 -9.200640652e-01 9.974438207e-01 4.445751594e-03 -7.131713626e-02 3.640256979e+02
-7.218498833e-02 5.598688315e-02 -9.958188317e-01 -1.603686527e+02 1.679841143e-04 9.984239483e-01 5.612118002e-02 -8.800728147e-01 9.973914531e-01 3.883810554e-03 -7.208051467e-02 3.639539285e+02
-7.210354609e-02 5.731904258e-02 -9.957488999e-01 -1.613079568e+02 -1.003324991e-03 9.983426659e-01 5.754100475e-02 -8.417931105e-01 9.973967664e-01 5.147967830e-03 -7.192656539e-02 3.638804654e+02
-7.156058388e-02 5.651284624e-02 -9.958340709e-01 -1.622325313e+02 -3.601193695e-03 9.983725174e-01 5.691568484e-02 -8.018946596e-01 9.974298381e-01 7.659108915e-03 -7.124062792e-02 3.638040464e+02
-7.146893191e-02 5.439040924e-02 -9.959588003e-01 -1.631662785e+02 -6.965919951e-03 9.984605578e-01 5.502690015e-02 -7.591019021e-01 9.974185090e-01 1.087047885e-02 -7.098000518e-02 3.637328176e+02
-7.032805147e-02 5.195192756e-02 -9.961702930e-01 -1.640895608e+02 -1.052326496e-02 9.985486861e-01 5.281889787e-02 -7.211555560e-01 9.974685310e-01 1.419760843e-02 -6.967925878e-02 3.636601169e+02
-6.868102971e-02 4.896336122e-02 -9.964363726e-01 -1.650118174e+02 -9.847994374e-03 9.987129615e-01 4.975401989e-02 -6.875143944e-01 9.975900258e-01 1.323006041e-02 -6.811048223e-02 3.635871396e+02
-6.755966686e-02 4.636232006e-02 -9.966374939e-01 -1.659297454e+02 -8.490510476e-03 9.988568779e-01 4.704111465e-02 -6.597686614e-01 9.976791606e-01 1.164004109e-02 -6.708883748e-02 3.635230193e+02
-6.580282982e-02 4.605664817e-02 -9.967692121e-01 -1.668570342e+02 -7.583328171e-03 9.988822622e-01 4.665490954e-02 -6.219988059e-01 9.978038701e-01 1.062884971e-02 -6.538002364e-02 3.634596643e+02
-6.496761637e-02 5.049102173e-02 -9.966093392e-01 -1.677662370e+02 -6.488733346e-03 9.986766281e-01 5.101875344e-02 -5.875230488e-01 9.978664351e-01 9.781292305e-03 -6.455411106e-02 3.634013577e+02
-6.435708460e-02 5.685237564e-02 -9.963062401e-01 -1.686716042e+02 -4.194706684e-03 9.983516461e-01 5.724005680e-02 -5.522811038e-01 9.979182163e-01 7.863016259e-03 -6.401258954e-02 3.633485155e+02
-6.295528744e-02 6.006135752e-02 -9.962074437e-01 -1.695611851e+02 -3.197265088e-03 9.981702445e-01 6.038174389e-02 -5.147881448e-01 9.980112469e-01 6.986492551e-03 -6.264811000e-02 3.632833643e+02
-6.151380337e-02 5.965890185e-02 -9.963217832e-01 -1.704440957e+02 -4.327780181e-03 9.981867355e-01 6.003778121e-02 -4.772478896e-01 9.980970098e-01 8.005010884e-03 -6.114416321e-02 3.632187968e+02
-6.005901634e-02 5.739024118e-02 -9.965436745e-01 -1.713243083e+02 -3.256655256e-03 9.983292546e-01 5.768934667e-02 -4.359570536e-01 9.981895043e-01 6.710166192e-03 -5.977179765e-02 3.631648243e+02
-5.903198604e-02 5.523184180e-02 -9.967271082e-01 -1.721847346e+02 -3.992454686e-03 9.984471917e-01 5.556361804e-02 -4.031610437e-01 9.982482145e-01 7.259409361e-03 -5.871976815e-02 3.631075207e+02
-5.849248875e-02 5.568162931e-02 -9.967338801e-01 -1.730382435e+02 -5.401544999e-03 9.984110012e-01 5.609230639e-02 -3.649432513e-01 9.982733463e-01 8.664874249e-03 -5.809869482e-02 3.630556722e+02
-5.792300724e-02 5.927327486e-02 -9.965599840e-01 -1.738655383e+02 -6.924962736e-03 9.981879926e-01 5.977260804e-02 -3.274846751e-01 9.982971330e-01 1.036333955e-02 -5.740761701e-02 3.629950982e+02
-5.745528196e-02 6.210609967e-02 -9.964143422e-01 -1.746895878e+02 -5.220124797e-03 9.980308054e-01 6.250785368e-02 -2.992713438e-01 9.983343577e-01 8.792814320e-03 -5.701792943e-02 3.629460921e+02
-5.660379972e-02 5.791088300e-02 -9.967157919e-01 -1.754816479e+02 -4.344921431e-04 9.983148383e-01 5.802846764e-02 -2.667633686e-01 9.983966057e-01 3.717700117e-03 -5.648325776e-02 3.628975153e+02
-5.590712002e-02 5.080743535e-02 -9.971425441e-01 -1.762657615e+02 2.425667324e-03 9.987084019e-01 5.075122763e-02 -2.347685408e-01 9.984331605e-01 4.186133946e-04 -5.595816094e-02 3.628552977e+02
-5.634685122e-02 4.727337306e-02 -9.972915525e-01 -1.770298195e+02 3.698050294e-03 9.988814707e-01 4.713980413e-02 -2.017701287e-01 9.984045106e-01 -1.031862284e-03 -5.645865244e-02 3.628149419e+02
-5.662873618e-02 5.268778869e-02 -9.970040825e-01 -1.777842417e+02 7.646285425e-03 9.986001712e-01 5.233783396e-02 -1.756225086e-01 9.983660006e-01 -4.659551078e-03 -5.695236436e-02 3.627793213e+02
-5.775826791e-02 6.029835133e-02 -9.965079697e-01 -1.785060289e+02 1.342414167e-02 9.981309521e-01 5.961848711e-02 -1.495004464e-01 9.982404076e-01 -9.933811116e-03 -5.845968344e-02 3.627406408e+02
-5.957464522e-02 6.321193780e-02 -9.962205113e-01 -1.791989273e+02 1.274596384e-02 9.979597875e-01 6.256008923e-02 -1.229109091e-01 9.981425777e-01 -8.970805410e-03 -6.025876412e-02 3.626918413e+02
-6.098466212e-02 5.941813295e-02 -9.963685861e-01 -1.798824999e+02 1.230753026e-02 9.981954616e-01 5.877377070e-02 -9.981232891e-02 9.980628649e-01 -8.678540496e-03 -6.160595200e-02 3.626437360e+02
-6.430219749e-02 5.116301354e-02 -9.966182039e-01 -1.805247165e+02 9.804937043e-03 9.986690411e-01 5.063568498e-02 -7.866007627e-02 9.978824723e-01 -6.515801588e-03 -6.471826815e-02 3.625939976e+02
-6.667169105e-02 4.479227275e-02 -9.967690360e-01 -1.811883198e+02 8.956643497e-03 9.989784821e-01 4.429246820e-02 -5.720357419e-02 9.977348090e-01 -5.974653336e-03 -6.700468885e-02 3.625462029e+02
-6.951559577e-02 4.377995320e-02 -9.966197309e-01 -1.818337916e+02 3.848737856e-03 9.990408834e-01 4.361785645e-02 -3.710822153e-02 9.975734049e-01 -8.036076157e-04 -6.961738505e-02 3.624952223e+02
-7.399079485e-02 4.645578751e-02 -9.961763105e-01 -1.824562327e+02 1.990533711e-03 9.989193070e-01 4.643585960e-02 -1.474462005e-02 9.972569818e-01 1.452902617e-03 -7.400324656e-02 3.624441438e+02
-7.935589646e-02 5.083859515e-02 -9.955492431e-01 -1.830713145e+02 6.024649124e-04 9.987009241e-01 5.095152056e-02 2.321671663e-03 9.968462485e-01 3.443516882e-03 -7.928350343e-02 3.623947063e+02
-8.556990670e-02 5.288429619e-02 -9.949276775e-01 -1.836889825e+02 1.008062076e-03 9.985943748e-01 5.299249962e-02 2.279803735e-02 9.963316625e-01 3.531617603e-03 -8.550300905e-02 3.623450160e+02
-9.435866282e-02 5.390506870e-02 -9.940778274e-01 -1.842796857e+02 1.833908954e-03 9.985407116e-01 5.397299927e-02 4.268615547e-02 9.955365986e-01 3.269770778e-03 -9.431981065e-02 3.622863328e+02
-1.065405353e-01 5.358826256e-02 -9.928633890e-01 -1.848535865e+02 4.660743110e-03 9.985625492e-01 5.339574251e-02 6.216871486e-02 9.942976080e-01 1.061318618e-03 -1.066370886e-01 3.622162078e+02
-1.232461943e-01 5.249452196e-02 -9.909868893e-01 -1.854307609e+02 7.609738264e-03 9.986205709e-01 5.195249752e-02 8.390903455e-02 9.923471188e-01 -1.138211374e-03 -1.234756517e-01 3.621507391e+02
-1.442193911e-01 5.098864571e-02 -9.882314059e-01 -1.859868720e+02 9.463625921e-03 9.986969633e-01 5.014754260e-02 1.054513648e-01 9.895007110e-01 -2.120018160e-03 -1.445139400e-01 3.620625846e+02
-1.702609860e-01 5.005793579e-02 -9.841266882e-01 -1.865454678e+02 1.143184273e-02 9.987419652e-01 4.882355571e-02 1.276449439e-01 9.853326302e-01 -2.937633486e-03 -1.706189674e-01 3.619645566e+02
-2.011598019e-01 4.926290147e-02 -9.783189934e-01 -1.870892247e+02 1.253482052e-02 9.987823033e-01 4.771594409e-02 1.488441525e-01 9.794783547e-01 -2.664523559e-03 -2.015324343e-01 3.618554509e+02
-2.359875327e-01 5.005896146e-02 -9.704658236e-01 -1.876359032e+02 1.331749194e-02 9.987450973e-01 4.827926542e-02 1.640596775e-01 9.716647748e-01 -1.530861058e-03 -2.363580956e-01 3.617086064e+02
-2.755221378e-01 5.091942866e-02 -9.599453330e-01 -1.881886790e+02 1.551389350e-02 9.987015778e-01 4.852244854e-02 1.726468570e-01 9.611696518e-01 -1.523485117e-03 -2.759543549e-01 3.615508684e+02
-3.195943936e-01 5.094474868e-02 -9.461840258e-01 -1.886035052e+02 1.936692273e-02 9.986962415e-01 4.723053040e-02 2.046239482e-01 9.473565859e-01 -3.230060874e-03 -3.201643517e-01 3.613626835e+02
-3.671533899e-01 5.157325378e-02 -9.287296864e-01 -1.890695799e+02 2.329227483e-02 9.986583501e-01 4.624836633e-02 2.220775087e-01 9.298688708e-01 -4.651984155e-03 -3.678621320e-01 3.611486832e+02
-4.169608520e-01 5.335850349e-02 -9.073570269e-01 -1.894760638e+02 2.621478735e-02 9.985660366e-01 4.667562352e-02 2.282260532e-01 9.085464779e-01 -4.324262173e-03 -4.177618253e-01 3.609394069e+02
-4.670251439e-01 5.431324628e-02 -8.825746029e-01 -1.898923343e+02 2.901276310e-02 9.985156402e-01 4.609575872e-02 2.475214937e-01 8.837681801e-01 -4.078056064e-03 -4.679077695e-01 3.606801456e+02
-5.174918195e-01 5.520888821e-02 -8.539053718e-01 -1.902883575e+02 3.092588134e-02 9.984711923e-01 4.581373933e-02 2.654666188e-01 8.551292476e-01 -2.699544216e-03 -5.184080061e-01 3.604017811e+02
-5.684602172e-01 5.543144217e-02 -8.208415722e-01 -1.906744914e+02 3.116891845e-02 9.984623948e-01 4.584067598e-02 2.872407445e-01 8.221203929e-01 4.738535447e-04 -5.693139002e-01 3.600929656e+02
-6.195923997e-01 5.612779248e-02 -7.829147266e-01 -1.910310051e+02 3.097521282e-02 9.984115075e-01 4.706341822e-02 2.981029242e-01 7.843126667e-01 4.909178578e-03 -6.203467422e-01 3.597571183e+02
-6.706421216e-01 5.642898139e-02 -7.396317681e-01 -1.913770167e+02 3.125869456e-02 9.983664639e-01 4.782570500e-02 3.127743429e-01 7.411223053e-01 8.954007235e-03 -6.713106162e-01 3.593953060e+02
-7.180671103e-01 5.560909734e-02 -6.937487699e-01 -1.917082857e+02 3.303658048e-02 9.984025799e-01 4.583473009e-02 3.370087034e-01 6.951893853e-01 9.993321843e-03 -7.187572448e-01 3.589766841e+02
-7.642424685e-01 5.509246831e-02 -6.425719699e-01 -1.920085080e+02 3.507559079e-02 9.984206613e-01 4.388491314e-02 3.649203980e-01 6.439748919e-01 1.100011650e-02 -7.649678355e-01 3.585528548e+02
-8.073550640e-01 5.549290401e-02 -5.874508239e-01 -1.922939083e+02 3.621395432e-02 9.983510898e-01 4.453800544e-02 3.815022106e-01 5.889537037e-01 1.468406673e-02 -8.080335417e-01 3.580954055e+02
-8.465074844e-01 5.146117807e-02 -5.298841561e-01 -1.925374122e+02 3.346451313e-02 9.984923124e-01 4.351071539e-02 4.094641039e-01 5.313243375e-01 1.909982616e-02 -8.469533535e-01 3.576132562e+02
-8.801638503e-01 5.036163074e-02 -4.719909857e-01 -1.927303377e+02 3.351529266e-02 9.984675114e-01 4.403793128e-02 4.160561626e-01 4.734855043e-01 2.294167472e-02 -8.805027957e-01 3.571126614e+02
-9.110029555e-01 4.989367198e-02 -4.093706218e-01 -1.929170624e+02 3.517282543e-02 9.984377490e-01 4.341586904e-02 4.398894402e-01 4.108972547e-01 2.515325960e-02 -9.113345852e-01 3.566002172e+02
-9.363739273e-01 5.477543254e-02 -3.467040639e-01 -1.930832356e+02 4.191788873e-02 9.981303337e-01 4.448233153e-02 4.546773415e-01 3.484924001e-01 2.711898923e-02 -9.369193691e-01 3.560540072e+02
-9.568622658e-01 5.722763621e-02 -2.848510426e-01 -1.932280090e+02 4.664185414e-02 9.979503312e-01 4.381419961e-02 4.819020494e-01 2.867745768e-01 2.863816398e-02 -9.575702852e-01 3.554885705e+02
-9.721685343e-01 5.723548251e-02 -2.271846195e-01 -1.933297843e+02 4.859532161e-02 9.978730758e-01 4.344885497e-02 4.921052293e-01 2.291882379e-01 3.119949300e-02 -9.728822626e-01 3.549138087e+02
-9.830568685e-01 5.464730719e-02 -1.749652220e-01 -1.934011294e+02 4.863128254e-02 9.980748263e-01 3.849214651e-02 5.285388125e-01 1.767318756e-01 2.933118650e-02 -9.838218909e-01 3.543361779e+02
-9.903623879e-01 4.960733226e-02 -1.293133398e-01 -1.934451103e+02 4.526549305e-02 9.983151245e-01 3.630347046e-02 5.477534602e-01 1.308963766e-01 3.010015256e-02 -9.909392368e-01 3.537360989e+02
-9.946600248e-01 4.458242017e-02 -9.308205484e-02 -1.934538737e+02 4.159474247e-02 9.985628590e-01 3.379522299e-02 5.610765232e-01 9.445495683e-02 2.974302724e-02 -9.950848456e-01 3.531316997e+02
-9.971610480e-01 4.070101514e-02 -6.335209750e-02 -1.934765246e+02 3.852735306e-02 9.986387106e-01 3.516278149e-02 5.860574716e-01 6.469701761e-02 3.262216676e-02 -9.973716757e-01 3.525091625e+02
-9.983086442e-01 4.049001334e-02 -4.171821855e-02 -1.934786331e+02 3.897906455e-02 9.985762445e-01 3.641636213e-02 6.065290482e-01 4.313332012e-02 3.472863404e-02 -9.984656179e-01 3.518730802e+02
-9.988669072e-01 4.064756828e-02 -2.475580578e-02 -1.934738274e+02 3.977681716e-02 9.986057395e-01 3.470499022e-02 6.245163860e-01 2.613196111e-02 3.368095842e-02 -9.990910207e-01 3.512329575e+02
-9.990266608e-01 4.319739503e-02 -8.924431334e-03 -1.934761761e+02 4.292299286e-02 9.986591903e-01 2.893871533e-02 6.370794381e-01 1.016254234e-02 2.852748579e-02 -9.995413830e-01 3.505792202e+02
-9.988362496e-01 4.790869025e-02 5.557308197e-03 -1.934665595e+02 4.801503129e-02 9.986277100e-01 2.091172840e-02 6.511205275e-01 -4.547829121e-03 2.115422629e-02 -9.997657890e-01 3.499271593e+02
-9.984894311e-01 5.133118718e-02 1.959443749e-02 -1.934436350e+02 5.157144474e-02 9.985977107e-01 1.195946736e-02 6.703095251e-01 -1.895306649e-02 1.295191623e-02 -9.997364278e-01 3.492532436e+02
-9.981568718e-01 4.959654122e-02 3.496856884e-02 -1.934119856e+02 4.992787065e-02 9.987152461e-01 8.665908894e-03 6.808498309e-01 -3.449384071e-02 1.039584391e-02 -9.993507175e-01 3.485637964e+02
-9.977060240e-01 4.726471238e-02 4.846212893e-02 -1.933562030e+02 4.770512198e-02 9.988296854e-01 7.971014257e-03 6.869002919e-01 -4.802866317e-02 1.026462140e-02 -9.987932189e-01 3.478639033e+02
-9.971368839e-01 4.605819910e-02 5.997418894e-02 -1.933044120e+02 4.667295438e-02 9.988706764e-01 8.889354514e-03 6.937532391e-01 -5.949702897e-02 1.166307444e-02 -9.981604155e-01 3.471428486e+02
-9.965229951e-01 4.708695538e-02 6.873575034e-02 -1.932469356e+02 4.772552478e-02 9.988310156e-01 7.676903627e-03 6.977106639e-01 -6.829392203e-02 1.093066177e-02 -9.976053467e-01 3.464247203e+02
-9.962144135e-01 4.506536894e-02 7.433968298e-02 -1.931802538e+02 4.575871149e-02 9.989232639e-01 7.649104521e-03 6.995695003e-01 -7.391492630e-02 1.102183513e-02 -9.972038733e-01 3.456893910e+02
-9.960890897e-01 4.076002826e-02 7.839250469e-02 -1.931020922e+02 4.147291060e-02 9.991116078e-01 7.486624704e-03 7.053343616e-01 -7.801770828e-02 1.070850918e-02 -9.968946670e-01 3.449383853e+02
-9.958593973e-01 3.911225055e-02 8.206627025e-02 -1.930253545e+02 3.979529714e-02 9.991853982e-01 6.703344712e-03 7.068317801e-01 -8.173723022e-02 9.941439393e-03 -9.966046032e-01 3.441725171e+02
-9.955008504e-01 3.880877558e-02 8.644022761e-02 -1.929552289e+02 3.965078748e-02 9.991811892e-01 8.044768649e-03 7.059243972e-01 -8.605723897e-02 1.143599695e-02 -9.962245497e-01 3.433836958e+02
-9.949503481e-01 4.003314092e-02 9.203944816e-02 -1.928798436e+02 4.102975517e-02 9.991177411e-01 8.960762902e-03 7.146662647e-01 -9.159951609e-02 1.269187005e-02 -9.957151642e-01 3.425946815e+02
-9.945610666e-01 3.813501321e-02 9.692435891e-02 -1.927872909e+02 3.952528276e-02 9.991408256e-01 1.246386947e-02 7.200602083e-01 -9.636577081e-02 1.622703926e-02 -9.952137691e-01 3.417906268e+02
-9.941874213e-01 3.495046680e-02 1.018349642e-01 -1.926831992e+02 3.649223892e-02 9.992452324e-01 1.331597840e-02 7.263528172e-01 -1.012926988e-01 1.695476024e-02 -9.947124158e-01 3.409784025e+02
-9.937645631e-01 3.209312023e-02 1.067812717e-01 -1.925888132e+02 3.387203236e-02 9.993153023e-01 1.488721319e-02 7.316574777e-01 -1.062303861e-01 1.841128243e-02 -9.941711374e-01 3.401451949e+02
-9.933920065e-01 3.043312654e-02 1.106648832e-01 -1.924842196e+02 3.210338334e-02 9.993955088e-01 1.334216364e-02 7.398134255e-01 -1.101919430e-01 1.680671268e-02 -9.937684687e-01 3.393045915e+02
-9.931909692e-01 2.923984088e-02 1.127711846e-01 -1.923709777e+02 3.048863417e-02 9.994912427e-01 9.364643063e-03 7.487903380e-01 -1.124399917e-01 1.273911596e-02 -9.935772538e-01 3.384506458e+02
-9.932049923e-01 2.638759350e-02 1.133481040e-01 -1.922680274e+02 2.722532340e-02 9.996122108e-01 5.848908642e-03 7.533308718e-01 -1.131498087e-01 8.895102690e-03 -9.935382420e-01 3.375931982e+02
-9.932305543e-01 2.565550143e-02 1.132921754e-01 -1.921598859e+02 2.616078023e-02 9.996532992e-01 2.975280852e-03 7.616008661e-01 -1.131765641e-01 5.918951310e-03 -9.935573575e-01 3.367180354e+02
-9.934004895e-01 2.596622644e-02 1.117208755e-01 -1.920521900e+02 2.665268141e-02 9.996339393e-01 4.655020978e-03 7.606568655e-01 -1.115591059e-01 7.601960144e-03 -9.937289043e-01 3.358331516e+02
-9.936279331e-01 2.413444007e-02 1.100951287e-01 -1.919478477e+02 2.514207617e-02 9.996536756e-01 7.773182269e-03 7.598291828e-01 -1.098693965e-01 1.049167134e-02 -9.938905628e-01 3.349328714e+02
-9.939466081e-01 2.076014673e-02 1.078850217e-01 -1.918371128e+02 2.189711160e-02 9.997163743e-01 9.364595221e-03 7.602439415e-01 -1.076600116e-01 1.167027733e-02 -9.941193938e-01 3.340186811e+02
-9.942470421e-01 1.946665291e-02 1.053291490e-01 -1.917310505e+02 2.055098292e-02 9.997462834e-01 9.219081622e-03 7.651388293e-01 -1.051229613e-01 1.133066104e-02 -9.943948762e-01 3.331029012e+02
-9.945436244e-01 1.761921402e-02 1.028220045e-01 -1.916283477e+02 1.876466695e-02 9.997720535e-01 1.018346054e-02 7.748873068e-01 -1.026191483e-01 1.205731707e-02 -9.946475569e-01 3.321845225e+02
-9.948743374e-01 1.560461297e-02 9.990891559e-02 -1.915243373e+02 1.686844392e-02 9.997878805e-01 1.181754071e-02 7.749763033e-01 -9.970331248e-02 1.344227512e-02 -9.949264830e-01 3.312556185e+02
-9.950735149e-01 1.558083592e-02 9.790721578e-02 -1.914268524e+02 1.714244137e-02 9.997386031e-01 1.512889605e-02 7.802381983e-01 -9.764590186e-02 1.673273482e-02 -9.950805949e-01 3.303221762e+02
-9.953600863e-01 1.416368963e-02 9.517459959e-02 -1.913207464e+02 1.614926890e-02 9.996670299e-01 2.012470612e-02 7.933333393e-01 -9.485787366e-02 2.156832505e-02 -9.952574650e-01 3.293996121e+02
-9.955512710e-01 1.402214119e-02 9.317288401e-02 -1.912357087e+02 1.665687426e-02 9.994813580e-01 2.756061100e-02 7.990927698e-01 -9.273810228e-02 2.898996827e-02 -9.952684473e-01 3.284667407e+02
-9.957452860e-01 1.348800724e-02 9.115782662e-02 -1.911440719e+02 1.638960066e-02 9.993801097e-01 3.115717261e-02 8.161952342e-01 -9.068107591e-02 3.251864405e-02 -9.953491552e-01 3.275220294e+02
-9.959791485e-01 1.065471870e-02 8.895248507e-02 -1.910470624e+02 1.335998875e-02 9.994643953e-01 2.987274589e-02 8.310344623e-01 -8.858656349e-02 3.094103043e-02 -9.955880387e-01 3.265890712e+02
-9.962085159e-01 9.507723867e-03 8.647636744e-02 -1.909600858e+02 1.177890926e-02 9.995979694e-01 2.579142465e-02 8.482810216e-01 -8.619637891e-02 2.671223544e-02 -9.959199330e-01 3.256779492e+02
-9.963930078e-01 1.067486144e-02 8.418478611e-02 -1.908711648e+02 1.275398766e-02 9.996258450e-01 2.419815772e-02 8.667582393e-01 -8.389497603e-02 2.518456722e-02 -9.961563024e-01 3.247431411e+02
-9.965551309e-01 8.842409954e-03 8.246063225e-02 -1.907823747e+02 1.099464380e-02 9.996097047e-01 2.568268070e-02 8.797035750e-01 -8.220134363e-02 2.650083133e-02 -9.962633932e-01 3.238131693e+02
-9.966662747e-01 1.135794223e-02 8.079196558e-02 -1.907087557e+02 1.343506711e-02 9.995918297e-01 2.521256166e-02 8.953304795e-01 -8.047263106e-02 2.621395505e-02 -9.964119481e-01 3.228831719e+02
-9.967449655e-01 1.315539381e-02 7.953872545e-02 -1.906355699e+02 1.507193400e-02 9.996092080e-01 2.354353113e-02 9.087186863e-01 -7.919791553e-02 2.466569744e-02 -9.965536311e-01 3.219481953e+02
-9.968957213e-01 1.277175125e-02 7.769347269e-02 -1.905534468e+02 1.453133745e-02 9.996496320e-01 2.212475836e-02 9.259084121e-01 -7.738368003e-02 2.318506286e-02 -9.967319967e-01 3.210088592e+02
-9.971176140e-01 8.345954831e-03 7.540985441e-02 -1.904659802e+02 1.005723636e-02 9.996998224e-01 2.234187646e-02 9.322951691e-01 -7.520075501e-02 2.303589641e-02 -9.969022413e-01 3.200929409e+02
-9.972763821e-01 4.131438496e-03 7.364012510e-02 -1.903790110e+02 5.644042104e-03 9.997770796e-01 2.034424051e-02 9.456073966e-01 -7.353965780e-02 2.070445812e-02 -9.970774816e-01 3.191692310e+02
-9.974507264e-01 1.580560973e-04 7.136013999e-02 -1.903009049e+02 1.613792010e-03 9.997917823e-01 2.034266533e-02 9.546353342e-01 -7.134206506e-02 2.040596413e-02 -9.972433362e-01 3.182321137e+02
-9.976058652e-01 -3.094396228e-03 6.908829075e-02 -1.902233268e+02 -1.598494643e-03 9.997633320e-01 2.169681542e-02 9.720121867e-01 -6.913907856e-02 2.153443077e-02 -9.973747737e-01 3.172904748e+02
-9.977727194e-01 -7.427045458e-03 6.629622194e-02 -1.901360134e+02 -5.838478232e-03 9.996919367e-01 2.412333717e-02 9.843793739e-01 -6.645496302e-02 2.368253242e-02 -9.975087083e-01 3.163351132e+02
-9.979059474e-01 -7.755857011e-03 6.421624895e-02 -1.900681832e+02 -6.082087672e-03 9.996377431e-01 2.621915221e-02 9.983819025e-01 -6.439633736e-02 2.577367900e-02 -9.975915103e-01 3.153704882e+02
-9.980707167e-01 -8.043726212e-04 6.208416367e-02 -1.900102965e+02 8.066231725e-04 9.996637097e-01 2.591916449e-02 1.016255814e+00 -6.208413702e-02 2.591923309e-02 -9.977344330e-01 3.144087174e+02
-9.981668336e-01 6.744253681e-03 6.014847873e-02 -1.899591388e+02 8.128884764e-03 9.997068726e-01 2.280531053e-02 1.025421704e+00 -5.997704501e-02 2.325244120e-02 -9.979289815e-01 3.134610115e+02
-9.982862738e-01 6.254331710e-03 5.818873421e-02 -1.898895576e+02 7.422219260e-03 9.997749042e-01 1.987627059e-02 1.050704855e+00 -5.805132077e-02 2.027409150e-02 -9.981078942e-01 3.124615003e+02
-9.983001099e-01 4.652926066e-03 5.809905381e-02 -1.898397245e+02 6.077457504e-03 9.996845972e-01 2.436643137e-02 1.071953519e+00 -5.796735512e-02 2.467810365e-02 -9.980135505e-01 3.114940889e+02
-9.983219488e-01 6.478250993e-03 5.754284944e-02 -1.897764939e+02 8.370042918e-03 9.994302929e-01 3.269628768e-02 1.091531625e+00 -5.729825172e-02 3.312306012e-02 -9.978073673e-01 3.105280283e+02
-9.983095880e-01 7.397564167e-03 5.765335653e-02 -1.897088084e+02 9.369796925e-03 9.993774720e-01 3.401358863e-02 1.114226448e+00 -5.736584585e-02 3.449628310e-02 -9.977574525e-01 3.095691028e+02
-9.983114239e-01 8.817755147e-04 5.808610413e-02 -1.896325285e+02 2.610667650e-03 9.995556016e-01 2.969515167e-02 1.127122565e+00 -5.803410557e-02 2.979664715e-02 -9.978700424e-01 3.086135028e+02
-9.982474103e-01 -2.941233352e-03 5.910739267e-02 -1.895648219e+02 -1.634452337e-03 9.997534374e-01 2.214479428e-02 1.144232523e+00 -5.915795353e-02 2.200937226e-02 -9.980060334e-01 3.076522076e+02
-9.981259212e-01 8.464182654e-04 6.119098782e-02 -1.895052364e+02 1.945927609e-03 9.998377187e-01 1.791113509e-02 1.155111109e+00 -6.116589255e-02 1.799663865e-02 -9.979654927e-01 3.067081605e+02
-9.980665465e-01 1.205198934e-03 6.214647767e-02 -1.894358980e+02 2.232508026e-03 9.998619866e-01 1.646366454e-02 1.163085272e+00 -6.211805129e-02 1.657057169e-02 -9.979314842e-01 3.057630932e+02
-9.980390534e-01 8.530070021e-04 6.258680590e-02 -1.893680899e+02 1.991328548e-03 9.998336902e-01 1.812776643e-02 1.169653458e+00 -6.256093657e-02 1.821685039e-02 -9.978748684e-01 3.048049632e+02
-9.980174524e-01 2.029096959e-03 6.290652095e-02 -1.893024963e+02 3.259087724e-03 9.998053878e-01 1.945622996e-02 1.179124649e+00 -6.285480488e-02 1.962267422e-02 -9.978298993e-01 3.038597583e+02
-9.980905402e-01 1.002379124e-03 6.175863533e-02 -1.892348183e+02 2.232451231e-03 9.998004602e-01 1.985162099e-02 1.185586372e+00 -6.172641546e-02 1.995158880e-02 -9.978935631e-01 3.029253382e+02
-9.982442743e-01 4.756872793e-04 5.923068463e-02 -1.891694338e+02 1.588470628e-03 9.998231109e-01 1.874162391e-02 1.193495281e+00 -5.921129183e-02 1.880280345e-02 -9.980683592e-01 3.019904410e+02
-9.983948589e-01 2.957901593e-04 5.663515533e-02 -1.891098036e+02 1.331815129e-03 9.998324269e-01 1.825610740e-02 1.199481625e+00 -5.662026481e-02 1.830223289e-02 -9.982279506e-01 3.010521353e+02
-9.985200060e-01 1.558153179e-03 5.436547650e-02 -1.890550110e+02 2.720484840e-03 9.997691765e-01 2.131251652e-02 1.208250048e+00 -5.431972015e-02 2.142887398e-02 -9.982936869e-01 3.001272196e+02
-9.986763309e-01 1.007889985e-03 5.142525219e-02 -1.889992198e+02 2.054364460e-03 9.997918363e-01 2.030061968e-02 1.214133762e+00 -5.139408405e-02 2.037939595e-02 -9.984704901e-01 2.991987791e+02
-9.988378692e-01 6.644066969e-04 4.819164739e-02 -1.889395666e+02 1.478278035e-03 9.998568764e-01 1.685454970e-02 1.216123743e+00 -4.817354961e-02 1.690620328e-02 -9.986958006e-01 2.982561808e+02
-9.988923203e-01 3.973714306e-03 4.689053120e-02 -1.889007221e+02 4.619976236e-03 9.998957157e-01 1.368204567e-02 1.227808655e+00 -4.683127104e-02 1.388352250e-02 -9.988064579e-01 2.973205172e+02
-9.989275050e-01 3.477617279e-03 4.616980796e-02 -1.888483162e+02 4.269575513e-03 9.998452715e-01 1.706564162e-02 1.239689042e+00 -4.610331837e-02 1.724446455e-02 -9.987877799e-01 2.963864275e+02
-9.989694951e-01 3.057597671e-03 4.528593082e-02 -1.887919547e+02 4.057345685e-03 9.997496934e-01 2.200091582e-02 1.248044830e+00 -4.520732799e-02 2.216198113e-02 -9.987318535e-01 2.954485264e+02
-9.989608967e-01 5.170999965e-03 4.528486243e-02 -1.887490702e+02 6.194484131e-03 9.997278868e-01 2.248995143e-02 1.255185224e+00 -4.515624153e-02 2.274709587e-02 -9.987210917e-01 2.945329696e+02
-9.989524465e-01 6.242715795e-03 4.533218437e-02 -1.886979089e+02 7.111036728e-03 9.997938691e-01 1.901868832e-02 1.265008994e+00 -4.520410963e-02 1.932112430e-02 -9.987909301e-01 2.935919740e+02
-9.988375955e-01 8.440363118e-03 4.746471534e-02 -1.886557935e+02 9.163904009e-03 9.998447763e-01 1.504689293e-02 1.278955369e+00 -4.733034640e-02 1.546435968e-02 -9.987598586e-01 2.926633494e+02
-9.986468038e-01 1.322419911e-02 5.029965972e-02 -1.885999675e+02 1.399865420e-02 9.997883268e-01 1.507580878e-02 1.284628481e+00 -5.008964796e-02 1.575953318e-02 -9.986205802e-01 2.917350768e+02
-9.983732651e-01 1.673350710e-02 5.450280329e-02 -1.885442498e+02 1.768482158e-02 9.996987736e-01 1.701909089e-02 1.289418653e+00 -5.420159555e-02 1.795527966e-02 -9.983684249e-01 2.908106447e+02
-9.980576916e-01 2.070522991e-02 5.875781524e-02 -1.884895071e+02 2.174155846e-02 9.996181661e-01 1.705309322e-02 1.294189819e+00 -5.838229400e-02 1.829745491e-02 -9.981268327e-01 2.898705884e+02
-9.978465232e-01 1.572743272e-02 6.368368097e-02 -1.884238752e+02 1.668314861e-02 9.997556065e-01 1.450334677e-02 1.307365215e+00 -6.344002196e-02 1.553455368e-02 -9.978649824e-01 2.889394116e+02
-9.977242310e-01 1.131081229e-02 6.647085609e-02 -1.883345749e+02 1.211665967e-02 9.998577607e-01 1.173270126e-02 1.314927801e+00 -6.632868988e-02 1.251140473e-02 -9.977193232e-01 2.880056077e+02
-9.975709911e-01 1.094813076e-02 6.879322922e-02 -1.882644697e+02 1.210347199e-02 9.997922762e-01 1.640009213e-02 1.317014147e+00 -6.859938653e-02 1.719289107e-02 -9.974962810e-01 2.870634450e+02
-9.975175993e-01 9.851108445e-03 6.972608488e-02 -1.881938334e+02 1.138111550e-02 9.997023352e-01 2.157994531e-02 1.324102541e+00 -6.949274879e-02 2.231993429e-02 -9.973328273e-01 2.861179118e+02
-9.975534592e-01 7.630186119e-03 6.949414241e-02 -1.881096823e+02 9.421670348e-03 9.996307597e-01 2.548775155e-02 1.337023469e+00 -6.927400714e-02 2.608013825e-02 -9.972569715e-01 2.851683632e+02
-9.974646774e-01 1.076727319e-02 7.034624513e-02 -1.880417656e+02 1.210324492e-02 9.997538944e-01 1.859280280e-02 1.353577360e+00 -7.012873713e-02 1.939707941e-02 -9.973494930e-01 2.842387734e+02
-9.973217605e-01 1.701975975e-02 7.112968892e-02 -1.879732790e+02 1.783906440e-02 9.997814591e-01 1.089908604e-02 1.366461538e+00 -7.092864871e-02 1.213878373e-02 -9.974075190e-01 2.833022074e+02
-9.972182124e-01 2.002597244e-02 7.180087102e-02 -1.879062622e+02 2.058827026e-02 9.997628473e-01 7.099771840e-03 1.375957670e+00 -7.164166931e-02 8.558276667e-03 -9.973939790e-01 2.823603200e+02
-9.972929429e-01 1.775434151e-02 7.135553759e-02 -1.878263022e+02 1.874917667e-02 9.997357884e-01 1.329638768e-02 1.372005718e+00 -7.110061705e-02 1.459825065e-02 -9.973623870e-01 2.813877891e+02
-9.973279489e-01 1.624609781e-02 7.122848944e-02 -1.877426266e+02 1.772300111e-02 9.996398057e-01 2.015197206e-02 1.380351434e+00 -7.087543864e-02 2.136050270e-02 -9.972566321e-01 2.804197225e+02
-9.973737297e-01 1.471449670e-02 7.091937507e-02 -1.876734791e+02 1.647779725e-02 9.995678615e-01 2.434288034e-02 1.385665119e+00 -7.053053508e-02 2.544753884e-02 -9.971852308e-01 2.794688648e+02
-9.974854145e-01 1.604236732e-02 6.903625379e-02 -1.875946419e+02 1.777993193e-02 9.995385439e-01 2.462843165e-02 1.401291917e+00 -6.860929901e-02 2.579395508e-02 -9.973103471e-01 2.785000771e+02
-9.976406664e-01 1.751249515e-02 6.638424022e-02 -1.875274752e+02 1.889786481e-02 9.996153186e-01 2.029872053e-02 1.415741413e+00 -6.600322421e-02 2.150534505e-02 -9.975878443e-01 2.775392203e+02
-9.978062349e-01 1.947131594e-02 6.327635690e-02 -1.874652686e+02 2.067855815e-02 9.996153706e-01 1.848026313e-02 1.432684243e+00 -6.289218436e-02 1.974818421e-02 -9.978251074e-01 2.765735343e+02
-9.979861290e-01 1.974417497e-02 6.028098769e-02 -1.873881541e+02 2.099070253e-02 9.995772658e-01 2.011581895e-02 1.442852676e+00 -5.985833382e-02 2.134065021e-02 -9.979787858e-01 2.755951105e+02
-9.980499086e-01 2.306692928e-02 5.800409011e-02 -1.873333859e+02 2.461531151e-02 9.993556351e-01 2.612301301e-02 1.458795894e+00 -5.736413773e-02 2.749985666e-02 -9.979746404e-01 2.746091741e+02
-9.982034689e-01 2.264156576e-02 5.547341047e-02 -1.872726726e+02 2.425051448e-02 9.992994379e-01 2.850448476e-02 1.471927276e+00 -5.478916201e-02 2.979853429e-02 -9.980532701e-01 2.736293106e+02
-9.983423764e-01 2.115580270e-02 5.352690474e-02 -1.872089981e+02 2.267567032e-02 9.993521160e-01 2.794823949e-02 1.490671030e+00 -5.290095818e-02 2.911566802e-02 -9.981753743e-01 2.726508963e+02
-9.983590379e-01 1.799353310e-02 5.436503945e-02 -1.871424205e+02 1.942359618e-02 9.994760059e-01 2.589193149e-02 1.507827961e+00 -5.387066821e-02 2.690540656e-02 -9.981854251e-01 2.716550395e+02
-9.982363295e-01 2.146411987e-02 5.535157416e-02 -1.870872004e+02 2.289173956e-02 9.994180493e-01 2.528806448e-02 1.525754732e+00 -5.477657540e-02 2.651055447e-02 -9.981467124e-01 2.706709351e+02
-9.980947642e-01 2.265989972e-02 5.738810050e-02 -1.870185344e+02 2.417498911e-02 9.993735928e-01 2.584552023e-02 1.538859688e+00 -5.676649444e-02 2.718363641e-02 -9.980174148e-01 2.696752648e+02
-9.979624287e-01 2.060874590e-02 6.038645105e-02 -1.869482394e+02 2.220701660e-02 9.994173956e-01 2.591682439e-02 1.555759384e+00 -5.981715223e-02 2.720501861e-02 -9.978387528e-01 2.686863497e+02
-9.977823228e-01 1.850515088e-02 6.393996079e-02 -1.868735959e+02 2.045216419e-02 9.993426663e-01 2.993149115e-02 1.576230815e+00 -6.334404295e-02 3.117282040e-02 -9.975049454e-01 2.676892583e+02
-9.975827815e-01 1.831229611e-02 6.703407568e-02 -1.867951164e+02 2.053469153e-02 9.992569831e-01 3.261564933e-02 1.597428288e+00 -6.638700283e-02 3.391333137e-02 -9.972175289e-01 2.667034191e+02
-9.975074515e-01 1.832611418e-02 6.814089761e-02 -1.867200605e+02 2.041305763e-02 9.993396794e-01 3.005776677e-02 1.612104634e+00 -6.754506577e-02 3.137380886e-02 -9.972228016e-01 2.657147504e+02
-9.974663583e-01 1.890040179e-02 6.858551202e-02 -1.866422492e+02 2.052367404e-02 9.995238208e-01 2.304087234e-02 1.629985060e+00 -6.811737590e-02 2.439011743e-02 -9.973793066e-01 2.647329840e+02
-9.973723022e-01 1.864438091e-02 7.000778948e-02 -1.865643735e+02 1.995159554e-02 9.996385199e-01 1.801980224e-02 1.646045909e+00 -6.964651675e-02 1.936921840e-02 -9.973838131e-01 2.637458972e+02
-9.972475770e-01 1.741312085e-02 7.207048475e-02 -1.864873243e+02 1.874745904e-02 9.996643614e-01 1.787945139e-02 1.658066742e+00 -7.173495811e-02 1.918137823e-02 -9.972393470e-01 2.627460967e+02
-9.971333190e-01 1.669074121e-02 7.380150340e-02 -1.864048742e+02 1.841087938e-02 9.995730236e-01 2.268904198e-02 1.671892939e+00 -7.339129025e-02 2.398274946e-02 -9.970148414e-01 2.617396349e+02
-9.970379070e-01 1.084328743e-02 7.614626492e-02 -1.863159907e+02 1.307925422e-02 9.994959489e-01 2.892705752e-02 1.686177022e+00 -7.579421696e-02 2.983730382e-02 -9.966771866e-01 2.607414258e+02
-9.969330592e-01 8.500844212e-03 7.779626494e-02 -1.862205775e+02 1.064608105e-02 9.995732627e-01 2.720198432e-02 1.701167230e+00 -7.753182695e-02 2.794678146e-02 -9.965980305e-01 2.597314201e+02
-9.967821760e-01 1.005710868e-02 7.952585541e-02 -1.861288887e+02 1.180240055e-02 9.996990417e-01 2.150671549e-02 1.719759014e+00 -7.928562728e-02 2.237610382e-02 -9.966008502e-01 2.587318464e+02
-9.965786919e-01 1.362602713e-02 8.152057131e-02 -1.860486145e+02 1.423986874e-02 9.998744487e-01 6.953225563e-03 1.728105017e+00 -8.141558637e-02 8.090277952e-03 -9.966475150e-01 2.577429353e+02
-9.962969294e-01 1.754303644e-02 8.417205693e-02 -1.859647890e+02 1.735685049e-02 9.998449993e-01 -2.943323660e-03 1.726710983e+00 -8.421064176e-02 -1.471461807e-03 -9.964470502e-01 2.567470688e+02
-9.960859789e-01 2.100979089e-02 8.585736410e-02 -1.858742230e+02 2.091508027e-02 9.997792783e-01 -2.002597679e-03 1.718815364e+00 -8.588048894e-02 -1.990455466e-04 -9.963055415e-01 2.557388515e+02
-9.959189649e-01 2.137904814e-02 8.768750538e-02 -1.857840047e+02 2.228757582e-02 9.997074332e-01 9.394898485e-03 1.712109877e+00 -8.746100220e-02 1.131089788e-02 -9.961040705e-01 2.547212998e+02
-9.959087797e-01 1.984869166e-02 8.815613561e-02 -1.856852745e+02 2.176031551e-02 9.995473218e-01 2.077661179e-02 1.721185036e+00 -8.770383735e-02 2.260991723e-02 -9.958898503e-01 2.537045606e+02
-9.959831228e-01 1.864286414e-02 8.758036081e-02 -1.855843715e+02 2.117600140e-02 9.993812278e-01 2.808404582e-02 1.732900871e+00 -8.700259849e-02 2.982583392e-02 -9.957615412e-01 2.526967982e+02
-9.960636800e-01 1.703411011e-02 8.698917189e-02 -1.854910959e+02 1.952716791e-02 9.994202667e-01 2.788930520e-02 1.746040861e+00 -8.646367320e-02 2.947817593e-02 -9.958187707e-01 2.516792351e+02
-9.961470581e-01 1.868813926e-02 8.568595196e-02 -1.853999390e+02 2.064211864e-02 9.995453847e-01 2.197487714e-02 1.759459799e+00 -8.523632814e-02 2.365894421e-02 -9.960799862e-01 2.506804761e+02
-9.962282926e-01 2.200120494e-02 8.393593738e-02 -1.853125717e+02 2.352813311e-02 9.995743973e-01 1.724586161e-02 1.777625521e+00 -8.352078485e-02 1.915566965e-02 -9.963218649e-01 2.496767436e+02
-9.963272288e-01 2.452949219e-02 8.203905524e-02 -1.852319598e+02 2.576807728e-02 9.995688961e-01 1.407279856e-02 1.784935834e+00 -8.165849231e-02 1.613510160e-02 -9.965297772e-01 2.486860062e+02
-9.964496168e-01 2.665785361e-02 7.985898251e-02 -1.851430725e+02 2.766438467e-02 9.995508504e-01 1.152389641e-02 1.784330553e+00 -7.951591559e-02 1.369223239e-02 -9.967395377e-01 2.476872390e+02
-9.964973383e-01 2.940031583e-02 7.828659145e-02 -1.850634556e+02 3.037974983e-02 9.994740102e-01 1.134917055e-02 1.786557673e+00 -7.791174755e-02 1.368774485e-02 -9.968663470e-01 2.466936060e+02
-9.966123573e-01 2.979419684e-02 7.665463976e-02 -1.849818266e+02 3.098758966e-02 9.994156446e-01 1.442614457e-02 1.788361047e+00 -7.618003267e-02 1.675261751e-02 -9.969533482e-01 2.456962700e+02
-9.966581452e-01 3.039981998e-02 7.582008504e-02 -1.849106931e+02 3.187563976e-02 9.993237174e-01 1.833088088e-02 1.791939271e+00 -7.521155334e-02 2.068643401e-02 -9.969531167e-01 2.447188681e+02
-9.968398476e-01 3.043162951e-02 7.337940786e-02 -1.848170321e+02 3.194305742e-02 9.992991974e-01 1.951232924e-02 1.798698462e+00 -7.273419527e-02 2.179462909e-02 -9.971133425e-01 2.437361656e+02
-9.969894991e-01 2.907304332e-02 7.188272505e-02 -1.847395316e+02 3.040521683e-02 9.993843064e-01 1.750813551e-02 1.808100029e+00 -7.132944924e-02 1.964103435e-02 -9.972595814e-01 2.427672228e+02
-9.971419710e-01 2.680560658e-02 7.063390475e-02 -1.846647724e+02 2.806880671e-02 9.994622386e-01 1.695216651e-02 1.810065675e+00 -7.014150906e-02 1.888632816e-02 -9.973582477e-01 2.418017276e+02
-9.972174897e-01 2.805238461e-02 6.906978316e-02 -1.845924075e+02 2.935942108e-02 9.994071612e-01 1.798139375e-02 1.815730756e+00 -6.852441430e-02 1.995920632e-02 -9.974498778e-01 2.408461125e+02
-9.972244256e-01 2.862420540e-02 6.873404351e-02 -1.845263819e+02 3.009552506e-02 9.993374785e-01 2.046655612e-02 1.822365555e+00 -6.810266503e-02 2.247833379e-02 -9.974251400e-01 2.398867036e+02
-9.973066164e-01 2.918105757e-02 6.729227676e-02 -1.844488609e+02 3.073680592e-02 9.992809214e-01 2.220081157e-02 1.833090281e+00 -6.659604789e-02 2.420936189e-02 -9.974863665e-01 2.389391811e+02
-9.971135961e-01 3.573032438e-02 6.699314116e-02 -1.844027472e+02 3.755641638e-02 9.989510140e-01 2.619918791e-02 1.844622606e+00 -6.598675903e-02 2.863958535e-02 -9.974094841e-01 2.379942247e+02
-9.969671328e-01 3.889530379e-02 6.740723837e-02 -1.843393569e+02 4.088024770e-02 9.987625667e-01 2.832175946e-02 1.856092053e+00 -6.622224246e-02 3.099148635e-02 -9.973235290e-01 2.370699670e+02
-9.970412231e-01 3.726918925e-02 6.722956702e-02 -1.842678191e+02 3.913676193e-02 9.988776539e-01 2.667874682e-02 1.862247932e+00 -6.615981669e-02 2.923095848e-02 -9.973807555e-01 2.361479752e+02
-9.966463153e-01 4.647983564e-02 6.735145274e-02 -1.842142039e+02 4.813970469e-02 9.985703660e-01 2.323426032e-02 1.876716780e+00 -6.617523678e-02 2.639861309e-02 -9.974589442e-01 2.352502774e+02
-9.964491591e-01 5.077564580e-02 6.716214605e-02 -1.841547385e+02 5.236430163e-02 9.983832822e-01 2.210784231e-02 1.890533505e+00 -6.593102494e-02 2.554624202e-02 -9.974971127e-01 2.343637567e+02
-9.970361047e-01 3.864844737e-02 6.652339628e-02 -1.840760295e+02 4.001018548e-02 9.990135948e-01 1.926046806e-02 1.889645319e+00 -6.571339499e-02 2.186499477e-02 -9.975989056e-01 2.334925273e+02
-9.975038330e-01 2.945135175e-02 6.417757248e-02 -1.840002322e+02 3.037741348e-02 9.994473289e-01 1.350182289e-02 1.895701199e+00 -6.374444987e-02 1.541766759e-02 -9.978471857e-01 2.326463039e+02
-9.976557938e-01 3.019423931e-02 6.141298676e-02 -1.839447958e+02 3.074639616e-02 9.994946466e-01 8.065665661e-03 1.907807087e+00 -6.113841706e-02 9.934985939e-03 -9.980800651e-01 2.317997743e+02
-9.979814341e-01 2.987231969e-02 5.604532778e-02 -1.838861384e+02 3.056696795e-02 9.994656446e-01 1.157818817e-02 1.901347012e+00 -5.566951407e-02 1.326795192e-02 -9.983611878e-01 2.309662604e+02
-9.983768168e-01 2.274282957e-02 5.221584342e-02 -1.838303776e+02 2.372360518e-02 9.995521338e-01 1.824072972e-02 1.903964314e+00 -5.177760976e-02 1.944986932e-02 -9.984692142e-01 2.301364158e+02
-9.986199082e-01 2.047101064e-02 4.836655373e-02 -1.837813613e+02 2.149329975e-02 9.995544429e-01 2.071159306e-02 1.910651724e+00 -4.792101551e-02 2.172256504e-02 -9.986150108e-01 2.293126228e+02
-9.987496138e-01 2.047771470e-02 4.560721049e-02 -1.837407410e+02 2.153316712e-02 9.995087279e-01 2.277238990e-02 1.913641049e+00 -4.511848099e-02 2.372598105e-02 -9.986999121e-01 2.285151568e+02
-9.988722708e-01 2.195815994e-02 4.210417737e-02 -1.836996408e+02 2.291801495e-02 9.994851877e-01 2.245158222e-02 1.926873963e+00 -4.158950852e-02 2.339120266e-02 -9.988613289e-01 2.277333957e+02
-9.989982659e-01 2.298016786e-02 3.839569601e-02 -1.836712455e+02 2.390097024e-02 9.994333978e-01 2.369745871e-02 1.924993560e+00 -3.782936962e-02 2.459141535e-02 -9.989815868e-01 2.269757046e+02
-9.991436461e-01 2.222027809e-02 3.490510720e-02 -1.836401154e+02 2.305894724e-02 9.994505157e-01 2.381119350e-02 1.936449684e+00 -3.435683431e-02 2.459567449e-02 -9.991070348e-01 2.262244346e+02
-9.992868793e-01 2.168439435e-02 3.091591553e-02 -1.836028163e+02 2.243977952e-02 9.994528428e-01 2.429964707e-02 1.939498837e+00 -3.037207457e-02 2.497606202e-02 -9.992266377e-01 2.255132309e+02
-9.993758901e-01 2.168816428e-02 2.788310163e-02 -1.835763796e+02 2.237420543e-02 9.994486371e-01 2.453230215e-02 1.946736289e+00 -2.733566705e-02 2.514085512e-02 -9.993101153e-01 2.247993661e+02
-9.993668259e-01 2.426031453e-02 2.603241328e-02 -1.835572261e+02 2.489968946e-02 9.993890841e-01 2.452421617e-02 1.957506238e+00 -2.542154611e-02 2.515688261e-02 -9.993603506e-01 2.241180588e+02
-9.993148010e-01 2.686453301e-02 2.546820069e-02 -1.835437491e+02 2.749658136e-02 9.993141761e-01 2.480055711e-02 1.959726304e+00 -2.478448031e-02 2.548384812e-02 -9.993681424e-01 2.234554474e+02
-9.992728996e-01 2.856094114e-02 2.526169933e-02 -1.835229061e+02 2.915300564e-02 9.993012983e-01 2.338792326e-02 1.967103754e+00 -2.457606899e-02 2.410736821e-02 -9.994073411e-01 2.228211423e+02
-9.991905673e-01 3.030368581e-02 2.646826752e-02 -1.835012648e+02 3.091245014e-02 9.992597097e-01 2.290154924e-02 1.972151119e+00 -2.575467140e-02 2.370120568e-02 -9.993875201e-01 2.222139364e+02
-9.990058954e-01 3.337565227e-02 2.955846621e-02 -1.834830679e+02 3.402875443e-02 9.991814135e-01 2.187475483e-02 1.976707753e+00 -2.880418526e-02 2.285884308e-02 -9.993238419e-01 2.216250489e+02
-9.987511601e-01 3.619622545e-02 3.444522895e-02 -1.834592087e+02 3.692970419e-02 9.990992875e-01 2.090129479e-02 1.978728430e+00 -3.365765486e-02 2.214724229e-02 -9.991882798e-01 2.210479684e+02
-9.984777993e-01 3.703935980e-02 4.087223129e-02 -1.834259994e+02 3.789686465e-02 9.990732305e-01 2.040834978e-02 1.986775066e+00 -4.007843809e-02 2.192621154e-02 -9.989561699e-01 2.205032349e+02
-9.980935167e-01 3.668176428e-02 4.963815878e-02 -1.833960478e+02 3.776977116e-02 9.990623700e-01 2.116096118e-02 1.990339218e+00 -4.881539539e-02 2.299543933e-02 -9.985432230e-01 2.199663002e+02
-9.975380261e-01 3.628446072e-02 6.001518234e-02 -1.833475553e+02 3.759802496e-02 9.990742741e-01 2.090428865e-02 1.997434401e+00 -5.920112871e-02 2.310926905e-02 -9.979787316e-01 2.194700744e+02
-9.965536535e-01 3.725545684e-02 7.411381180e-02 -1.833033286e+02 3.886096936e-02 9.990376154e-01 2.033953781e-02 1.996118307e+00 -7.328472607e-02 2.314957474e-02 -9.970423099e-01 2.189962027e+02
-9.949348046e-01 4.105312364e-02 9.175981432e-02 -1.832593852e+02 4.288891830e-02 9.989154260e-01 1.812415830e-02 1.999100915e+00 -9.091624381e-02 2.196783064e-02 -9.956164576e-01 2.185293714e+02
-9.926960875e-01 4.155868095e-02 1.132602382e-01 -1.831920529e+02 4.351416674e-02 9.989424939e-01 1.484720623e-02 2.000828369e+00 -1.125234306e-01 1.966718451e-02 -9.934546677e-01 2.180724885e+02
-9.893928760e-01 4.118517117e-02 1.393044104e-01 -1.831106368e+02 4.335035145e-02 9.989812012e-01 1.254310791e-02 2.003258977e+00 -1.386459031e-01 1.844895461e-02 -9.901701718e-01 2.176230022e+02
-9.845454782e-01 3.995095931e-02 1.705117297e-01 -1.830032126e+02 4.240516472e-02 9.990424192e-01 1.077409571e-02 2.007980668e+00 -1.699180126e-01 1.783816569e-02 -9.852967968e-01 2.171668386e+02
-9.775360283e-01 4.019521302e-02 2.069002931e-01 -1.828807498e+02 4.345451012e-02 9.989922816e-01 1.123071885e-02 1.995578027e+00 -2.062403659e-01 1.996918312e-02 -9.782976109e-01 2.167773306e+02
-9.679215535e-01 3.970374466e-02 2.480961227e-01 -1.827361580e+02 4.367117634e-02 9.989906875e-01 1.050639669e-02 1.998597832e+00 -2.474285922e-01 2.100401679e-02 -9.686785944e-01 2.163665464e+02
-9.558956820e-01 3.665584088e-02 2.914101518e-01 -1.825709402e+02 4.123141288e-02 9.991037737e-01 9.573919417e-03 2.003865795e+00 -2.907980543e-01 2.116691951e-02 -9.565503148e-01 2.159667401e+02
-9.413104677e-01 3.070770061e-02 3.361427021e-01 -1.823810859e+02 3.557698904e-02 9.993321834e-01 8.335140990e-03 2.000122141e+00 -3.356622678e-01 1.980490071e-02 -9.417743634e-01 2.155868085e+02
-9.240432028e-01 2.513262652e-02 3.814610704e-01 -1.821811856e+02 2.945391453e-02 9.995510211e-01 5.492946883e-03 1.997919987e+00 -3.811517538e-01 1.631124277e-02 -9.243686027e-01 2.152155080e+02
-9.045177191e-01 2.205522539e-02 4.258655991e-01 -1.819642854e+02 2.596065777e-02 9.996572885e-01 3.367741162e-03 1.993751025e+00 -4.256453602e-01 1.410193114e-02 -9.047803354e-01 2.148455603e+02
-8.826517343e-01 2.114741718e-02 4.695516502e-01 -1.817464595e+02 2.455328804e-02 9.996978668e-01 1.130810688e-03 1.982234739e+00 -4.693858719e-01 1.252714904e-02 -8.829044022e-01 2.145438325e+02
-8.576001036e-01 2.247481770e-02 5.138261468e-01 -1.814881492e+02 2.557522602e-02 9.996723544e-01 -1.039542461e-03 1.986788121e+00 -5.136811460e-01 1.224970625e-02 -8.578938876e-01 2.141866351e+02
-8.297631438e-01 2.127095131e-02 5.577106325e-01 -1.812154830e+02 2.522598298e-02 9.996816228e-01 -5.963541478e-04 1.978554559e+00 -5.575457843e-01 1.357396608e-02 -8.300354801e-01 2.138465489e+02
-7.986837752e-01 1.903337874e-02 6.014502870e-01 -1.808943877e+02 2.429991969e-02 9.997044840e-01 6.321198635e-04 1.986735956e+00 -6.012605477e-01 1.512005593e-02 -7.989102915e-01 2.134865441e+02
-7.645596938e-01 1.720864749e-02 6.443231752e-01 -1.805491576e+02 2.549907475e-02 9.996685177e-01 3.558183471e-03 1.980849538e+00 -6.440483651e-01 1.915008877e-02 -7.647451007e-01 2.131534292e+02
-7.269130470e-01 1.727663536e-02 6.865123900e-01 -1.801662958e+02 2.864373240e-02 9.995762801e-01 5.174246470e-03 1.985640155e+00 -6.861320771e-01 2.342550330e-02 -7.270998885e-01 2.128104439e+02
-6.844650658e-01 1.971911639e-02 7.287788948e-01 -1.798095554e+02 3.201415749e-02 9.994828677e-01 3.023762061e-03 1.990198654e+00 -7.283423853e-01 2.540089963e-02 -6.847423674e-01 2.124849912e+02
-6.392800980e-01 1.974485438e-02 7.687206305e-01 -1.793951187e+02 3.063149322e-02 9.995307311e-01 -1.996684189e-04 1.985805112e+00 -7.683638574e-01 2.341941821e-02 -6.395848625e-01 2.121826236e+02
-5.916876501e-01 1.999660703e-02 8.059193792e-01 -1.789436365e+02 2.931389790e-02 9.995648499e-01 -3.279779651e-03 1.985603659e+00 -8.056342678e-01 2.168403391e-02 -5.920164401e-01 2.118949765e+02
-5.426010463e-01 1.980704598e-02 8.397570153e-01 -1.784531087e+02 2.565972472e-02 9.996462174e-01 -6.998507697e-03 1.981678634e+00 -8.395985547e-01 1.775053768e-02 -5.429174142e-01 2.116244850e+02
-4.929079109e-01 2.442101067e-02 8.697388788e-01 -1.779624608e+02 2.607779456e-02 9.995715754e-01 -1.328743810e-02 1.978682186e+00 -8.696907833e-01 1.613139033e-02 -4.933335202e-01 2.113850350e+02
-4.422954820e-01 2.936195089e-02 8.963888038e-01 -1.774376043e+02 2.810248770e-02 9.994269027e-01 -1.887074748e-02 1.975720887e+00 -8.964291924e-01 1.684431411e-02 -4.428670996e-01 2.111424976e+02
-3.908881595e-01 2.927206888e-02 9.199727546e-01 -1.768977582e+02 2.738856017e-02 9.994215055e-01 -2.016285392e-02 1.963592174e+00 -9.200307311e-01 1.731530833e-02 -3.914636602e-01 2.109435959e+02
-3.386899744e-01 2.523541801e-02 9.405596409e-01 -1.763381774e+02 2.403460285e-02 9.995460851e-01 -1.816332210e-02 1.946290699e+00 -9.405910525e-01 1.645424337e-02 -3.391427993e-01 2.107720484e+02
-2.862981175e-01 2.076547581e-02 9.579157171e-01 -1.757496819e+02 1.820713896e-02 9.997024814e-01 -1.622964691e-02 1.933189781e+00 -9.579677265e-01 1.279438790e-02 -2.865910140e-01 2.106358758e+02
-2.349765725e-01 1.858726687e-02 9.718234384e-01 -1.750901408e+02 1.096111675e-02 9.998042391e-01 -1.647215360e-02 1.930987888e+00 -9.719393355e-01 6.781702309e-03 -2.351342958e-01 2.105036807e+02
-1.871826156e-01 1.372873500e-02 9.822291958e-01 -1.744626055e+02 4.616048770e-03 9.999035715e-01 -1.309609380e-02 1.920440031e+00 -9.823143147e-01 2.082657100e-03 -1.872279062e-01 2.104246004e+02
-1.453517849e-01 8.922377650e-03 9.893398258e-01 -1.738173552e+02 3.391874207e-03 9.999579647e-01 -8.519809196e-03 1.906617017e+00 -9.893742199e-01 2.117346753e-03 -1.453759101e-01 2.103570042e+02
-1.100712751e-01 8.986053667e-03 9.938831712e-01 -1.731678220e+02 3.020590936e-03 9.999575138e-01 -8.706449932e-03 1.889239994e+00 -9.939191670e-01 2.043785488e-03 -1.100937574e-01 2.103065637e+02
-8.048697793e-02 1.440948423e-02 9.966514863e-01 -1.725191452e+02 1.530785946e-04 9.998956914e-01 -1.444402756e-02 1.886285332e+00 -9.967556289e-01 -1.009991154e-03 -8.048072283e-02 2.102687885e+02
-5.686594320e-02 2.097726103e-02 9.981614811e-01 -1.718451255e+02 -4.797169813e-03 9.997619388e-01 -2.128419523e-02 1.872410877e+00 -9.983703434e-01 -5.998692068e-03 -5.675176487e-02 2.102570397e+02
-3.744660019e-02 2.689376682e-02 9.989366791e-01 -1.711660246e+02 -8.582561117e-03 9.995922803e-01 -2.723314622e-02 1.856977898e+00 -9.992618029e-01 -9.593224912e-03 -3.720058223e-02 2.102435012e+02
-2.202034508e-02 2.717430463e-02 9.993882795e-01 -1.704598633e+02 -8.319381674e-03 9.995909470e-01 -2.736312504e-02 1.849576282e+00 -9.997230169e-01 -8.916831545e-03 -2.178527671e-02 2.102398444e+02
-1.206518167e-02 2.018714628e-02 9.997234054e-01 -1.697538433e+02 -6.269092500e-03 9.997750351e-01 -2.026384779e-02 1.829369126e+00 -9.999075636e-01 -6.511846508e-03 -1.193581946e-02 2.102357345e+02
-5.936991820e-03 1.456584477e-02 9.998762976e-01 -1.690172218e+02 -5.729082057e-03 9.998769856e-01 -1.459987233e-02 1.804633188e+00 -9.999659525e-01 -5.815053033e-03 -5.852831515e-03 2.102325867e+02
-9.161078894e-04 1.334311303e-02 9.999106663e-01 -1.682816721e+02 -3.856195386e-03 9.999035072e-01 -1.334655152e-02 1.784871975e+00 -9.999922789e-01 -3.868075040e-03 -8.645926088e-04 2.102349535e+02
3.259612855e-03 1.647379703e-02 9.998590567e-01 -1.675365234e+02 -1.843132415e-03 9.998627077e-01 -1.646784785e-02 1.766053915e+00 -9.999930653e-01 -1.789190790e-03 3.289568464e-03 2.102441588e+02
7.301456240e-03 2.558045775e-02 9.996462877e-01 -1.668084925e+02 -6.873028399e-04 9.996726473e-01 -2.557611645e-02 1.743083621e+00 -9.999732582e-01 -5.003100251e-04 7.316649111e-03 2.102469010e+02
1.043801754e-02 3.338642872e-02 9.993879725e-01 -1.660595292e+02 5.487594283e-05 9.994424236e-01 -3.338881927e-02 1.726718734e+00 -9.999454931e-01 4.033549817e-04 1.043037972e-02 2.102431231e+02
1.297239254e-02 3.494532695e-02 9.993050924e-01 -1.652877872e+02 1.373069412e-03 9.993875735e-01 -3.496603898e-02 1.706921446e+00 -9.999149771e-01 1.825707443e-03 1.291646909e-02 2.102552544e+02
1.498191064e-02 2.935464467e-02 9.994568019e-01 -1.645174938e+02 3.525380222e-03 9.995612099e-01 -2.941055867e-02 1.682553226e+00 -9.998816036e-01 3.964092884e-03 1.487184390e-02 2.102667231e+02
1.706878280e-02 2.022074282e-02 9.996498739e-01 -1.637204704e+02 4.673807399e-03 9.997829487e-01 -2.030324024e-02 1.650086265e+00 -9.998434102e-01 5.018723557e-03 1.697055281e-02 2.102803539e+02
1.927912847e-02 1.704082331e-02 9.996688990e-01 -1.629122126e+02 6.438520750e-03 9.998318875e-01 -1.716777065e-02 1.628726812e+00 -9.997934342e-01 6.767368448e-03 1.916615590e-02 2.102924757e+02
2.168518312e-02 1.802393614e-02 9.996024545e-01 -1.621131808e+02 9.512020893e-03 9.997885027e-01 -1.823364579e-02 1.607175234e+00 -9.997196917e-01 9.903641303e-03 2.150915354e-02 2.103081460e+02
2.453489626e-02 2.005890836e-02 9.994977969e-01 -1.613084874e+02 1.169812093e-02 9.997244444e-01 -2.035061675e-02 1.586218358e+00 -9.996306049e-01 1.219154849e-02 2.429345752e-02 2.103171969e+02
2.659607754e-02 2.186453022e-02 9.994072258e-01 -1.604759276e+02 1.325766708e-02 9.996651152e-01 -2.222298713e-02 1.569008657e+00 -9.995584496e-01 1.384085600e-02 2.629733080e-02 2.103450063e+02
2.860438688e-02 2.193239224e-02 9.993503212e-01 -1.596344223e+02 1.380737964e-02 9.996551808e-01 -2.233429825e-02 1.543411510e+00 -9.994956085e-01 1.443727146e-02 2.829170608e-02 2.103569309e+02
3.008580986e-02 2.368466891e-02 9.992666716e-01 -1.587963335e+02 1.056581277e-02 9.996558545e-01 -2.401200630e-02 1.520973140e+00 -9.994915009e-01 1.128048419e-02 2.982519057e-02 2.103897905e+02
3.082616691e-02 2.468909135e-02 9.992198696e-01 -1.579410777e+02 9.505398590e-03 9.996424485e-01 -2.499277653e-02 1.497697174e+00 -9.994796474e-01 1.026841740e-02 3.058047537e-02 2.104276098e+02
3.230887291e-02 2.381882967e-02 9.991941883e-01 -1.570686295e+02 1.040783503e-02 9.996537909e-01 -2.416632656e-02 1.469867642e+00 -9.994238519e-01 1.118023785e-02 3.204977743e-02 2.104570014e+02
3.333779764e-02 1.915123870e-02 9.992607503e-01 -1.561962043e+02 1.368901494e-02 9.997138643e-01 -1.961662609e-02 1.448644541e+00 -9.993504805e-01 1.433287340e-02 3.306614850e-02 2.104859982e+02
3.403913196e-02 1.494558844e-02 9.993087588e-01 -1.553065037e+02 1.438418134e-02 9.997772613e-01 -1.544255873e-02 1.428558755e+00 -9.993170277e-01 1.489989156e-02 3.381657370e-02 2.105279902e+02
3.621911105e-02 1.438287408e-02 9.992403833e-01 -1.543850860e+02 1.499683448e-02 9.997759906e-01 -1.493416836e-02 1.400154730e+00 -9.992313520e-01 1.552634416e-02 3.599530832e-02 2.105489798e+02
3.977081182e-02 1.744593778e-02 9.990565924e-01 -1.534919023e+02 1.985056427e-02 9.996364622e-01 -1.824628440e-02 1.385264331e+00 -9.990117206e-01 2.055750622e-02 3.941004947e-02 2.105788617e+02
4.383935406e-02 1.782029464e-02 9.988797009e-01 -1.525935951e+02 2.362293582e-02 9.995428528e-01 -1.886890295e-02 1.360018520e+00 -9.987593082e-01 2.442367091e-02 4.339833641e-02 2.106206698e+02
4.787803516e-02 1.473572843e-02 9.987446843e-01 -1.516770335e+02 2.442671206e-02 9.995748781e-01 -1.591895675e-02 1.338695912e+00 -9.985546282e-01 2.515821528e-02 4.749769820e-02 2.106595830e+02
5.277420570e-02 1.197273627e-02 9.985348090e-01 -1.507724810e+02 2.383458430e-02 9.996281715e-01 -1.324554528e-02 1.318380074e+00 -9.983221125e-01 2.449868374e-02 5.246919195e-02 2.107076398e+02
5.736675922e-02 1.104832585e-02 9.982921598e-01 -1.498741589e+02 2.314054926e-02 9.996554092e-01 -1.239318786e-02 1.288318253e+00 -9.980850639e-01 2.381198534e-02 5.709137308e-02 2.107675010e+02
6.268393494e-02 1.044571279e-02 9.979787800e-01 -1.489750202e+02 2.450587119e-02 9.996276192e-01 -1.200220705e-02 1.266838968e+00 -9.977325578e-01 2.520868378e-02 6.240461751e-02 2.108258321e+02
6.826840182e-02 5.766328731e-03 9.976503305e-01 -1.480739312e+02 2.415358058e-02 9.996806437e-01 -7.430875267e-03 1.253441222e+00 -9.973746088e-01 2.460412164e-02 6.810731651e-02 2.108802599e+02
7.346189773e-02 2.636423494e-03 9.972946051e-01 -1.471720795e+02 2.451766708e-02 9.996895156e-01 -4.448756609e-03 1.239612641e+00 -9.969966642e-01 2.477814980e-02 7.337445126e-02 2.109455770e+02
7.875834267e-02 4.009645517e-03 9.968857239e-01 -1.462750005e+02 2.369231972e-02 9.997019559e-01 -5.892770263e-03 1.219115870e+00 -9.966122249e-01 2.408263952e-02 7.863983917e-02 2.110144240e+02
8.352835522e-02 1.228339393e-02 9.964298184e-01 -1.453710650e+02 1.784404880e-02 9.997452476e-01 -1.382009308e-02 1.204900632e+00 -9.963457558e-01 1.893471219e-02 8.328792377e-02 2.111035353e+02
8.876641425e-02 1.782453730e-02 9.958930417e-01 -1.444870158e+02 1.521203334e-02 9.996989736e-01 -1.924854480e-02 1.189882369e+00 -9.959363507e-01 1.685818355e-02 8.846853680e-02 2.111845217e+02
9.297003672e-02 1.654661898e-02 9.955314757e-01 -1.435819587e+02 1.589173416e-02 9.997098905e-01 -1.810015605e-02 1.163040536e+00 -9.955421226e-01 1.750349571e-02 9.268012115e-02 2.112781108e+02
9.653234805e-02 1.054041839e-02 9.952740455e-01 -1.426704219e+02 1.225749645e-02 9.998555247e-01 -1.177780193e-02 1.133283583e+00 -9.952543762e-01 1.333650683e-02 9.638917525e-02 2.113733470e+02
9.823815939e-02 6.354917696e-03 9.951427501e-01 -1.417762950e+02 6.515703224e-03 9.999540941e-01 -7.028858383e-03 1.107831506e+00 -9.951417076e-01 7.174558446e-03 9.819221598e-02 2.114773214e+02
9.919468847e-02 7.912680186e-03 9.950367111e-01 -1.408916581e+02 5.136919662e-03 9.999509978e-01 -8.463857743e-03 1.087756115e+00 -9.950549006e-01 5.950994072e-03 9.914913872e-02 2.115674461e+02
9.849429701e-02 9.579560077e-03 9.950915768e-01 -1.400105980e+02 3.274245459e-03 9.999451416e-01 -9.950370032e-03 1.073048697e+00 -9.951323133e-01 4.238230397e-03 9.845748351e-02 2.116659544e+02
9.824812110e-02 1.112488690e-02 9.950997320e-01 -1.391145204e+02 -1.075270559e-04 9.999376246e-01 -1.116835527e-02 1.057251863e+00 -9.951619450e-01 9.902707486e-04 9.824315091e-02 2.117574554e+02
9.773971678e-02 1.058184536e-02 9.951557794e-01 -1.382314117e+02 -4.852361423e-03 9.999366316e-01 -1.015610501e-02 1.034925811e+00 -9.952002080e-01 -3.836200529e-03 9.778488112e-02 2.118489333e+02
9.709115458e-02 1.332568139e-02 9.951862998e-01 -1.373631174e+02 -1.127953071e-02 9.998609006e-01 -1.228783563e-02 1.011593627e+00 -9.952116116e-01 -1.003219327e-02 9.722794653e-02 2.119394261e+02
9.468063856e-02 1.474373709e-02 9.953985487e-01 -1.364787345e+02 -1.459656657e-02 9.998033739e-01 -1.342058054e-02 9.927662375e-01 -9.954007132e-01 -1.325872972e-02 9.487719869e-02 2.120369450e+02
9.316319126e-02 1.917196978e-02 9.954662872e-01 -1.356241258e+02 -1.634876602e-02 9.997092818e-01 -1.772364430e-02 9.685681735e-01 -9.955166264e-01 -1.462345252e-02 9.344954872e-02 2.121198427e+02
9.072250157e-02 2.120951887e-02 9.956504275e-01 -1.347760926e+02 -1.977786436e-02 9.996143683e-01 -1.949182345e-02 9.404222208e-01 -9.956799384e-01 -1.792348593e-02 9.110702273e-02 2.122105585e+02
8.941061661e-02 2.203085446e-02 9.957511203e-01 -1.339213773e+02 -2.041808703e-02 9.995857669e-01 -2.028231317e-02 9.253121418e-01 -9.957855034e-01 -1.851788041e-02 8.982338312e-02 2.122852795e+02
8.730872063e-02 1.972298873e-02 9.959861606e-01 -1.330926626e+02 -1.889041781e-02 9.996570066e-01 -1.813973501e-02 8.960833346e-01 -9.960023420e-01 -1.723083067e-02 8.765135231e-02 2.123591544e+02
8.478446191e-02 1.833864085e-02 9.962305337e-01 -1.322641342e+02 -2.041640620e-02 9.996526583e-01 -1.666409331e-02 8.692134329e-01 -9.961901133e-01 -1.892659091e-02 8.512941096e-02 2.124309154e+02
8.207526837e-02 1.861714999e-02 9.964522781e-01 -1.314647724e+02 -2.227273114e-02 9.996100738e-01 -1.684159832e-02 8.470401472e-01 -9.963772525e-01 -2.081143344e-02 8.245791385e-02 2.125019961e+02
7.921076185e-02 1.788588976e-02 9.966974111e-01 -1.306754186e+02 -2.729930349e-02 9.995029760e-01 -1.576667312e-02 8.209618346e-01 -9.964840109e-01 -2.596025609e-02 7.965965769e-02 2.125723707e+02
7.541061179e-02 1.768793579e-02 9.969957726e-01 -1.299064383e+02 -2.851275340e-02 9.994720688e-01 -1.557522496e-02 7.998050096e-01 -9.967449333e-01 -2.725255104e-02 7.587509077e-02 2.126315530e+02
6.998949454e-02 1.815088621e-02 9.973826812e-01 -1.291386526e+02 -2.786514412e-02 9.994798451e-01 -1.623366650e-02 7.797151808e-01 -9.971585568e-01 -2.665601806e-02 7.045886409e-02 2.126960377e+02
6.392237817e-02 2.088938997e-02 9.977362173e-01 -1.284081183e+02 -2.826194726e-02 9.994177743e-01 -1.911392876e-02 7.597230348e-01 -9.975546288e-01 -2.697616064e-02 6.447555899e-02 2.127478694e+02
5.716376547e-02 2.261368084e-02 9.981088139e-01 -1.277033895e+02 -2.780621243e-02 9.993916909e-01 -2.105022462e-02 7.313270342e-01 -9.979776662e-01 -2.655030574e-02 5.775777734e-02 2.127885894e+02
5.126749476e-02 2.320548918e-02 9.984153993e-01 -1.270126262e+02 -2.599394304e-02 9.994222916e-01 -2.189413257e-02 7.138613322e-01 -9.983467007e-01 -2.483029114e-02 5.184110397e-02 2.128233821e+02
4.595513512e-02 2.227422434e-02 9.986952355e-01 -1.263497675e+02 -2.347176235e-02 9.994994157e-01 -2.121210272e-02 6.871976335e-01 -9.986678168e-01 -2.246632792e-02 4.645492904e-02 2.128504586e+02
4.040474070e-02 2.311834856e-02 9.989159702e-01 -1.257135048e+02 -1.934741378e-02 9.995629830e-01 -2.235074832e-02 6.639728730e-01 -9.989961109e-01 -1.842336164e-02 4.083432203e-02 2.128687978e+02
3.467625122e-02 2.362932872e-02 9.991192561e-01 -1.250838524e+02 -1.676941456e-02 9.995934899e-01 -2.305853103e-02 6.333680823e-01 -9.992579269e-01 -1.595506059e-02 3.505837453e-02 2.128795765e+02
2.836157454e-02 2.586805056e-02 9.992631083e-01 -1.244496916e+02 -1.744058389e-02 9.995257408e-01 -2.537984281e-02 6.168470426e-01 -9.994457230e-01 -1.670791194e-02 2.879929017e-02 2.128979437e+02
2.219543223e-02 2.911025188e-02 9.993298024e-01 -1.238336179e+02 -1.519605289e-02 9.994703503e-01 -2.877683725e-02 5.948103144e-01 -9.996381803e-01 -1.454715308e-02 2.262604761e-02 2.129100283e+02
1.645522635e-02 3.018553214e-02 9.994090322e-01 -1.232245944e+02 -1.510494941e-02 9.994376347e-01 -2.993769768e-02 5.665717602e-01 -9.997506901e-01 -1.460338493e-02 1.690188465e-02 2.129245873e+02
1.175457752e-02 3.063383905e-02 9.994616796e-01 -1.226038243e+02 -1.526177102e-02 9.994196972e-01 -3.045306124e-02 5.330401742e-01 -9.998145630e-01 -1.489558474e-02 1.221526728e-02 2.129277148e+02
6.746840708e-03 3.121601660e-02 9.994900643e-01 -1.219946438e+02 -1.784062304e-02 9.993573369e-01 -3.109144244e-02 5.219836664e-01 -9.998182376e-01 -1.762174685e-02 7.299433982e-03 2.129320335e+02
3.046532904e-03 2.830986646e-02 9.995945243e-01 -1.213856159e+02 -1.663617368e-02 9.994623062e-01 -2.825541678e-02 5.148718581e-01 -9.998569892e-01 -1.654334661e-02 3.515836430e-03 2.129338406e+02
2.159835906e-03 1.970234677e-02 9.998036685e-01 -1.207776478e+02 -1.382620194e-02 9.997109166e-01 -1.967065105e-02 4.905785026e-01 -9.999022340e-01 -1.378099671e-02 2.431645615e-03 2.129269520e+02
8.907893034e-04 1.460156491e-02 9.998930296e-01 -1.201773241e+02 -1.225972078e-02 9.998183953e-01 -1.458955406e-02 4.718934959e-01 -9.999244861e-01 -1.224541082e-02 1.069592966e-03 2.129333188e+02
1.279563787e-03 1.086869343e-02 9.999402336e-01 -1.195885055e+02 -1.243687890e-02 9.998637847e-01 -1.085194562e-02 4.473733966e-01 -9.999219363e-01 -1.242224649e-02 1.414575443e-03 2.129396846e+02
3.392128679e-03 3.980344005e-03 9.999864631e-01 -1.189841847e+02 -1.663708502e-02 9.998539043e-01 -3.923379559e-03 4.410348212e-01 -9.998559479e-01 -1.662354743e-02 3.457828751e-03 2.129592043e+02
7.240922226e-03 -4.417931586e-04 9.999738384e-01 -1.183670042e+02 -1.654331091e-02 9.998630065e-01 5.615395241e-04 4.304149299e-01 -9.998370570e-01 -1.654693963e-02 7.232649124e-03 2.129453959e+02
1.263608260e-02 1.118908925e-03 9.999195870e-01 -1.177821233e+02 -1.126662445e-02 9.999360332e-01 -9.765497808e-04 4.170820331e-01 -9.998567832e-01 -1.125337615e-02 1.264785807e-02 2.129493110e+02
2.101077433e-02 4.360982122e-03 9.997697674e-01 -1.171946515e+02 -2.785888734e-03 9.999868705e-01 -4.303382354e-03 4.061933700e-01 -9.997753548e-01 -2.694828703e-03 2.102261574e-02 2.129545074e+02
3.274039230e-02 9.161864133e-03 9.994220023e-01 -1.166163900e+02 2.308436987e-03 9.999546461e-01 -9.242370114e-03 3.876162944e-01 -9.994613091e-01 2.609703350e-03 3.271776948e-02 2.129760238e+02
4.916033762e-02 1.775515683e-02 9.986331823e-01 -1.160474132e+02 7.621933930e-03 9.998061989e-01 -1.815122385e-02 3.804985369e-01 -9.987619501e-01 8.503840601e-03 4.901547461e-02 2.130007976e+02
6.938909636e-02 1.974605878e-02 9.973943690e-01 -1.154734747e+02 1.138230412e-02 9.997233139e-01 -2.058404380e-02 3.728860292e-01 -9.975249216e-01 1.278095775e-02 6.914511985e-02 2.130535128e+02
9.242145209e-02 1.750524060e-02 9.955660866e-01 -1.148843865e+02 1.527463680e-02 9.997028880e-01 -1.899596932e-02 3.528894454e-01 -9.956027809e-01 1.696254650e-02 9.212662942e-02 2.131079399e+02
1.161681264e-01 1.815014678e-02 9.930637030e-01 -1.143185217e+02 1.414456292e-02 9.997014189e-01 -1.992608789e-02 3.304410486e-01 -9.931288139e-01 1.636122900e-02 1.158767310e-01 2.131909846e+02
1.425389883e-01 2.245728078e-02 9.895345150e-01 -1.137492203e+02 1.427633665e-02 9.995919522e-01 -2.474199278e-02 3.159232925e-01 -9.896863078e-01 1.765362876e-02 1.421602454e-01 2.132789234e+02
1.725701894e-01 2.218880236e-02 9.847473325e-01 -1.132034356e+02 1.394219549e-02 9.995910464e-01 -2.496654431e-02 2.963322284e-01 -9.848986044e-01 1.803802080e-02 1.721902974e-01 2.133895772e+02
2.072128536e-01 1.902000508e-02 9.781110048e-01 -1.126566629e+02 1.380129224e-02 9.996546342e-01 -2.236273902e-02 2.711131278e-01 -9.781985765e-01 1.813304353e-02 2.068787801e-01 2.134994788e+02
2.445455968e-01 1.623372958e-02 9.695019625e-01 -1.121069338e+02 1.265795440e-02 9.997212159e-01 -1.993255622e-02 2.535558293e-01 -9.695552209e-01 1.714632997e-02 2.442719679e-01 2.136353798e+02
2.824019298e-01 1.282553631e-02 9.592104550e-01 -1.115728873e+02 7.176573576e-03 9.998543658e-01 -1.548184534e-02 2.450555325e-01 -9.592693395e-01 1.125594629e-02 2.822687652e-01 2.138369261e+02
3.232661044e-01 8.047932830e-03 9.462739865e-01 -1.110830722e+02 3.210829930e-03 9.999487270e-01 -9.601315189e-03 2.214055089e-01 -9.463027308e-01 6.142106636e-03 3.232236890e-01 2.140444742e+02
3.676342477e-01 8.655723170e-03 9.299301853e-01 -1.105809743e+02 2.563134534e-03 9.999434611e-01 -1.032070046e-02 2.174813754e-01 -9.299669100e-01 6.177779548e-03 3.675913263e-01 2.142676628e+02
4.127011993e-01 7.457950683e-03 9.108359693e-01 -1.100968880e+02 2.232647978e-03 9.999552218e-01 -9.199278412e-03 1.947077369e-01 -9.108637736e-01 5.830130319e-03 4.126660710e-01 2.145167567e+02
4.606183185e-01 7.650774255e-03 8.875654426e-01 -1.096006569e+02 2.005113357e-03 9.999513146e-01 -9.660125971e-03 1.836577371e-01 -8.875961836e-01 6.229302981e-03 4.605805570e-01 2.147823633e+02
5.073077120e-01 1.042649800e-02 8.617020018e-01 -1.091367110e+02 9.365993222e-04 9.999195269e-01 -1.265031892e-02 1.858997319e-01 -8.617645353e-01 7.224674835e-03 5.072571646e-01 2.150882466e+02
5.534744303e-01 1.386087356e-02 8.327508181e-01 -1.087414431e+02 2.024667799e-03 9.998361826e-01 -1.798761786e-02 1.652993807e-01 -8.328637118e-01 1.164173032e-02 5.533556368e-01 2.153838781e+02
5.987049744e-01 1.793469228e-02 8.007688465e-01 -1.083286058e+02 1.942557140e-03 9.997138235e-01 -2.384280971e-02 1.542361358e-01 -8.009673139e-01 1.583035030e-02 5.984988070e-01 2.157239364e+02
6.425841111e-01 2.119288350e-02 7.659220394e-01 -1.079309583e+02 -2.844756811e-04 9.996239304e-01 -2.742069662e-02 1.417606720e-01 -7.662151284e-01 1.740221791e-02 6.423485189e-01 2.160883190e+02
6.837481712e-01 2.107527075e-02 7.294135838e-01 -1.075552635e+02 8.472809388e-04 9.995592552e-01 -2.967494406e-02 1.338576014e-01 -7.297175257e-01 2.090820871e-02 6.834289821e-01 2.164781638e+02
7.227200870e-01 1.473095935e-02 6.909839238e-01 -1.071813033e+02 6.791819875e-03 9.995731802e-01 -2.841348294e-02 1.207084915e-01 -6.911075266e-01 2.522803379e-02 7.223115109e-01 2.168823509e+02
7.580436041e-01 6.567737582e-03 6.521708373e-01 -1.069117108e+02 1.078172242e-02 9.996864897e-01 -2.259943796e-02 9.355679034e-02 -6.521147967e-01 2.416288392e-02 7.577351122e-01 2.172523856e+02
7.908651013e-01 2.437815581e-03 6.119856883e-01 -1.065918246e+02 1.122199786e-02 9.997661419e-01 -1.848463735e-02 7.674275067e-02 -6.118876119e-01 2.148655677e-02 7.906528172e-01 2.176983854e+02
8.208099477e-01 3.862367657e-03 5.711883070e-01 -1.063109229e+02 7.833956212e-03 9.998069815e-01 -1.801824310e-02 6.602686398e-02 -5.711476207e-01 1.926421888e-02 8.206212876e-01 2.181569770e+02
8.489069207e-01 5.901909034e-04 5.285420541e-01 -1.060593865e+02 1.138281784e-02 9.997470433e-01 -1.939863474e-02 4.842871771e-02 -5.284198048e-01 2.248393300e-02 8.486854377e-01 2.185988585e+02
8.740355864e-01 9.594080363e-04 4.858610068e-01 -1.058352028e+02 1.078684845e-02 9.997132287e-01 -2.137900375e-02 3.729838339e-02 -4.857422133e-01 2.392691951e-02 8.737746344e-01 2.190618161e+02
8.963944720e-01 1.788257291e-03 4.432536389e-01 -1.056247806e+02 8.562168775e-03 9.997354315e-01 -2.134864507e-02 2.475744371e-02 -4.431745450e-01 2.293201990e-02 8.961419889e-01 2.195342422e+02
9.158997394e-01 5.807263534e-03 4.013651314e-01 -1.054554221e+02 2.669744302e-03 9.997850985e-01 -2.055792512e-02 7.425453779e-03 -4.013982414e-01 1.990054178e-02 9.156874383e-01 2.199963040e+02
9.332076493e-01 1.072982952e-02 3.591773181e-01 -1.052969530e+02 -4.460307976e-03 9.998229405e-01 -1.827937807e-02 -8.563642013e-03 -3.593098611e-01 1.545641412e-02 9.330902973e-01 2.204569694e+02
9.471939022e-01 1.422008802e-02 3.203459774e-01 -1.051414018e+02 -9.493292173e-03 9.998218567e-01 -1.631226140e-02 -1.439529315e-02 -3.205208565e-01 1.240973780e-02 9.471601479e-01 2.209611082e+02
9.577558921e-01 1.932946652e-02 2.869320993e-01 -1.050253556e+02 -1.628060602e-02 9.997828552e-01 -1.300803562e-02 -2.372881001e-02 -2.871212366e-01 7.787095304e-03 9.578626158e-01 2.214533690e+02
9.654037906e-01 2.689939518e-02 2.593683662e-01 -1.049173642e+02 -2.515471395e-02 9.996330908e-01 -1.004389421e-02 -3.523270597e-02 -2.595433810e-01 3.172078383e-03 9.657262720e-01 2.219517054e+02
9.704141883e-01 3.892700586e-02 2.382875878e-01 -1.048270921e+02 -3.796809982e-02 9.992417970e-01 -8.614424392e-03 -4.512925949e-02 -2.384422594e-01 -6.877668317e-04 9.711564192e-01 2.224561747e+02
9.737006233e-01 4.759108122e-02 2.228052055e-01 -1.047321029e+02 -4.736681032e-02 9.988573280e-01 -6.353562018e-03 -6.234169665e-02 -2.228529957e-01 -4.367103816e-03 9.748422971e-01 2.229638141e+02
9.759483443e-01 4.897205327e-02 2.124302494e-01 -1.046139694e+02 -4.860112523e-02 9.987939420e-01 -6.970780934e-03 -5.963314645e-02 -2.125154286e-01 -3.521226461e-03 9.771513410e-01 2.235149665e+02
9.775116852e-01 4.973824628e-02 2.049316150e-01 -1.045130457e+02 -4.910370616e-02 9.987601771e-01 -8.183857249e-03 -6.475573772e-02 -2.050845803e-01 -2.063084495e-03 9.787420764e-01 2.240136906e+02
9.783952848e-01 4.854695983e-02 2.009624409e-01 -1.044118304e+02 -4.755840734e-02 9.988209001e-01 -9.747081310e-03 -7.070012159e-02 -2.011986794e-01 -2.095538600e-05 9.795504383e-01 2.245034227e+02
9.781947341e-01 5.291618835e-02 2.008354680e-01 -1.043187795e+02 -5.203045085e-02 9.985985060e-01 -9.690071803e-03 -8.583754515e-02 -2.010667608e-01 -9.707828445e-04 9.795770775e-01 2.250062403e+02
9.777326027e-01 5.546850623e-02 2.023912703e-01 -1.042179971e+02 -5.446687003e-02 9.984601389e-01 -1.051952820e-02 -9.734881659e-02 -2.026631225e-01 -7.383322630e-04 9.792482283e-01 2.255070723e+02
9.770183970e-01 5.191906905e-02 2.067352487e-01 -1.041084680e+02 -5.035738055e-02 9.986490768e-01 -1.281273638e-02 -1.082474396e-01 -2.071211859e-01 2.107633112e-03 9.783130032e-01 2.259875388e+02
9.750989513e-01 4.744656322e-02 2.166354302e-01 -1.039671488e+02 -4.514856517e-02 9.988593131e-01 -1.554741963e-02 -1.192350762e-01 -2.171259832e-01 5.379492666e-03 9.761287785e-01 2.264942240e+02
9.714922031e-01 4.349254537e-02 2.330478678e-01 -1.038374291e+02 -4.096152482e-02 9.990374988e-01 -1.569155490e-02 -1.296916706e-01 -2.335060212e-01 5.698227561e-03 9.723386628e-01 2.269638963e+02
9.662597270e-01 4.287462650e-02 2.539762428e-01 -1.037065077e+02 -4.062175352e-02 9.990749534e-01 -1.411077865e-02 -1.411203084e-01 -2.543462927e-01 3.317718162e-03 9.671075466e-01 2.274269680e+02
9.585482098e-01 4.483341406e-02 2.813811604e-01 -1.035601807e+02 -4.334859084e-02 9.989937649e-01 -1.150251583e-02 -1.456350851e-01 -2.816137148e-01 -1.171759648e-03 9.595271587e-01 2.278811224e+02
9.481772336e-01 4.281660945e-02 3.148439685e-01 -1.033980397e+02 -4.345461604e-02 9.990429173e-01 -4.995977943e-03 -1.598084688e-01 -3.147565170e-01 -8.944350793e-03 9.491302791e-01 2.283062114e+02
9.357694321e-01 3.667764912e-02 3.506997250e-01 -1.031984653e+02 -4.014784933e-02 9.991903196e-01 2.626693107e-03 -1.613577088e-01 -3.503194293e-01 -1.653781659e-02 9.364842794e-01 2.287317342e+02
9.204475426e-01 1.558682731e-02 3.905553174e-01 -1.029922805e+02 -1.887492622e-02 9.998113606e-01 4.581914026e-03 -1.858008287e-01 -3.904102115e-01 -1.158911446e-02 9.205680447e-01 2.290920291e+02
9.012590382e-01 5.169363928e-03 4.332498378e-01 -1.027663420e+02 -5.575832577e-03 9.999843857e-01 -3.324030572e-04 -1.980113651e-01 -4.332448121e-01 -2.116147122e-03 9.012738095e-01 2.294353308e+02
8.776361006e-01 6.092314341e-03 4.792887904e-01 -1.025390264e+02 -1.698863619e-03 9.999524823e-01 -9.599725359e-03 -2.163099241e-01 -4.793244909e-01 7.610819394e-03 8.776047657e-01 2.297599636e+02
8.496573814e-01 1.808442300e-02 5.270249287e-01 -1.023161961e+02 -9.314741120e-03 9.997705537e-01 -1.928928849e-02 -2.264324939e-01 -5.272528282e-01 1.148018663e-02 8.496308965e-01 2.300796675e+02
8.172314994e-01 3.175477259e-02 5.754340608e-01 -1.020770609e+02 -2.169679569e-02 9.994682157e-01 -2.434089846e-02 -2.340534957e-01 -5.759009928e-01 7.407075320e-03 8.174859349e-01 2.303904259e+02
7.801977180e-01 3.583057318e-02 6.245059819e-01 -1.018145200e+02 -2.759755031e-02 9.993576759e-01 -2.285968970e-02 -2.370222178e-01 -6.249239763e-01 6.002434557e-04 7.806854107e-01 2.306795837e+02
7.411188058e-01 2.746404576e-02 6.708119218e-01 -1.015110589e+02 -2.124945457e-02 9.996219436e-01 -1.744943918e-02 -2.439975121e-01 -6.710375617e-01 -1.322278672e-03 7.414222012e-01 2.309396172e+02
7.002769639e-01 1.490511739e-02 7.137155775e-01 -1.012025289e+02 -9.173505295e-03 9.998873202e-01 -1.188070269e-02 -2.540776527e-01 -7.138122761e-01 1.772509195e-03 7.003347967e-01 2.311423005e+02
6.561402739e-01 1.025221271e-02 7.545693270e-01 -1.008811167e+02 -3.800302383e-03 9.999399363e-01 -1.028144926e-02 -2.696179713e-01 -7.546293525e-01 3.878479520e-03 6.561398313e-01 2.313548710e+02
6.103206100e-01 1.032434219e-02 7.920872904e-01 -1.005572293e+02 -3.829102204e-04 9.999187978e-01 -1.273824980e-02 -2.804309368e-01 -7.921544795e-01 7.471117877e-03 6.102749876e-01 2.315398577e+02
5.628654290e-01 1.187772216e-02 8.264632577e-01 -1.002250331e+02 2.304861781e-03 9.998702818e-01 -1.593961759e-02 -2.922093875e-01 -8.265453720e-01 1.087674366e-02 5.627649785e-01 2.317149782e+02
5.167916280e-01 1.332817907e-02 8.560074932e-01 -9.988911063e+01 5.392486353e-03 9.998082999e-01 -1.882275116e-02 -2.989339907e-01 -8.560942651e-01 1.434344905e-02 5.166206561e-01 2.318613853e+02
4.724837734e-01 1.597366530e-02 8.811946266e-01 -9.957492936e+01 3.555216055e-03 9.997930481e-01 -2.002978824e-02 -3.046234694e-01 -8.813322233e-01 1.259658950e-02 4.723292364e-01 2.320053507e+02
4.321105430e-01 1.694781112e-02 9.016614431e-01 -9.922923122e+01 5.199857061e-04 9.998185333e-01 -1.904198990e-02 -3.072985943e-01 -9.018205326e-01 8.697097054e-03 4.320233218e-01 2.321405047e+02
3.916745718e-01 1.797697533e-02 9.199282880e-01 -9.886816525e+01 -2.650717964e-03 9.998270377e-01 -1.840974837e-02 -3.050860116e-01 -9.201000982e-01 4.772162317e-03 3.916544667e-01 2.322633226e+02
3.506242534e-01 1.695907848e-02 9.363626945e-01 -9.848698264e+01 -3.150826141e-03 9.998517225e-01 -1.692913103e-02 -3.145733981e-01 -9.365109652e-01 2.985450708e-03 3.506257289e-01 2.323766581e+02
3.113004577e-01 1.324638233e-02 9.502192502e-01 -9.808420725e+01 -3.363200435e-04 9.999043029e-01 -1.382882852e-02 -3.238862154e-01 -9.503115369e-01 3.985342666e-03 3.112751117e-01 2.324811406e+02
2.752534239e-01 9.433823347e-03 9.613253765e-01 -9.767363398e+01 3.591232597e-03 9.999347906e-01 -1.084097733e-02 -3.360402875e-01 -9.613649967e-01 6.436359602e-03 2.752015982e-01 2.325633915e+02
2.412649961e-01 9.043905790e-03 9.704172399e-01 -9.725615113e+01 6.690060513e-03 9.999173021e-01 -1.098211917e-02 -3.450563102e-01 -9.704363162e-01 9.141751611e-03 2.411845147e-01 2.326393823e+02
2.123195969e-01 1.084372498e-02 9.771401609e-01 -9.682899539e+01 9.222225594e-03 9.998716497e-01 -1.309985376e-02 -3.558382693e-01 -9.771568027e-01 1.179276284e-02 2.121923406e-01 2.327065681e+02
1.894593542e-01 1.442657229e-02 9.817826769e-01 -9.638292453e+01 1.135546725e-02 9.997930005e-01 -1.688254309e-02 -3.615655122e-01 -9.818229926e-01 1.434715820e-02 1.892562969e-01 2.327722558e+02
1.707419028e-01 1.858030445e-02 9.851406276e-01 -9.592258919e+01 1.046510990e-02 9.997315889e-01 -2.066928254e-02 -3.710180767e-01 -9.852602401e-01 1.383871748e-02 1.705016311e-01 2.328424883e+02
1.545620919e-01 2.265972097e-02 9.877232472e-01 -9.544860329e+01 9.179952068e-03 9.996608608e-01 -2.437009627e-02 -3.807855289e-01 -9.879404609e-01 1.283394499e-02 1.543016265e-01 2.329077683e+02
1.394356753e-01 2.691446598e-02 9.898653994e-01 -9.496179945e+01 7.797433736e-03 9.995697225e-01 -2.827670395e-02 -3.917731856e-01 -9.902005230e-01 1.166119343e-02 1.391657792e-01 2.329683389e+02
1.239497445e-01 2.972329399e-02 9.918433175e-01 -9.444975016e+01 7.405831118e-03 9.994957423e-01 -3.087812037e-02 -4.071675990e-01 -9.922609497e-01 1.117276215e-02 1.236671054e-01 2.330280908e+02
1.101687216e-01 3.079742684e-02 9.934355967e-01 -9.393063055e+01 1.039265731e-02 9.994294902e-01 -3.213575069e-02 -4.220107240e-01 -9.938585255e-01 1.386478991e-02 1.097858094e-01 2.330632592e+02
9.866713814e-02 2.974900952e-02 9.946758492e-01 -9.338801991e+01 1.476853004e-02 9.993992074e-01 -3.135525330e-02 -4.387132298e-01 -9.950110185e-01 1.778363566e-02 9.816850125e-02 2.331041351e+02
9.136898616e-02 2.798832659e-02 9.954237679e-01 -9.282261714e+01 1.830022634e-02 9.993889489e-01 -2.977958106e-02 -4.537951037e-01 -9.956489979e-01 2.093741042e-02 9.080096418e-02 2.331425806e+02
8.817375702e-02 2.593568377e-02 9.957674910e-01 -9.224147155e+01 2.017303241e-02 9.994094495e-01 -2.781683792e-02 -4.675829040e-01 -9.959009029e-01 2.254036588e-02 8.759845144e-02 2.331883322e+02
8.793235802e-02 2.259666859e-02 9.958702131e-01 -9.164497523e+01 2.071169535e-02 9.994850579e-01 -2.450747846e-02 -4.899442771e-01 -9.959112214e-01 2.278116381e-02 8.741905444e-02 2.332362958e+02
8.711560690e-02 1.960604929e-02 9.960054536e-01 -9.103205431e+01 2.010123468e-02 9.995681486e-01 -2.143434459e-02 -5.064788434e-01 -9.959955373e-01 2.188820834e-02 8.668387816e-02 2.332898223e+02
8.518903038e-02 1.897298534e-02 9.961841689e-01 -9.040484804e+01 1.924835137e-02 9.996007801e-01 -2.068408870e-02 -5.242845094e-01 -9.961789007e-01 2.093696198e-02 8.478983334e-02 2.333457044e+02
8.390096168e-02 1.892056174e-02 9.962946256e-01 -8.977116627e+01 1.861749049e-02 9.996154572e-01 -2.055146852e-02 -5.386106628e-01 -9.963003339e-01 2.027279417e-02 8.351646529e-02 2.333938143e+02
8.280231821e-02 1.958738752e-02 9.963736066e-01 -8.910892822e+01 1.835827141e-02 9.996071793e-01 -2.117660149e-02 -5.507129689e-01 -9.963970213e-01 2.004517095e-02 8.241020861e-02 2.334429122e+02
8.035231789e-02 2.132759147e-02 9.965384042e-01 -8.843648995e+01 1.854649384e-02 9.995660100e-01 -2.288782131e-02 -5.680940255e-01 -9.965940582e-01 2.032138440e-02 7.992187359e-02 2.334968791e+02
7.767598577e-02 2.403976490e-02 9.966888207e-01 -8.775422238e+01 1.770193780e-02 9.995183743e-01 -2.548759974e-02 -5.832558107e-01 -9.968215297e-01 1.962310100e-02 7.721305008e-02 2.335509884e+02
7.524300533e-02 2.584111242e-02 9.968303450e-01 -8.705406225e+01 1.726430825e-02 9.994805800e-01 -2.721296447e-02 -6.045386202e-01 -9.970157963e-01 1.925717101e-02 7.475779900e-02 2.336022232e+02
7.258323183e-02 2.696060743e-02 9.969980107e-01 -8.633951003e+01 1.701342423e-02 9.994556532e-01 -2.826567672e-02 -6.270987490e-01 -9.972173718e-01 1.901396532e-02 7.208499573e-02 2.336487839e+02
7.045056753e-02 2.694559608e-02 9.971512555e-01 -8.559926449e+01 1.492309733e-02 9.994947611e-01 -2.806326482e-02 -6.457481763e-01 -9.974036060e-01 1.685765693e-02 7.001286697e-02 2.337108133e+02
6.838915658e-02 2.660089661e-02 9.973041177e-01 -8.484948677e+01 1.411758397e-02 9.995185758e-01 -2.762806616e-02 -6.651835847e-01 -9.975589144e-01 1.596898770e-02 6.798065964e-02 2.337635409e+02
6.594819683e-02 2.485969202e-02 9.975134783e-01 -8.409339520e+01 1.435577272e-02 9.995624960e-01 -2.585985944e-02 -6.930967919e-01 -9.977199391e-01 1.602549092e-02 6.556242573e-02 2.338142413e+02
6.354383346e-02 2.375465387e-02 9.976963525e-01 -8.332495333e+01 1.473384039e-02 9.995853867e-01 -2.473803915e-02 -7.153413456e-01 -9.978703155e-01 1.627184983e-02 6.316748030e-02 2.338672220e+02
6.081022364e-02 2.267128280e-02 9.978919711e-01 -8.252533767e+01 1.589607238e-02 9.995932374e-01 -2.367862359e-02 -7.388376476e-01 -9.980229024e-01 1.730246745e-02 6.042510314e-02 2.339109618e+02
5.794083120e-02 2.195377239e-02 9.980785421e-01 -8.173791063e+01 1.645259553e-02 9.996014118e-01 -2.294237969e-02 -7.636688811e-01 -9.981844179e-01 1.775028101e-02 5.755656550e-02 2.339573014e+02
5.574170616e-02 2.223954484e-02 9.981976808e-01 -8.094054883e+01 1.664122876e-02 9.995923158e-01 -2.319991085e-02 -7.890172498e-01 -9.983067363e-01 1.790444283e-02 5.534888875e-02 2.339994550e+02
5.401152427e-02 2.206640639e-02 9.982965237e-01 -8.013529908e+01 1.974397585e-02 9.995367460e-01 -2.316204451e-02 -8.120796075e-01 -9.983451286e-01 2.096135980e-02 5.355084489e-02 2.340372973e+02
5.228462420e-02 2.234406423e-02 9.983822886e-01 -7.931641917e+01 2.088597807e-02 9.995065241e-01 -2.346301471e-02 -8.319365992e-01 -9.984138996e-01 2.207894679e-02 5.179210734e-02 2.340770985e+02
5.067707508e-02 2.320937433e-02 9.984453731e-01 -7.848501683e+01 2.119335040e-02 9.994798405e-01 -2.430910968e-02 -8.550774806e-01 -9.984901851e-01 2.239231551e-02 5.015880891e-02 2.341220114e+02
4.931618406e-02 2.530139282e-02 9.984627365e-01 -7.764750852e+01 2.084655206e-02 9.994352684e-01 -2.635569508e-02 -8.787735701e-01 -9.985657217e-01 2.211426928e-02 4.876090096e-02 2.341628944e+02
4.764633117e-02 2.847197773e-02 9.984583915e-01 -7.681881137e+01 1.951493546e-02 9.993763354e-01 -2.942940425e-02 -9.096405901e-01 -9.986736249e-01 2.088705446e-02 4.706103493e-02 2.342026638e+02
4.575129721e-02 3.073080016e-02 9.984801303e-01 -7.599441497e+01 1.790327821e-02 9.993409175e-01 -3.157764292e-02 -9.378372893e-01 -9.987925082e-01 1.932078685e-02 4.517097765e-02 2.342394430e+02
4.380414874e-02 3.224266841e-02 9.985196708e-01 -7.512499321e+01 1.585878846e-02 9.993306793e-01 -3.296456621e-02 -9.743351479e-01 -9.989142517e-01 1.727929719e-02 4.326349680e-02 2.342855702e+02
4.273523406e-02 3.162945570e-02 9.985857069e-01 -7.426136448e+01 1.690017608e-02 9.993328499e-01 -3.237638396e-02 -1.006212046e+00 -9.989435682e-01 1.825988808e-02 4.217223292e-02 2.343168100e+02
4.227514366e-02 2.996469929e-02 9.986565793e-01 -7.338666109e+01 1.731316577e-02 9.993780678e-01 -3.071925154e-02 -1.037677729e+00 -9.989559691e-01 1.858856705e-02 4.173003941e-02 2.343557446e+02
4.387750032e-02 2.685370510e-02 9.986759315e-01 -7.250867943e+01 1.982563878e-02 9.994184396e-01 -2.774472432e-02 -1.062694737e+00 -9.988401637e-01 2.101675748e-02 4.331959770e-02 2.343884067e+02
4.584723356e-02 2.416500325e-02 9.986563037e-01 -7.162385353e+01 2.220167098e-02 9.994358068e-01 -2.520312625e-02 -1.101517604e+00 -9.987018666e-01 2.332733240e-02 4.528487815e-02 2.344289781e+02
4.915353688e-02 2.311488447e-02 9.985237574e-01 -7.073730263e+01 2.516547301e-02 9.993861121e-01 -2.437364958e-02 -1.129801742e+00 -9.984741939e-01 2.632637612e-02 4.854164282e-02 2.344666986e+02
5.223745487e-02 2.278132443e-02 9.983749432e-01 -6.986111161e+01 2.625059228e-02 9.993629965e-01 -2.417737315e-02 -1.161968655e+00 -9.982897205e-01 2.747089769e-02 5.160619306e-02 2.345189292e+02
5.602364138e-02 2.336563400e-02 9.981560831e-01 -6.896585991e+01 2.737502632e-02 9.993143324e-01 -2.492923397e-02 -1.196566341e+00 -9.980541328e-01 2.872117343e-02 5.534559028e-02 2.345637030e+02
5.923286795e-02 2.560577816e-02 9.979157491e-01 -6.809719035e+01 2.704452251e-02 9.992628542e-01 -2.724561480e-02 -1.223421284e+00 -9.978777925e-01 2.860199024e-02 5.849666518e-02 2.346089332e+02
6.204651325e-02 2.782263775e-02 9.976854759e-01 -6.722023039e+01 2.586706576e-02 9.992307847e-01 -2.947442092e-02 -1.258185469e+00 -9.977381470e-01 2.763598380e-02 6.127907628e-02 2.346633131e+02
6.391974103e-02 2.784845314e-02 9.975664339e-01 -6.634453427e+01 2.599099015e-02 9.992250186e-01 -2.956014746e-02 -1.294057545e+00 -9.976165203e-01 2.781721750e-02 6.314642751e-02 2.347210792e+02
6.524675692e-02 2.901313265e-02 9.974473019e-01 -6.546657349e+01 2.324670639e-02 9.992617622e-01 -3.058656288e-02 -1.330183897e+00 -9.975983273e-01 2.518303730e-02 6.452415357e-02 2.347805006e+02
6.622052825e-02 2.858723668e-02 9.973954499e-01 -6.459115442e+01 2.190907295e-02 9.993068541e-01 -3.009664159e-02 -1.365529706e+00 -9.975644390e-01 2.384502267e-02 6.554826045e-02 2.348478733e+02
6.804570066e-02 2.489603067e-02 9.973716019e-01 -6.372025152e+01 2.031308945e-02 9.994467845e-01 -2.633369824e-02 -1.397099312e+00 -9.974754221e-01 2.205159478e-02 6.750232948e-02 2.349049288e+02
6.981509873e-02 1.617492152e-02 9.974288239e-01 -6.284860448e+01 1.829529505e-02 9.996795914e-01 -1.749200324e-02 -1.429468159e+00 -9.973921447e-01 1.946945952e-02 6.949677285e-02 2.349732251e+02
7.154622895e-02 1.176541861e-02 9.973679020e-01 -6.198023031e+01 2.323623107e-02 9.996393997e-01 -1.345906725e-02 -1.455473192e+00 -9.971665719e-01 2.413801742e-02 7.124709992e-02 2.350288530e+02
7.367398106e-02 1.544781148e-02 9.971629012e-01 -6.112294682e+01 2.339916449e-02 9.995779625e-01 -1.721404862e-02 -1.480768580e+00 -9.970080274e-01 2.460100823e-02 7.328139582e-02 2.350911486e+02
7.419009227e-02 2.613919587e-02 9.969015201e-01 -6.028293216e+01 2.030596585e-02 9.994095591e-01 -2.771614144e-02 -1.501518731e+00 -9.970373762e-01 2.229931146e-02 7.361549588e-02 2.351682314e+02
7.583675539e-02 3.420495747e-02 9.965335542e-01 -5.942108600e+01 2.112497910e-02 9.991320220e-01 -3.590177993e-02 -1.537708159e+00 -9.968965938e-01 2.377442984e-02 7.504831378e-02 2.352296961e+02
7.676889723e-02 3.423163035e-02 9.964611265e-01 -5.858055977e+01 2.408433692e-02 9.990551934e-01 -3.617623996e-02 -1.576801747e+00 -9.967579692e-01 2.677631375e-02 7.587192296e-02 2.352852639e+02
7.650514862e-02 2.735962844e-02 9.966938296e-01 -5.771795798e+01 2.597564846e-02 9.992294484e-01 -2.942310308e-02 -1.608748226e+00 -9.967308599e-01 2.814079012e-02 7.573551588e-02 2.353487930e+02
7.581555198e-02 1.843944748e-02 9.969514729e-01 -5.686160884e+01 2.411513779e-02 9.995026687e-01 -2.032053091e-02 -1.643019243e+00 -9.968303205e-01 2.558223437e-02 7.533317749e-02 2.354142992e+02
7.522290206e-02 1.623904061e-02 9.970344667e-01 -5.601371226e+01 2.409121457e-02 9.995459584e-01 -1.809754521e-02 -1.675454789e+00 -9.968756894e-01 2.538112353e-02 7.479753710e-02 2.354794376e+02
7.521762869e-02 2.016307318e-02 9.969633045e-01 -5.519086430e+01 2.692662762e-02 9.993899182e-01 -2.224367615e-02 -1.703560047e+00 -9.968035451e-01 2.851797549e-02 7.462881146e-02 2.355362815e+02
7.580400299e-02 2.416440405e-02 9.968299156e-01 -5.435689170e+01 2.965090796e-02 9.992095792e-01 -2.647689676e-02 -1.731088359e+00 -9.966818141e-01 3.156396580e-02 7.502754574e-02 2.355950215e+02
7.671525703e-02 2.420834947e-02 9.967590770e-01 -5.352881837e+01 3.118202735e-02 9.991579456e-01 -2.666652203e-02 -1.758689907e+00 -9.965653158e-01 3.312669734e-02 7.589580096e-02 2.356561490e+02
7.812917416e-02 2.052242450e-02 9.967319587e-01 -5.269850715e+01 3.030937564e-02 9.992770721e-01 -2.295063406e-02 -1.791573811e+00 -9.964823575e-01 3.200343557e-02 7.745065134e-02 2.357205947e+02
7.921413208e-02 1.865965686e-02 9.966830343e-01 -5.187605414e+01 2.933214692e-02 9.993482665e-01 -2.104081051e-02 -1.823647896e+00 -9.964260143e-01 3.090157975e-02 7.861516925e-02 2.357869804e+02
8.052127822e-02 1.972217485e-02 9.965577357e-01 -5.105950673e+01 2.892645000e-02 9.993369000e-01 -2.211441588e-02 -1.847591778e+00 -9.963330624e-01 3.060755991e-02 7.989738124e-02 2.358553836e+02
8.180035280e-02 2.253188484e-02 9.963941633e-01 -5.025143309e+01 2.882403269e-02 9.992727636e-01 -2.496333785e-02 -1.876664592e+00 -9.962319786e-01 3.076210758e-02 8.109138870e-02 2.359224836e+02
8.304200542e-02 2.459457717e-02 9.962425811e-01 -4.944487041e+01 2.991567379e-02 9.991833353e-01 -2.716080682e-02 -1.904145111e+00 -9.960969682e-01 3.205875524e-02 8.223838295e-02 2.359882919e+02
8.416079980e-02 2.455897944e-02 9.961496384e-01 -4.863952413e+01 3.009553278e-02 9.991775416e-01 -2.717628969e-02 -1.930559272e+00 -9.959977261e-01 3.226683316e-02 8.335245484e-02 2.360587707e+02
8.513939350e-02 2.289619982e-02 9.961059670e-01 -4.784053591e+01 3.090009586e-02 9.991944000e-01 -2.560829177e-02 -1.961530969e+00 -9.958898218e-01 3.296004668e-02 8.436332671e-02 2.361217480e+02
8.641209460e-02 2.082919119e-02 9.960417134e-01 -4.704773149e+01 3.070706574e-02 9.992507389e-01 -2.356030508e-02 -1.989416196e+00 -9.957861195e-01 3.262141263e-02 8.570772067e-02 2.361910718e+02
8.766283671e-02 1.985149078e-02 9.959524260e-01 -4.625554511e+01 3.076767969e-02 9.992704347e-01 -2.262577092e-02 -2.019943314e+00 -9.956749773e-01 3.262658670e-02 8.698808263e-02 2.362638171e+02
8.892858130e-02 1.941663969e-02 9.958489136e-01 -4.547949571e+01 3.143924548e-02 9.992570939e-01 -2.229059942e-02 -2.046695579e+00 -9.955418744e-01 3.329100883e-02 8.825206337e-02 2.363374468e+02
9.023053281e-02 1.947280658e-02 9.957304266e-01 -4.472027934e+01 3.037439142e-02 9.992899193e-01 -2.229486222e-02 -2.077331236e+00 -9.954575111e-01 3.225638243e-02 8.957495914e-02 2.364079391e+02
9.119059630e-02 1.949320670e-02 9.956426624e-01 -4.396686414e+01 2.805034685e-02 9.993613990e-01 -2.213513821e-02 -2.103446019e+00 -9.954383297e-01 2.994664074e-02 9.058551823e-02 2.364711135e+02
9.209797405e-02 1.985420207e-02 9.955520893e-01 -4.323454407e+01 2.532437427e-02 9.994311210e-01 -2.227430857e-02 -2.126093988e+00 -9.954279120e-01 2.726315192e-02 9.154279739e-02 2.365463329e+02
9.294146340e-02 2.075252723e-02 9.954553850e-01 -4.251871251e+01 2.210429105e-02 9.994933818e-01 -2.290049524e-02 -2.153169719e+00 -9.954262865e-01 2.413224188e-02 9.243565515e-02 2.366268299e+02
9.386510368e-02 2.152564835e-02 9.953522483e-01 -4.181217265e+01 1.852613801e-02 9.995553488e-01 -2.336362427e-02 -2.184412740e+00 -9.954125777e-01 2.063306043e-02 9.342458792e-02 2.366985032e+02
9.334631916e-02 2.326823096e-02 9.953618141e-01 -4.112745813e+01 1.487299889e-02 9.995827333e-01 -2.476171290e-02 -2.208589636e+00 -9.955226506e-01 1.711543089e-02 9.296127839e-02 2.367745713e+02
9.328992191e-02 2.426273759e-02 9.953432840e-01 -4.042995221e+01 1.261268062e-02 9.995940325e-01 -2.554849499e-02 -2.238649689e+00 -9.955590957e-01 1.493736467e-02 9.294603800e-02 2.368382701e+02
9.262385277e-02 2.472697951e-02 9.953941751e-01 -3.973452029e+01 1.135314512e-02 9.996003557e-01 -2.588790912e-02 -2.263341966e+00 -9.956364858e-01 1.369869528e-02 9.230613396e-02 2.369044881e+02
9.207201500e-02 2.514540268e-02 9.954348901e-01 -3.905787187e+01 7.833199965e-03 9.996318757e-01 -2.597595139e-02 -2.286754036e+00 -9.957216681e-01 1.018910268e-02 9.184120148e-02 2.369686557e+02
9.087196211e-02 2.372910099e-02 9.955798811e-01 -3.836963920e+01 7.161928207e-03 9.996746513e-01 -2.448040645e-02 -2.308091251e+00 -9.958368754e-01 9.354857722e-03 9.067243110e-02 2.370409336e+02
9.002716394e-02 2.139507432e-02 9.957094407e-01 -3.767651204e+01 8.139402561e-03 9.997200572e-01 -2.221717480e-02 -2.333995554e+00 -9.959060636e-01 1.010463002e-02 8.982783178e-02 2.370997732e+02
8.851980983e-02 1.932711070e-02 9.958869393e-01 -3.700329247e+01 1.021218659e-02 9.997415626e-01 -2.030963346e-02 -2.359623924e+00 -9.960221063e-01 1.196798888e-02 8.829956242e-02 2.371558074e+02
8.623247629e-02 1.938402516e-02 9.960865671e-01 -3.634121876e+01 1.158781961e-02 9.997235492e-01 -2.045797825e-02 -2.383495646e+00 -9.962077232e-01 1.330661517e-02 8.598405978e-02 2.372148107e+02
8.424292851e-02 2.080361541e-02 9.962280442e-01 -3.568472178e+01 1.134320254e-02 9.996972409e-01 -2.183526242e-02 -2.408453342e+00 -9.963806400e-01 1.313988304e-02 8.398140856e-02 2.372680215e+02
8.214885921e-02 2.350072529e-02 9.963430107e-01 -3.505306909e+01 1.142293020e-02 9.996341006e-01 -2.452017666e-02 -2.428093394e+00 -9.965546306e-01 1.339546077e-02 8.185036498e-02 2.373217661e+02
7.984651373e-02 2.557158220e-02 9.964792815e-01 -3.444101691e+01 1.119271517e-02 9.995848925e-01 -2.654814007e-02 -2.447376197e+00 -9.967444519e-01 1.327308919e-02 7.952715074e-02 2.373654208e+02
7.679329146e-02 2.598064892e-02 9.967086307e-01 -3.384233161e+01 1.153113927e-02 9.995704219e-01 -2.694368973e-02 -2.469051372e+00 -9.969804653e-01 1.356228512e-02 7.646068945e-02 2.374104569e+02
7.266288791e-02 2.538039911e-02 9.970336563e-01 -3.326838829e+01 1.056672406e-02 9.996004321e-01 -2.621583620e-02 -2.492904682e+00 -9.973006689e-01 1.244030043e-02 7.236570194e-02 2.374537215e+02
6.796927796e-02 2.477577030e-02 9.973797816e-01 -3.270823238e+01 1.029627489e-02 9.996209779e-01 -2.553311555e-02 -2.512642334e+00 -9.976343537e-01 1.200476664e-02 6.768844626e-02 2.374895944e+02
6.278091685e-02 2.232428124e-02 9.977777302e-01 -3.217107855e+01 8.792497110e-03 9.996986147e-01 -2.292049272e-02 -2.540284107e+00 -9.979887120e-01 1.021193086e-02 6.256570849e-02 2.375213412e+02
5.630390630e-02 2.081862157e-02 9.981967494e-01 -3.165168261e+01 7.763127744e-03 9.997432121e-01 -2.128876392e-02 -2.558918308e+00 -9.983836695e-01 8.947773038e-03 5.612784689e-02 2.375515203e+02
4.892873285e-02 2.128665382e-02 9.985755408e-01 -3.115550607e+01 7.265056034e-03 9.997388104e-01 -2.166743005e-02 -2.577275120e+00 -9.987760043e-01 8.314871023e-03 4.876131326e-02 2.375767616e+02
4.119218337e-02 2.181708909e-02 9.989131081e-01 -3.067447102e+01 7.129179205e-03 9.997297215e-01 -2.212891158e-02 -2.597795604e+00 -9.991259092e-01 8.032971499e-03 4.102548860e-02 2.375910499e+02
3.287673922e-02 2.159293515e-02 9.992263026e-01 -3.020480410e+01 8.467642038e-03 9.997246900e-01 -2.188231369e-02 -2.613541474e+00 -9.994237442e-01 9.180513634e-03 3.268481157e-02 2.376038766e+02
2.461483436e-02 2.080633216e-02 9.994806249e-01 -2.975986176e+01 1.002482151e-02 9.997279655e-01 -2.105837194e-02 -2.629549383e+00 -9.996468561e-01 1.053796463e-02 2.439955466e-02 2.375907154e+02
1.515386143e-02 2.085315786e-02 9.996678366e-01 -2.932699150e+01 1.103821572e-02 9.997180631e-01 -2.102153875e-02 -2.641920560e+00 -9.998243697e-01 1.135310917e-02 1.491938043e-02 2.375907310e+02
5.779815538e-03 2.141744334e-02 9.997539952e-01 -2.890774767e+01 1.137492622e-02 9.997045056e-01 -2.148214618e-02 -2.656990391e+00 -9.999186916e-01 1.149629401e-02 5.534514686e-03 2.375896542e+02
-3.701113164e-03 2.082756193e-02 9.997763425e-01 -2.850349800e+01 1.195801633e-02 9.997125109e-01 -2.078196915e-02 -2.670092473e+00 -9.999218014e-01 1.187842838e-02 -3.949174992e-03 2.375774349e+02
-1.372470011e-02 1.985443709e-02 9.997087084e-01 -2.811233001e+01 1.227502295e-02 9.997308272e-01 -1.968635734e-02 -2.682333483e+00 -9.998304856e-01 1.200125650e-02 -1.396471037e-02 2.375644828e+02
-2.380708938e-02 1.827002047e-02 9.995496071e-01 -2.774753360e+01 1.137985565e-02 9.997731799e-01 -1.800306291e-02 -2.695240621e+00 -9.996517645e-01 1.094612925e-02 -2.400958645e-02 2.375436291e+02
-3.476411432e-02 1.690876826e-02 9.992526024e-01 -2.739165359e+01 1.239309575e-02 9.997872947e-01 -1.648666212e-02 -2.702247940e+00 -9.993188372e-01 1.181069071e-02 -3.496625052e-02 2.375202883e+02
-4.637434474e-02 1.828225443e-02 9.987569507e-01 -2.705919432e+01 1.699789970e-02 9.997022012e-01 -1.751031263e-02 -2.712430536e+00 -9.987796075e-01 1.616474105e-02 -4.667131278e-02 2.374937642e+02
-5.802289995e-02 2.030786542e-02 9.981086606e-01 -2.674903880e+01 2.320996589e-02 9.995503052e-01 -1.898793531e-02 -2.722047285e+00 -9.980454389e-01 2.206433385e-02 -5.846807566e-02 2.374582533e+02
-7.011869240e-02 1.969525366e-02 9.973442880e-01 -2.644334130e+01 2.906223281e-02 9.994210335e-01 -1.769303474e-02 -2.737082703e+00 -9.971153147e-01 2.774443797e-02 -7.065051401e-02 2.374164044e+02
-8.197659389e-02 1.762833717e-02 9.964783674e-01 -2.616593103e+01 3.089158328e-02 9.994080779e-01 -1.513883103e-02 -2.743555910e+00 -9.961554439e-01 2.954176677e-02 -8.247259234e-02 2.373793365e+02
-9.460299721e-02 1.543622569e-02 9.953954588e-01 -2.590732823e+01 3.070834072e-02 9.994491980e-01 -1.258055409e-02 -2.749956266e+00 -9.950413815e-01 2.937678647e-02 -9.502486692e-02 2.373477648e+02
-1.073976524e-01 1.471598002e-02 9.941072901e-01 -2.566575465e+01 2.786977146e-02 9.995420815e-01 -1.178554642e-02 -2.751009240e+00 -9.938255254e-01 2.643980458e-02 -1.077586125e-01 2.373136860e+02
-1.205890542e-01 1.363573950e-02 9.926088855e-01 -2.546325850e+01 2.599446441e-02 9.996061430e-01 -1.057387297e-02 -2.757590087e+00 -9.923621373e-01 2.452724121e-02 -1.208960127e-01 2.372754122e+02
-1.339083428e-01 1.346447746e-02 9.909023399e-01 -2.526914555e+01 2.572504141e-02 9.996179583e-01 -1.010648259e-02 -2.759899886e+00 -9.906598516e-01 2.413765909e-02 -1.342035650e-01 2.372381520e+02
-1.468936453e-01 1.535810482e-02 9.890331054e-01 -2.510092562e+01 2.720487742e-02 9.995639559e-01 -1.148109490e-02 -2.765282461e+00 -9.887781208e-01 2.522002271e-02 -1.472474754e-01 2.371951592e+02
-1.609853521e-01 1.946845531e-02 9.867649292e-01 -2.493652501e+01 2.818320876e-02 9.994883760e-01 -1.512155318e-02 -2.768541268e+00 -9.865544840e-01 2.537585461e-02 -1.614517217e-01 2.371600700e+02
-1.735528252e-01 2.260136766e-02 9.845651488e-01 -2.477482937e+01 3.042008520e-02 9.993826040e-01 -1.757925202e-02 -2.774535618e+00 -9.843545633e-01 2.689962290e-02 -1.741333046e-01 2.371114356e+02
-1.867533174e-01 2.293721074e-02 9.821391799e-01 -2.460571465e+01 3.498169602e-02 9.992486584e-01 -1.668504696e-02 -2.780795282e+00 -9.817839839e-01 3.124090675e-02 -1.874153820e-01 2.370593108e+02
-2.010293106e-01 2.175649661e-02 9.793436017e-01 -2.444295030e+01 3.793782244e-02 9.991761910e-01 -1.440960865e-02 -2.786235692e+00 -9.788503044e-01 3.425741007e-02 -2.016891059e-01 2.370038336e+02
-2.156330125e-01 2.195873240e-02 9.762276586e-01 -2.427998571e+01 3.935132510e-02 9.991304151e-01 -1.378182271e-02 -2.788186962e+00 -9.756813274e-01 3.544403476e-02 -2.163096577e-01 2.369559938e+02
-2.294108362e-01 2.284671491e-02 9.730616821e-01 -2.412401173e+01 3.942199086e-02 9.991222627e-01 -1.416440264e-02 -2.794747623e+00 -9.725311748e-01 3.511056158e-02 -2.301101606e-01 2.369048027e+02
-2.444247786e-01 2.429887352e-02 9.693637810e-01 -2.396018743e+01 3.872193419e-02 9.991331503e-01 -1.528137631e-02 -2.791536649e+00 -9.688948459e-01 3.380049710e-02 -2.451538340e-01 2.368472742e+02
-2.599653765e-01 2.526559740e-02 9.652874895e-01 -2.379884700e+01 3.797773077e-02 9.991516812e-01 -1.592404110e-02 -2.796201280e+00 -9.648709740e-01 3.251973137e-02 -2.607043609e-01 2.367919202e+02
-2.753292349e-01 2.657770332e-02 9.609827760e-01 -2.365148879e+01 3.679176989e-02 9.991767362e-01 -1.709290331e-02 -2.799295787e+00 -9.606459618e-01 3.065008573e-02 -2.760804465e-01 2.367381636e+02
-2.929864884e-01 2.961001201e-02 9.556580628e-01 -2.352054068e+01 3.514305621e-02 9.991784286e-01 -2.018425984e-02 -2.803098285e+00 -9.554705693e-01 2.767102763e-02 -2.937862798e-01 2.366932940e+02
-3.125752061e-01 3.412938683e-02 9.492797587e-01 -2.334241886e+01 3.473839916e-02 9.990965582e-01 -2.448192121e-02 -2.805358274e+00 -9.492576871e-01 2.532401778e-02 -3.134783762e-01 2.366192190e+02
-3.345654401e-01 3.735710135e-02 9.416320299e-01 -2.314921383e+01 3.505421750e-02 9.990157548e-01 -2.717878508e-02 -2.808078630e+00 -9.417205712e-01 2.391509594e-02 -3.355457043e-01 2.365376275e+02
-3.597347367e-01 3.891320876e-02 9.322429798e-01 -2.294147932e+01 3.515001783e-02 9.989859032e-01 -2.813544602e-02 -2.810277856e+00 -9.323924301e-01 2.264706326e-02 -3.607377649e-01 2.364416472e+02
-3.884976611e-01 3.970753487e-02 9.205937361e-01 -2.272116841e+01 3.650597272e-02 9.989499703e-01 -2.768143246e-02 -2.817027768e+00 -9.207262632e-01 2.285299726e-02 -3.895392457e-01 2.363255610e+02
-4.211989498e-01 4.034013004e-02 9.060708304e-01 -2.248994055e+01 3.804181304e-02 9.989170005e-01 -2.678959883e-02 -2.825916875e+00 -9.061702519e-01 2.318483102e-02 -4.222773746e-01 2.361892985e+02
-4.561825750e-01 4.054696558e-02 8.889622080e-01 -2.225148404e+01 3.900552528e-02 9.989124158e-01 -2.554578827e-02 -2.837511380e+00 -8.890312080e-01 2.302090082e-02 -4.572679815e-01 2.360369447e+02
-4.923095527e-01 4.089422710e-02 8.694592769e-01 -2.199477842e+01 3.943397815e-02 9.989179529e-01 -2.465471271e-02 -2.835992712e+00 -8.695267305e-01 2.214848965e-02 -4.933895405e-01 2.358743878e+02
-5.292208267e-01 4.109699086e-02 8.474882950e-01 -2.175063318e+01 4.015679636e-02 9.989201977e-01 -2.336410040e-02 -2.850170734e+00 -8.475333624e-01 2.166764699e-02 -5.302996990e-01 2.356869299e+02
-5.689046854e-01 4.059630536e-02 8.214010063e-01 -2.148434432e+01 3.798510395e-02 9.990120629e-01 -2.306583580e-02 -2.859179133e+00 -8.215259284e-01 1.807873889e-02 -5.698846611e-01 2.354840483e+02
-6.088238990e-01 3.846544467e-02 7.923722853e-01 -2.121414974e+01 3.429688050e-02 9.991661635e-01 -2.215197632e-02 -2.868879308e+00 -7.925636574e-01 1.368924819e-02 -6.096354978e-01 2.352461728e+02
-6.487756516e-01 3.598536309e-02 7.601283334e-01 -2.093483319e+01 3.078089442e-02 9.993047661e-01 -2.103650849e-02 -2.873667510e+00 -7.603568272e-01 9.749453816e-03 -6.494322357e-01 2.349851335e+02
-6.878586524e-01 3.690484889e-02 7.249057569e-01 -2.065928345e+01 3.142155330e-02 9.992843744e-01 -2.105770401e-02 -2.871560140e+00 -7.251641445e-01 8.292940359e-03 -6.885260076e-01 2.346894906e+02
-7.266821807e-01 3.821095472e-02 6.859102724e-01 -2.040337731e+01 3.310018766e-02 9.992397286e-01 -2.059830498e-02 -2.878075347e+00 -6.861758889e-01 7.735338703e-03 -7.273944412e-01 2.343656359e+02
-7.643366002e-01 4.057809753e-02 6.435396094e-01 -2.016355314e+01 3.638327889e-02 9.991419705e-01 -1.978776929e-02 -2.886140748e+00 -6.437903861e-01 8.289564199e-03 -7.651571959e-01 2.340168495e+02
-8.008833493e-01 4.407879886e-02 5.971959667e-01 -1.992607703e+01 3.914377406e-02 9.990077901e-01 -2.124171665e-02 -2.886291388e+00 -5.975397052e-01 6.364369234e-03 -8.018141338e-01 2.336495265e+02
-8.357702304e-01 4.534475401e-02 5.472042525e-01 -1.969971979e+01 3.957167560e-02 9.989669372e-01 -2.234100315e-02 -2.888473924e+00 -5.476520257e-01 2.981850350e-03 -8.367012075e-01 2.332521475e+02
-8.673058210e-01 4.489874033e-02 4.957465479e-01 -1.950312246e+01 3.934191024e-02 9.989912664e-01 -2.164812623e-02 -2.899714868e+00 -4.962184383e-01 7.280692040e-04 -8.681974287e-01 2.328324057e+02
-8.955524932e-01 4.319313112e-02 4.428547425e-01 -1.930373202e+01 3.891666568e-02 9.990666682e-01 -1.874408517e-02 -2.912136608e+00 -4.432510010e-01 4.481173962e-04 -8.963976211e-01 2.323892745e+02
-9.192318877e-01 4.543811104e-02 3.910861403e-01 -1.913875529e+01 4.228933573e-02 9.989664359e-01 -1.666499653e-02 -2.916592627e+00 -3.914391642e-01 1.219776348e-03 -9.202032995e-01 2.319082620e+02
-9.383213487e-01 5.175998372e-02 3.418685078e-01 -1.900145076e+01 4.988891640e-02 9.986528174e-01 -1.426987299e-02 -2.919930992e+00 -3.421465750e-01 3.665724644e-03 -9.396395530e-01 2.314051508e+02
-9.541570608e-01 5.439673087e-02 2.943220523e-01 -1.886687561e+01 5.354317677e-02 9.985053189e-01 -1.096361435e-02 -2.923802401e+00 -2.944785256e-01 5.297928264e-03 -9.556434962e-01 2.308648233e+02
-9.669815855e-01 5.267285583e-02 2.493441768e-01 -1.874062733e+01 5.279763419e-02 9.985860155e-01 -6.192432248e-03 -2.922789761e+00 -2.493177762e-01 7.176816298e-03 -9.683953029e-01 2.303213188e+02
-9.765561875e-01 5.051542719e-02 2.092517299e-01 -1.863741379e+01 5.136586532e-02 9.986789625e-01 -1.371749671e-03 -2.922916812e+00 -2.090446019e-01 9.408806220e-03 -9.778609071e-01 2.297372457e+02
-9.832505707e-01 5.025553375e-02 1.751950908e-01 -1.854663384e+01 5.151846142e-02 9.986684778e-01 2.665131848e-03 -2.923294188e+00 -1.748278759e-01 1.164627492e-02 -9.845304385e-01 2.291333118e+02
-9.879002063e-01 5.139977713e-02 1.463255261e-01 -1.845123340e+01 5.275757497e-02 9.985926700e-01 5.411078171e-03 -2.920802958e+00 -1.458414692e-01 1.306538512e-02 -9.892216839e-01 2.285129182e+02
-9.909037327e-01 5.330525563e-02 1.235669723e-01 -1.838417025e+01 5.447703648e-02 9.984962522e-01 6.121285538e-03 -2.917559312e+00 -1.230548623e-01 1.279716657e-02 -9.923175475e-01 2.278658324e+02
-9.930307948e-01 5.393811577e-02 1.047877329e-01 -1.832142217e+01 5.491241044e-02 9.984704290e-01 6.432991406e-03 -2.910645526e+00 -1.042804686e-01 1.214230624e-02 -9.944738456e-01 2.271962402e+02
-9.948001269e-01 5.316258838e-02 8.687114070e-02 -1.825136941e+01 5.404547938e-02 9.985076813e-01 7.841449127e-03 -2.907341926e+00 -8.632463211e-02 1.249566818e-02 -9.961888191e-01 2.264970873e+02
-9.962099952e-01 5.118665864e-02 7.032711958e-02 -1.819685937e+01 5.193968746e-02 9.986103789e-01 8.919666459e-03 -2.899784687e+00 -6.977282612e-02 1.253862903e-02 -9.974842174e-01 2.257855970e+02
-9.970723411e-01 5.155304742e-02 5.647353448e-02 -1.815513450e+01 5.226155794e-02 9.985712615e-01 1.114068065e-02 -2.894577870e+00 -5.581851625e-02 1.405945918e-02 -9.983420389e-01 2.250420896e+02
-9.974218275e-01 5.496813820e-02 4.613634638e-02 -1.812825670e+01 5.562729747e-02 9.983653013e-01 1.312606235e-02 -2.881677962e+00 -4.533941164e-02 1.565866006e-02 -9.988490940e-01 2.242753784e+02
-9.975557527e-01 5.792067021e-02 3.909135889e-02 -1.810955419e+01 5.852994385e-02 9.981784957e-01 1.462491117e-02 -2.869500922e+00 -3.817306851e-02 1.687717803e-02 -9.991288157e-01 2.234899898e+02
-9.976522753e-01 5.988434317e-02 3.322232570e-02 -1.808346098e+01 6.041586326e-02 9.980570859e-01 1.523156249e-02 -2.858597838e+00 -3.224564528e-02 1.720295895e-02 -9.993318999e-01 2.226977667e+02
-9.977372960e-01 6.050281111e-02 2.931680926e-02 -1.804919678e+01 6.098617883e-02 9.980122394e-01 1.588348546e-02 -2.850182089e+00 -2.829753767e-02 1.763546764e-02 -9.994438413e-01 2.218853937e+02
-9.977573594e-01 6.114062290e-02 2.724353814e-02 -1.802428579e+01 6.159926118e-02 9.979674268e-01 1.632554297e-02 -2.833028413e+00 -2.619000961e-02 1.796711189e-02 -9.994955474e-01 2.210403556e+02
-9.976694281e-01 6.301445521e-02 2.618342250e-02 -1.800284621e+01 6.345518839e-02 9.978506203e-01 1.635608910e-02 -2.815904432e+00 -2.509647541e-02 1.797944095e-02 -9.995235981e-01 2.201930708e+02
-9.976396107e-01 6.375612209e-02 2.550381113e-02 -1.796809668e+01 6.419524423e-02 9.977961565e-01 1.678585456e-02 -2.807463398e+00 -2.437740357e-02 1.838345543e-02 -9.995337307e-01 2.193327915e+02
-9.975626847e-01 6.470886662e-02 2.610641198e-02 -1.794282609e+01 6.516313805e-02 9.977308016e-01 1.694140122e-02 -2.795904958e+00 -2.495091222e-02 1.860128435e-02 -9.995155940e-01 2.184325788e+02
-9.974522841e-01 6.590644476e-02 2.730807746e-02 -1.790958665e+01 6.635901883e-02 9.976673222e-01 1.601083858e-02 -2.781028864e+00 -2.618915946e-02 1.778218326e-02 -9.994990161e-01 2.175314193e+02
-9.973395857e-01 6.690710728e-02 2.894051187e-02 -1.788000524e+01 6.736855227e-02 9.976112684e-01 1.527386355e-02 -2.769639339e+00 -2.784944945e-02 1.718290660e-02 -9.994645310e-01 2.166069392e+02
-9.971664564e-01 6.909078738e-02 2.976350880e-02 -1.785083593e+01 6.952154352e-02 9.974865574e-01 1.368828012e-02 -2.757256823e+00 -2.874296484e-02 1.571869823e-02 -9.994633931e-01 2.156555066e+02
-9.970936721e-01 6.955523430e-02 3.108648764e-02 -1.781154326e+01 6.994662833e-02 9.974823207e-01 1.168432826e-02 -2.749534248e+00 -3.019551488e-02 1.382476444e-02 -9.994484811e-01 2.147031060e+02
-9.968754250e-01 7.182574424e-02 3.287275776e-02 -1.777855845e+01 7.218579821e-02 9.973420693e-01 9.899041327e-03 -2.742525148e+00 -3.207437922e-02 1.224105815e-02 -9.994107029e-01 2.137222926e+02
-9.965173301e-01 7.547325686e-02 3.545114450e-02 -1.774241843e+01 7.586222439e-02 9.970705782e-01 9.756287871e-03 -2.733318867e+00 -3.461095438e-02 1.241171284e-02 -9.993236594e-01 2.127380284e+02
-9.963677401e-01 7.576068167e-02 3.888015409e-02 -1.769422930e+01 7.618783716e-02 9.970470747e-01 9.622950951e-03 -2.728500793e+00 -3.803630145e-02 1.255019226e-02 -9.991975104e-01 2.117389936e+02
-9.963002651e-01 7.425671257e-02 4.326545313e-02 -1.764513255e+01 7.469493793e-02 9.971693779e-01 8.599441147e-03 -2.725759980e+00 -4.250441769e-02 1.179933533e-02 -9.990267712e-01 2.107248522e+02
-9.962100473e-01 7.323644035e-02 4.692606541e-02 -1.758677733e+01 7.365468834e-02 9.972574763e-01 7.244263286e-03 -2.723409515e+00 -4.626682553e-02 1.067313136e-02 -9.988720504e-01 2.096973302e+02
-9.962154224e-01 7.063799172e-02 5.064949310e-02 -1.752274682e+01 7.115435505e-02 9.974294186e-01 8.462930866e-03 -2.718371659e+00 -4.992148890e-02 1.203483406e-02 -9.986808068e-01 2.086596844e+02
-9.961717616e-01 6.848813379e-02 5.432470756e-02 -1.745619852e+01 6.907373035e-02 9.975712031e-01 8.974140421e-03 -2.718206322e+00 -5.357813987e-02 1.269219559e-02 -9.984830344e-01 2.076030652e+02
-9.960869575e-01 6.757913663e-02 5.695559888e-02 -1.738699259e+01 6.818059023e-02 9.976352338e-01 8.681516404e-03 -2.719985377e+00 -5.623422028e-02 1.253081128e-02 -9.983390576e-01 2.065515032e+02
-9.959145268e-01 6.777461537e-02 5.967490210e-02 -1.731591555e+01 6.839741402e-02 9.976223149e-01 8.454122252e-03 -2.714478993e+00 -5.896004066e-02 1.250119191e-02 -9.981821430e-01 2.054716022e+02
-9.957370869e-01 6.798818518e-02 6.232996194e-02 -1.724049781e+01 6.874017685e-02 9.975844723e-01 9.998395407e-03 -2.711716228e+00 -6.149962708e-02 1.424034608e-02 -9.980053978e-01 2.043753456e+02
-9.954199133e-01 7.024052072e-02 6.484982057e-02 -1.716786816e+01 7.111077150e-02 9.974054378e-01 1.120735701e-02 -2.711215292e+00 -6.389435646e-02 1.576754656e-02 -9.978320758e-01 2.032693598e+02
-9.951977811e-01 7.106838575e-02 6.731563785e-02 -1.708778012e+01 7.196157552e-02 9.973474411e-01 1.093512185e-02 -2.705595286e+00 -6.635994175e-02 1.572674637e-02 -9.976721441e-01 2.021636683e+02
-9.950721481e-01 7.074793246e-02 6.947099907e-02 -1.699821315e+01 7.160048134e-02 9.973847002e-01 9.856401746e-03 -2.699081476e+00 -6.859199348e-02 1.478198749e-02 -9.975353039e-01 2.010477089e+02
-9.949778916e-01 7.011478145e-02 7.143425320e-02 -1.691395654e+01 7.102661152e-02 9.974211910e-01 1.030232367e-02 -2.705075575e+00 -7.052769268e-02 1.532431772e-02 -9.973921024e-01 1.999144131e+02
-9.949316384e-01 6.871279163e-02 7.341766912e-02 -1.683024405e+01 6.966292827e-02 9.975157722e-01 1.045721423e-02 -2.702264642e+00 -7.251673852e-02 1.551870249e-02 -9.972467359e-01 1.987868319e+02
-9.949380782e-01 6.761917305e-02 7.433944959e-02 -1.673399061e+01 6.858220868e-02 9.975904574e-01 1.047607979e-02 -2.699214331e+00 -7.345194231e-02 1.552141372e-02 -9.971782943e-01 1.976562323e+02
-9.949350548e-01 6.761955014e-02 7.437494086e-02 -1.663597865e+01 6.862871841e-02 9.975805777e-01 1.109488237e-02 -2.693730006e+00 -7.344476790e-02 1.614294626e-02 -9.971686397e-01 1.965183690e+02
-9.948267147e-01 6.837103001e-02 7.513488703e-02 -1.654430975e+01 6.937853472e-02 9.975311027e-01 1.087888177e-02 -2.691918387e+00 -7.420558794e-02 1.603535092e-02 -9.971140448e-01 1.953832075e+02
-9.947279028e-01 6.850300645e-02 7.631419315e-02 -1.645917237e+01 6.949061315e-02 9.975288405e-01 1.035879239e-02 -2.681779256e+00 -7.541599991e-02 1.560729907e-02 -9.970299836e-01 1.942139908e+02
-9.947192148e-01 6.900349573e-02 7.597351335e-02 -1.636398795e+01 7.006191776e-02 9.974780646e-01 1.135225862e-02 -2.684771939e+00 -7.499856832e-02 1.661516000e-02 -9.970451039e-01 1.930837576e+02
-9.947661176e-01 6.801191394e-02 7.625484131e-02 -1.627148896e+01 6.913651628e-02 9.975325500e-01 1.220329255e-02 -2.680808191e+00 -7.523671672e-02 1.741141654e-02 -9.970137590e-01 1.919333972e+02
-9.948458306e-01 6.737893388e-02 7.577653953e-02 -1.617745122e+01 6.852832454e-02 9.975687323e-01 1.266865407e-02 -2.678339939e+00 -7.473870487e-02 1.779619675e-02 -9.970445253e-01 1.907855313e+02
-9.949960413e-01 6.577646693e-02 7.521061394e-02 -1.608074328e+01 6.694965115e-02 9.976692662e-01 1.318245188e-02 -2.669591716e+00 -7.416822278e-02 1.815181064e-02 -9.970807194e-01 1.896285931e+02
-9.951784232e-01 6.388881010e-02 7.441770652e-02 -1.598462268e+01 6.506771022e-02 9.977892064e-01 1.352384915e-02 -2.666902620e+00 -7.338915859e-02 1.830083318e-02 -9.971354819e-01 1.884549518e+02
-9.953671880e-01 6.270707228e-02 7.288475717e-02 -1.588905479e+01 6.378776413e-02 9.978840051e-01 1.259332442e-02 -2.662840865e+00 -7.194084588e-02 1.718413718e-02 -9.972610545e-01 1.872853688e+02
-9.955842956e-01 6.146562260e-02 7.094891962e-02 -1.578989771e+01 6.244090507e-02 9.979811617e-01 1.160920730e-02 -2.654755044e+00 -7.009211839e-02 1.598805929e-02 -9.974123267e-01 1.861028189e+02
-9.956534528e-01 6.170275544e-02 6.976413841e-02 -1.571272470e+01 6.273996211e-02 9.979481916e-01 1.277322074e-02 -2.658619995e+00 -6.883285379e-02 1.709470047e-02 -9.974817689e-01 1.849220289e+02
-9.956981646e-01 6.222447506e-02 6.865507163e-02 -1.563231520e+01 6.345702350e-02 9.978576014e-01 1.591815538e-02 -2.654622253e+00 -6.751748315e-02 2.020632349e-02 -9.975135097e-01 1.837332809e+02
-9.957820470e-01 6.225040695e-02 6.740566204e-02 -1.554219005e+01 6.369494738e-02 9.977789776e-01 1.949561396e-02 -2.642399658e+00 -6.604234080e-02 2.370677888e-02 -9.975354574e-01 1.825424394e+02
-9.958577749e-01 6.315072545e-02 6.541821924e-02 -1.545129882e+01 6.469114356e-02 9.976693559e-01 2.170072351e-02 -2.634305860e+00 -6.389533711e-02 2.584281086e-02 -9.976220546e-01 1.813350068e+02
-9.958812593e-01 6.409503225e-02 6.412622034e-02 -1.537112107e+01 6.562136259e-02 9.976024252e-01 2.198382128e-02 -2.614967856e+00 -6.256342162e-02 2.610132761e-02 -9.976995455e-01 1.801225598e+02
-9.960129653e-01 6.410397922e-02 6.204003421e-02 -1.528313370e+01 6.549902480e-02 9.976375505e-01 2.071799862e-02 -2.602027350e+00 -6.056535958e-02 2.469895596e-02 -9.978586568e-01 1.789004300e+02
-9.960143404e-01 6.551703716e-02 6.052240540e-02 -1.520777932e+01 6.677970879e-02 9.975852982e-01 1.907919156e-02 -2.582129144e+00 -5.912625036e-02 2.304481684e-02 -9.979844377e-01 1.776738197e+02
-9.959807441e-01 6.755381533e-02 5.881377005e-02 -1.512555322e+01 6.876096180e-02 9.974570239e-01 1.874664902e-02 -2.576357964e+00 -5.739779788e-02 2.271539112e-02 -9.980930598e-01 1.764457979e+02
-9.959077212e-01 6.976363447e-02 5.745557740e-02 -1.505744917e+01 7.086771195e-02 9.973338755e-01 1.740578105e-02 -2.561513902e+00 -5.608810416e-02 2.140629519e-02 -9.981963982e-01 1.751982813e+02
-9.958673221e-01 7.156136719e-02 5.592549907e-02 -1.498487573e+01 7.254110973e-02 9.972420236e-01 1.568704778e-02 -2.546763469e+00 -5.464867255e-02 1.967911369e-02 -9.983118481e-01 1.739565298e+02
-9.957749315e-01 7.358658727e-02 5.493014740e-02 -1.491133325e+01 7.450865869e-02 9.971085949e-01 1.492871366e-02 -2.547269474e+00 -5.367277154e-02 1.895841142e-02 -9.983786443e-01 1.727062603e+02
-9.958354722e-01 7.321099804e-02 5.433044818e-02 -1.484017732e+01 7.404076444e-02 9.971649780e-01 1.341747386e-02 -2.541757890e+00 -5.319411494e-02 1.738426390e-02 -9.984328430e-01 1.714568676e+02
-9.959953404e-01 7.209678983e-02 5.287585213e-02 -1.475506028e+01 7.293696005e-02 9.972363836e-01 1.413331633e-02 -2.532708261e+00 -5.171075602e-02 1.793331973e-02 -9.985013395e-01 1.701953229e+02
-9.961326334e-01 7.059639309e-02 5.230611071e-02 -1.468840598e+01 7.157434702e-02 9.972893080e-01 1.706343189e-02 -2.523922810e+00 -5.095970745e-02 2.074121743e-02 -9.984853683e-01 1.689246052e+02
-9.963396722e-01 6.791737216e-02 5.190973433e-02 -1.461326002e+01 6.899176739e-02 9.974326150e-01 1.919155302e-02 -2.513444429e+00 -5.047302141e-02 2.270265012e-02 -9.984674404e-01 1.676498068e+02
-9.963811240e-01 6.781389418e-02 5.124611278e-02 -1.453372201e+01 6.879690579e-02 9.974742500e-01 1.766589603e-02 -2.507819219e+00 -4.991868410e-02 2.112753838e-02 -9.985299251e-01 1.663807277e+02
-9.962702687e-01 6.954544737e-02 5.107860243e-02 -1.446493981e+01 7.037489016e-02 9.974134278e-01 1.462158539e-02 -2.496699065e+00 -4.992961781e-02 1.816170208e-02 -9.985876039e-01 1.651101338e+02
-9.961797612e-01 7.053270154e-02 5.149024683e-02 -1.439677366e+01 7.125064530e-02 9.973833481e-01 1.224104575e-02 -2.488173031e+00 -5.049211742e-02 1.586299386e-02 -9.985985632e-01 1.638201048e+02
-9.960388099e-01 7.183366596e-02 5.240890915e-02 -1.432936369e+01 7.254972836e-02 9.972939139e-01 1.188862204e-02 -2.486159213e+00 -5.141308088e-02 1.564378044e-02 -9.985549320e-01 1.625310812e+02
-9.959777646e-01 7.284817479e-02 5.216739789e-02 -1.425412236e+01 7.369979474e-02 9.971737829e-01 1.458912396e-02 -2.480887918e+00 -5.095716651e-02 1.837517099e-02 -9.985318295e-01 1.612266977e+02
-9.958847129e-01 7.322807182e-02 5.340139789e-02 -1.418966351e+01 7.424219489e-02 9.970908832e-01 1.725799950e-02 -2.471343157e+00 -5.198227747e-02 2.115161305e-02 -9.984241133e-01 1.599222373e+02
-9.958017856e-01 7.425769850e-02 5.352586264e-02 -1.411382220e+01 7.527102923e-02 9.970152943e-01 1.716814088e-02 -2.463374475e+00 -5.209123546e-02 2.112500908e-02 -9.984189961e-01 1.586389721e+02
-9.957827229e-01 7.439859175e-02 5.368226082e-02 -1.403023328e+01 7.537883105e-02 9.970189636e-01 1.646953934e-02 -2.454836386e+00 -5.229692228e-02 2.044658679e-02 -9.984223083e-01 1.573484084e+02
-9.957195985e-01 7.458626217e-02 5.458662270e-02 -1.395911154e+01 7.554383355e-02 9.970189928e-01 1.569134785e-02 -2.446906673e+00 -5.325354063e-02 1.974786420e-02 -9.983859271e-01 1.560512009e+02
-9.955612524e-01 7.643621131e-02 5.491298417e-02 -1.387765799e+01 7.738377800e-02 9.968833527e-01 1.533865410e-02 -2.439199174e+00 -5.356941212e-02 1.951994256e-02 -9.983733419e-01 1.547271615e+02
-9.955134703e-01 7.635231207e-02 5.589119854e-02 -1.380370690e+01 7.732046403e-02 9.968878884e-01 1.536642718e-02 -2.431802345e+00 -5.454399735e-02 1.961901621e-02 -9.983189313e-01 1.534209089e+02
-9.955182721e-01 7.566189836e-02 5.673279069e-02 -1.372772230e+01 7.669174300e-02 9.969232965e-01 1.619736931e-02 -2.425821303e+00 -5.533271729e-02 2.047571231e-02 -9.982579414e-01 1.521190585e+02
-9.955479284e-01 7.510186621e-02 5.695518441e-02 -1.363879099e+01 7.616758127e-02 9.969539114e-01 1.677421272e-02 -2.420853043e+00 -5.552192077e-02 2.103767239e-02 -9.982357821e-01 1.508173535e+02
-9.955543400e-01 7.417372297e-02 5.805159374e-02 -1.355632933e+01 7.528516058e-02 9.970137887e-01 1.719582988e-02 -2.407222592e+00 -5.660276053e-02 2.148980606e-02 -9.981655807e-01 1.495199586e+02
-9.954971892e-01 7.400554246e-02 5.923405286e-02 -1.347874827e+01 7.520756808e-02 9.969995448e-01 1.832439318e-02 -2.402359189e+00 -5.770021847e-02 2.269673034e-02 -9.980760598e-01 1.482216285e+02
-9.954526554e-01 7.428118750e-02 5.963670364e-02 -1.338726351e+01 7.553488289e-02 9.969612239e-01 1.904757904e-02 -2.394215557e+00 -5.804060643e-02 2.346561342e-02 -9.980384561e-01 1.469163606e+02
-9.953822135e-01 7.422790001e-02 6.086493990e-02 -1.330368748e+01 7.552414918e-02 9.969576219e-01 1.927733854e-02 -2.385795842e+00 -5.924884964e-02 2.378509102e-02 -9.979598886e-01 1.456096112e+02
-9.953295780e-01 7.426042520e-02 6.168019759e-02 -1.322671026e+01 7.551336612e-02 9.969780714e-01 1.823382064e-02 -2.376487784e+00 -6.013975241e-02 2.280633956e-02 -9.979293446e-01 1.443301841e+02
-9.952723549e-01 7.430155200e-02 6.255075355e-02 -1.314081947e+01 7.552107540e-02 9.969930727e-01 1.736020104e-02 -2.367607082e+00 -6.107277867e-02 2.200202605e-02 -9.978909232e-01 1.430383994e+02
-9.951846381e-01 7.493616877e-02 6.318649923e-02 -1.305094694e+01 7.619075269e-02 9.969364828e-01 1.768190563e-02 -2.363903863e+00 -6.166791292e-02 2.241098550e-02 -9.978452518e-01 1.417504199e+02
-9.950666429e-01 7.623900730e-02 6.348116631e-02 -1.296044378e+01 7.753449650e-02 9.968236139e-01 1.819675339e-02 -2.358980966e+00 -6.189221932e-02 2.302896224e-02 -9.978170989e-01 1.404669704e+02
-9.950795758e-01 7.539215929e-02 6.428867250e-02 -1.287145031e+01 7.666145728e-02 9.969034470e-01 1.750744965e-02 -2.349230502e+00 -6.276967574e-02 2.234976740e-02 -9.977779181e-01 1.391752469e+02
-9.951285930e-01 7.397675302e-02 6.516731774e-02 -1.278224682e+01 7.522435308e-02 9.970234190e-01 1.690013544e-02 -2.345162872e+00 -6.372312265e-02 2.171997549e-02 -9.977313203e-01 1.378957682e+02
-9.951651220e-01 7.298645987e-02 6.572281792e-02 -1.268656598e+01 7.439237239e-02 9.970441483e-01 1.920123778e-02 -2.332026236e+00 -6.412712216e-02 2.399767719e-02 -9.976532292e-01 1.366183446e+02
-9.951856883e-01 7.186869540e-02 6.663714735e-02 -1.259661934e+01 7.367672452e-02 9.969667513e-01 2.508087337e-02 -2.322322410e+00 -6.463249710e-02 2.986973071e-02 -9.974620805e-01 1.353171302e+02
-9.950989171e-01 7.251396086e-02 6.723286405e-02 -1.249645767e+01 7.460983517e-02 9.967851767e-01 2.920169482e-02 -2.303516848e+00 -6.489918638e-02 3.407480542e-02 -9.973101312e-01 1.340228472e+02
-9.950296742e-01 7.241362285e-02 6.835326127e-02 -1.240163913e+01 7.449974259e-02 9.968143199e-01 2.847737931e-02 -2.285808226e+00 -6.607336543e-02 3.342813875e-02 -9.972546443e-01 1.327459669e+02
-9.948272214e-01 7.414917520e-02 6.943264504e-02 -1.232445669e+01 7.615814180e-02 9.967370325e-01 2.674469418e-02 -2.275635200e+00 -6.722298672e-02 3.189421124e-02 -9.972282408e-01 1.314809676e+02
-9.947817647e-01 7.392345300e-02 7.031901344e-02 -1.222516207e+01 7.589862740e-02 9.967806316e-01 2.584073929e-02 -2.255176160e+00 -6.818239062e-02 3.104301298e-02 -9.971898994e-01 1.302177028e+02
-9.947061785e-01 7.444919055e-02 7.083262059e-02 -1.213416232e+01 7.650735753e-02 9.967088171e-01 2.679789764e-02 -2.237480486e+00 -6.860441828e-02 3.207524585e-02 -9.971283161e-01 1.289462739e+02
-9.945179430e-01 7.611274823e-02 7.170168410e-02 -1.204050602e+01 7.824886875e-02 9.965554718e-01 2.746557682e-02 -2.217428568e+00 -6.936422260e-02 3.292558173e-02 -9.970479894e-01 1.276872936e+02
-9.943709518e-01 7.709754216e-02 7.268071705e-02 -1.194779952e+01 7.935009950e-02 9.964356344e-01 2.862776112e-02 -2.195765559e+00 -7.021453236e-02 3.423383754e-02 -9.969444598e-01 1.264269597e+02
-9.942414424e-01 7.904052605e-02 7.236542036e-02 -1.184599194e+01 8.134259353e-02 9.962515091e-01 2.943280408e-02 -2.188270994e+00 -6.976777672e-02 3.514970233e-02 -9.969439974e-01 1.251799822e+02
-9.942328570e-01 7.866534887e-02 7.288995956e-02 -1.174737065e+01 8.097328527e-02 9.962865679e-01 2.926422202e-02 -2.166865188e+00 -7.031720816e-02 3.499759043e-02 -9.969106553e-01 1.239504568e+02
-9.942505215e-01 7.906912928e-02 7.221431353e-02 -1.165414612e+01 8.110756907e-02 9.963729027e-01 2.574097819e-02 -2.150752954e+00 -6.991707266e-02 3.145010089e-02 -9.970572738e-01 1.227203949e+02
-9.943632486e-01 7.829737128e-02 7.149371631e-02 -1.156387525e+01 8.012969029e-02 9.965161074e-01 2.312673365e-02 -2.134823334e+00 -6.943387291e-02 2.872514255e-02 -9.971728709e-01 1.214977474e+02
-9.945671646e-01 7.581285984e-02 7.133596869e-02 -1.146639391e+01 7.764483276e-02 9.967096237e-01 2.326442676e-02 -2.128930013e+00 -6.933750700e-02 2.867690222e-02 -9.971810603e-01 1.203073822e+02
-9.946787585e-01 7.510269584e-02 7.052598149e-02 -1.136920467e+01 7.688661893e-02 9.967762098e-01 2.292639121e-02 -2.113692998e+00 -6.857678524e-02 2.822689664e-02 -9.972464922e-01 1.191180728e+02
-9.948070026e-01 7.487938814e-02 6.893647878e-02 -1.128311955e+01 7.663843109e-02 9.967882346e-01 2.323222718e-02 -2.112089162e+00 -6.697545441e-02 2.839476395e-02 -9.973505318e-01 1.179584956e+02
-9.949040634e-01 7.453112948e-02 6.790928813e-02 -1.119182380e+01 7.625498420e-02 9.968195296e-01 2.315278107e-02 -2.110466939e+00 -6.596769985e-02 2.821321045e-02 -9.974230631e-01 1.168123323e+02
-9.949338823e-01 7.493877701e-02 6.701871118e-02 -1.111460824e+01 7.663976652e-02 9.967894100e-01 2.317695919e-02 -2.103323730e+00 -6.506669735e-02 2.819583333e-02 -9.974827816e-01 1.156753723e+02
-9.950626129e-01 7.428904567e-02 6.581488580e-02 -1.103282340e+01 7.594847942e-02 9.968446424e-01 2.307759220e-02 -2.094457379e+00 -6.389280186e-02 2.796218899e-02 -9.975649727e-01 1.145456533e+02
-9.951227757e-01 7.441496634e-02 6.475532092e-02 -1.096872285e+01 7.605433277e-02 9.968330896e-01 2.322718396e-02 -2.105091680e+00 -6.282179627e-02 2.803882083e-02 -9.976309164e-01 1.135053878e+02
-9.952667971e-01 7.348217510e-02 6.359334355e-02 -1.089642822e+01 7.505442930e-02 9.969211520e-01 2.269509792e-02 -2.099103991e+00 -6.172986060e-02 2.736064213e-02 -9.977177210e-01 1.124312193e+02
-9.953075689e-01 7.407255120e-02 6.225836027e-02 -1.081672230e+01 7.554716491e-02 9.969067221e-01 2.167178094e-02 -2.092957442e+00 -6.046048972e-02 2.627353046e-02 -9.978247286e-01 1.113845625e+02
-9.953551902e-01 7.436836420e-02 6.113376463e-02 -1.075429500e+01 7.581588138e-02 9.968855191e-01 2.170633009e-02 -2.089153437e+00 -5.932910387e-02 2.624041999e-02 -9.978935907e-01 1.103377393e+02
-9.952816560e-01 7.605769694e-02 6.024914029e-02 -1.069071257e+01 7.744970062e-02 9.967726715e-01 2.111253416e-02 -2.081157177e+00 -5.844892778e-02 2.567919405e-02 -9.979602391e-01 1.093165163e+02
-9.952224643e-01 7.758438589e-02 5.926928389e-02 -1.063132739e+01 7.898261292e-02 9.966415321e-01 2.162079744e-02 -2.079334362e+00 -5.739278965e-02 2.619874608e-02 -9.980078469e-01 1.083226861e+02
-9.952733566e-01 7.793767253e-02 5.793888276e-02 -1.056962852e+01 7.935308509e-02 9.965916838e-01 2.254041641e-02 -2.076358437e+00 -5.598465909e-02 2.703150282e-02 -9.980656599e-01 1.073291440e+02
-9.953305159e-01 7.807626241e-02 5.675713198e-02 -1.050928864e+01 7.948248411e-02 9.965720052e-01 2.295245867e-02 -2.071511962e+00 -5.477052546e-02 2.735647999e-02 -9.981241882e-01 1.063803877e+02
-9.954418590e-01 7.760750464e-02 5.543050068e-02 -1.044634366e+01 7.904120968e-02 9.965786667e-01 2.415538822e-02 -2.068084088e+00 -5.336621530e-02 2.842657800e-02 -9.981702663e-01 1.054594003e+02
-9.956066192e-01 7.629684390e-02 5.428257928e-02 -1.038855761e+01 7.772936595e-02 9.966664059e-01 2.478426755e-02 -2.063189691e+00 -5.221065939e-02 2.889472764e-02 -9.982181253e-01 1.045744380e+02
-9.957254706e-01 7.558870058e-02 5.308152550e-02 -1.033481544e+01 7.704318171e-02 9.966910996e-01 2.590826518e-02 -2.061334445e+00 -5.094751059e-02 2.988708203e-02 -9.982542991e-01 1.036919808e+02
-9.957674912e-01 7.569232619e-02 5.213503037e-02 -1.029465998e+01 7.718166839e-02 9.966468059e-01 2.716925806e-02 -2.054577841e+00 -4.990370493e-02 3.107812857e-02 -9.982705595e-01 1.028358042e+02
-9.958214098e-01 7.555411709e-02 5.129834857e-02 -1.024365017e+01 7.711272439e-02 9.965972196e-01 2.911325400e-02 -2.048911827e+00 -4.892416711e-02 3.294735276e-02 -9.982590057e-01 1.020222736e+02
-9.956989696e-01 7.745627858e-02 5.083430915e-02 -1.020044160e+01 7.906118757e-02 9.964074691e-01 3.035612014e-02 -2.040161534e+00 -4.830041421e-02 3.424457914e-02 -9.982456066e-01 1.012108288e+02
-9.954986832e-01 7.943485756e-02 5.169498643e-02 -1.015394985e+01 8.114686067e-02 9.961914416e-01 3.190382109e-02 -2.032721229e+00 -4.896382494e-02 3.595509971e-02 -9.981531611e-01 1.004383550e+02
-9.950043175e-01 8.296350680e-02 5.553204249e-02 -1.011359985e+01 8.478631267e-02 9.959070647e-01 3.131158621e-02 -2.020592390e+00 -5.270703676e-02 3.586351592e-02 -9.979660055e-01 9.967605815e+01
-9.942437389e-01 8.683211016e-02 6.277086226e-02 -1.006112020e+01 8.888672375e-02 9.955681994e-01 3.071101576e-02 -2.011020086e+00 -5.982597150e-02 3.611372379e-02 -9.975555731e-01 9.895326465e+01
-9.930082329e-01 9.109180705e-02 7.508145005e-02 -1.000225515e+01 9.358823523e-02 9.951460458e-01 3.042331658e-02 -2.005839641e+00 -7.194569323e-02 3.723734130e-02 -9.967133108e-01 9.825160040e+01
-9.914076932e-01 9.320552779e-02 9.178171910e-02 -9.934525510e+00 9.626110607e-02 9.949206979e-01 2.943805436e-02 -1.994671623e+00 -8.857174633e-02 3.802012031e-02 -9.953440374e-01 9.756454962e+01
-9.892263715e-01 9.426172318e-02 1.120108469e-01 -9.838852229e+00 9.810735167e-02 9.947438713e-01 2.931937262e-02 -1.990640314e+00 -1.086584035e-01 3.999257579e-02 -9.932746249e-01 9.691095184e+01
-9.858657109e-01 9.556682963e-02 1.376073196e-01 -9.742164871e+00 1.002024893e-01 9.945966381e-01 2.714797376e-02 -1.985815965e+00 -1.342693224e-01 4.055285049e-02 -9.901147623e-01 9.627735630e+01
-9.810798112e-01 9.807609697e-02 1.669240452e-01 -9.617617849e+00 1.034499117e-01 9.943502048e-01 2.378705159e-02 -1.979608605e+00 -1.636480108e-01 4.060527170e-02 -9.856828405e-01 9.567010936e+01
-9.747895574e-01 9.763458900e-02 2.006305262e-01 -9.495118632e+00 1.038772440e-01 9.943725600e-01 2.080090976e-02 -1.981376900e+00 -1.974705973e-01 4.111745644e-02 -9.794460428e-01 9.509178922e+01
-9.668399925e-01 9.511157753e-02 2.370113499e-01 -9.327941396e+00 1.020209215e-01 9.946364330e-01 1.703063847e-02 -1.980801464e+00 -2.341203215e-01 4.064601510e-02 -9.713577095e-01 9.451769810e+01
-9.570482408e-01 9.076172811e-02 2.753560655e-01 -9.138831605e+00 9.825426920e-02 9.950696162e-01 1.350920737e-02 -1.981006990e+00 -2.727723508e-01 3.998387407e-02 -9.612474086e-01 9.397358308e+01
-9.455552849e-01 8.526613402e-02 3.140936370e-01 -8.928453753e+00 9.334355705e-02 9.955760732e-01 1.073747911e-02 -1.986634224e+00 -3.117885680e-01 3.947149629e-02 -9.493312872e-01 9.346249129e+01
-9.310108993e-01 7.997375648e-02 3.561224337e-01 -8.704886606e+00 8.884462289e-02 9.960084232e-01 8.594701410e-03 -1.994432005e+00 -3.540135739e-01 3.964131930e-02 -9.343998747e-01 9.296243957e+01
-9.138063775e-01 7.260726301e-02 3.996076593e-01 -8.444397683e+00 8.200215545e-02 9.966113742e-01 6.438453837e-03 -1.996714986e+00 -3.977860429e-01 3.865218492e-02 -9.166637978e-01 9.246892954e+01
-8.937193627e-01 6.254702300e-02 4.442453748e-01 -8.165115946e+00 7.262651205e-02 9.973430114e-01 5.687995468e-03 -2.008855022e+00 -4.427092652e-01 3.734746061e-02 -8.958873782e-01 9.200515852e+01
-8.698586840e-01 5.402856417e-02 4.903332950e-01 -7.892147783e+00 6.492281126e-02 9.978766382e-01 5.220600274e-03 -2.008114672e+00 -4.890100702e-01 3.637500210e-02 -8.715192964e-01 9.158975506e+01
-8.421690038e-01 4.564509573e-02 5.372785648e-01 -7.573565213e+00 5.709832296e-02 9.983575800e-01 4.683423828e-03 -2.009687228e+00 -5.361823386e-01 3.462193642e-02 -8.433919631e-01 9.116213826e+01
-8.117465926e-01 3.910231514e-02 5.826998853e-01 -7.224406027e+00 5.167557897e-02 9.986515189e-01 4.973178470e-03 -2.011716439e+00 -5.817196689e-01 3.414831088e-02 -8.126725976e-01 9.074582100e+01
-7.783943387e-01 3.193244100e-02 6.269631948e-01 -6.870062224e+00 4.556256659e-02 9.989452859e-01 5.689129266e-03 -2.007903922e+00 -6.261203074e-01 3.299443529e-02 -7.790283894e-01 9.036442440e+01
-7.406130473e-01 2.618988860e-02 6.714211869e-01 -6.523491505e+00 4.261932200e-02 9.990590320e-01 8.041423429e-03 -2.035015468e+00 -6.705787836e-01 3.457109535e-02 -7.410323549e-01 9.001267668e+01
-6.987335870e-01 2.393192050e-02 7.149816004e-01 -6.135058886e+00 4.212789966e-02 9.990823511e-01 7.729176602e-03 -2.044627263e+00 -7.141404826e-01 3.552130820e-02 -6.991006054e-01 8.966888019e+01
-6.549303790e-01 2.465252478e-02 7.552872469e-01 -5.721925699e+00 4.325944517e-02 9.990518260e-01 4.902460440e-03 -2.039809724e+00 -7.544502522e-01 3.588407514e-02 -6.553758451e-01 8.936621027e+01
-6.073769404e-01 2.597937424e-02 7.939888700e-01 -5.298433096e+00 4.405913048e-02 9.990284018e-01 1.015591940e-03 -2.044804059e+00 -7.931910484e-01 3.559930784e-02 -6.079314411e-01 8.906082057e+01
-5.586270982e-01 2.594796879e-02 8.290130554e-01 -4.853222789e+00 4.214793655e-02 9.991072835e-01 -2.870673516e-03 -2.050273770e+00 -8.283474053e-01 3.333755118e-02 -5.592221280e-01 8.879852899e+01
-5.085669942e-01 2.181362934e-02 8.607460826e-01 -4.212986445e+00 3.835351045e-02 9.992606585e-01 -2.663009390e-03 -2.173918438e+00 -8.601677921e-01 3.165831545e-02 -5.090275636e-01 8.856969492e+01
-4.572941430e-01 2.050734882e-02 8.890791548e-01 -4.013704382e+00 3.605964196e-02 9.993394864e-01 -4.503471804e-03 -2.098746028e+00 -8.885842761e-01 3.000046276e-02 -4.577315879e-01 8.849365679e+01
-4.053202391e-01 1.932838072e-02 9.139705669e-01 -3.806250565e+00 3.140166364e-02 9.994808346e-01 -7.210977335e-03 -2.023455103e+00 -9.136354304e-01 2.577744095e-02 -4.057167847e-01 8.844991323e+01
-3.521739971e-01 1.928095262e-02 9.357358923e-01 -3.328546827e+00 3.066855119e-02 9.994886126e-01 -9.052153773e-03 -2.029099705e+00 -9.354319286e-01 2.550973203e-02 -3.525851738e-01 8.831236847e+01
-3.011753978e-01 2.091527226e-02 9.533395030e-01 -2.859230192e+00 3.059627615e-02 9.994566118e-01 -1.226117922e-02 -2.046741127e+00 -9.530779393e-01 2.547587173e-02 -3.016516266e-01 8.820472962e+01
-2.527316076e-01 2.357843057e-02 9.672491355e-01 -2.370106372e+00 2.993551283e-02 9.994149736e-01 -1.654071042e-02 -2.066047547e+00 -9.670732571e-01 2.477473756e-02 -2.532895357e-01 8.811252617e+01
-2.066419741e-01 2.332694326e-02 9.781384765e-01 -1.807593130e+00 2.295475330e-02 9.995561621e-01 -1.898828595e-02 -2.067603893e+00 -9.781472792e-01 1.852915019e-02 -2.070858210e-01 8.802222358e+01
-1.664398325e-01 2.184524967e-02 9.858097296e-01 -1.286007834e+00 1.948986863e-02 9.996321606e-01 -1.886096909e-02 -2.072366960e+00 -9.858591215e-01 1.607408838e-02 -1.668043100e-01 8.797149994e+01
-1.314566287e-01 2.235739839e-02 9.910698935e-01 -7.604320429e-01 1.652271447e-02 9.996561880e-01 -2.035950736e-02 -2.086346865e+00 -9.911843288e-01 1.369877735e-02 -1.317807350e-01 8.793694797e+01
-1.023541508e-01 2.512303171e-02 9.944309501e-01 -2.611074644e-01 1.844826239e-02 9.995570392e-01 -2.335371301e-02 -2.120081229e+00 -9.945771520e-01 1.595517717e-02 -1.027722747e-01 8.790089645e+01
-7.886291309e-02 2.735205389e-02 9.965103082e-01 2.692748232e-01 1.915233878e-02 9.994806114e-01 -2.591788718e-02 -2.153478175e+00 -9.967016366e-01 1.704154873e-02 -7.934579439e-02 8.788455411e+01
-5.941371918e-02 3.251015486e-02 9.977039216e-01 7.861684784e-01 1.528815592e-02 9.993819434e-01 -3.165441611e-02 -2.179956693e+00 -9.981163500e-01 1.337234610e-02 -5.987404159e-02 8.785629511e+01
-4.468101753e-02 3.904861241e-02 9.982379491e-01 1.326128977e+00 1.373514923e-02 9.991653298e-01 -3.847011059e-02 -2.193941051e+00 -9.989069973e-01 1.199206642e-02 -4.518005396e-02 8.785425484e+01
-3.326669657e-02 4.090501705e-02 9.986091467e-01 1.868993428e+00 1.613758461e-02 9.990538163e-01 -4.038564311e-02 -2.216052333e+00 -9.993162733e-01 1.477164491e-02 -3.389525686e-02 8.784252252e+01
-2.441695561e-02 3.740977076e-02 9.990017918e-01 2.443575497e+00 1.925691818e-02 9.991317709e-01 -3.694397876e-02 -2.247612860e+00 -9.995165293e-01 1.833564211e-02 -2.511608386e-02 8.783307552e+01
-1.708686664e-02 3.318671424e-02 9.993031795e-01 3.019735277e+00 2.034972156e-02 9.992535544e-01 -3.283711029e-02 -2.278416081e+00 -9.996469358e-01 1.977445662e-02 -1.774942493e-02 8.782319661e+01
-1.293586613e-02 3.042575349e-02 9.994533641e-01 3.594763362e+00 1.984152806e-02 9.993479484e-01 -3.016574047e-02 -2.309689600e+00 -9.997195091e-01 1.944046605e-02 -1.353104801e-02 8.782323269e+01
-1.084647375e-02 3.016933359e-02 9.994859756e-01 4.194577367e+00 2.022994620e-02 9.993467903e-01 -2.994559853e-02 -2.333589247e+00 -9.997365437e-01 1.989474499e-02 -1.144964595e-02 8.781216287e+01
-1.056711864e-02 3.067123139e-02 9.994736405e-01 4.802266295e+00 2.249086814e-02 9.992839171e-01 -3.042761830e-02 -2.360893106e+00 -9.996911652e-01 2.215749670e-02 -1.124936536e-02 8.780916392e+01
-9.477805272e-03 3.118077274e-02 9.994688216e-01 5.420433029e+00 2.624599246e-02 9.991771026e-01 -3.092278522e-02 -2.392460107e+00 -9.996105985e-01 2.593897002e-02 -1.028830045e-02 8.779912240e+01
-9.148796099e-03 3.233851553e-02 9.994350623e-01 6.050636839e+00 2.915029492e-02 9.990608036e-01 -3.205956190e-02 -2.421426296e+00 -9.995331561e-01 2.884051763e-02 -1.008293245e-02 8.779349873e+01
-9.704089316e-03 3.285114929e-02 9.994132080e-01 6.687263203e+00 3.173681417e-02 9.989668147e-01 -3.252832056e-02 -2.452183465e+00 -9.994491683e-01 3.140253046e-02 -1.073670894e-02 8.778240795e+01
-9.775982602e-03 3.291027277e-02 9.994106405e-01 7.346448775e+00 3.282378604e-02 9.989302320e-01 -3.257338772e-02 -2.482021229e+00 -9.994134467e-01 3.248600417e-02 -1.084569496e-02 8.777618126e+01
-9.876167668e-03 3.232706128e-02 9.994287185e-01 8.021576159e+00 3.456821299e-02 9.988909048e-01 -3.196808067e-02 -2.512482908e+00 -9.993537063e-01 3.423274738e-02 -1.098271955e-02 8.776897505e+01
-9.308815738e-03 3.212711903e-02 9.994405166e-01 8.708241627e+00 3.815117479e-02 9.987674664e-01 -3.175014410e-02 -2.546287421e+00 -9.992287006e-01 3.783427138e-02 -1.052296344e-02 8.775905161e+01
-7.951331735e-03 3.210686700e-02 9.994527986e-01 9.417233161e+00 4.280795878e-02 9.985790714e-01 -3.173822729e-02 -2.577157990e+00 -9.990516916e-01 4.253217397e-02 -9.314386499e-03 8.774873013e+01
-5.195536761e-03 3.218491629e-02 9.994685712e-01 1.013633928e+01 4.708521701e-02 9.983812020e-01 -3.190514806e-02 -2.611671444e+00 -9.988774682e-01 4.689442627e-02 -6.702578783e-03 8.774003236e+01
-4.972131902e-04 3.228369527e-02 9.994787388e-01 1.088660390e+01 5.003082466e-02 9.982278728e-01 -3.221840641e-02 -2.641822789e+00 -9.987476756e-01 4.998872454e-02 -2.111515853e-03 8.773157964e+01
5.824787799e-03 3.223260810e-02 9.994634402e-01 1.162945601e+01 5.375108776e-02 9.980253281e-01 -3.249949151e-02 -2.676369254e+00 -9.985373861e-01 5.391154680e-02 4.080768707e-03 8.773405254e+01
1.415955321e-02 3.187569108e-02 9.993915522e-01 1.239025367e+01 5.632361550e-02 9.978793782e-01 -3.262546269e-02 -2.706613999e+00 -9.983121759e-01 5.675131002e-02 1.233414312e-02 8.774379503e+01
2.361080622e-02 3.028851531e-02 9.992623721e-01 1.318317158e+01 5.869632195e-02 9.977746644e-01 -3.163031655e-02 -2.742267199e+00 -9.979967289e-01 5.939984086e-02 2.178039412e-02 8.776495220e+01
3.372397832e-02 2.904241309e-02 9.990091984e-01 1.397673220e+01 5.928780503e-02 9.977592356e-01 -3.100748450e-02 -2.775393824e+00 -9.976711549e-01 6.027475468e-02 3.192653613e-02 8.779064613e+01
4.471480406e-02 2.699228986e-02 9.986350446e-01 1.479294519e+01 5.596765401e-02 9.979972346e-01 -2.948105387e-02 -2.811782926e+00 -9.974307820e-01 5.720950262e-02 4.311457791e-02 8.783392272e+01
5.517787152e-02 2.695041546e-02 9.981129092e-01 1.562819011e+01 5.429487923e-02 9.980756250e-01 -2.995096139e-02 -2.846392623e+00 -9.969993994e-01 5.584504784e-02 5.360839713e-02 8.788961858e+01
6.609502393e-02 2.868928522e-02 9.974009663e-01 1.645918645e+01 5.146550752e-02 9.981580463e-01 -3.212155245e-02 -2.880897458e+00 -9.964853554e-01 5.345481873e-02 6.449681927e-02 8.794621150e+01
7.633687067e-02 3.335267341e-02 9.965241085e-01 1.730623316e+01 4.703759983e-02 9.982071512e-01 -3.701223481e-02 -2.924234542e+00 -9.959719760e-01 4.969949891e-02 7.463117071e-02 8.802449068e+01
8.531361954e-02 3.758791353e-02 9.956450081e-01 1.815638480e+01 4.324541834e-02 9.982067560e-01 -4.139019200e-02 -2.966134307e+00 -9.954153012e-01 4.658823141e-02 8.353509708e-02 8.810483909e+01
9.202448205e-02 3.887166749e-02 9.949978503e-01 1.902029912e+01 3.583894203e-02 9.984610662e-01 -4.232161066e-02 -3.016784585e+00 -9.951116656e-01 3.955429315e-02 9.048972580e-02 8.819430110e+01
9.510400733e-02 3.683188960e-02 9.947858298e-01 1.988149532e+01 3.056001362e-02 9.987362261e-01 -3.989977369e-02 -3.063133647e+00 -9.949982430e-01 3.419529825e-02 9.385824218e-02 8.828774299e+01
9.541443596e-02 3.523509461e-02 9.948139034e-01 2.074304082e+01 2.562420178e-02 9.989552176e-01 -3.783944258e-02 -3.110011972e+00 -9.951078256e-01 2.910174127e-02 9.441187213e-02 8.838570073e+01
9.338825136e-02 3.389331204e-02 9.950528270e-01 2.162116738e+01 2.145092885e-02 9.991198987e-01 -3.604507491e-02 -3.164884235e+00 -9.953987974e-01 2.471099773e-02 9.257901709e-02 8.847491323e+01
8.893285639e-02 3.333655697e-02 9.954796939e-01 2.248679951e+01 1.728594986e-02 9.992375475e-01 -3.500667397e-02 -3.210752462e+00 -9.958877137e-01 2.032105841e-02 8.828877475e-02 8.856632480e+01
8.214929581e-02 3.432328775e-02 9.960288897e-01 2.334305908e+01 1.408421015e-02 9.992669794e-01 -3.559649945e-02 -3.258018809e+00 -9.965205888e-01 1.695250817e-02 8.160566210e-02 8.865128951e+01
7.314363877e-02 3.565254702e-02 9.966840947e-01 2.412601799e+01 1.102306391e-02 9.992708849e-01 -3.655403347e-02 -3.257464191e+00 -9.972606544e-01 1.366021126e-02 7.269732396e-02 8.871765224e+01
6.268859462e-02 3.650557079e-02 9.973653373e-01 2.497662919e+01 8.461616094e-03 9.992754703e-01 -3.710733422e-02 -3.301600665e+00 -9.979973567e-01 1.076553358e-02 6.233430242e-02 8.877865689e+01
5.154800164e-02 3.522193703e-02 9.980493354e-01 2.583450496e+01 6.961251644e-03 9.993409118e-01 -3.562705987e-02 -3.349924073e+00 -9.986463337e-01 8.784179386e-03 5.126883658e-02 8.882629762e+01
3.972113619e-02 3.271833235e-02 9.986749767e-01 2.668092713e+01 6.191077704e-03 9.994365294e-01 -3.298952585e-02 -3.399087378e+00 -9.991915691e-01 7.493253205e-03 3.949617922e-02 8.886057043e+01
2.803536986e-02 3.084860854e-02 9.991308825e-01 2.752564187e+01 6.684325102e-03 9.994955352e-01 -3.104742843e-02 -3.443820258e+00 -9.995846800e-01 7.548946287e-03 2.781503506e-02 8.887397303e+01
1.604252139e-02 3.195965250e-02 9.993604441e-01 2.836781054e+01 8.328450587e-03 9.994501097e-01 -3.209621473e-02 -3.488311644e+00 -9.998366512e-01 8.838028854e-03 1.576754888e-02 8.888483167e+01
4.155890043e-03 3.347046621e-02 9.994310387e-01 2.920529152e+01 9.677194906e-03 9.993915246e-01 -3.350938087e-02 -3.532349937e+00 -9.999445402e-01 9.810951521e-03 3.829449764e-03 8.888320522e+01
-8.016313598e-03 3.412059300e-02 9.993856661e-01 3.004529241e+01 1.158402025e-02 9.993537836e-01 -3.402658938e-02 -3.575376330e+00 -9.999008327e-01 1.130413979e-02 -8.406430039e-03 8.887165394e+01
-2.008584268e-02 3.337850011e-02 9.992409200e-01 3.088319883e+01 1.326912002e-02 9.993634399e-01 -3.311587061e-02 -3.622828388e+00 -9.997102160e-01 1.259388808e-02 -2.051605869e-02 8.885131295e+01
-3.138871424e-02 3.250679205e-02 9.989785499e-01 3.172520688e+01 1.453024398e-02 9.993802007e-01 -3.206331009e-02 -3.661665086e+00 -9.994016594e-01 1.350897812e-02 -3.184154287e-02 8.882324979e+01
-4.152544617e-02 3.263020953e-02 9.986046486e-01 3.256068955e+01 1.707686116e-02 9.993437837e-01 -3.194425251e-02 -3.702739502e+00 -9.989916512e-01 1.572653529e-02 -4.205543735e-02 8.878200081e+01
-4.912511932e-02 3.336318428e-02 9.982352610e-01 3.339212033e+01 1.915170911e-02 9.992896593e-01 -3.245593493e-02 -3.746597290e+00 -9.986090073e-01 1.752351236e-02 -4.972909026e-02 8.873522339e+01
-5.449480422e-02 3.492514432e-02 9.979031431e-01 3.422744542e+01 2.092459710e-02 9.992085830e-01 -3.382815780e-02 -3.788469974e+00 -9.982948596e-01 1.903726639e-02 -5.518249195e-02 8.868103580e+01
-5.792523234e-02 3.760969729e-02 9.976123610e-01 3.505668859e+01 2.160928098e-02 9.991032508e-01 -3.641119263e-02 -3.833002254e+00 -9.980871449e-01 1.944856203e-02 -5.868604161e-02 8.862147728e+01
-6.010156612e-02 4.041922113e-02 9.973738327e-01 3.590142096e+01 2.295988922e-02 9.989714607e-01 -3.910041995e-02 -3.878060234e+00 -9.979283740e-01 2.054960066e-02 -6.096771883e-02 8.856668158e+01
-6.090344541e-02 4.228263463e-02 9.972478125e-01 3.675962622e+01 2.363437181e-02 9.988832996e-01 -4.090860091e-02 -3.924776302e+00 -9.978639293e-01 2.107785619e-02 -6.183482852e-02 8.851176260e+01
-6.026306900e-02 4.297608668e-02 9.972570655e-01 3.762298053e+01 2.440970426e-02 9.988373895e-01 -4.156914900e-02 -3.970409383e+00 -9.978841311e-01 2.183767016e-02 -6.124212402e-02 8.846087674e+01
-5.818818807e-02 4.237628897e-02 9.974058755e-01 3.848296374e+01 2.408930132e-02 9.988673796e-01 -4.103302943e-02 -4.017164764e+00 -9.980149859e-01 2.163917625e-02 -5.914304877e-02 8.840861257e+01
-5.594726978e-02 4.051179868e-02 9.976116124e-01 3.935771113e+01 2.417371343e-02 9.989385376e-01 -3.920999992e-02 -4.067197376e+00 -9.981411560e-01 2.192228833e-02 -5.686716657e-02 8.836002015e+01
-5.331841235e-02 3.814049646e-02 9.978488552e-01 4.024609295e+01 2.414511862e-02 9.990274039e-01 -3.689538638e-02 -4.112001439e+00 -9.982855479e-01 2.212597857e-02 -5.418742705e-02 8.831089452e+01
-5.093976631e-02 3.654415584e-02 9.980331127e-01 4.113400923e+01 2.442952127e-02 9.990768582e-01 -3.533550324e-02 -4.160500681e+00 -9.984030953e-01 2.258149545e-02 -5.178548515e-02 8.826467216e+01
-4.939137225e-02 3.470661397e-02 9.981762954e-01 4.203222859e+01 2.148185904e-02 9.992017744e-01 -3.367931175e-02 -4.212368111e+00 -9.985484606e-01 1.977921746e-02 -5.009753135e-02 8.822727298e+01
-4.915360680e-02 3.491810308e-02 9.981807609e-01 4.293108385e+01 1.959042504e-02 9.992301629e-01 -3.399012129e-02 -4.252739473e+00 -9.985991708e-01 1.788404818e-02 -4.979985124e-02 8.818747830e+01
-5.065607091e-02 3.485440339e-02 9.981077524e-01 4.382673575e+01 1.479630734e-02 9.993073532e-01 -3.414535131e-02 -4.304948999e+00 -9.986065530e-01 1.303864036e-02 -5.113676340e-02 8.814308033e+01
-5.490673337e-02 3.508664041e-02 9.978748611e-01 4.472907932e+01 1.023761276e-02 9.993496490e-01 -3.457518829e-02 -4.350140130e+00 -9.984390205e-01 8.317443391e-03 -5.523024284e-02 8.810396676e+01
-6.117842952e-02 3.532121601e-02 9.975018044e-01 4.565072461e+01 4.304018604e-03 9.993737040e-01 -3.512353173e-02 -4.394204349e+00 -9.981177151e-01 2.144470168e-03 -6.129213953e-02 8.805166864e+01
-7.146558172e-02 3.580258325e-02 9.968004155e-01 4.653765285e+01 -1.147118633e-04 9.993552971e-01 -3.590257871e-02 -4.444043466e+00 -9.974431890e-01 -2.680134935e-03 -7.141537612e-02 8.799921461e+01
-8.496314563e-02 3.848031232e-02 9.956409280e-01 4.743124281e+01 -3.582104382e-03 9.992357314e-01 -3.892492953e-02 -4.492391293e+00 -9.963777934e-01 -6.873665408e-03 -8.476039257e-02 8.793229123e+01
-1.018270551e-01 4.219424127e-02 9.939070530e-01 4.831452343e+01 -7.640608100e-03 9.990374344e-01 -4.319483632e-02 -4.547782320e+00 -9.947729297e-01 -1.199244504e-02 -1.014067071e-01 8.785680709e+01
-1.199269558e-01 4.314122077e-02 9.918448875e-01 4.919347236e+01 -7.770973900e-03 9.989839954e-01 -4.439135453e-02 -4.596484896e+00 -9.927522704e-01 -1.303132460e-02 -1.194699012e-01 8.775062885e+01
-1.396936304e-01 4.018917096e-02 9.893788426e-01 5.008651701e+01 -5.258040359e-03 9.991318020e-01 -4.132773659e-02 -4.640699689e+00 -9.901808058e-01 -1.097541288e-02 -1.393610099e-01 8.762826131e+01
-1.602703873e-01 3.537697614e-02 9.864390269e-01 5.098015552e+01 -2.448415640e-03 9.993402011e-01 -3.623746073e-02 -4.689812462e+00 -9.870701964e-01 -8.223005533e-03 -1.600780871e-01 8.747651317e+01
-1.818472358e-01 3.382431443e-02 9.827449310e-01 5.186727440e+01 -1.192362753e-03 9.993998861e-01 -3.461818725e-02 -4.736768119e+00 -9.833261566e-01 -7.467006777e-03 -1.816977347e-01 8.731926334e+01
-2.026082704e-01 3.436023706e-02 9.786570014e-01 5.275199542e+01 3.433833353e-03 9.994030040e-01 -3.437772746e-02 -4.778750836e+00 -9.792539815e-01 -3.604664532e-03 -2.026053623e-01 8.713549728e+01
-2.229916408e-01 3.680049510e-02 9.741256186e-01 5.358623557e+01 9.182817622e-03 9.993221266e-01 -3.565029388e-02 -4.826202317e+00 -9.747772424e-01 9.955042412e-04 -2.231784573e-01 8.693293949e+01
-2.430185218e-01 3.604102827e-02 9.693520110e-01 5.442807830e+01 1.420881950e-02 9.993345432e-01 -3.359362209e-02 -4.872825259e+00 -9.699177476e-01 5.609478903e-03 -2.433689011e-01 8.671773177e+01
-2.620624829e-01 3.580979113e-02 9.643863435e-01 5.525635416e+01 1.863730671e-02 9.993127449e-01 -3.204218380e-02 -4.916840888e+00 -9.648709927e-01 9.576514881e-03 -2.625496868e-01 8.648227893e+01
-2.779015894e-01 3.814092381e-02 9.598520777e-01 5.607484455e+01 2.387962922e-02 9.991769851e-01 -3.278978949e-02 -4.958885541e+00 -9.603127047e-01 1.380857657e-02 -2.785836938e-01 8.622953239e+01
-2.927387084e-01 3.976568132e-02 9.553650558e-01 5.689602598e+01 2.535314213e-02 9.991063723e-01 -3.381774269e-02 -4.995727984e+00 -9.558561040e-01 1.432173750e-02 -2.934853406e-01 8.596790431e+01
-3.054026295e-01 3.725588047e-02 9.514943242e-01 5.772855104e+01 2.823751076e-02 9.991491779e-01 -3.005838280e-02 -5.033620690e+00 -9.518046340e-01 1.768792378e-02 -3.061948230e-01 8.569678283e+01
-3.157279482e-01 2.857928159e-02 9.484193211e-01 5.857063505e+01 3.077513447e-02 9.993288471e-01 -1.986835826e-02 -5.064132627e+00 -9.483506116e-01 2.291473917e-02 -3.163955206e-01 8.541657104e+01
-3.234860319e-01 1.803844143e-02 9.460610013e-01 5.940871803e+01 2.891897146e-02 9.995396899e-01 -9.169870133e-03 -5.093829606e+00 -9.457909042e-01 2.439278560e-02 -3.238588390e-01 8.512899066e+01
-3.280486699e-01 1.497578620e-02 9.445422729e-01 6.023855067e+01 3.035645908e-02 9.995250615e-01 -5.304455456e-03 -5.119639628e+00 -9.441731252e-01 2.693283789e-02 -3.283475182e-01 8.483918930e+01
-3.295453457e-01 2.282501141e-02 9.438639481e-01 6.107936367e+01 3.253361757e-02 9.993885844e-01 -1.280879574e-02 -5.140528870e+00 -9.435792148e-01 2.648623074e-02 -3.300864014e-01 8.454187769e+01
-3.301177251e-01 3.499808640e-02 9.432908015e-01 6.189943008e+01 3.458069398e-02 9.990900283e-01 -2.496636220e-02 -5.164399483e+00 -9.433062145e-01 2.437781038e-02 -3.310275890e-01 8.424614404e+01
-3.296761552e-01 4.456520262e-02 9.430416580e-01 6.273230016e+01 3.478057563e-02 9.987805040e-01 -3.504036908e-02 -5.193217237e+00 -9.434532184e-01 2.124755703e-02 -3.308241691e-01 8.396037959e+01
-3.291455065e-01 4.616719959e-02 9.431500143e-01 6.357812410e+01 3.525267002e-02 9.987085693e-01 -3.658413564e-02 -5.231013451e+00 -9.436210070e-01 2.120706015e-02 -3.303479295e-01 8.366552181e+01
-3.300028675e-01 4.294284147e-02 9.430026512e-01 6.442601671e+01 3.548166163e-02 9.988230954e-01 -3.306803925e-02 -5.273688996e+00 -9.433128625e-01 2.254674855e-02 -3.311382058e-01 8.336849926e+01
-3.321700889e-01 3.724211223e-02 9.424840016e-01 6.527832855e+01 3.476078957e-02 9.990247414e-01 -2.722518264e-02 -5.322772466e+00 -9.425788088e-01 2.371809811e-02 -3.331407657e-01 8.306036406e+01
-3.368970419e-01 3.334804127e-02 9.409508477e-01 6.613884544e+01 3.567702310e-02 9.991069822e-01 -2.263538198e-02 -5.356780416e+00 -9.408654008e-01 2.594452958e-02 -3.377859696e-01 8.275262197e+01
-3.427411670e-01 3.109176256e-02 9.389152483e-01 6.701204516e+01 3.629644549e-02 9.991441974e-01 -1.983658153e-02 -5.389765086e+00 -9.387284729e-01 2.728047316e-02 -3.435764124e-01 8.242640484e+01
-3.514135108e-01 3.217553811e-02 9.356674114e-01 6.787282847e+01 3.632578658e-02 9.991252657e-01 -2.071465604e-02 -5.422411065e+00 -9.355155018e-01 2.670944590e-02 -3.522748750e-01 8.210156433e+01
-3.623358540e-01 3.557208428e-02 9.313684866e-01 6.873381591e+01 3.547408514e-02 9.990737510e-01 -2.435727791e-02 -5.452819758e+00 -9.313722074e-01 2.421392822e-02 -3.632621494e-01 8.176528522e+01
-3.759009060e-01 3.814846675e-02 9.258743709e-01 6.959829795e+01 3.825189570e-02 9.989394110e-01 -2.562884084e-02 -5.482953484e+00 -9.258700896e-01 2.578254943e-02 -3.769614325e-01 8.140994189e+01
-3.900763560e-01 3.969264315e-02 9.199265735e-01 7.045922024e+01 3.806657752e-02 9.989114607e-01 -2.695928848e-02 -5.522633855e+00 -9.199953130e-01 2.450227287e-02 -3.911628150e-01 8.103396325e+01
-4.039853139e-01 4.430621198e-02 9.136920528e-01 7.132167280e+01 3.820643328e-02 9.987720423e-01 -3.153904871e-02 -5.563879413e+00 -9.139674809e-01 2.216760345e-02 -4.051819706e-01 8.065528732e+01
-4.159135220e-01 5.425298892e-02 9.077844397e-01 7.217844518e+01 4.135517341e-02 9.983145717e-01 -4.071602134e-02 -5.604201407e+00 -9.084633538e-01 2.060724039e-02 -4.174561168e-01 8.026138711e+01
-4.263825576e-01 5.898231406e-02 9.026178505e-01 7.302945089e+01 4.404918962e-02 9.980418296e-01 -4.440972183e-02 -5.649849020e+00 -9.034697059e-01 2.082404930e-02 -4.281457195e-01 7.985133334e+01
-4.342674968e-01 5.645038648e-02 8.990135460e-01 7.390587513e+01 4.367910372e-02 9.981800302e-01 -4.157806745e-02 -5.699657386e+00 -8.997244791e-01 2.121210467e-02 -4.359428964e-01 7.942723710e+01
-4.390788983e-01 5.094793497e-02 8.970029140e-01 7.477393311e+01 4.457126365e-02 9.983967552e-01 -3.488946926e-02 -5.752033956e+00 -8.973424107e-01 2.466132416e-02 -4.406457806e-01 7.900056069e+01
-4.414605764e-01 5.000246357e-02 8.958864226e-01 7.566369666e+01 4.527861761e-02 9.984154294e-01 -3.341328831e-02 -5.798527337e+00 -8.961375559e-01 2.581385011e-02 -4.430250467e-01 7.855766622e+01
-4.427687633e-01 4.990326423e-02 8.952461179e-01 7.654582765e+01 4.653892034e-02 9.983832111e-01 -3.263527473e-02 -5.840002296e+00 -8.954272868e-01 2.721391036e-02 -4.443752706e-01 7.811960506e+01
-4.433817234e-01 5.079341914e-02 8.948927330e-01 7.742762282e+01 4.749308662e-02 9.983219044e-01 -3.313315922e-02 -5.888979359e+00 -8.950739423e-01 2.781058386e-02 -4.450499831e-01 7.767883349e+01
-4.442143138e-01 4.916080339e-02 8.945707157e-01 7.831437676e+01 4.659331862e-02 9.984098687e-01 -3.173053830e-02 -5.932473783e+00 -8.947080766e-01 2.758585883e-02 -4.457984919e-01 7.723737506e+01
-4.451445789e-01 4.907607623e-02 8.941131261e-01 7.919946981e+01 4.528087660e-02 9.984532854e-01 -3.225950236e-02 -5.977511217e+00 -8.943133645e-01 2.612608778e-02 -4.466781677e-01 7.679975281e+01
-4.462605199e-01 4.674936113e-02 8.936811884e-01 8.006589005e+01 4.223688415e-02 9.986219679e-01 -3.114788950e-02 -6.025058257e+00 -8.939058188e-01 2.384623580e-02 -4.476201961e-01 7.636320435e+01
-4.485177100e-01 4.547590808e-02 8.926164938e-01 8.093869916e+01 3.866722726e-02 9.987569544e-01 -3.145410987e-02 -6.073040756e+00 -8.929373472e-01 2.040728358e-02 -4.497185746e-01 7.593093747e+01
-4.535107079e-01 4.317699820e-02 8.902045239e-01 8.181339304e+01 3.425315384e-02 9.989322986e-01 -3.100043897e-02 -6.125618821e+00 -8.905925492e-01 1.643328235e-02 -4.545054414e-01 7.550071271e+01
-4.601790250e-01 4.157955730e-02 8.868518636e-01 8.268273774e+01 3.023169087e-02 9.990572878e-01 -3.115330258e-02 -6.170578643e+00 -8.873111838e-01 1.247493224e-02 -4.610022637e-01 7.505126189e+01
-4.690983524e-01 3.650853744e-02 8.823910120e-01 8.353850310e+01 2.429470757e-02 9.993005342e-01 -2.843002002e-02 -6.211761487e+00 -8.828117151e-01 8.100955920e-03 -4.696571228e-01 7.460876276e+01
-4.789492134e-01 3.374374235e-02 8.771939030e-01 8.437767167e+01 2.331879068e-02 9.993973542e-01 -2.571254870e-02 -6.261715144e+00 -8.775329056e-01 8.140097024e-03 -4.794473831e-01 7.414880687e+01
-4.903722269e-01 3.185380087e-02 8.709310199e-01 8.521706410e+01 2.365450269e-02 9.994501352e-01 -2.323580197e-02 -6.300216592e+00 -8.711922670e-01 9.207253983e-03 -4.908560996e-01 7.368019923e+01
-5.017449041e-01 3.119984720e-02 8.644528552e-01 8.606888548e+01 2.173186025e-02 9.994885515e-01 -2.345997387e-02 -6.342184782e+00 -8.647426808e-01 7.015246601e-03 -5.021663518e-01 7.319444858e+01
-5.140448973e-01 2.956072461e-02 8.572539463e-01 8.689445244e+01 2.112214864e-02 9.995391537e-01 -2.180144547e-02 -6.378379030e+00 -8.575033472e-01 6.900126286e-03 -5.144323836e-01 7.270314712e+01
-5.268075666e-01 2.939327881e-02 8.494763148e-01 8.770976474e+01 2.063547311e-02 9.995496392e-01 -2.178885914e-02 -6.418788440e+00 -8.497341700e-01 6.050812500e-03 -5.271768225e-01 7.220300972e+01
-5.397744891e-01 3.016232730e-02 8.412694333e-01 8.853056054e+01 2.025001810e-02 9.995339275e-01 -2.284385287e-02 -6.462782977e+00 -8.415663673e-01 4.705197584e-03 -5.401336845e-01 7.167759327e+01
-5.526133997e-01 3.242819549e-02 8.328067403e-01 8.928857820e+01 2.051975547e-02 9.994692144e-01 -2.530178100e-02 -6.505000649e+00 -8.331852046e-01 3.106888078e-03 -5.529855478e-01 7.116753331e+01
-5.654252565e-01 3.302792510e-02 8.241381575e-01 9.006863474e+01 2.030359472e-02 9.994524905e-01 -2.612387586e-02 -6.538490318e+00 -8.245497393e-01 1.961869096e-03 -5.657862635e-01 7.063260978e+01
-5.776109889e-01 3.251230143e-02 8.156645977e-01 9.083176553e+01 2.090644390e-02 9.994679864e-01 -2.503383999e-02 -6.579368656e+00 -8.160445833e-01 2.592828436e-03 -5.779833761e-01 7.009139065e+01
-5.900247004e-01 3.068930586e-02 8.068016149e-01 9.159511799e+01 2.110564804e-02 9.995220882e-01 -2.258521032e-02 -6.620210419e+00 -8.071092133e-01 3.702235668e-03 -5.903904567e-01 6.953744908e+01
-6.015487547e-01 3.145988775e-02 7.982165629e-01 9.233111955e+01 2.341960890e-02 9.994892275e-01 -2.174320373e-02 -6.659326286e+00 -7.984929219e-01 5.614326391e-03 -6.019782740e-01 6.897604054e+01
-6.116097225e-01 3.330902147e-02 7.904582720e-01 9.306039844e+01 2.584179524e-02 9.994212766e-01 -2.211964258e-02 -6.692201328e+00 -7.907375842e-01 6.898273631e-03 -6.121165205e-01 6.840870727e+01
-6.197917544e-01 3.549722334e-02 7.839631677e-01 9.378659721e+01 2.945363618e-02 9.993248266e-01 -2.196294437e-02 -6.727650523e+00 -7.842135064e-01 9.478115966e-03 -6.204188389e-01 6.782719267e+01
-6.255351215e-01 3.822651114e-02 7.792591526e-01 9.448883968e+01 3.444595843e-02 9.991782043e-01 -2.136381357e-02 -6.763344603e+00 -7.794354251e-01 1.347851479e-02 -6.263377923e-01 6.724837253e+01
-6.293884340e-01 3.966092844e-02 7.760782165e-01 9.519125383e+01 3.744178620e-02 9.990845564e-01 -2.069275615e-02 -6.797367274e+00 -7.761884239e-01 1.603397335e-02 -6.302972309e-01 6.666806406e+01
-6.319588458e-01 4.172314517e-02 7.738779958e-01 9.588770400e+01 4.056876781e-02 9.989617035e-01 -2.072940144e-02 -6.833021044e+00 -7.739393881e-01 1.829514833e-02 -6.329953825e-01 6.610595432e+01
-6.325275227e-01 4.309404772e-02 7.733383906e-01 9.657084378e+01 4.243636900e-02 9.988794176e-01 -2.095278923e-02 -6.865183317e+00 -7.733747564e-01 1.956446031e-02 -6.336475718e-01 6.554140051e+01
-6.319641410e-01 4.518891220e-02 7.736792180e-01 9.724506069e+01 4.567906466e-02 9.987349738e-01 -2.102191777e-02 -6.902302696e+00 -7.736504638e-01 2.205584718e-02 -6.332289328e-01 6.499558182e+01
-6.294231805e-01 4.655035714e-02 7.756672183e-01 9.790611487e+01 4.824349441e-02 9.986193864e-01 -2.078277929e-02 -6.930512465e+00 -7.755637464e-01 2.433973744e-02 -6.307999987e-01 6.444179563e+01
-6.259099507e-01 4.704121832e-02 7.784754959e-01 9.855747285e+01 4.941165742e-02 9.985657434e-01 -2.061273500e-02 -6.963937144e+00 -7.783286643e-01 2.556405224e-02 -6.273366563e-01 6.391987026e+01
-6.209769773e-01 4.824814691e-02 7.823424322e-01 9.919478165e+01 5.178121294e-02 9.984485456e-01 -2.047485583e-02 -7.001690161e+00 -7.821165842e-01 2.779622523e-02 -6.225120068e-01 6.340658158e+01
-6.153411391e-01 4.880611927e-02 7.867486383e-01 9.981154744e+01 5.271205634e-02 9.983950138e-01 -2.070787954e-02 -7.033722117e+00 -7.864966343e-01 2.872873066e-02 -6.169261870e-01 6.292466236e+01
-6.103479654e-01 4.895908085e-02 7.906189131e-01 1.004259872e+02 5.343794589e-02 9.983592762e-01 -2.056997080e-02 -7.066608325e+00 -7.903287953e-01 2.969420894e-02 -6.119628886e-01 6.244896806e+01
-6.057118477e-01 4.764908597e-02 7.942560384e-01 1.010190673e+02 5.191293908e-02 9.984450697e-01 -2.030920312e-02 -7.099872724e+00 -7.939887573e-01 2.893064036e-02 -6.072436236e-01 6.200995214e+01
-6.011774287e-01 4.693200409e-02 7.977361429e-01 1.016047457e+02 5.160634139e-02 9.984701966e-01 -1.985071853e-02 -7.134134206e+00 -7.974474335e-01 2.923444045e-02 -6.026797949e-01 6.156515272e+01
-5.979628470e-01 4.623489733e-02 8.001893784e-01 1.021655026e+02 5.117059111e-02 9.985003985e-01 -1.945471524e-02 -7.163891567e+00 -7.998888917e-01 2.931296297e-02 -5.994320250e-01 6.115116044e+01
-5.956554002e-01 4.803786792e-02 8.018023920e-01 1.027197501e+02 5.095515690e-02 9.984593463e-01 -2.196569988e-02 -7.191075469e+00 -8.016223335e-01 2.777198059e-02 -5.971855174e-01 6.074070862e+01
-5.954712358e-01 5.049017232e-02 8.017884573e-01 1.032706874e+02 5.049978020e-02 9.984018620e-01 -2.536618869e-02 -7.222613930e+00 -8.017878281e-01 2.538530138e-02 -5.970693256e-01 6.033229061e+01
-5.970107043e-01 5.609490448e-02 8.002698774e-01 1.038092125e+02 5.228042907e-02 9.981523263e-01 -3.096366564e-02 -7.253059207e+00 -8.005281133e-01 2.335281399e-02 -5.988402010e-01 5.992621393e+01
-5.994890691e-01 6.157842432e-02 7.980106147e-01 1.043444921e+02 5.526466061e-02 9.978411177e-01 -3.548188749e-02 -7.291593112e+00 -7.984726965e-01 2.283077959e-02 -6.015978679e-01 5.951353390e+01
-6.028806318e-01 6.315618445e-02 7.953279751e-01 1.048719808e+02 5.748460129e-02 9.977095984e-01 -3.565219949e-02 -7.316257650e+00 -7.957579706e-01 2.422509146e-02 -6.051303072e-01 5.910424433e+01
-6.070640118e-01 5.936736579e-02 7.924324068e-01 1.054120401e+02 5.802620656e-02 9.978549841e-01 -3.030468731e-02 -7.343155514e+00 -7.925317891e-01 2.758496679e-02 -6.092067170e-01 5.868404358e+01
-6.111576103e-01 5.087902820e-02 7.898721896e-01 1.059461760e+02 5.675187727e-02 9.981801873e-01 -2.038571588e-02 -7.380491004e+00 -7.894719123e-01 3.236784449e-02 -6.129328281e-01 5.826742516e+01
-6.161735496e-01 4.431438652e-02 7.863631794e-01 1.064736228e+02 5.495128350e-02 9.984017118e-01 -1.320515853e-02 -7.405912552e+00 -7.856915403e-01 3.507499392e-02 -6.176238848e-01 5.785733557e+01
-6.210560808e-01 4.316208398e-02 7.825769441e-01 1.069924567e+02 5.250245005e-02 9.985308129e-01 -1.340661914e-02 -7.437803994e+00 -7.820057870e-01 3.276094156e-02 -6.224097528e-01 5.743724511e+01
-6.253286708e-01 4.625401456e-02 7.789896803e-01 1.075070517e+02 5.088576550e-02 9.985342162e-01 -1.844170043e-02 -7.463013714e+00 -7.787007981e-01 2.810736150e-02 -6.267657279e-01 5.703878178e+01
-6.281885134e-01 5.042530456e-02 7.764256342e-01 1.080323813e+02 5.003767674e-02 9.984501872e-01 -2.436043755e-02 -7.479039811e+00 -7.764507257e-01 2.354759010e-02 -6.297380860e-01 5.660570409e+01
-6.302629178e-01 5.083698947e-02 7.747156689e-01 1.085541775e+02 4.742505158e-02 9.985114632e-01 -2.694029741e-02 -7.499248244e+00 -7.749320136e-01 1.976146050e-02 -6.317357017e-01 5.617846486e+01
-6.321551031e-01 5.052700156e-02 7.731929153e-01 1.090844946e+02 4.559999538e-02 9.985680579e-01 -2.797282609e-02 -7.524860678e+00 -7.734990849e-01 1.757442931e-02 -6.335539982e-01 5.575126366e+01
-6.336323557e-01 4.953714298e-02 7.720466504e-01 1.096117716e+02 4.361479131e-02 9.986480762e-01 -2.828122747e-02 -7.561474569e+00 -7.724038269e-01 1.575275027e-02 -6.349362980e-01 5.531792371e+01
-6.342125928e-01 5.052451964e-02 7.715061640e-01 1.101559110e+02 4.335670638e-02 9.986164078e-01 -2.975640726e-02 -7.582420532e+00 -7.719421189e-01 1.457807646e-02 -6.355257018e-01 5.486630009e+01
-6.336891157e-01 5.040321693e-02 7.719441764e-01 1.106991627e+02 4.389204264e-02 9.986102480e-01 -2.917214104e-02 -7.605568267e+00 -7.723417550e-01 1.539613940e-02 -6.350208123e-01 5.441916412e+01
-6.326418905e-01 4.723002959e-02 7.730031656e-01 1.112521935e+02 4.589377621e-02 9.986708905e-01 -2.345777918e-02 -7.633943706e+00 -7.730836334e-01 2.063565889e-02 -6.339685905e-01 5.396585209e+01
-6.292451693e-01 3.981633283e-02 7.761864992e-01 1.118303152e+02 4.451903360e-02 9.988936653e-01 -1.514958663e-02 -7.662412166e+00 -7.759309932e-01 2.502226552e-02 -6.303216104e-01 5.350145341e+01
-6.237453520e-01 3.811380918e-02 7.806978499e-01 1.123979818e+02 4.634542670e-02 9.988565399e-01 -1.173627447e-02 -7.686042771e+00 -7.802524314e-01 2.886132814e-02 -6.247984989e-01 5.304793132e+01
-6.172517208e-01 3.809917105e-02 7.858427011e-01 1.129819378e+02 4.599539501e-02 9.988659051e-01 -1.229918603e-02 -7.709645920e+00 -7.854200783e-01 2.855345160e-02 -6.183041261e-01 5.259433376e+01
-6.104792538e-01 3.843897550e-02 7.910990914e-01 1.135810841e+02 4.206332942e-02 9.989855358e-01 -1.608041044e-02 -7.727228378e+00 -7.909146486e-01 2.345950626e-02 -6.114768203e-01 5.215009239e+01
-6.038636089e-01 3.637384951e-02 7.962573453e-01 1.141908750e+02 3.897963706e-02 9.991106384e-01 -1.607912040e-02 -7.741513151e+00 -7.961340054e-01 2.132822378e-02 -6.047443694e-01 5.169164838e+01
-5.974590364e-01 3.134326483e-02 8.012867133e-01 1.148137434e+02 3.142508027e-02 9.993834044e-01 -1.566074055e-02 -7.762476117e+00 -8.012835192e-01 1.582385047e-02 -5.980755636e-01 5.124705987e+01
-5.922903711e-01 2.841194730e-02 8.052237013e-01 1.154550456e+02 2.558884136e-02 9.995372544e-01 -1.644608946e-02 -7.788134419e+00 -8.053183672e-01 1.086388110e-02 -5.927434189e-01 5.078900853e+01
-5.890614081e-01 2.722504173e-02 8.076295338e-01 1.160970025e+02 1.525974269e-02 9.996288341e-01 -2.256729215e-02 -7.812571604e+00 -8.079442261e-01 -9.693004111e-04 -5.892581816e-01 5.034347919e+01
-5.872820874e-01 2.946432639e-02 8.088461218e-01 1.167486180e+02 7.678473667e-03 9.994950304e-01 -3.083407616e-02 -7.834445657e+00 -8.093461522e-01 -1.189759249e-02 -5.872116849e-01 4.989177358e+01
-5.851433847e-01 2.674284409e-02 8.104887661e-01 1.174203435e+02 -2.337311349e-03 9.993963231e-01 -3.466347974e-02 -7.869924351e+00 -8.109264658e-01 -2.217747123e-02 -5.847275811e-01 4.943194269e+01
-5.835794027e-01 2.661856245e-02 8.116197282e-01 1.180818428e+02 -2.379741765e-03 9.994022743e-01 -3.448834295e-02 -7.904742310e+00 -8.120526685e-01 -2.205812991e-02 -5.831672031e-01 4.896469176e+01
-5.815286620e-01 2.489242938e-02 8.131449841e-01 1.187556003e+02 -1.255839897e-03 9.995030804e-01 -3.149544955e-02 -7.936406877e+00 -8.135249026e-01 -1.933668772e-02 -5.812084391e-01 4.848052192e+01
-5.806194462e-01 2.146116667e-02 8.138923801e-01 1.194595250e+02 -3.411048797e-03 9.995796089e-01 -2.879086480e-02 -7.976761137e+00 -8.141681190e-01 -1.949275682e-02 -5.803022003e-01 4.799197615e+01
-5.800034163e-01 2.038755918e-02 8.143589186e-01 1.201675727e+02 -3.799729153e-03 9.996081688e-01 -2.773154044e-02 -8.012275820e+00 -8.146052576e-01 -1.917872967e-02 -5.796987580e-01 4.749867975e+01
-5.798510055e-01 2.433518132e-02 8.143592517e-01 1.208717052e+02 1.927908325e-04 9.995578567e-01 -2.973212909e-02 -8.045314313e+00 -8.147227202e-01 -1.708319915e-02 -5.795994166e-01 4.699116394e+01
-5.816582273e-01 2.773738412e-02 8.129602930e-01 1.215833682e+02 2.403827859e-03 9.994727276e-01 -3.238110541e-02 -8.077838375e+00 -8.134297614e-01 -1.688051818e-02 -5.814181884e-01 4.647900544e+01
-5.834131748e-01 2.550941493e-02 8.117749137e-01 1.223164654e+02 2.883686049e-04 9.995130565e-01 -3.120169840e-02 -8.115231977e+00 -8.121755638e-01 -1.796938814e-02 -5.831364872e-01 4.596282405e+01
-5.844776147e-01 2.403709358e-02 8.110538126e-01 1.230449621e+02 1.919894167e-03 9.995992798e-01 -2.824144115e-02 -8.152547906e+00 -8.114076580e-01 -1.494935220e-02 -5.842896025e-01 4.543258527e+01
-5.857778580e-01 2.291152862e-02 8.101477539e-01 1.237895798e+02 4.631662875e-03 9.996786677e-01 -2.492266299e-02 -8.186358199e+00 -8.104584308e-01 -1.084681365e-02 -5.856957496e-01 4.488970822e+01
-5.874387667e-01 2.139657755e-02 8.089858948e-01 1.245468249e+02 1.326417191e-03 9.996745231e-01 -2.547686724e-02 -8.216022646e+00 -8.092677096e-01 -1.389304248e-02 -5.872759849e-01 4.435303835e+01
-5.890238969e-01 1.938316849e-02 8.078830955e-01 1.252996859e+02 -2.859380880e-03 9.996560499e-01 -2.606904837e-02 -8.250569744e+00 -8.081105305e-01 -1.766533788e-02 -5.887658326e-01 4.381245518e+01
-5.903048350e-01 1.970788721e-02 8.069399037e-01 1.260638898e+02 -3.042942232e-03 9.996404530e-01 -2.664022948e-02 -8.284799964e+00 -8.071748123e-01 -1.818132310e-02 -5.900325653e-01 4.325901950e+01
-5.919920996e-01 1.785129580e-02 8.057461605e-01 1.268316347e+02 -1.803903873e-03 9.997228012e-01 -2.347419814e-02 -8.323219013e+00 -8.059418260e-01 -1.535002668e-02 -5.917958478e-01 4.269315049e+01
-5.931651356e-01 1.009952052e-02 8.050174222e-01 1.276038931e+02 -5.871041013e-03 9.998404548e-01 -1.686970662e-02 -8.356939948e+00 -8.050593572e-01 -1.473281304e-02 -5.930112957e-01 4.212611473e+01
-5.948744526e-01 4.228340944e-03 8.038076160e-01 1.283888031e+02 -6.187484300e-03 9.999324238e-01 -9.839209437e-03 -8.381844439e+00 -8.037949329e-01 -1.082663919e-02 -5.948081609e-01 4.155391941e+01
-5.947513654e-01 3.788826222e-04 8.039096576e-01 1.291632890e+02 -8.412459778e-03 9.999422017e-01 -6.695008240e-03 -8.405438156e+00 -8.038657602e-01 -1.074472272e-02 -5.947137051e-01 4.098313067e+01
-5.955374012e-01 8.962867787e-04 8.033272684e-01 1.299306262e+02 -1.191478000e-02 9.998795551e-01 -9.948465777e-03 -8.435268919e+00 -8.032393890e-01 -1.549614725e-02 -5.954550425e-01 4.042402410e+01
-5.955623650e-01 2.681745166e-03 8.033046760e-01 1.307084474e+02 -1.694788213e-02 9.997299328e-01 -1.590248713e-02 -8.454867445e+00 -8.031304046e-01 -2.308523358e-02 -5.953560850e-01 3.986553187e+01
-5.950050390e-01 3.417386371e-03 8.037146580e-01 1.314937580e+02 -2.144884195e-02 9.995672941e-01 -2.012912928e-02 -8.488653214e+00 -8.034356825e-01 -2.921568269e-02 -5.946742629e-01 3.929985941e+01
-5.931461363e-01 1.880489544e-03 8.050926881e-01 1.322750895e+02 -2.159632919e-02 9.996002441e-01 -1.824574554e-02 -8.520988498e+00 -8.048051660e-01 -2.820943763e-02 -5.928683985e-01 3.873104505e+01
-5.916611529e-01 3.197465427e-03 8.061805761e-01 1.330696785e+02 -1.857956967e-02 9.996724379e-01 -1.760055515e-02 -8.553156195e+00 -8.059728418e-01 -2.539205049e-02 -5.914079428e-01 3.816231081e+01
-5.887778283e-01 8.891333181e-03 8.082461424e-01 1.338589582e+02 -9.507068517e-03 9.997941292e-01 -1.792406059e-02 -8.580965299e+00 -8.082391331e-01 -1.823733742e-02 -5.885720679e-01 3.757976924e+01
-5.843752164e-01 1.239257751e-02 8.113889533e-01 1.346220246e+02 -5.850005041e-03 9.997930797e-01 -1.948339473e-02 -8.616162719e+00 -8.114625195e-01 -1.613224174e-02 -5.841818237e-01 3.700833754e+01
-5.804463636e-01 1.830185483e-02 8.140930825e-01 1.354045195e+02 1.878327188e-03 9.997748065e-01 -2.113697929e-02 -8.647557458e+00 -8.142966181e-01 -1.073974454e-02 -5.803500755e-01 3.644657155e+01
-5.777095303e-01 2.452979279e-02 8.158739081e-01 1.361768979e+02 1.293280442e-02 9.996979342e-01 -2.089903779e-02 -8.684984019e+00 -8.161401175e-01 -1.522033529e-03 -5.778522963e-01 3.587948256e+01
-5.772064479e-01 2.346423943e-02 8.162612338e-01 1.369586310e+02 9.010757784e-03 9.997092508e-01 -2.236581974e-02 -8.719510352e+00 -8.165487208e-01 -5.554559740e-03 -5.772499782e-01 3.534051524e+01
-5.776399696e-01 1.934077096e-02 8.160626068e-01 1.377263085e+02 6.299347725e-03 9.997951305e-01 -1.923633436e-02 -8.752766979e+00 -8.162674713e-01 -5.971010730e-03 -5.776434516e-01 3.479309272e+01
-5.786674354e-01 1.400335513e-02 8.154434599e-01 1.385067181e+02 3.807634271e-03 9.998880780e-01 -1.446873310e-02 -8.784545719e+00 -8.155547467e-01 -5.267674465e-03 -5.786560172e-01 3.424635299e+01
-5.799577994e-01 8.773633492e-03 8.145995860e-01 1.392948007e+02 -9.817458541e-04 9.999337449e-01 -1.146872969e-02 -8.813506022e+00 -8.146462354e-01 -7.451106370e-03 -5.799107688e-01 3.370441088e+01
-5.823350240e-01 6.656133791e-03 8.129216178e-01 1.400626877e+02 -2.421419890e-03 9.999478214e-01 -9.922069917e-03 -8.841440170e+00 -8.129452437e-01 -7.746394072e-03 -5.822885912e-01 3.316371311e+01
-5.848234818e-01 7.972328156e-03 8.111214127e-01 1.408332686e+02 -5.498459836e-03 9.998897579e-01 -1.379211214e-02 -8.866403607e+00 -8.111420051e-01 -1.252586966e-02 -5.847151526e-01 3.262269216e+01
-5.856885023e-01 1.741550137e-03 8.105345713e-01 1.416019283e+02 -1.301884905e-02 9.998485032e-01 -1.155567527e-02 -8.888279914e+00 -8.104318930e-01 -1.732025040e-02 -5.855770833e-01 3.208281855e+01
-5.877213615e-01 8.859982789e-03 8.090149056e-01 1.423530320e+02 -9.651778213e-03 9.997921043e-01 -1.796097363e-02 -8.915670284e+00 -8.090058518e-01 -1.836448052e-02 -5.875137125e-01 3.153143157e+01
-5.891019014e-01 1.191995435e-02 8.079707354e-01 1.431103104e+02 -1.087355946e-02 9.996836980e-01 -2.267634286e-02 -8.946182416e+00 -8.079855471e-01 -2.214419632e-02 -5.887859536e-01 3.098185429e+01
-5.912845910e-01 1.685158039e-02 8.062868182e-01 1.438663652e+02 -1.251610431e-02 9.994695240e-01 -3.006773826e-02 -8.980366271e+00 -8.063657359e-01 -2.787016422e-02 -5.907600616e-01 3.043851120e+01
-5.928857416e-01 1.701050963e-02 8.051069198e-01 1.446108544e+02 -8.533839449e-03 9.995879983e-01 -2.740393144e-02 -9.017553038e+00 -8.052413523e-01 -2.311805373e-02 -5.924963452e-01 2.989064410e+01
-5.929250724e-01 1.413448692e-02 8.051337873e-01 1.453676867e+02 -7.371837760e-03 9.997087900e-01 -2.297918520e-02 -9.052254696e+00 -8.052241275e-01 -1.956024506e-02 -5.926481657e-01 2.933628022e+01
-5.932699307e-01 8.721051958e-03 8.049562875e-01 1.461214229e+02 -8.501277586e-03 9.998176893e-01 -1.709784073e-02 -9.087667567e+00 -8.049586790e-01 -1.698679075e-02 -5.930875651e-01 2.879036523e+01
-5.929699514e-01 1.357789901e-02 8.051101760e-01 1.468663157e+02 -3.416604514e-03 9.998064224e-01 -1.937774020e-02 -9.121733145e+00 -8.052173988e-01 -1.424116028e-02 -5.928087903e-01 2.823748782e+01
-5.922041748e-01 1.500981349e-02 8.056482375e-01 1.476067736e+02 -5.984924696e-03 9.997169915e-01 -2.302476709e-02 -9.153160025e+00 -8.057658063e-01 -1.845710478e-02 -5.919466817e-01 2.770177398e+01
-5.913894554e-01 2.004402963e-02 8.061371438e-01 1.483382826e+02 -6.223675531e-03 9.995477996e-01 -2.941879411e-02 -9.191833905e+00 -8.063622819e-01 -2.241509593e-02 -5.909973109e-01 2.716383128e+01
-5.912038236e-01 1.742506657e-02 8.063341577e-01 1.490763050e+02 -1.005178960e-02 9.995297668e-01 -2.897003504e-02 -9.229842470e+00 -8.064597794e-01 -2.523229031e-02 -5.907505644e-01 2.663198376e+01
-5.914194714e-01 1.225311722e-02 8.062711431e-01 1.498175889e+02 -1.260400092e-02 9.996218994e-01 -2.443685982e-02 -9.267158727e+00 -8.062657854e-01 -2.461467171e-02 -5.910414024e-01 2.610203367e+01
-5.919106931e-01 8.793913722e-03 8.059556722e-01 1.505293939e+02 -9.542998815e-03 9.997939190e-01 -1.791749223e-02 -9.302672128e+00 -8.059471612e-01 -1.829678721e-02 -5.917047817e-01 2.557422748e+01
-5.929084493e-01 9.690203608e-03 8.052116795e-01 1.512300885e+02 -6.907926272e-03 9.998296064e-01 -1.711887793e-02 -9.340500209e+00 -8.052404095e-01 -1.571227005e-02 -5.927405531e-01 2.506265145e+01
-5.944613594e-01 1.723308044e-02 8.039398011e-01 1.518925521e+02 -5.913156920e-03 9.996495901e-01 -2.580067142e-02 -9.378725647e+00 -8.041026985e-01 -2.009131870e-02 -5.941511786e-01 2.456418968e+01
-5.967342555e-01 2.855632663e-02 8.019308018e-01 1.525646942e+02 -4.233716022e-03 9.992406180e-01 -3.873282888e-02 -9.412356521e+00 -8.024278705e-01 -2.650834778e-02 -5.961602246e-01 2.406921445e+01
-6.006336683e-01 3.075396722e-02 7.989328481e-01 1.532063686e+02 -8.873585288e-05 9.992573491e-01 -3.853193693e-02 -9.453158943e+00 -7.995245918e-01 -2.321446771e-02 -6.001849422e-01 2.358951213e+01
-6.046891107e-01 2.519304301e-02 7.960632501e-01 1.538460034e+02 3.133032957e-03 9.995671429e-01 -2.925349027e-02 -9.491733917e+00 -7.964556309e-01 -1.519517148e-02 -6.045063382e-01 2.310109986e+01
-6.094278495e-01 1.590139419e-02 7.926823524e-01 1.544720638e+02 5.033301530e-03 9.998562884e-01 -1.618766643e-02 -9.529463330e+00 -7.928258291e-01 -5.875402190e-03 -6.094203514e-01 2.262025675e+01
-6.127178997e-01 1.083933365e-02 7.902274830e-01 1.550696496e+02 3.465520859e-03 9.999331478e-01 -1.102875199e-02 -9.562223564e+00 -7.902941715e-01 -4.018963610e-03 -6.127145486e-01 2.215563343e+01
-6.169345596e-01 1.449636301e-02 7.868809533e-01 1.556366149e+02 4.161944234e-03 9.998764641e-01 -1.515721677e-02 -9.596025410e+00 -7.870034469e-01 -6.076056734e-03 -6.169187171e-01 2.170735676e+01
-6.189854961e-01 2.547013010e-02 7.849896309e-01 1.561753113e+02 8.959537904e-03 9.996379792e-01 -2.536987733e-02 -9.623836206e+00 -7.853516042e-01 -8.670437400e-03 -6.189896737e-01 2.127223524e+01
-6.212512891e-01 3.233986024e-02 7.829439437e-01 1.567010298e+02 1.023739611e-02 9.993977218e-01 -3.315740170e-02 -9.654050233e+00 -7.835447212e-01 -1.258376727e-02 -6.212080934e-01 2.084822547e+01
-6.223276121e-01 3.663487059e-02 7.818992782e-01 1.572097643e+02 1.463103166e-02 9.992740746e-01 -3.517458849e-02 -9.687813615e+00 -7.826203152e-01 -1.045011988e-02 -6.224118844e-01 2.044196277e+01
-6.191339042e-01 3.898988909e-02 7.843169162e-01 1.576927818e+02 2.104215490e-02 9.992317334e-01 -3.306319603e-02 -9.709187573e+00 -7.850034685e-01 -3.966824957e-03 -6.194786276e-01 2.004649997e+01
-6.137836850e-01 4.291053853e-02 7.883072620e-01 1.581871943e+02 3.007522981e-02 9.990678557e-01 -3.096616907e-02 -9.742221766e+00 -7.889012541e-01 4.701991819e-03 -6.145020590e-01 1.966934298e+01
-6.019797938e-01 4.420358410e-02 7.972871599e-01 1.586589441e+02 3.491989252e-02 9.989686943e-01 -2.901957755e-02 -9.773609080e+00 -7.977477073e-01 1.037198594e-02 -6.029025718e-01 1.931864032e+01
-5.835240395e-01 4.982193201e-02 8.105664979e-01 1.591301298e+02 4.271245599e-02 9.986177298e-01 -3.063207199e-02 -9.806940626e+00 -8.109721624e-01 1.674673599e-02 -5.848454741e-01 1.897324719e+01
-5.593957608e-01 5.577998909e-02 8.270220053e-01 1.596182548e+02 5.077441664e-02 9.981654705e-01 -3.297938565e-02 -9.835141044e+00 -8.273444445e-01 2.354303103e-02 -5.612017877e-01 1.865168447e+01
-5.286107246e-01 5.901436047e-02 8.468106465e-01 1.601088997e+02 5.625086492e-02 9.978230248e-01 -3.442455967e-02 -9.879598730e+00 -8.469987508e-01 2.943664242e-02 -5.307795520e-01 1.835148653e+01
-4.930833313e-01 5.828247935e-02 8.680277889e-01 1.605985536e+02 5.796114380e-02 9.977374486e-01 -3.406681766e-02 -9.891416561e+00 -8.680493308e-01 3.351410765e-02 -4.953457850e-01 1.807064240e+01
-4.555248432e-01 5.431994879e-02 8.885644779e-01 1.611178261e+02 5.154154608e-02 9.980715850e-01 -3.459147246e-02 -9.915891364e+00 -8.887299430e-01 3.004071371e-02 -4.574461255e-01 1.782179056e+01
-4.158592016e-01 5.231023572e-02 9.079233876e-01 1.616353904e+02 4.539507810e-02 9.982938665e-01 -3.672449902e-02 -9.946199326e+00 -9.082954121e-01 2.594303396e-02 -4.175242302e-01 1.761612915e+01
-3.764128591e-01 5.583378874e-02 9.247682022e-01 1.621550210e+02 4.389898101e-02 9.981360071e-01 -4.239504177e-02 -9.982984358e+00 -9.254115511e-01 2.463834265e-02 -3.781623373e-01 1.742614397e+01
-3.357668864e-01 6.064348165e-02 9.399911038e-01 1.626746031e+02 4.390802319e-02 9.978482766e-01 -4.869210252e-02 -1.001839703e+01 -9.409213336e-01 2.492395514e-02 -3.377071109e-01 1.725206728e+01
-2.948850559e-01 6.649681216e-02 9.532162338e-01 1.632239608e+02 4.152439915e-02 9.975250055e-01 -5.674191666e-02 -1.004606937e+01 -9.546301724e-01 2.284938615e-02 -2.969164862e-01 1.710719505e+01
-2.539292121e-01 6.656798798e-02 9.649295842e-01 1.637842431e+02 3.913183285e-02 9.975190428e-01 -5.851840536e-02 -1.008893199e+01 -9.664311277e-01 2.289993560e-02 -2.559041710e-01 1.698265047e+01
-2.123374464e-01 6.396631244e-02 9.751007778e-01 1.643241552e+02 3.455615999e-02 9.977226511e-01 -5.792538574e-02 -1.012319555e+01 -9.765853684e-01 2.139600955e-02 -2.140643757e-01 1.688902883e+01
-1.713971487e-01 5.904556034e-02 9.834312202e-01 1.649005319e+02 3.125119502e-02 9.980259389e-01 -5.447523642e-02 -1.016437957e+01 -9.847064251e-01 2.139650445e-02 -1.729040427e-01 1.681309401e+01
-1.349332898e-01 5.237588480e-02 9.894695866e-01 1.654899717e+02 2.367581019e-02 9.984872930e-01 -4.962457348e-02 -1.020789799e+01 -9.905719091e-01 1.673048952e-02 -1.359691808e-01 1.676597329e+01
-1.022179063e-01 4.486059180e-02 9.937500254e-01 1.660835317e+02 1.771513374e-02 9.989062785e-01 -4.327116920e-02 -1.024755597e+01 -9.946043438e-01 1.318132814e-02 -1.029008275e-01 1.674035286e+01
-7.269244416e-02 4.302718352e-02 9.964259724e-01 1.666651613e+02 1.211040772e-02 9.990334040e-01 -4.225628859e-02 -1.027642952e+01 -9.972810132e-01 8.995416056e-03 -7.314319304e-02 1.671356898e+01
-4.846647377e-02 4.107548413e-02 9.979800239e-01 1.672724030e+02 6.523063444e-03 9.991457477e-01 -4.080668078e-02 -1.030488458e+01 -9.988036766e-01 4.532137845e-03 -4.869304930e-02 1.670652423e+01
-3.125349024e-02 3.720357151e-02 9.988190070e-01 1.678859181e+02 -3.659727944e-03 9.992960858e-01 -3.733585904e-02 -1.034452515e+01 -9.995049113e-01 -4.822275980e-03 -3.109529128e-02 1.671663541e+01
-1.876201854e-02 3.565030643e-02 9.991883580e-01 1.685028131e+02 -1.666613745e-02 9.992141143e-01 -3.596417069e-02 -1.037865629e+01 -9.996852388e-01 -1.732736121e-02 -1.815309903e-02 1.673313401e+01
-1.031629248e-02 3.817345755e-02 9.992179187e-01 1.691255980e+02 -2.250091125e-02 9.990091438e-01 -3.839779101e-02 -1.041096768e+01 -9.996936318e-01 -2.287943642e-02 -9.447085046e-03 1.673959471e+01
-6.371092808e-03 4.054601843e-02 9.991574918e-01 1.697607798e+02 -2.850617177e-02 9.987642290e-01 -4.071182768e-02 -1.044204671e+01 -9.995734715e-01 -2.874152436e-02 -5.207403122e-03 1.674964636e+01
-5.044666650e-03 4.266092943e-02 9.990769777e-01 1.704071087e+02 -2.946353144e-02 9.986494869e-01 -4.279144707e-02 -1.047333675e+01 -9.995532663e-01 -2.965219257e-02 -3.780872266e-03 1.675031943e+01
-7.033932207e-03 4.086078725e-02 9.991401479e-01 1.710577735e+02 -3.044995919e-02 9.986927227e-01 -4.105685390e-02 -1.050687248e+01 -9.995116298e-01 -3.071256327e-02 -5.780558020e-03 1.675397944e+01
-1.025216290e-02 3.939391372e-02 9.991711282e-01 1.717165887e+02 -2.922528119e-02 9.987849848e-01 -3.967855753e-02 -1.054148441e+01 -9.995202224e-01 -2.960784998e-02 -9.088390271e-03 1.674779744e+01
-1.493427460e-02 3.488373190e-02 9.992798906e-01 1.723856858e+02 -3.031763940e-02 9.989159644e-01 -3.532412799e-02 -1.057422084e+01 -9.994288428e-01 -3.082334585e-02 -1.386052010e-02 1.673829020e+01
-2.074160658e-02 3.649167376e-02 9.991187706e-01 1.730557510e+02 -3.041888207e-02 9.988480092e-01 -3.711327697e-02 -1.061365445e+01 -9.993221050e-01 -3.116186365e-02 -1.960772080e-02 1.672705444e+01
-2.623165523e-02 4.358938809e-02 9.987051814e-01 1.737297649e+02 -3.085262204e-02 9.985376214e-01 -4.439243466e-02 -1.064970656e+01 -9.991797581e-01 -3.197715253e-02 -2.484838380e-02 1.671424818e+01
-3.312138235e-02 5.376142335e-02 9.980044246e-01 1.744081919e+02 -3.120560609e-02 9.980097391e-01 -5.479735098e-02 -1.069030968e+01 -9.989641349e-01 -3.295828825e-02 -3.137774293e-02 1.669998141e+01
-3.913740694e-02 5.848693668e-02 9.975208410e-01 1.750779709e+02 -2.937562691e-02 9.977867104e-01 -5.965507304e-02 -1.073721136e+01 -9.988020817e-01 -3.163753392e-02 -3.733271567e-02 1.665607131e+01
-4.584863507e-02 5.653022137e-02 9.973476932e-01 1.757901084e+02 -2.873742034e-02 9.979096560e-01 -5.788314945e-02 -1.077340379e+01 -9.985350552e-01 -3.131505607e-02 -4.412827672e-02 1.662872724e+01
-5.244020957e-02 4.834221794e-02 9.974532505e-01 1.764956971e+02 -3.073119572e-02 9.982764228e-01 -4.999777235e-02 -1.082416338e+01 -9.981510437e-01 -3.327482170e-02 -5.086413564e-02 1.658432436e+01
-5.978581775e-02 4.260080648e-02 9.973019664e-01 1.772153027e+02 -3.508085328e-02 9.983821033e-01 -4.474995548e-02 -1.087382671e+01 -9.975947622e-01 -3.766160013e-02 -5.819460689e-02 1.655200706e+01
-6.611257468e-02 4.088483619e-02 9.969742994e-01 1.779338172e+02 -3.779238931e-02 9.983406825e-01 -4.344700396e-02 -1.091811467e+01 -9.970962858e-01 -4.055042854e-02 -6.445772536e-02 1.651440804e+01
-7.158029439e-02 4.462902468e-02 9.964359225e-01 1.786562660e+02 -4.175699279e-02 9.979886045e-01 -4.769823531e-02 -1.096004545e+01 -9.965603634e-01 -4.502241934e-02 -6.957272251e-02 1.647276437e+01
-7.421739255e-02 4.715167975e-02 9.961267580e-01 1.793735330e+02 -3.782801503e-02 9.980295863e-01 -5.006016133e-02 -1.100418437e+01 -9.965244036e-01 -4.139683203e-02 -7.228746428e-02 1.641199083e+01
-7.639956777e-02 4.977145064e-02 9.958342955e-01 1.801041285e+02 -3.005018047e-02 9.981846933e-01 -5.219434948e-02 -1.104974249e+01 -9.966243368e-01 -3.391262365e-02 -7.476517848e-02 1.635063334e+01
-7.752733284e-02 4.865825960e-02 9.958023022e-01 1.808433837e+02 -2.631918436e-02 9.983603639e-01 -5.083231130e-02 -1.109141652e+01 -9.966428867e-01 -3.014958157e-02 -7.611951375e-02 1.628965845e+01
-7.792801242e-02 4.633859660e-02 9.958816118e-01 1.815878359e+02 -3.261718633e-02 9.982659905e-01 -4.900184339e-02 -1.113878617e+01 -9.964253800e-01 -3.630146419e-02 -7.628142657e-02 1.624580317e+01
-7.624508217e-02 4.260800604e-02 9.961783057e-01 1.823339697e+02 -3.717792225e-02 9.982703320e-01 -4.554299131e-02 -1.118369960e+01 -9.963957563e-01 -4.050826917e-02 -7.452908449e-02 1.619911858e+01
-7.377588478e-02 4.209638088e-02 9.963861837e-01 1.830882645e+02 -3.454078239e-02 9.984013723e-01 -4.473904525e-02 -1.122868006e+01 -9.966766877e-01 -3.771660963e-02 -7.220392550e-02 1.614363570e+01
-7.275347870e-02 4.253973971e-02 9.964423517e-01 1.838327514e+02 -2.962330116e-02 9.985569691e-01 -4.479291243e-02 -1.127374634e+01 -9.969099648e-01 -3.277675064e-02 -7.138827048e-02 1.608488715e+01
-7.309851503e-02 4.104033265e-02 9.964800326e-01 1.845900821e+02 -3.326992486e-02 9.984965091e-01 -4.356394908e-02 -1.131919892e+01 -9.967697333e-01 -3.633726903e-02 -7.162323075e-02 1.604078979e+01
-7.285300024e-02 3.831361831e-02 9.966065193e-01 1.853610115e+02 -3.698105474e-02 9.984708811e-01 -4.108864554e-02 -1.135700080e+01 -9.966568367e-01 -3.984898928e-02 -7.132478653e-02 1.599854969e+01
-7.120772693e-02 3.502863703e-02 9.968462792e-01 1.861240830e+02 -3.963080115e-02 9.984947155e-01 -3.791750366e-02 -1.140025649e+01 -9.966739750e-01 -4.220583169e-02 -6.971233207e-02 1.595155429e+01
-6.980600535e-02 3.294462734e-02 9.970165380e-01 1.868877331e+02 -4.054074798e-02 9.985351364e-01 -3.583325668e-02 -1.144155583e+01 -9.967365752e-01 -4.292116003e-02 -6.836811280e-02 1.590512069e+01
-6.874983659e-02 3.496396416e-02 9.970211797e-01 1.876535966e+02 -3.860344332e-02 9.985439558e-01 -3.767927520e-02 -1.148130686e+01 -9.968868602e-01 -4.107888417e-02 -6.729996935e-02 1.585635736e+01
-6.806958694e-02 3.996731937e-02 9.968796751e-01 1.884240667e+02 -3.405646707e-02 9.985218845e-01 -4.235862449e-02 -1.152173874e+01 -9.970990750e-01 -3.683353500e-02 -6.660787908e-02 1.579572635e+01
-6.828619787e-02 4.373509616e-02 9.967067397e-01 1.891886737e+02 -3.508043324e-02 9.983156101e-01 -4.620911980e-02 -1.156366634e+01 -9.970488636e-01 -3.812035088e-02 -6.663697638e-02 1.574767957e+01
-6.972351328e-02 4.508107372e-02 9.965472437e-01 1.899484741e+02 -4.078879737e-02 9.980140843e-01 -4.800122116e-02 -1.160357188e+01 -9.967321671e-01 -4.399477489e-02 -6.774632104e-02 1.570837932e+01
-7.109027141e-02 4.208105562e-02 9.965818630e-01 1.907386560e+02 -4.116717493e-02 9.981346139e-01 -4.508324249e-02 -1.164366459e+01 -9.966200008e-01 -4.423143579e-02 -6.922528691e-02 1.566103721e+01
-7.187613799e-02 4.021570208e-02 9.966025145e-01 1.915161596e+02 -3.705077311e-02 9.983895609e-01 -4.295995802e-02 -1.168827263e+01 -9.967251464e-01 -4.001269054e-02 -7.027039300e-02 1.559998902e+01
-7.326187494e-02 4.191639043e-02 9.964314530e-01 1.922946250e+02 -3.943453474e-02 9.982132840e-01 -4.489074361e-02 -1.173158178e+01 -9.965327591e-01 -4.258259436e-02 -7.147804542e-02 1.554883833e+01
-7.531235140e-02 4.656567346e-02 9.960721963e-01 1.930824738e+02 -4.282644294e-02 9.978362921e-01 -4.988621968e-02 -1.178017127e+01 -9.962399701e-01 -4.641526901e-02 -7.315511031e-02 1.550034078e+01
-7.795900880e-02 5.122327137e-02 9.956398598e-01 1.938688641e+02 -4.280646659e-02 9.975862145e-01 -5.467517306e-02 -1.182835784e+01 -9.960372159e-01 -4.688224455e-02 -7.557813853e-02 1.544441298e+01
-8.094729592e-02 5.214891889e-02 9.953532602e-01 1.946454347e+02 -4.429820960e-02 9.974553170e-01 -5.586160857e-02 -1.187555471e+01 -9.957335390e-01 -4.861421302e-02 -7.843120708e-02 1.538043212e+01
-8.380521011e-02 5.258534500e-02 9.950936842e-01 1.954538334e+02 -4.213435685e-02 9.975265657e-01 -5.626240191e-02 -1.193504821e+01 -9.955909324e-01 -4.664271851e-02 -8.138226236e-02 1.530833569e+01
-8.466392052e-02 5.089881638e-02 9.951087218e-01 1.962710097e+02 -4.179920370e-02 9.976339092e-01 -5.458425222e-02 -1.199139435e+01 -9.955324341e-01 -4.621606498e-02 -8.233600204e-02 1.524034667e+01
-8.609255428e-02 5.070731896e-02 9.949958354e-01 1.970806128e+02 -3.637119990e-02 9.978782712e-01 -5.400125026e-02 -1.204199929e+01 -9.956229988e-01 -4.083830422e-02 -8.406566776e-02 1.516653570e+01
-8.611517270e-02 4.685805413e-02 9.951827639e-01 1.978916981e+02 -3.352933082e-02 9.981912138e-01 -4.990106963e-02 -1.209632001e+01 -9.957209892e-01 -3.766504527e-02 -8.438832336e-02 1.509399418e+01
-8.673734595e-02 4.398997148e-02 9.952595102e-01 1.987274714e+02 -3.214038169e-02 9.983810284e-01 -4.692898470e-02 -1.214318488e+01 -9.957126255e-01 -3.605851265e-02 -8.518300513e-02 1.503035323e+01
-8.720759184e-02 4.269871187e-02 9.952747807e-01 1.995623578e+02 -2.797209010e-02 9.985821247e-01 -4.529156151e-02 -1.219365078e+01 -9.957974763e-01 -3.178967697e-02 -8.588947688e-02 1.495850479e+01
-8.621282874e-02 4.368861352e-02 9.953183038e-01 2.003869613e+02 -2.619257087e-02 9.985932997e-01 -4.610112301e-02 -1.224299332e+01 -9.959323370e-01 -3.004445589e-02 -8.494722723e-02 1.488492325e+01
-8.623029367e-02 4.428441092e-02 9.952905195e-01 2.012216531e+02 -2.357102438e-02 9.986413028e-01 -4.647565397e-02 -1.228949983e+01 -9.959963562e-01 -2.746762698e-02 -8.506935550e-02 1.481959507e+01
-8.491186810e-02 4.589993988e-02 9.953307103e-01 2.020530178e+02 -1.741265809e-02 9.987174997e-01 -4.754160133e-02 -1.234008885e+01 -9.962363249e-01 -2.136819928e-02 -8.400381191e-02 1.474299500e+01
-8.259336091e-02 4.643972564e-02 9.955007307e-01 2.028913912e+02 -1.443432092e-02 9.987531498e-01 -4.778902062e-02 -1.239331806e+01 -9.964787712e-01 -1.831643137e-02 -8.181995816e-02 1.467091873e+01
-8.101416616e-02 4.572170430e-02 9.956638452e-01 2.037256052e+02 -1.909068481e-02 9.986928739e-01 -4.741415195e-02 -1.244273393e+01 -9.965301948e-01 -2.284911320e-02 -8.003542254e-02 1.461519340e+01
-7.714614565e-02 4.251652940e-02 9.961128358e-01 2.045745295e+02 -2.369767397e-02 9.987299247e-01 -4.446354710e-02 -1.249043329e+01 -9.967381208e-01 -2.703574652e-02 -7.604053913e-02 1.456074387e+01
-7.464778920e-02 4.124682449e-02 9.963567121e-01 2.054124016e+02 -2.036352353e-02 9.988728411e-01 -4.287663748e-02 -1.254572095e+01 -9.970021429e-01 -2.348996774e-02 -7.372368548e-02 1.449887387e+01
-7.232556416e-02 4.827592318e-02 9.962121839e-01 2.062481774e+02 -1.863207916e-02 9.985882030e-01 -4.974376654e-02 -1.260054757e+01 -9.972072059e-01 -2.215924137e-02 -7.132397108e-02 1.444256335e+01
-7.112065447e-02 5.899223888e-02 9.957219710e-01 2.070689877e+02 -2.125252403e-02 9.979333432e-01 -6.064124415e-02 -1.265081565e+01 -9.972414946e-01 -2.547443362e-02 -6.971986874e-02 1.439255918e+01
-6.990925905e-02 5.909229302e-02 9.958017611e-01 2.078956159e+02 -2.427084564e-02 9.978476577e-01 -6.091761234e-02 -1.269963469e+01 -9.972582109e-01 -2.842763616e-02 -6.832453528e-02 1.434520558e+01
-6.856085826e-02 4.824482604e-02 9.964797748e-01 2.087812883e+02 -2.749443384e-02 9.983592693e-01 -5.022752472e-02 -1.275537921e+01 -9.972680329e-01 -3.084128524e-02 -6.712196048e-02 1.429256348e+01
-6.936418994e-02 3.716778486e-02 9.968989230e-01 2.096327593e+02 -2.675408926e-02 9.988769709e-01 -3.910308200e-02 -1.281615814e+01 -9.972327410e-01 -2.938346516e-02 -6.829191621e-02 1.423677292e+01
-7.087670127e-02 3.699130178e-02 9.967990563e-01 2.104748519e+02 -2.760366048e-02 9.988566634e-01 -3.903040020e-02 -1.286363280e+01 -9.971031721e-01 -3.028164255e-02 -6.977449902e-02 1.418760389e+01
-7.283340124e-02 4.424130749e-02 9.963624740e-01 2.113018552e+02 -3.081357028e-02 9.984389117e-01 -4.658595694e-02 -1.291290436e+01 -9.968681157e-01 -3.409449452e-02 -7.135653213e-02 1.414111865e+01
-7.445326485e-02 4.870512995e-02 9.960343341e-01 2.121233421e+02 -3.889336237e-02 9.979048178e-01 -5.170386140e-02 -1.295885257e+01 -9.964657145e-01 -4.258864956e-02 -7.240297949e-02 1.409539340e+01
-7.566659129e-02 4.863352624e-02 9.959464789e-01 2.129714357e+02 -4.055611647e-02 9.978332601e-01 -5.180688751e-02 -1.301184194e+01 -9.963081111e-01 -4.431176652e-02 -7.353023199e-02 1.403669982e+01
-7.576992185e-02 4.398289433e-02 9.961548093e-01 2.138229683e+02 -3.671278075e-02 9.982262787e-01 -4.686681996e-02 -1.305837829e+01 -9.964492320e-01 -4.012271057e-02 -7.402080813e-02 1.396050574e+01
-7.610828154e-02 3.820012892e-02 9.963677217e-01 2.146689977e+02 -3.560790101e-02 9.985243371e-01 -4.100275219e-02 -1.310987893e+01 -9.964636838e-01 -3.859920539e-02 -7.463576314e-02 1.389709828e+01
-7.655499176e-02 3.581215083e-02 9.964219684e-01 2.155339927e+02 -3.240246183e-02 9.987375484e-01 -3.838484813e-02 -1.315869447e+01 -9.965387134e-01 -3.522507586e-02 -7.529790277e-02 1.383718724e+01
-7.617727233e-02 4.015185497e-02 9.962855769e-01 2.163895031e+02 -2.828546289e-02 9.986997234e-01 -4.241188815e-02 -1.320608318e+01 -9.966930383e-01 -3.141121138e-02 -7.494246496e-02 1.377627411e+01
-7.503452908e-02 4.590493503e-02 9.961238252e-01 2.172427853e+02 -2.570392281e-02 9.985188620e-01 -4.795149254e-02 -1.325184522e+01 -9.968497007e-01 -2.920230346e-02 -7.374348548e-02 1.370760527e+01
-7.366643366e-02 4.977448793e-02 9.960400207e-01 2.180982090e+02 -2.218488758e-02 9.984247868e-01 -5.153443757e-02 -1.330262069e+01 -9.970361326e-01 -2.589339893e-02 -7.244617969e-02 1.363871135e+01
-7.266398386e-02 4.672082403e-02 9.962616020e-01 2.189848662e+02 -2.013197606e-02 9.986299490e-01 -4.830025122e-02 -1.335629044e+01 -9.971533239e-01 -2.356640301e-02 -7.162385055e-02 1.357751174e+01
-7.194473495e-02 4.208748119e-02 9.965203839e-01 2.198682276e+02 -1.691084381e-02 9.989142527e-01 -4.340948427e-02 -1.340840083e+01 -9.972653838e-01 -1.997507955e-02 -7.115494517e-02 1.351318407e+01
-7.166797813e-02 4.047200860e-02 9.966072125e-01 2.207474541e+02 -1.623731038e-02 9.989967093e-01 -4.173670324e-02 -1.346047519e+01 -9.972965237e-01 -1.917340105e-02 -7.093899222e-02 1.345712436e+01
-7.150425242e-02 4.055337691e-02 9.966155962e-01 2.216318151e+02 -2.383884806e-02 9.988182718e-01 -4.235337262e-02 -1.350677801e+01 -9.971554195e-01 -2.678661033e-02 -7.045302052e-02 1.340240924e+01
-7.176731741e-02 4.068352667e-02 9.965913847e-01 2.225189172e+02 -2.817416467e-02 9.986864216e-01 -4.279794832e-02 -1.355428763e+01 -9.970234948e-01 -3.114961594e-02 -7.052681322e-02 1.335178449e+01
-7.211013644e-02 3.952808372e-02 9.966132104e-01 2.234010893e+02 -2.971971030e-02 9.986855423e-01 -4.176065202e-02 -1.360477657e+01 -9.969538879e-01 -3.263041446e-02 -7.084055735e-02 1.329571743e+01
-7.418645309e-02 4.118968883e-02 9.963934086e-01 2.242927245e+02 -3.389400498e-02 9.984652394e-01 -4.379891269e-02 -1.365709323e+01 -9.966682292e-01 -3.702105018e-02 -7.267655641e-02 1.324258724e+01
-7.615245289e-02 4.160767824e-02 9.962277499e-01 2.251750753e+02 -3.533779583e-02 9.983886514e-01 -4.439918042e-02 -1.370216673e+01 -9.964698257e-01 -3.858559466e-02 -7.455946216e-02 1.318412620e+01
-7.767008561e-02 3.950942859e-02 9.961959248e-01 2.260805241e+02 -3.188935910e-02 9.986047323e-01 -4.209126999e-02 -1.374281956e+01 -9.964690116e-01 -3.503728427e-02 -7.630189253e-02 1.311182564e+01
-7.920877195e-02 3.609640408e-02 9.962044101e-01 2.269642804e+02 -2.684840051e-02 9.989044358e-01 -3.832896725e-02 -1.380129589e+01 -9.964965230e-01 -2.978247701e-02 -7.815286932e-02 1.303699998e+01
-8.053279574e-02 3.925184249e-02 9.959788211e-01 2.278520129e+02 -2.785555628e-02 9.987454422e-01 -4.161321532e-02 -1.385695571e+01 -9.963626772e-01 -3.109476810e-02 -7.933839460e-02 1.297338645e+01
-8.193670035e-02 4.701901449e-02 9.955279691e-01 2.287369390e+02 -2.100025975e-02 9.985832976e-01 -4.889174087e-02 -1.390512204e+01 -9.964164670e-01 -2.491235999e-02 -8.083321741e-02 1.289702144e+01
-8.261677226e-02 4.846141887e-02 9.954025269e-01 2.296338497e+02 -1.899188334e-02 9.985590224e-01 -5.019139404e-02 -1.396098499e+01 -9.964005394e-01 -2.305121214e-02 -8.157733886e-02 1.282493924e+01
-8.488049599e-02 4.122617839e-02 9.955380306e-01 2.305378782e+02 -2.452420008e-02 9.987545694e-01 -4.345033218e-02 -1.401372478e+01 -9.960894097e-01 -2.810285265e-02 -8.376374222e-02 1.276317594e+01
-8.591831318e-02 3.260398187e-02 9.957686444e-01 2.314317876e+02 -3.126518900e-02 9.988838888e-01 -3.540364890e-02 -1.406589517e+01 -9.958116033e-01 -3.417471116e-02 -8.480306930e-02 1.269413829e+01
-8.756850873e-02 3.057421287e-02 9.956893053e-01 2.323254339e+02 -3.554020445e-02 9.987966653e-01 -3.379530048e-02 -1.411812119e+01 -9.955244174e-01 -3.834639608e-02 -8.637652902e-02 1.262789409e+01
-9.073341916e-02 3.162740451e-02 9.953729035e-01 2.332523781e+02 -3.600104545e-02 9.987381348e-01 -3.501601568e-02 -1.416040442e+01 -9.952243122e-01 -3.901158526e-02 -8.948036405e-02 1.257867143e+01
-9.184024412e-02 3.808806093e-02 9.950450206e-01 2.341463513e+02 -4.064329752e-02 9.982921120e-01 -4.196362982e-02 -1.420630866e+01 -9.949439559e-01 -4.429585847e-02 -9.013534008e-02 1.251658544e+01
-9.077180989e-02 4.341128015e-02 9.949250973e-01 2.350268508e+02 -3.744882422e-02 9.981940353e-01 -4.697054848e-02 -1.426273681e+01 -9.951673465e-01 -4.152237531e-02 -8.898208844e-02 1.242752633e+01
-8.993151357e-02 4.974664796e-02 9.947047955e-01 2.359086711e+02 -3.237540683e-02 9.980778955e-01 -5.284241164e-02 -1.431549226e+01 -9.954216255e-01 -3.695616959e-02 -8.814813235e-02 1.234400838e+01
-8.924434235e-02 4.592738472e-02 9.949502627e-01 2.367966102e+02 -2.948439086e-02 9.983767257e-01 -4.873022000e-02 -1.437063636e+01 -9.955732522e-01 -3.368440687e-02 -8.774542377e-02 1.226839827e+01
-8.720330956e-02 4.202188945e-02 9.953038898e-01 2.376928298e+02 -2.771939870e-02 9.986206909e-01 -4.459055197e-02 -1.442583416e+01 -9.958048140e-01 -3.147766585e-02 -8.591820099e-02 1.219015439e+01
-8.436447250e-02 4.163715596e-02 9.955648094e-01 2.385701723e+02 -3.004416940e-02 9.985659915e-01 -4.430862375e-02 -1.448636174e+01 -9.959820581e-01 -3.364898204e-02 -8.299248844e-02 1.212443180e+01
-8.258400876e-02 4.921736427e-02 9.953679996e-01 2.394376041e+02 -2.975151613e-02 9.982128540e-01 -5.182646608e-02 -1.453953752e+01 -9.961399147e-01 -3.389374673e-02 -8.097208589e-02 1.205759211e+01
-8.047451491e-02 5.233263872e-02 9.953819485e-01 2.403100976e+02 -2.937484589e-02 9.980624793e-01 -5.484846565e-02 -1.459110095e+01 -9.963237323e-01 -3.365309184e-02 -7.878125425e-02 1.199561155e+01
-7.772965490e-02 4.616653359e-02 9.959050290e-01 2.411901413e+02 -3.002544723e-02 9.983657724e-01 -4.862406944e-02 -1.464804120e+01 -9.965222849e-01 -3.368201954e-02 -7.621638824e-02 1.193112509e+01
-7.578169174e-02 3.878583921e-02 9.963699203e-01 2.420745871e+02 -2.659939169e-02 9.988089611e-01 -4.090387868e-02 -1.471835418e+01 -9.967697046e-01 -2.960259148e-02 -7.465979276e-02 1.186082489e+01
-7.446755443e-02 4.041538860e-02 9.964041794e-01 2.429335036e+02 -2.680463884e-02 9.987362762e-01 -4.251326015e-02 -1.477160664e+01 -9.968631653e-01 -2.987411235e-02 -7.329017304e-02 1.181048619e+01
-7.275202929e-02 4.982639196e-02 9.961047120e-01 2.437924968e+02 -2.886259736e-02 9.982277659e-01 -5.204061508e-02 -1.482222532e+01 -9.969323920e-01 -3.253622203e-02 -7.118498281e-02 1.176502591e+01
-7.021176793e-02 5.349229796e-02 9.960968799e-01 2.446367142e+02 -2.916568569e-02 9.980242072e-01 -5.565159457e-02 -1.487346495e+01 -9.971057155e-01 -3.295923717e-02 -6.851283190e-02 1.169212661e+01
-6.932009772e-02 5.009867586e-02 9.963357448e-01 2.455032323e+02 -2.708572049e-02 9.982754689e-01 -5.208070363e-02 -1.492911123e+01 -9.972267429e-01 -3.059670972e-02 -6.784361620e-02 1.163878541e+01
-6.871644859e-02 4.227710758e-02 9.967401488e-01 2.463664102e+02 -2.986722721e-02 9.985666493e-01 -4.441366179e-02 -1.498865816e+01 -9.971891641e-01 -3.282180644e-02 -6.735519724e-02 1.159186495e+01
-6.601848650e-02 3.927139634e-02 9.970453188e-01 2.472220488e+02 -3.146854783e-02 9.986461935e-01 -4.141811759e-02 -1.504089147e+01 -9.973220951e-01 -3.410992864e-02 -6.469326606e-02 1.153573291e+01
-6.367933173e-02 3.945981721e-02 9.971900298e-01 2.480658820e+02 -2.832870236e-02 9.987438360e-01 -4.133034134e-02 -1.508878149e+01 -9.975682635e-01 -3.088098662e-02 -6.248141302e-02 1.149919913e+01
-6.104575100e-02 4.243493540e-02 9.972324756e-01 2.488852611e+02 -2.272430854e-02 9.987778397e-01 -4.389176482e-02 -1.513609160e+01 -9.978762075e-01 -2.534082437e-02 -6.000690339e-02 1.144142147e+01
-5.971107332e-02 4.388577290e-02 9.972506700e-01 2.496962333e+02 -2.324569405e-02 9.987010753e-01 -4.534145412e-02 -1.519178222e+01 -9.979451149e-01 -2.588916125e-02 -5.861335149e-02 1.139826248e+01
-5.844010697e-02 4.395451990e-02 9.973227531e-01 2.504909917e+02 -2.421955213e-02 9.986737113e-01 -4.543325122e-02 -1.523758894e+01 -9.979970418e-01 -2.680983632e-02 -5.729801925e-02 1.136023803e+01
-5.696902479e-02 4.037018414e-02 9.975594072e-01 2.512772747e+02 -2.524387975e-02 9.988044365e-01 -4.186220684e-02 -1.528337643e+01 -9.980567857e-01 -2.756711633e-02 -5.588170886e-02 1.132429801e+01
-5.672535049e-02 3.366309958e-02 9.978221230e-01 2.520583324e+02 -2.530956110e-02 9.990617487e-01 -3.514374987e-02 -1.532569014e+01 -9.980689523e-01 -2.724798342e-02 -5.582015421e-02 1.128439601e+01
-5.655044411e-02 3.009902050e-02 9.979461274e-01 2.528088208e+02 -2.334963358e-02 9.992322300e-01 -3.146096016e-02 -1.536297202e+01 -9.981268018e-01 -2.508079859e-02 -5.580429164e-02 1.123789930e+01
-5.698998298e-02 3.317001495e-02 9.978236424e-01 2.535477986e+02 -2.330630812e-02 9.991313818e-01 -3.454460956e-02 -1.541063211e+01 -9.981027696e-01 -2.522427626e-02 -5.616734836e-02 1.120203030e+01
-5.755603760e-02 3.892851373e-02 9.975831157e-01 2.542704228e+02 -2.465300689e-02 9.988793458e-01 -4.040146346e-02 -1.545175462e+01 -9.980379174e-01 -2.691876704e-02 -5.653194436e-02 1.116578812e+01
-5.871362980e-02 4.490989451e-02 9.972641868e-01 2.549879772e+02 -2.311583871e-02 9.986585092e-01 -4.633362293e-02 -1.548706431e+01 -9.980071924e-01 -2.577301155e-02 -5.759673059e-02 1.112770485e+01
-5.955718044e-02 4.665919834e-02 9.971338755e-01 2.556905078e+02 -2.290842618e-02 9.985800274e-01 -4.809515408e-02 -1.552964751e+01 -9.979620593e-01 -2.570717860e-02 -5.840372632e-02 1.108183627e+01
-6.293684943e-02 4.578266937e-02 9.969668758e-01 2.563906810e+02 -1.998630413e-02 9.986891047e-01 -4.712346070e-02 -1.557762936e+01 -9.978173666e-01 -2.289148225e-02 -6.193926549e-02 1.103651719e+01
-6.814694096e-02 4.485033925e-02 9.966666062e-01 2.570736035e+02 -1.923303088e-02 9.987442846e-01 -4.625889201e-02 -1.562334452e+01 -9.974898416e-01 -2.232132624e-02 -6.719874897e-02 1.099428809e+01
-7.465702384e-02 4.515232581e-02 9.961865013e-01 2.577496749e+02 -1.928118035e-02 9.987222854e-01 -4.671224432e-02 -1.566768915e+01 -9.970228445e-01 -2.269504941e-02 -7.369105049e-02 1.094302576e+01
-8.316773700e-02 4.690055657e-02 9.954314392e-01 2.584095810e+02 -1.837562173e-02 9.986499071e-01 -4.858747277e-02 -1.571097323e+01 -9.963662387e-01 -2.233257138e-02 -8.219363411e-02 1.089248841e+01
-9.293378830e-02 4.635329144e-02 9.945927647e-01 2.590511088e+02 -1.897902539e-02 9.986518004e-01 -4.831584557e-02 -1.576140317e+01 -9.954914596e-01 -2.336657429e-02 -9.192873485e-02 1.082846538e+01
-1.043754736e-01 4.690490329e-02 9.934314131e-01 2.596819760e+02 -1.732429741e-02 9.986499171e-01 -4.897148497e-02 -1.580352702e+01 -9.943871900e-01 -2.232191703e-02 -1.034220241e-01 1.075529931e+01
-1.161508563e-01 4.426045375e-02 9.922449597e-01 2.603110035e+02 -1.335262523e-02 9.988467733e-01 -4.611797848e-02 -1.583899677e+01 -9.931418415e-01 -1.860571512e-02 -1.154258760e-01 1.067659276e+01
-1.281074607e-01 4.110029848e-02 9.909083387e-01 2.609236762e+02 -7.726150707e-03 9.990692599e-01 -4.243765065e-02 -1.588071750e+01 -9.917302053e-01 -1.309248542e-02 -1.276706736e-01 1.058561782e+01
-1.395054756e-01 3.746830896e-02 9.895122048e-01 2.615194595e+02 -2.105642823e-03 9.992704042e-01 -3.813466793e-02 -1.591423237e+01 -9.902191089e-01 -7.403552303e-03 -1.393247745e-01 1.048426297e+01
-1.510303362e-01 3.273385636e-02 9.879871306e-01 2.621018189e+02 1.910959454e-03 9.994593876e-01 -3.282183514e-02 -1.594705582e+01 -9.885273844e-01 -3.069086558e-03 -1.510111870e-01 1.038158381e+01
-1.616072744e-01 3.069536542e-02 9.863777709e-01 2.626633108e+02 5.820450434e-03 9.995284209e-01 -3.015098809e-02 -1.597752237e+01 -9.868380991e-01 8.685453255e-04 -1.617097062e-01 1.027543789e+01
-1.722299800e-01 3.179496333e-02 9.845435676e-01 2.632022887e+02 1.082070993e-02 9.994797439e-01 -3.038440649e-02 -1.601439319e+01 -9.849973999e-01 5.420355867e-03 -1.724843721e-01 1.017119526e+01
-1.819358477e-01 3.473952714e-02 9.826966433e-01 2.637218477e+02 1.575882428e-02 9.993503737e-01 -3.241068104e-02 -1.604339412e+01 -9.831842224e-01 9.589483710e-03 -1.823650190e-01 1.005837557e+01
-1.923795807e-01 3.833582013e-02 9.805715095e-01 2.642131273e+02 1.904627742e-02 9.991942986e-01 -3.532717356e-02 -1.607092829e+01 -9.811357944e-01 1.188001266e-02 -1.929546995e-01 9.958061588e+00
-2.016937349e-01 4.119559389e-02 9.785817685e-01 2.646847481e+02 2.225707437e-02 9.990498393e-01 -3.746987291e-02 -1.609792228e+01 -9.791955991e-01 1.422292356e-02 -2.024190390e-01 9.852863315e+00
-2.100138954e-01 4.151230097e-02 9.768168617e-01 2.651546370e+02 2.588541880e-02 9.989840439e-01 -3.688903911e-02 -1.612194583e+01 -9.773557703e-01 1.753810219e-02 -2.108750710e-01 9.743841217e+00
-2.164349604e-01 4.049749400e-02 9.754567117e-01 2.655922336e+02 2.868972566e-02 9.989716393e-01 -3.510805388e-02 -1.614773340e+01 -9.758753392e-01 2.038697337e-02 -2.173742914e-01 9.635442502e+00
-2.212439763e-01 4.021479361e-02 9.743889894e-01 2.660009746e+02 3.153266339e-02 9.989219773e-01 -3.406753576e-02 -1.617376185e+01 -9.747085865e-01 2.318784624e-02 -2.222735491e-01 9.531941522e+00
-2.236625111e-01 4.164449034e-02 9.737765517e-01 2.663941467e+02 3.432460889e-02 9.988036166e-01 -3.483092230e-02 -1.619661293e+01 -9.740620193e-01 2.563412556e-02 -2.248243838e-01 9.431973179e+00
-2.243126382e-01 4.178632699e-02 9.736210807e-01 2.667642219e+02 3.632462233e-02 9.987444963e-01 -3.449576399e-02 -1.622134952e+01 -9.738401211e-01 2.762858303e-02 -2.255487913e-01 9.349698377e+00
-2.209803538e-01 4.155222993e-02 9.743928955e-01 2.671156553e+02 3.848960770e-02 9.986851624e-01 -3.385919530e-02 -1.623932741e+01 -9.745186221e-01 3.002178496e-02 -2.222891008e-01 9.267440678e+00
-2.158580915e-01 4.195828626e-02 9.755229723e-01 2.674373276e+02 3.932943529e-02 9.986391586e-01 -3.424995895e-02 -1.625776620e+01 -9.756325009e-01 3.097363739e-02 -2.172144430e-01 9.195479417e+00
-2.085888303e-01 4.289973910e-02 9.770621979e-01 2.677542309e+02 3.769740861e-02 9.986477071e-01 -3.579963811e-02 -1.627642181e+01 -9.772767732e-01 2.936530965e-02 -2.099239614e-01 9.146149028e+00
-1.970327815e-01 4.440510401e-02 9.793909181e-01 2.680600312e+02 3.607328292e-02 9.986256256e-01 -3.802002173e-02 -1.629544376e+01 -9.797331987e-01 2.783865451e-02 -1.983638494e-01 9.085160485e+00
-1.822291542e-01 4.741561163e-02 9.821122416e-01 2.683250164e+02 3.328642176e-02 9.985615440e-01 -4.203354464e-02 -1.630984262e+01 -9.826926307e-01 2.503127076e-02 -1.835453756e-01 9.035212251e+00
-1.657384453e-01 5.013345567e-02 9.848946618e-01 2.685723906e+02 3.264079998e-02 9.984386524e-01 -4.533007248e-02 -1.633440389e+01 -9.856294729e-01 2.463481449e-02 -1.671160424e-01 9.004583978e+00
-1.475869468e-01 5.095720145e-02 9.877355083e-01 2.688275726e+02 3.152238877e-02 9.984069139e-01 -4.679767850e-02 -1.636004470e+01 -9.885465833e-01 2.422905669e-02 -1.489580356e-01 9.001345378e+00
-1.242878933e-01 4.972060538e-02 9.909998035e-01 2.690914879e+02 3.210425967e-02 9.984223247e-01 -4.606661041e-02 -1.637374276e+01 -9.917268154e-01 2.608979826e-02 -1.256880060e-01 8.974156816e+00
-9.869294207e-02 4.856345768e-02 9.939324250e-01 2.693489586e+02 3.068277110e-02 9.984821004e-01 -4.573910694e-02 -1.638790317e+01 -9.946449685e-01 2.598247678e-02 -1.000331389e-01 8.973536502e+00
-6.770732843e-02 4.796756237e-02 9.965515432e-01 2.696039960e+02 2.695839171e-02 9.985668239e-01 -4.623297514e-02 -1.640177537e+01 -9.973410174e-01 2.373511799e-02 -6.890346997e-02 8.975522452e+00
-3.471737769e-02 4.650017766e-02 9.983148103e-01 2.698585488e+02 2.395507796e-02 9.986686978e-01 -4.568360033e-02 -1.641704704e+01 -9.991100641e-01 2.232869625e-02 -3.578505681e-02 8.996552678e+00
1.018848439e-04 4.256861199e-02 9.990936872e-01 2.701127448e+02 2.050883113e-02 9.988832928e-01 -4.256174659e-02 -1.642786282e+01 -9.997897937e-01 2.049458116e-02 -7.712805302e-04 9.026916345e+00
3.697196199e-02 3.803458542e-02 9.985923849e-01 2.703595099e+02 1.851707577e-02 9.990777633e-01 -3.873865762e-02 -1.644191450e+01 -9.991448511e-01 1.992325580e-02 3.623355145e-02 9.056676778e+00
7.590070184e-02 3.500800015e-02 9.965006897e-01 2.705814196e+02 1.177824759e-02 9.992822891e-01 -3.600284140e-02 -1.646249424e+01 -9.970458869e-01 1.446967563e-02 7.543389244e-02 9.108971202e+00
1.178280550e-01 3.377344517e-02 9.924595594e-01 2.708077291e+02 5.484474440e-03 9.993841127e-01 -3.466022431e-02 -1.648073433e+01 -9.930189393e-01 9.527067290e-03 1.175702906e-01 9.174059166e+00
1.625437121e-01 3.417459702e-02 9.861093394e-01 2.710184000e+02 -4.397620246e-03 9.994151937e-01 -3.391085135e-02 -1.649769291e+01 -9.866915021e-01 1.175460945e-03 1.625989045e-01 9.260809857e+00
2.108616581e-01 3.534074980e-02 9.768769247e-01 2.712601913e+02 -8.551323341e-03 9.993747055e-01 -3.430883166e-02 -1.651095407e+01 -9.774785318e-01 -1.119172701e-03 2.110320060e-01 9.351169076e+00
2.607552951e-01 3.723042469e-02 9.646867675e-01 2.715017023e+02 -1.303163339e-02 9.993008208e-01 -3.504383614e-02 -1.652678603e+01 -9.653169883e-01 -3.433578277e-03 2.610581389e-01 9.460948100e+00
3.120802505e-01 3.921933484e-02 9.492459791e-01 2.717416799e+02 -1.589602259e-02 9.992232797e-01 -3.605813459e-02 -1.653725282e+01 -9.499228010e-01 -3.836199471e-03 3.124613134e-01 9.587436775e+00
3.647656973e-01 3.990572917e-02 9.302438503e-01 2.719837191e+02 -1.367604378e-02 9.992029909e-01 -3.750132640e-02 -1.655553153e+01 -9.309989197e-01 9.571414304e-04 3.650207575e-01 9.742137832e+00
4.217103589e-01 3.996756622e-02 9.058493470e-01 2.722292608e+02 -4.614690217e-03 9.991096975e-01 -4.193403910e-02 -1.656479524e+01 -9.067188465e-01 1.350380719e-02 4.215193479e-01 9.872859668e+00
4.763249989e-01 3.783704170e-02 8.784548952e-01 2.724651133e+02 -1.521326967e-04 9.990771834e-01 -4.295003278e-02 -1.657612048e+01 -8.792693520e-01 2.032453458e-02 4.758911898e-01 1.003493749e+01
5.311183316e-01 3.699053239e-02 8.464899256e-01 2.726916923e+02 -5.432073648e-03 9.991746886e-01 -4.025439097e-02 -1.659703788e+01 -8.472803596e-01 1.678165218e-02 5.308809098e-01 1.022336274e+01
5.825552481e-01 4.286493799e-02 8.116600026e-01 2.729046500e+02 -1.441050226e-02 9.989961376e-01 -4.241553783e-02 -1.659803210e+01 -8.126633465e-01 1.301296770e-02 5.825882166e-01 1.046375415e+01
6.335655155e-01 4.939838201e-02 7.721105179e-01 2.731274521e+02 -2.532632115e-02 9.987489810e-01 -4.311650020e-02 -1.661637941e+01 -7.732744632e-01 7.762415611e-03 6.340239830e-01 1.072364228e+01
6.830426670e-01 5.240603070e-02 7.284959253e-01 2.733537916e+02 -3.292645933e-02 9.986178709e-01 -4.096580649e-02 -1.662324007e+01 -7.296359051e-01 3.994605902e-03 6.838242347e-01 1.100983321e+01
7.308595272e-01 4.997726685e-02 6.806956731e-01 2.735746990e+02 -3.187116584e-02 9.987266164e-01 -3.910746206e-02 -1.663777531e+01 -6.817833866e-01 6.887498533e-03 7.315217563e-01 1.131806898e+01
7.744430155e-01 4.942880943e-02 6.307098273e-01 2.737866239e+02 -3.408508256e-02 9.987551344e-01 -3.641979810e-02 -1.663939057e+01 -6.317248782e-01 6.707267382e-03 7.751637029e-01 1.164619956e+01
8.120012189e-01 4.933449502e-02 5.815669641e-01 2.739798364e+02 -3.945517264e-02 9.987817055e-01 -2.963844251e-02 -1.665414462e+01 -5.823206103e-01 1.120626362e-03 8.129584383e-01 1.198935618e+01
8.443590123e-01 5.243742074e-02 5.332056499e-01 2.741513277e+02 -4.774959991e-02 9.986037812e-01 -2.259241806e-02 -1.667190478e+01 -5.336459197e-01 -6.384243220e-03 8.456839614e-01 1.236741870e+01
8.723613604e-01 5.821480745e-02 4.853830638e-01 2.743079178e+02 -5.545968812e-02 9.982595949e-01 -2.005137924e-02 -1.668111092e+01 -4.857056009e-01 -9.427141358e-03 8.740716493e-01 1.276064957e+01
8.964319629e-01 6.107162485e-02 4.389532379e-01 2.744698796e+02 -5.879237205e-02 9.980932230e-01 -1.879883498e-02 -1.668481002e+01 -4.392643329e-01 -8.955226234e-03 8.983132336e-01 1.314469832e+01
9.155804315e-01 6.730309291e-02 3.964628637e-01 2.746094491e+02 -6.579864473e-02 9.976810049e-01 -1.741163130e-02 -1.669292780e+01 -3.967153284e-01 -1.014497199e-02 9.178856262e-01 1.358900204e+01
9.305512977e-01 7.611855610e-02 3.581622515e-01 2.747466370e+02 -7.454129654e-02 9.970512865e-01 -1.823083789e-02 -1.669842893e+01 -3.584938445e-01 -9.733145407e-03 9.334813646e-01 1.405089705e+01
9.417651949e-01 8.426120238e-02 3.255431936e-01 2.748668232e+02 -8.243331724e-02 9.964071135e-01 -1.943101299e-02 -1.670019683e+01 -3.260108380e-01 -8.536154292e-03 9.453274836e-01 1.454680215e+01
9.512052699e-01 8.400537685e-02 2.969034502e-01 2.750067859e+02 -8.265421992e-02 9.964311513e-01 -1.712490228e-02 -1.671086100e+01 -2.972824513e-01 -8.251026780e-03 9.547539342e-01 1.504933476e+01
9.592744286e-01 7.901799229e-02 2.711986408e-01 2.751476879e+02 -7.768712998e-02 9.968548241e-01 -1.565712459e-02 -1.671745253e+01 -2.715828836e-01 -6.049163493e-03 9.623960692e-01 1.557999514e+01
9.655959272e-01 7.771652311e-02 2.481624435e-01 2.752733869e+02 -7.636823829e-02 9.969657999e-01 -1.507016566e-02 -1.672530615e+01 -2.485806729e-01 -4.400038155e-03 9.686012149e-01 1.613794278e+01
9.711731814e-01 7.893782594e-02 2.249255854e-01 2.753819807e+02 -7.779314296e-02 9.968717380e-01 -1.396141608e-02 -1.673770784e+01 -2.253240441e-01 -3.938714141e-03 9.742759148e-01 1.672175406e+01
9.768090770e-01 7.810230165e-02 1.993591805e-01 2.754960450e+02 -7.760253145e-02 9.969308270e-01 -1.033179172e-02 -1.674662844e+01 -1.995542569e-01 -5.378588051e-03 9.798720229e-01 1.732574330e+01
9.819088255e-01 7.698907376e-02 1.729963655e-01 2.755884489e+02 -7.701629547e-02 9.970082106e-01 -6.565231952e-03 -1.674459114e+01 -1.729842531e-01 -6.877077606e-03 9.849005788e-01 1.795501619e+01
9.857468887e-01 7.663821170e-02 1.497653911e-01 2.756666904e+02 -7.635665355e-02 9.970513117e-01 -7.637900417e-03 -1.675316880e+01 -1.499091355e-01 -3.906547893e-03 9.886920482e-01 1.859420062e+01
9.883917923e-01 8.035815740e-02 1.289351293e-01 2.757273753e+02 -7.937775422e-02 9.967633022e-01 -1.273308130e-02 -1.676639743e+01 -1.295410048e-01 2.350693485e-03 9.915712794e-01 1.926524599e+01
9.902961898e-01 8.471631274e-02 1.101661484e-01 2.757908696e+02 -8.316258448e-02 9.963618301e-01 -1.863096259e-02 -1.677800295e+01 -1.113436890e-01 9.288469352e-03 9.937385406e-01 1.994146913e+01
9.914825331e-01 8.895694924e-02 9.512673599e-02 2.758390145e+02 -8.704376914e-02 9.959133486e-01 -2.408401730e-02 -1.677287376e+01 -9.688043080e-02 1.559869020e-02 9.951737817e-01 2.064684888e+01
9.925935412e-01 9.033200303e-02 8.122889456e-02 2.758789745e+02 -8.923300022e-02 9.958645256e-01 -1.706705087e-02 -1.677784038e+01 -8.243467641e-02 9.692347203e-03 9.965493233e-01 2.138569880e+01
9.940008437e-01 8.534417550e-02 6.840113232e-02 2.759339700e+02 -8.523013789e-02 9.963507432e-01 -4.589080140e-03 -1.679803561e+01 -6.854317250e-02 -1.268289220e-03 9.976473481e-01 2.211951467e+01
9.950124347e-01 8.079568483e-02 5.850005436e-02 2.759732320e+02 -8.110371516e-02 9.967014392e-01 2.906513591e-03 -1.680989496e+01 -5.807225378e-02 -7.636589304e-03 9.982831554e-01 2.288954876e+01
9.953899940e-01 8.162869682e-02 5.035393863e-02 2.759986186e+02 -8.179940814e-02 9.966479368e-01 1.335432679e-03 -1.681268892e+01 -5.007613815e-02 -5.448197925e-03 9.987305294e-01 2.366855505e+01
9.953020728e-01 8.612469840e-02 4.423085123e-02 2.760226090e+02 -8.609928457e-02 9.962834740e-01 -2.482876819e-03 -1.681309538e+01 -4.428030579e-02 -1.337032105e-03 9.990182796e-01 2.447408918e+01
9.951402194e-01 8.980196456e-02 4.039274411e-02 2.760420790e+02 -8.963028358e-02 9.959567344e-01 -6.045026404e-03 -1.681261469e+01 -4.077228249e-02 2.395236729e-03 9.991655647e-01 2.528454927e+01
9.950375937e-01 9.204352604e-02 3.779184416e-02 2.760701600e+02 -9.191180003e-02 9.957535324e-01 -5.212068262e-03 -1.682146484e+01 -3.811109793e-02 1.712686823e-03 9.992720453e-01 2.611294570e+01
9.947342703e-01 9.534557313e-02 3.758986452e-02 2.760828197e+02 -9.526667086e-02 9.954441768e-01 -3.888679813e-03 -1.682934348e+01 -3.778938074e-02 2.871423483e-04 9.992856722e-01 2.698969362e+01
9.949963241e-01 9.234971665e-02 3.812929864e-02 2.761118703e+02 -9.218540797e-02 9.957234990e-01 -6.048896350e-03 -1.683862442e+01 -3.852485375e-02 2.503665920e-03 9.992545221e-01 2.785952970e+01
9.952965031e-01 8.829211915e-02 3.986766643e-02 2.761526989e+02 -8.803270838e-02 9.960836933e-01 -8.219415919e-03 -1.684801657e+01 -4.043723956e-02 4.671096945e-03 9.991711323e-01 2.873923576e+01
9.950401344e-01 9.009824182e-02 4.216027932e-02 2.761783120e+02 -8.976546654e-02 9.959154537e-01 -9.724740361e-03 -1.685858076e+01 -4.286425711e-02 5.891969777e-03 9.990635510e-01 2.964435954e+01
9.949775070e-01 8.941776297e-02 4.499148062e-02 2.762145855e+02 -8.924102306e-02 9.959924279e-01 -5.925652465e-03 -1.686774941e+01 -4.534103147e-02 1.880805680e-03 9.989698028e-01 3.056465122e+01
9.954121065e-01 8.261579811e-02 4.826313848e-02 2.762639312e+02 -8.271833059e-02 9.965729688e-01 1.274823013e-04 -1.687417536e+01 -4.808720543e-02 -4.119143181e-03 9.988346255e-01 3.149698671e+01
9.953945163e-01 8.116563022e-02 5.100908830e-02 2.763149565e+02 -8.146629184e-02 9.966686847e-01 3.839552783e-03 -1.688648424e+01 -5.052751975e-02 -7.977389818e-03 9.986908267e-01 3.242762773e+01
9.953820988e-01 7.931513459e-02 5.407067908e-02 2.763589875e+02 -7.957152123e-02 9.968257458e-01 2.602016149e-03 -1.689365734e+01 -5.369266981e-02 -6.892486875e-03 9.985337398e-01 3.336845482e+01
9.954752617e-01 7.618645559e-02 5.678604724e-02 2.764040485e+02 -7.626978170e-02 9.970869717e-01 -7.015674459e-04 -1.689944988e+01 -5.667407714e-02 -3.632666994e-03 9.983861366e-01 3.430985670e+01
9.954804460e-01 7.406500365e-02 5.943984430e-02 2.764576262e+02 -7.380460903e-02 9.972511020e-01 -6.567305845e-03 -1.691888869e+01 -5.976285601e-02 2.150690542e-03 9.982103122e-01 3.525391599e+01
9.953456197e-01 7.403618140e-02 6.169041451e-02 2.765093315e+02 -7.332272504e-02 9.972134108e-01 -1.375291524e-02 -1.693200355e+01 -6.253672499e-02 9.165595788e-03 9.980005649e-01 3.620648120e+01
9.952005309e-01 7.458823602e-02 6.334421201e-02 2.765711098e+02 -7.387069035e-02 9.971751000e-01 -1.359842255e-02 -1.694748435e+01 -6.417955070e-02 8.853876679e-03 9.978990648e-01 3.717347111e+01
9.953935702e-01 7.049986880e-02 6.497273956e-02 2.766375518e+02 -7.024577146e-02 9.975104858e-01 -6.189864999e-03 -1.696587177e+01 -6.524737759e-02 1.597291646e-03 9.978678604e-01 3.814957897e+01
9.955842789e-01 6.603061669e-02 6.672257380e-02 2.766940916e+02 -6.626628680e-02 9.978011064e-01 1.322609821e-03 -1.697638935e+01 -6.648852939e-02 -5.738226982e-03 9.977706675e-01 3.914757547e+01
9.955898362e-01 6.519407388e-02 6.745818073e-02 2.767577025e+02 -6.565195250e-02 9.978320313e-01 4.590732761e-03 -1.698564506e+01 -6.701264541e-02 -8.999248334e-03 9.977115661e-01 4.014431274e+01
9.954221051e-01 6.735899524e-02 6.780583059e-02 2.768071356e+02 -6.766196333e-02 9.977059223e-01 2.178917827e-03 -1.699331902e+01 -6.750351057e-02 -6.756818762e-03 9.976961391e-01 4.113056014e+01
9.956070997e-01 6.534588259e-02 6.705494988e-02 2.768730068e+02 -6.509579637e-02 9.978615130e-01 -5.910120906e-03 -1.700795903e+01 -6.729775367e-02 1.519163643e-03 9.977317905e-01 4.211116912e+01
9.954498950e-01 6.816792083e-02 6.657792848e-02 2.769274576e+02 -6.748476976e-02 9.976424978e-01 -1.245926223e-02 -1.702558767e+01 -6.727029203e-02 7.909576481e-03 9.977034442e-01 4.312900786e+01
9.952660530e-01 7.074497842e-02 6.663775567e-02 2.769882556e+02 -7.020349269e-02 9.974781047e-01 -1.043574228e-02 -1.704572805e+01 -6.720797713e-02 5.708136588e-03 9.977226534e-01 4.412961256e+01
9.952233094e-01 7.170223279e-02 6.625213948e-02 2.770448013e+02 -7.163282820e-02 9.974251688e-01 -3.425645035e-03 -1.706614401e+01 -6.632718003e-02 -1.336546239e-03 9.977970376e-01 4.515500521e+01
9.951321440e-01 7.321434928e-02 6.596732264e-02 2.770992154e+02 -7.341720881e-02 9.973010898e-01 6.529382869e-04 -1.707633191e+01 -6.574148082e-02 -5.492896693e-03 9.978215651e-01 4.615465883e+01
9.947899949e-01 7.779924970e-02 6.587999921e-02 2.771452400e+02 -7.802611219e-02 9.969509146e-01 8.737155697e-04 -1.708965424e+01 -6.561114998e-02 -6.009523277e-03 9.978271750e-01 4.717172428e+01
9.946643458e-01 7.974019877e-02 6.545525761e-02 2.772028155e+02 -8.001317571e-02 9.967925858e-01 1.555380087e-03 -1.709673006e+01 -6.512128726e-02 -6.784363514e-03 9.978542912e-01 4.818653180e+01
9.942021860e-01 8.594765745e-02 6.461391525e-02 2.772486775e+02 -8.667081384e-02 9.962010051e-01 8.468366242e-03 -1.710236674e+01 -6.364061225e-02 -1.401940902e-02 9.978744147e-01 4.921131526e+01
9.941552267e-01 8.655857435e-02 6.452086504e-02 2.773022444e+02 -8.765340818e-02 9.960479757e-01 1.433029331e-02 -1.710973632e+01 -6.302546778e-02 -1.990200998e-02 9.978134830e-01 5.022974696e+01
9.940876447e-01 8.846757782e-02 6.295461589e-02 2.773539922e+02 -8.940061043e-02 9.959215517e-01 1.215585164e-02 -1.710932613e+01 -6.162246032e-02 -1.771216381e-02 9.979423626e-01 5.123705708e+01
9.941745126e-01 8.849061733e-02 6.153379950e-02 2.774026769e+02 -8.913731128e-02 9.959885059e-01 7.839645673e-03 -1.710689204e+01 -6.059322250e-02 -1.327893233e-02 9.980742264e-01 5.223485551e+01
9.944530635e-01 8.617382832e-02 6.030913716e-02 2.774557272e+02 -8.677945075e-02 9.961993605e-01 7.490973380e-03 -1.710106124e+01 -5.943439947e-02 -1.268301560e-02 9.981516190e-01 5.326256725e+01
9.944135825e-01 8.674005959e-02 6.014848896e-02 2.775070939e+02 -8.710491895e-02 9.961931214e-01 3.465913816e-03 -1.710814150e+01 -5.961887655e-02 -8.685780527e-03 9.981834098e-01 5.426968304e+01
9.943109264e-01 8.814898075e-02 5.979621061e-02 2.775589593e+02 -8.799976026e-02 9.961072889e-01 -5.129375330e-03 -1.711993212e+01 -6.001559108e-02 -1.618585888e-04 9.981974564e-01 5.527518120e+01
9.947109387e-01 8.295643445e-02 6.056706329e-02 2.776164673e+02 -8.273992956e-02 9.965526641e-01 -6.078286084e-03 -1.713023484e+01 -6.086249720e-02 1.034822691e-03 9.981456289e-01 5.627978186e+01
9.947298752e-01 8.139148027e-02 6.235264314e-02 2.776714484e+02 -8.147948366e-02 9.966743798e-01 -1.134233351e-03 -1.714323423e+01 -6.223759799e-02 -3.952205376e-03 9.980535412e-01 5.730758890e+01
9.940374921e-01 8.764772571e-02 6.486396045e-02 2.777148984e+02 -8.809331090e-02 9.961040775e-01 4.036059897e-03 -1.715701128e+01 -6.425750123e-02 -9.726076354e-03 9.978859274e-01 5.831766100e+01
9.941155171e-01 8.588736872e-02 6.601273784e-02 2.777848343e+02 -8.622254771e-02 9.962733901e-01 2.240066821e-03 -1.716891383e+01 -6.557433953e-02 -7.918671036e-03 9.978162711e-01 5.931963904e+01
9.933007999e-01 9.367698979e-02 6.766156010e-02 2.778369029e+02 -9.370395376e-02 9.955962207e-01 -2.782039886e-03 -1.717603217e+01 -6.762420267e-02 -3.576751860e-03 9.977044666e-01 6.032865772e+01
9.929048364e-01 9.501199731e-02 7.150311281e-02 2.778989604e+02 -9.504873759e-02 9.954684046e-01 -2.896225647e-03 -1.718798778e+01 -7.145426358e-02 -3.920602963e-03 9.974361835e-01 6.133398185e+01
9.921328720e-01 1.003407890e-01 7.486038171e-02 2.779528180e+02 -1.007669536e-01 9.949081599e-01 1.928080921e-03 -1.719912906e+01 -7.428573936e-02 -9.456364465e-03 9.971921875e-01 6.234832447e+01
9.919649665e-01 9.937840240e-02 7.829097232e-02 2.780310973e+02 -1.003765672e-01 9.949096404e-01 8.909199157e-03 -1.720462434e+01 -7.700705536e-02 -1.669619197e-02 9.968907274e-01 6.335265620e+01
9.921244506e-01 9.699595714e-02 7.925193931e-02 2.781092408e+02 -9.820810897e-02 9.950990551e-01 1.153379128e-02 -1.721200903e+01 -7.774479988e-02 -1.922613801e-02 9.967879127e-01 6.435397733e+01
9.927176854e-01 9.084831232e-02 7.910840362e-02 2.781860827e+02 -9.172053977e-02 9.957568664e-01 7.455225933e-03 -1.721492257e+01 -7.809544072e-02 -1.465680088e-02 9.968381264e-01 6.535625720e+01
9.937411131e-01 8.103175354e-02 7.689268430e-02 2.782760778e+02 -8.120515214e-02 9.966969979e-01 -8.740698026e-04 -1.721983271e+01 -7.670954121e-02 -5.375483056e-03 9.970390132e-01 6.636679419e+01
9.937276871e-01 8.298321007e-02 7.496040194e-02 2.783434867e+02 -8.311819018e-02 9.965387950e-01 -1.322649162e-03 -1.723356638e+01 -7.481071254e-02 -4.916221457e-03 9.971856198e-01 6.737200519e+01
9.939543245e-01 8.234000142e-02 7.262855350e-02 2.784067604e+02 -8.303233850e-02 9.965252456e-01 6.560277105e-03 -1.724471036e+01 -7.183601664e-02 -1.255113534e-02 9.973374598e-01 6.838594599e+01
9.940748933e-01 8.317873237e-02 6.997447932e-02 2.784655015e+02 -8.416109520e-02 9.963891777e-01 1.120467945e-02 -1.725014611e+01 -6.878982397e-02 -1.702741886e-02 9.974858786e-01 6.939657021e+01
9.940903344e-01 8.515241532e-02 6.733086070e-02 2.785252370e+02 -8.597617878e-02 9.962526058e-01 9.427675803e-03 -1.725982539e+01 -6.627575144e-02 -1.516081113e-02 9.976861864e-01 7.041130828e+01
9.937267452e-01 9.158470831e-02 6.418244200e-02 2.785692647e+02 -9.160746460e-02 9.957918287e-01 -2.594384226e-03 -1.726792824e+01 -6.414995664e-02 -3.301480407e-03 9.979348336e-01 7.139873177e+01
9.936606982e-01 9.469177540e-02 6.059600908e-02 2.786217485e+02 -9.416865210e-02 9.954905603e-01 -1.143761095e-02 -1.727855227e+01 -6.140580435e-02 5.658860517e-03 9.980968504e-01 7.240097537e+01
9.938512800e-01 9.363730201e-02 5.909068698e-02 2.786708031e+02 -9.319516434e-02 9.955955989e-01 -1.020047752e-02 -1.729548847e+01 -5.978557336e-02 4.630791804e-03 9.982004849e-01 7.341492509e+01
9.940030327e-01 9.296794224e-02 5.757518173e-02 2.787221686e+02 -9.300992632e-02 9.956632500e-01 -1.955957236e-03 -1.732108999e+01 -5.750733378e-02 -3.410835370e-03 9.983392582e-01 7.444952121e+01
9.938436089e-01 9.481764950e-02 5.731031277e-02 2.787639133e+02 -9.509863442e-02 9.954654299e-01 2.189356634e-03 -1.733564963e+01 -5.684284479e-02 -7.626010465e-03 9.983540140e-01 7.547074539e+01
9.935447244e-01 9.881282711e-02 5.572164533e-02 2.788111142e+02 -9.901184015e-02 9.950859221e-01 8.155375742e-04 -1.734105696e+01 -5.536723757e-02 -6.327375992e-03 9.984459859e-01 7.648683060e+01
9.935128008e-01 9.889453521e-02 5.614441430e-02 2.788570918e+02 -9.890789305e-02 9.950933095e-01 -2.547589948e-03 -1.735442694e+01 -5.612087353e-02 -3.022063302e-03 9.984193847e-01 7.749156294e+01
9.933058351e-01 1.004465323e-01 5.704375029e-02 2.789075338e+02 -1.003296378e-01 9.949421077e-01 -4.916751527e-03 -1.736670813e+01 -5.724910043e-02 -8.393402036e-04 9.983595429e-01 7.850156933e+01
9.932060845e-01 1.004867667e-01 5.868673208e-02 2.789531508e+02 -1.003377993e-01 9.949383212e-01 -5.487102238e-03 -1.738887581e+01 -5.894105767e-02 -4.386731017e-04 9.982613946e-01 7.950572471e+01
9.934748053e-01 9.718622206e-02 5.968816293e-02 2.790189343e+02 -9.723510499e-02 9.952592322e-01 -2.091846750e-03 -1.740583061e+01 -5.960849417e-02 -3.725586094e-03 9.982148966e-01 8.052031919e+01
9.935104141e-01 9.563774471e-02 6.156709739e-02 2.790739052e+02 -9.587992627e-02 9.953924490e-01 9.845900845e-04 -1.741359752e+01 -6.118925995e-02 -6.881248547e-03 9.981024810e-01 8.152698101e+01
9.936230747e-01 9.293696794e-02 6.384311003e-02 2.791276146e+02 -9.319561198e-02 9.956472068e-01 1.078797181e-03 -1.743416903e+01 -6.346495375e-02 -7.021814291e-03 9.979593708e-01 8.252961287e+01
9.938743268e-01 9.050336483e-02 6.342695790e-02 2.791885874e+02 -9.023119425e-02 9.958951913e-01 -7.148290670e-03 -1.745254242e+01 -6.381354397e-02 1.381412640e-03 9.979609111e-01 8.352336173e+01
9.940208885e-01 8.860499522e-02 6.380974714e-02 2.792497461e+02 -8.799219877e-02 9.960445068e-01 -1.235615474e-02 -1.747115022e+01 -6.465216038e-02 6.667516282e-03 9.978856093e-01 8.451942900e+01
9.939060076e-01 8.804486181e-02 6.632491195e-02 2.793071241e+02 -8.786924915e-02 9.961164875e-01 -5.566041036e-03 -1.748375202e+01 -6.655739774e-02 -2.957987755e-04 9.977825409e-01 8.553319215e+01
9.940928108e-01 8.416477852e-02 6.852542112e-02 2.793790040e+02 -8.487688183e-02 9.963629152e-01 7.542302487e-03 -1.749768970e+01 -6.764138650e-02 -1.331397371e-02 9.976208457e-01 8.655643569e+01
9.941859288e-01 8.202985655e-02 6.975293774e-02 2.794448347e+02 -8.306766728e-02 9.964704138e-01 1.210528756e-02 -1.750893786e+01 -6.851374452e-02 -1.782911962e-02 9.974908336e-01 8.755981561e+01
9.939279519e-01 8.490360646e-02 6.998977626e-02 2.795110869e+02 -8.520088952e-02 9.963629861e-01 1.267854908e-03 -1.751874488e+01 -6.962757782e-02 -7.223346713e-03 9.975469324e-01 8.854857701e+01
9.937002564e-01 8.721554338e-02 7.037968585e-02 2.795680841e+02 -8.643459799e-02 9.961581654e-01 -1.407223407e-02 -1.753417497e+01 -7.133661501e-02 7.900342746e-03 9.974210222e-01 8.954328443e+01
9.935866864e-01 8.678687327e-02 7.248150750e-02 2.796312777e+02 -8.546992909e-02 9.961176332e-01 -2.108338660e-02 -1.754972705e+01 -7.402986589e-02 1.475318393e-02 9.971468815e-01 9.053630792e+01
9.933746240e-01 8.643864270e-02 7.573139900e-02 2.796994793e+02 -8.560016904e-02 9.962276034e-01 -1.425463055e-02 -1.758274207e+01 -7.667786417e-02 7.677566819e-03 9.970263435e-01 9.155059476e+01
9.931421544e-01 8.525443246e-02 8.000219174e-02 2.797743901e+02 -8.530136531e-02 9.963511644e-01 -2.837037817e-03 -1.760668740e+01 -7.995214273e-02 -4.006714225e-03 9.967906394e-01 9.256155731e+01
9.930234050e-01 8.301441198e-02 8.374437397e-02 2.798516887e+02 -8.369321025e-02 9.964808251e-01 4.621776907e-03 -1.761953141e+01 -8.306598820e-02 -1.159836671e-02 9.964765712e-01 9.357609873e+01
9.929389524e-01 8.006972748e-02 8.752743644e-02 2.799350451e+02 -8.089527738e-02 9.967050483e-01 5.920098888e-03 -1.762774895e+01 -8.676501410e-02 -1.295885287e-02 9.961445320e-01 9.458944557e+01
9.927398815e-01 7.894404656e-02 9.074884575e-02 2.800221357e+02 -7.933026424e-02 9.968482018e-01 6.511802175e-04 -1.763841640e+01 -9.041141952e-02 -7.845583693e-03 9.958735965e-01 9.558242933e+01
9.923164133e-01 7.970091944e-02 9.463565955e-02 2.801063578e+02 -7.939755895e-02 9.968186218e-01 -6.972636309e-03 -1.765211981e+01 -9.489031554e-02 -5.947779855e-04 9.954875712e-01 9.657965764e+01
9.915298140e-01 8.320659521e-02 9.972595566e-02 2.801889945e+02 -8.274224464e-02 9.965322100e-01 -8.790600064e-03 -1.766972922e+01 -1.001115672e-01 4.645932498e-04 9.949760907e-01 9.758503897e+01
9.912336683e-01 7.933129609e-02 1.056520978e-01 2.802934657e+02 -7.894599416e-02 9.968481341e-01 -7.830694884e-03 -1.769077345e+01 -1.059403223e-01 -5.787614431e-04 9.943722941e-01 9.857757504e+01
9.905797227e-01 7.840615741e-02 1.122687399e-01 2.803970815e+02 -7.836151453e-02 9.969133904e-01 -4.817181483e-03 -1.770529040e+01 -1.122999046e-01 -4.025744962e-03 9.936662177e-01 9.957903323e+01
9.897976627e-01 7.919868538e-02 1.184403199e-01 2.805128684e+02 -7.920143814e-02 9.968475820e-01 -4.691099683e-03 -1.772427385e+01 -1.184384757e-01 -4.737403996e-03 9.929501098e-01 1.005831445e+02
9.897328627e-01 7.039710814e-02 1.243908727e-01 2.806422474e+02 -7.082485282e-02 9.974882584e-01 -9.856766537e-04 -1.773728571e+01 -1.241478263e-01 -7.834408043e-03 9.922327952e-01 1.015747695e+02
9.892376630e-01 6.780346661e-02 1.296594889e-01 2.807679867e+02 -6.857326685e-02 9.976449877e-01 1.476701769e-03 -1.775624234e+01 -1.292540186e-01 -1.035198262e-02 9.915575011e-01 1.025699614e+02
9.888337112e-01 6.237340676e-02 1.353420935e-01 2.809063973e+02 -6.293729553e-02 9.980174839e-01 -1.125435903e-04 -1.777010270e+01 -1.350807894e-01 -8.406777519e-03 9.907989297e-01 1.035490926e+02
9.884372215e-01 5.842710533e-02 1.399220646e-01 2.810406579e+02 -5.878264853e-02 9.982695576e-01 -1.594052252e-03 -1.778428489e+01 -1.397730663e-01 -6.649367988e-03 9.901612155e-01 1.045216641e+02
9.875833282e-01 6.540601648e-02 1.428330272e-01 2.811723402e+02 -6.587923333e-02 9.978266009e-01 -1.418644936e-03 -1.779735630e+01 -1.426153763e-01 -8.008700434e-03 9.897457565e-01 1.055004690e+02
9.866899036e-01 7.024332719e-02 1.466593615e-01 2.813039390e+02 -7.030835116e-02 9.975140024e-01 -4.746809933e-03 -1.780911041e+01 -1.466282077e-01 -5.627749017e-03 9.891756748e-01 1.064761521e+02
9.862364721e-01 7.076704776e-02 1.494310949e-01 2.814393121e+02 -7.038961089e-02 9.974889240e-01 -7.819919912e-03 -1.783407907e+01 -1.496092501e-01 -2.806106754e-03 9.887412404e-01 1.074356594e+02
9.857397979e-01 7.328451746e-02 1.514806382e-01 2.815681536e+02 -7.278419242e-02 9.973084295e-01 -8.852515267e-03 -1.784914833e+01 -1.517216681e-01 -2.299118847e-03 9.884205794e-01 1.083910333e+02
9.857212020e-01 7.292095000e-02 1.517771211e-01 2.817075139e+02 -7.280474968e-02 9.973261149e-01 -6.330226013e-03 -1.787037337e+01 -1.518328958e-01 -4.810256586e-03 9.883944852e-01 1.093436505e+02
9.860722410e-01 6.887889685e-02 1.513842559e-01 2.818421189e+02 -6.902009012e-02 9.976058919e-01 -4.328031429e-03 -1.789339202e+01 -1.513199316e-01 -6.180801255e-03 9.884655297e-01 1.102978495e+02
9.868791453e-01 6.257705946e-02 1.488411766e-01 2.819985764e+02 -6.254606626e-02 9.980300918e-01 -4.893680885e-03 -1.791171630e+01 -1.488542031e-01 -4.479959651e-03 9.888489799e-01 1.112652054e+02
9.876521120e-01 5.680993622e-02 1.459996868e-01 2.821443811e+02 -5.696607438e-02 9.983712494e-01 -3.114686568e-03 -1.792862824e+01 -1.459388384e-01 -5.240800623e-03 9.892797469e-01 1.122163114e+02
9.883025063e-01 5.349008558e-02 1.428180039e-01 2.822747286e+02 -5.401702603e-02 9.985400222e-01 -1.878684268e-04 -1.794429927e+01 -1.426195434e-01 -7.528933030e-03 9.897489624e-01 1.131739987e+02
9.887648501e-01 5.465567930e-02 1.391286603e-01 2.824022331e+02 -5.535307506e-02 9.984662108e-01 1.145175046e-03 -1.795856277e+01 -1.388526739e-01 -8.833508731e-03 9.902736391e-01 1.141124460e+02
9.893944560e-01 5.409665567e-02 1.348043355e-01 2.825242180e+02 -5.434803462e-02 9.985204065e-01 -1.817219212e-03 -1.797362978e+01 -1.347031908e-01 -5.528403818e-03 9.908705665e-01 1.150470714e+02
9.899278623e-01 5.325159375e-02 1.311756796e-01 2.826426151e+02 -5.268343148e-02 9.985807957e-01 -7.800393987e-03 -1.799280261e+01 -1.314049094e-01 8.110426181e-04 9.913284559e-01 1.159633683e+02
9.904033486e-01 5.049026103e-02 1.286544022e-01 2.827636443e+02 -4.924336221e-02 9.987040743e-01 -1.285643708e-02 -1.800696631e+01 -1.291368030e-01 6.397681778e-03 9.916061224e-01 1.168967927e+02
9.908560508e-01 4.722586235e-02 1.263884648e-01 2.828861296e+02 -4.635524827e-02 9.988767432e-01 -9.822393354e-03 -1.802371550e+01 -1.267103702e-01 3.873808869e-03 9.919322071e-01 1.178205056e+02
9.913142883e-01 4.079783301e-02 1.250258897e-01 2.829987861e+02 -4.086782303e-02 9.991625210e-01 -2.006067659e-03 -1.804869578e+01 -1.250030296e-01 -3.120891131e-03 9.921514805e-01 1.187515865e+02
9.917671614e-01 3.034775149e-02 1.244060282e-01 2.831319027e+02 -3.142256446e-02 9.994838380e-01 6.686014828e-03 -1.805770234e+01 -1.241389104e-01 -1.054012710e-02 9.922088572e-01 1.196775549e+02
9.920673232e-01 2.092800791e-02 1.239535334e-01 2.832537176e+02 -2.250342433e-02 9.996826123e-01 1.132315081e-02 -1.806476373e+01 -1.236772270e-01 -1.402270685e-02 9.922234227e-01 1.205810747e+02
9.921701558e-01 1.660166086e-02 1.237853291e-01 2.833734780e+02 -1.811420077e-02 9.997742701e-01 1.110354631e-02 -1.807584729e+01 -1.235730489e-01 -1.325887910e-02 9.922468942e-01 1.214770078e+02
9.921058541e-01 1.728800691e-02 1.242056353e-01 2.834835843e+02 -1.805203019e-02 9.998244197e-01 5.028374628e-03 -1.808422109e+01 -1.240968908e-01 -7.230844413e-03 9.922437733e-01 1.223443525e+02
9.918284418e-01 1.915823299e-02 1.261321381e-01 2.835830044e+02 -1.901092980e-02 9.998164358e-01 -2.371604921e-03 -1.808574384e+01 -1.261544256e-01 -4.566295645e-05 9.920105972e-01 1.232104671e+02
9.915360628e-01 1.898795561e-02 1.284355143e-01 2.836932351e+02 -1.867879228e-02 9.998189873e-01 -3.611331588e-03 -1.809621384e+01 -1.284808465e-01 1.181744742e-03 9.917112627e-01 1.240668598e+02
9.910555143e-01 1.964283818e-02 1.319967886e-01 2.838097091e+02 -2.002458647e-02 9.997982703e-01 1.565197730e-03 -1.810863409e+01 -1.319394120e-01 -4.194378707e-03 9.912489375e-01 1.249075120e+02
9.904316090e-01 1.982824250e-02 1.365726988e-01 2.839163597e+02 -2.090819229e-02 9.997603870e-01 6.477443396e-03 -1.812263076e+01 -1.364115392e-01 -9.270951917e-03 9.906089024e-01 1.257477997e+02
9.896573080e-01 1.900200493e-02 1.421875087e-01 2.840330153e+02 -2.024366874e-02 9.997684687e-01 7.291010392e-03 -1.813150836e+01 -1.420160420e-01 -1.009399768e-02 9.898128940e-01 1.265602319e+02
9.887635223e-01 1.790583226e-02 1.484118938e-01 2.841606199e+02 -1.905510709e-02 9.997984305e-01 6.325454054e-03 -1.814463517e+01 -1.482687249e-01 -9.082382176e-03 9.889053772e-01 1.273682904e+02
9.876453761e-01 1.663411482e-02 1.558201157e-01 2.842902813e+02 -1.746065906e-02 9.998398260e-01 3.937166970e-03 -1.814930987e+01 -1.557296635e-01 -6.609246226e-03 9.877775781e-01 1.281622668e+02
9.863418763e-01 1.441364136e-02 1.640789642e-01 2.844245167e+02 -1.471538582e-02 9.998915125e-01 6.236272221e-04 -1.816323384e+01 -1.640521693e-01 -3.029595367e-03 9.864470297e-01 1.289358670e+02
9.847330156e-01 1.529809263e-02 1.733978085e-01 2.845573644e+02 -1.531505127e-02 9.998819622e-01 -1.240212040e-03 -1.817530478e+01 -1.733963136e-01 -1.434318668e-03 9.848511053e-01 1.296842392e+02
9.828647841e-01 1.856989826e-02 1.833903696e-01 2.846894779e+02 -1.880758056e-02 9.998230187e-01 -4.433331906e-04 -1.818551728e+01 -1.833661516e-01 -3.013391931e-03 9.830401016e-01 1.304197425e+02
9.808564768e-01 2.114248080e-02 1.935807887e-01 2.848227125e+02 -2.209465256e-02 9.997520735e-01 2.760837603e-03 -1.820054281e+01 -1.934744219e-01 -6.985085975e-03 9.810804290e-01 1.311468272e+02
9.791027307e-01 2.323264738e-02 2.020348824e-01 2.849707426e+02 -2.386198523e-02 9.997150138e-01 6.796226257e-04 -1.821892536e+01 -2.019615234e-01 -5.486372851e-03 9.793780738e-01 1.318356244e+02
9.771030175e-01 2.725368397e-02 2.110139500e-01 2.851110375e+02 -2.637385782e-02 9.996277294e-01 -6.983248484e-03 -1.823568018e+01 -2.111257158e-01 1.258101586e-03 9.774580978e-01 1.325008164e+02
9.749566501e-01 3.315844500e-02 2.199092900e-01 2.852532397e+02 -3.063003885e-02 9.994197269e-01 -1.489816555e-02 -1.825304044e+01 -2.202756773e-01 7.789235123e-03 9.754065642e-01 1.331461054e+02
9.730190591e-01 3.717490743e-02 2.277101163e-01 2.853946831e+02 -3.407819266e-02 9.992656298e-01 -1.751734536e-02 -1.826219273e+01 -2.281941011e-01 9.284762872e-03 9.735713852e-01 1.337719957e+02
9.714103365e-01 3.904054365e-02 2.341747847e-01 2.855364538e+02 -3.720695448e-02 9.992325762e-01 -1.224453361e-02 -1.828127123e+01 -2.344731105e-01 3.181534961e-03 9.721173833e-01 1.343750846e+02
9.699245700e-01 3.669690395e-02 2.406235246e-01 2.856793601e+02 -3.746830802e-02 9.992968671e-01 -1.370055193e-03 -1.829730046e+01 -2.405046025e-01 -7.686905536e-03 9.706175546e-01 1.349715647e+02
9.691069888e-01 3.154621276e-02 2.446149256e-01 2.858264197e+02 -3.379660168e-02 9.994161883e-01 5.006758310e-03 -1.831488820e+01 -2.443141612e-01 -1.311923540e-02 9.696073588e-01 1.355359416e+02
9.687956976e-01 2.418018126e-02 2.466783424e-01 2.859748719e+02 -2.619529661e-02 9.996448680e-01 4.890159108e-03 -1.832991090e+01 -2.464724963e-01 -1.119937686e-02 9.690850987e-01 1.360789667e+02
9.687616039e-01 2.092822634e-02 2.471092352e-01 2.861230620e+02 -2.231257719e-02 9.997471162e-01 2.802944282e-03 -1.834279181e+01 -2.469880954e-01 -8.229027872e-03 9.689835993e-01 1.366231620e+02
9.689843338e-01 2.407163565e-02 2.459469914e-01 2.862468999e+02 -2.437074940e-02 9.997013157e-01 -1.827915283e-03 -1.835284250e+01 -2.459175189e-01 -4.222689976e-03 9.692815503e-01 1.371534655e+02
9.698457794e-01 2.936706509e-02 2.419437564e-01 2.863671802e+02 -2.782669209e-02 9.995648772e-01 -9.781979953e-03 -1.836022751e+01 -2.421257480e-01 2.754517279e-03 9.702409650e-01 1.376814047e+02
9.714854714e-01 2.443379503e-02 2.358366425e-01 2.864891571e+02 -2.211624083e-02 9.996776735e-01 -1.246757976e-02 -1.837377449e+01 -2.360652532e-01 6.896253542e-03 9.717127436e-01 1.382036804e+02
9.739083006e-01 1.431645667e-02 2.264899614e-01 2.866319186e+02 -1.220888685e-02 9.998681514e-01 -1.070349099e-02 -1.837981649e+01 -2.266133374e-01 7.659028213e-03 9.739547038e-01 1.387348807e+02
9.768354238e-01 9.309773749e-03 2.137893195e-01 2.867418222e+02 -8.280597642e-03 9.999493956e-01 -5.708988749e-03 -1.838737139e+01 -2.138316469e-01 3.806439506e-03 9.768631343e-01 1.392681088e+02
9.802054320e-01 1.076764901e-02 1.976900125e-01 2.868310283e+02 -1.085400810e-02 9.999408871e-01 -6.467414672e-04 -1.839160084e+01 -1.976852977e-01 -1.511789590e-03 9.802643867e-01 1.398071290e+02
9.841090316e-01 1.463290517e-02 1.769612003e-01 2.868981894e+02 -1.563623496e-02 9.998685936e-01 4.276524674e-03 -1.840510195e+01 -1.768753685e-01 -6.975572975e-03 9.842085579e-01 1.403464492e+02
9.885289800e-01 1.310028272e-02 1.504619280e-01 2.869634234e+02 -1.417662732e-02 9.998810318e-01 6.083156608e-03 -1.842083369e+01 -1.503643359e-01 -8.146420063e-03 9.885970819e-01 1.408767421e+02
9.927739362e-01 1.066735026e-02 1.195244819e-01 2.870270752e+02 -1.118427673e-02 9.999307759e-01 3.654865230e-03 -1.842883881e+01 -1.194772234e-01 -4.965249222e-03 9.928245238e-01 1.413905953e+02
9.963609303e-01 1.063204375e-02 8.456897122e-02 2.870573910e+02 -1.062121723e-02 9.999434148e-01 -5.779470647e-04 -1.843472698e+01 -8.457032627e-02 -3.223817140e-04 9.964174404e-01 1.419114570e+02
9.988969733e-01 1.199054797e-02 4.539953553e-02 2.870601031e+02 -1.178767654e-02 9.999193333e-01 -4.733699573e-03 -1.843969386e+01 -4.545263209e-02 4.193322837e-03 9.989576706e-01 1.424372548e+02
9.999063510e-01 1.340110417e-02 2.783748622e-03 2.870179386e+02 -1.338162492e-02 9.998866289e-01 -6.902200693e-03 -1.844405971e+01 -2.875929216e-03 6.864303121e-03 9.999722789e-01 1.429652470e+02
9.989758000e-01 1.230272492e-02 -4.354320413e-02 2.869688058e+02 -1.256278917e-02 9.999048167e-01 -5.703960604e-03 -1.845408669e+01 4.346888241e-02 6.245142985e-03 9.990352753e-01 1.435095631e+02
9.956974996e-01 1.218846507e-02 -9.185826962e-02 2.868977432e+02 -1.240818077e-02 9.999213717e-01 -1.821157435e-03 -1.845835043e+01 9.182884539e-02 2.953115150e-03 9.957704012e-01 1.439973254e+02
9.895686777e-01 1.336199763e-02 -1.434407636e-01 2.867927512e+02 -1.300170169e-02 9.999095488e-01 3.448894146e-03 -1.846235310e+01 1.434738621e-01 -1.547944951e-03 9.896528869e-01 1.445292317e+02
9.801406020e-01 1.469437903e-02 -1.977586376e-01 2.866603039e+02 -1.355393564e-02 9.998827799e-01 7.119258721e-03 -1.846449050e+01 1.978400713e-01 -4.297467188e-03 9.802248738e-01 1.450607865e+02
9.673658499e-01 1.656703473e-02 -2.528416649e-01 2.864933057e+02 -1.459504203e-02 9.998466916e-01 9.673050223e-03 -1.846648458e+01 2.529631402e-01 -5.667143361e-03 9.674593281e-01 1.455825607e+02
9.511960718e-01 2.032109899e-02 -3.079173916e-01 2.862841815e+02 -1.706089720e-02 9.997662951e-01 1.327658771e-02 -1.846495446e+01 3.081151976e-01 -7.375291207e-03 9.513204576e-01 1.460814906e+02
9.307316463e-01 2.361421669e-02 -3.649397485e-01 2.860795230e+02 -1.877568057e-02 9.996825357e-01 1.680167913e-02 -1.845666154e+01 3.652206519e-01 -8.785862237e-03 9.308795107e-01 1.465469275e+02
9.070630592e-01 2.463315215e-02 -4.202735535e-01 2.858129483e+02 -1.720974947e-02 9.996218695e-01 2.144677099e-02 -1.845293299e+01 4.206429142e-01 -1.222077140e-02 9.071439611e-01 1.470367959e+02
8.796857639e-01 2.619635889e-02 -4.748333982e-01 2.855165275e+02 -1.574821278e-02 9.995387083e-01 2.596868169e-02 -1.843890757e+01 4.752946574e-01 -1.536650226e-02 8.796924769e-01 1.475272629e+02
8.485411088e-01 3.088007609e-02 -5.282276583e-01 2.851895304e+02 -1.597616846e-02 9.993356252e-01 3.275695141e-02 -1.842990233e+01 5.288882299e-01 -1.935656865e-02 8.484706880e-01 1.479956414e+02
8.142033121e-01 3.740906341e-02 -5.793733835e-01 2.848231376e+02 -1.903724957e-02 9.991056063e-01 3.775702032e-02 -1.841377661e+01 5.802676798e-01 -1.971221649e-02 8.141872528e-01 1.484511566e+02
7.765454248e-01 4.352360488e-02 -6.285562410e-01 2.844190403e+02 -2.260005099e-02 9.988933708e-01 4.124607228e-02 -1.839199992e+01 6.296558546e-01 -1.782404544e-02 7.766696928e-01 1.488831029e+02
7.364545218e-01 4.905901720e-02 -6.747058676e-01 2.839827066e+02 -2.474870208e-02 9.986531475e-01 4.560009470e-02 -1.836496527e+01 6.760342175e-01 -1.688430552e-02 7.366768081e-01 1.492939014e+02
6.956049110e-01 5.067726746e-02 -7.166349154e-01 2.835457343e+02 -1.914326541e-02 9.984622773e-01 5.202536165e-02 -1.834085020e+01 7.181694566e-01 -2.247036349e-02 6.955054010e-01 1.496813173e+02
6.538869912e-01 5.470782796e-02 -7.546117547e-01 2.830540697e+02 -2.019114975e-02 9.982889333e-01 5.487787346e-02 -1.831407513e+01 7.563228139e-01 -2.064745226e-02 6.538727082e-01 1.500553576e+02
6.118392675e-01 5.470286003e-02 -7.890882427e-01 2.825393723e+02 -1.871363411e-02 9.983275672e-01 5.469810623e-02 -1.829068241e+01 7.907606825e-01 -1.869973920e-02 6.118397128e-01 1.504113259e+02
5.717979515e-01 5.258044238e-02 -8.187078140e-01 2.819926140e+02 -1.895974739e-02 9.985244105e-01 5.088716171e-02 -1.826223047e+01 8.201754281e-01 -1.357468607e-02 5.719510715e-01 1.507429907e+02
5.333565127e-01 4.620479117e-02 -8.446276569e-01 2.814700775e+02 -1.856057270e-02 9.989059378e-01 4.292404673e-02 -1.822944440e+01 8.456868637e-01 -7.217044220e-03 5.336305656e-01 1.510573321e+02
4.994014337e-01 4.330494048e-02 -8.652877847e-01 2.808867956e+02 -2.355886080e-02 9.990594613e-01 3.640278285e-02 -1.819950778e+01 8.660503564e-01 2.205594090e-03 4.999519328e-01 1.513588502e+02
4.728922409e-01 4.651449604e-02 -8.798916412e-01 2.802658833e+02 -2.873948801e-02 9.988885751e-01 3.735927644e-02 -1.816790875e+01 8.806514454e-01 7.620724201e-03 4.737034604e-01 1.516530833e+02
4.533517292e-01 5.429665282e-02 -8.896764770e-01 2.796278195e+02 -3.411858172e-02 9.984684749e-01 4.355041764e-02 -1.814376644e+01 8.906785259e-01 1.061083840e-02 4.545099092e-01 1.519496217e+02
4.398446784e-01 6.098987499e-02 -8.960005490e-01 2.789911961e+02 -3.617317051e-02 9.980848600e-01 5.018132710e-02 -1.812212564e+01 8.973451535e-01 1.033918543e-02 4.412085223e-01 1.522471342e+02
4.310296267e-01 6.636274882e-02 -8.998942097e-01 2.783314037e+02 -3.920642484e-02 9.977274388e-01 5.479844841e-02 -1.809161435e+01 9.014856481e-01 1.166187016e-02 4.326519096e-01 1.525453481e+02
4.267465620e-01 6.965240502e-02 -9.016851485e-01 2.776571680e+02 -4.292134812e-02 9.974660985e-01 5.673752347e-02 -1.805683145e+01 9.033522452e-01 1.448899679e-02 4.286547652e-01 1.528475243e+02
4.253974056e-01 6.967354581e-02 -9.023206928e-01 2.769868628e+02 -4.646626822e-02 9.973986052e-01 5.510863556e-02 -1.802294392e+01 9.038129912e-01 1.848440417e-02 4.275282632e-01 1.531603996e+02
4.260366271e-01 6.963838892e-02 -9.020218652e-01 2.762999736e+02 -4.905200730e-02 9.973446266e-01 5.382965337e-02 -1.798639786e+01 9.033752477e-01 2.131257114e-02 4.283212420e-01 1.534758146e+02
4.270881935e-01 6.890756307e-02 -9.015806323e-01 2.756139310e+02 -4.907549920e-02 9.973887963e-01 5.298258528e-02 -1.794897700e+01 9.028773555e-01 2.161727184e-02 4.293546159e-01 1.537986467e+02
4.291593716e-01 6.925482658e-02 -9.005698153e-01 2.749037936e+02 -5.162158200e-02 9.973070636e-01 5.209417654e-02 -1.791422187e+01 9.017523858e-01 2.413213557e-02 4.315787302e-01 1.541269514e+02
4.316801910e-01 6.973271385e-02 -8.993273574e-01 2.741877532e+02 -5.558895060e-02 9.971689039e-01 5.063634031e-02 -1.788147836e+01 9.003122752e-01 2.813394697e-02 4.343344707e-01 1.544618319e+02
4.345759897e-01 6.925283579e-02 -8.979687527e-01 2.734664842e+02 -5.916166769e-02 9.970809457e-01 4.826497854e-02 -1.784853815e+01 8.986899821e-01 3.215052230e-02 4.374045367e-01 1.548027640e+02
4.371951928e-01 6.737891114e-02 -8.968391814e-01 2.727282747e+02 -6.439370577e-02 9.969755664e-01 4.351115320e-02 -1.781802080e+01 8.970584615e-01 3.872792014e-02 4.402116803e-01 1.551560269e+02
4.403398570e-01 6.639885011e-02 -8.953725370e-01 2.719863715e+02 -6.671592343e-02 9.969243915e-01 4.111913877e-02 -1.778370812e+01 8.953489490e-01 4.162921025e-02 4.434153965e-01 1.555169289e+02
4.440098386e-01 6.649795195e-02 -8.935509097e-01 2.712215864e+02 -6.666943802e-02 9.969298136e-01 4.106302595e-02 -1.774844666e+01 8.935381304e-01 4.134014995e-02 4.470800039e-01 1.558920971e+02
4.477490325e-01 6.885663415e-02 -8.915041609e-01 2.704424191e+02 -6.761293078e-02 9.967832961e-01 4.303010702e-02 -1.771720817e+01 8.915993639e-01 4.101051025e-02 4.509643312e-01 1.562790900e+02
4.512136668e-01 7.097777217e-02 -8.895888961e-01 2.696553373e+02 -6.825173092e-02 9.966571580e-01 4.490207596e-02 -1.768805523e+01 8.898022157e-01 4.045554583e-02 4.545497084e-01 1.566727414e+02
4.537423988e-01 7.093373995e-02 -8.883053283e-01 2.688620066e+02 -6.828479319e-02 9.966636584e-01 4.470690541e-02 -1.765194263e+01 8.885128761e-01 4.037231962e-02 4.570723030e-01 1.570752134e+02
4.552179133e-01 6.885326466e-02 -8.877138115e-01 2.680557014e+02 -6.541835590e-02 9.968972386e-01 4.377539790e-02 -1.761945345e+01 8.879735778e-01 3.814543446e-02 4.583097427e-01 1.574883902e+02
4.560274390e-01 6.627448077e-02 -8.874945698e-01 2.672421605e+02 -6.352005775e-02 9.971039503e-01 4.182070804e-02 -1.758569332e+01 8.876959902e-01 3.730231500e-02 4.589165224e-01 1.579088983e+02
4.568470998e-01 6.472268632e-02 -8.871875752e-01 2.664057899e+02 -6.230479042e-02 9.972282916e-01 4.066730654e-02 -1.754730435e+01 8.873606534e-01 3.669728263e-02 4.596134301e-01 1.583365604e+02
4.573893460e-01 6.857439333e-02 -8.866186316e-01 2.655681685e+02 -6.352899957e-02 9.969946120e-01 4.433790594e-02 -1.751664829e+01 8.869944743e-01 3.604631231e-02 4.603711385e-01 1.587635812e+02
4.585749100e-01 7.356233175e-02 -8.856058849e-01 2.647186595e+02 -6.359043306e-02 9.967295475e-01 4.986503598e-02 -1.747802147e+01 8.863776781e-01 3.344919493e-02 4.617530138e-01 1.592014701e+02
4.609884812e-01 7.745679576e-02 -8.840193327e-01 2.638678966e+02 -6.428681071e-02 9.964808927e-01 5.378698745e-02 -1.744221233e+01 8.850745267e-01 3.203559176e-02 4.643456135e-01 1.596331878e+02
4.638419229e-01 7.303012802e-02 -8.829027833e-01 2.630225776e+02 -6.271318162e-02 9.968030697e-01 4.950450063e-02 -1.740600366e+01 8.836955014e-01 3.240738159e-02 4.669389764e-01 1.600795811e+02
4.671074159e-01 6.646077029e-02 -8.816993385e-01 2.621745792e+02 -6.306899255e-02 9.971355281e-01 4.174938290e-02 -1.737357107e+01 8.819484459e-01 3.610643650e-02 4.699610219e-01 1.605248526e+02
4.707388861e-01 6.185658853e-02 -8.801015591e-01 2.613208166e+02 -6.384939385e-02 9.973120545e-01 3.594350052e-02 -1.733662016e+01 8.799592370e-01 3.927394930e-02 4.734230443e-01 1.609772579e+02
4.748840124e-01 6.343873126e-02 -8.777588981e-01 2.604663922e+02 -6.550149167e-02 9.971798688e-01 3.663216713e-02 -1.730526540e+01 8.776073971e-01 4.009848707e-02 4.777001092e-01 1.614312761e+02
4.809043987e-01 6.794813158e-02 -8.741361955e-01 2.596051708e+02 -6.505269215e-02 9.970097174e-01 4.171068594e-02 -1.727684771e+01 8.743564627e-01 3.680605338e-02 4.838865643e-01 1.618994450e+02
4.884012441e-01 7.267228974e-02 -8.695879046e-01 2.587511183e+02 -6.570609791e-02 9.967597606e-01 4.639654773e-02 -1.724769773e+01 8.701419655e-01 3.447708291e-02 4.915937343e-01 1.623734837e+02
4.974344052e-01 7.438226401e-02 -8.643069066e-01 2.579041695e+02 -6.740065296e-02 9.966193720e-01 4.697798875e-02 -1.721649017e+01 8.648793501e-01 3.488636878e-02 5.007662097e-01 1.628503468e+02
5.063932452e-01 7.157146239e-02 -8.593272867e-01 2.570736837e+02 -6.660327774e-02 9.968188376e-01 4.377416617e-02 -1.718746269e+01 8.597266079e-01 3.506707415e-02 5.095492078e-01 1.633425677e+02
5.154766523e-01 6.784529851e-02 -8.542137216e-01 2.562464721e+02 -6.409731045e-02 9.971208436e-01 4.051596846e-02 -1.715475017e+01 8.545030993e-01 3.386775531e-02 5.183411821e-01 1.638435489e+02
5.247458712e-01 6.626033047e-02 -8.486762360e-01 2.554273119e+02 -6.139901592e-02 9.973154279e-01 3.990163642e-02 -1.712617737e+01 8.490417485e-01 3.116966922e-02 5.274054803e-01 1.643513660e+02
5.333747625e-01 6.665253536e-02 -8.432490661e-01 2.546014602e+02 -6.015435503e-02 9.973555717e-01 4.078446727e-02 -1.710046952e+01 8.437374872e-01 2.897168100e-02 5.359736940e-01 1.648776539e+02
5.421802020e-01 6.667962781e-02 -8.376123768e-01 2.538001390e+02 -5.665432996e-02 9.974788490e-01 4.273415999e-02 -1.707430841e+01 8.383501521e-01 2.428474597e-02 5.445909625e-01 1.654003416e+02
5.505392191e-01 6.510655406e-02 -8.322666433e-01 2.530034612e+02 -5.084574887e-02 9.977183914e-01 4.441536850e-02 -1.704512289e+01 8.332594657e-01 1.786480853e-02 5.525935251e-01 1.659293875e+02
5.570243611e-01 6.611451079e-02 -8.278602938e-01 2.522072282e+02 -4.851976820e-02 9.977142523e-01 4.703292470e-02 -1.701702137e+01 8.290776189e-01 1.396910552e-02 5.589589981e-01 1.664659717e+02
5.614921861e-01 6.311668128e-02 -8.250714073e-01 2.514113845e+02 -4.381511745e-02 9.979557715e-01 4.652422692e-02 -1.698414940e+01 8.263212742e-01 1.002760765e-02 5.631098433e-01 1.670156308e+02
5.645844872e-01 5.600314968e-02 -8.234731691e-01 2.506253585e+02 -3.448962220e-02 9.984247552e-01 4.425478343e-02 -1.695029915e+01 8.246543884e-01 3.415710556e-03 5.656266956e-01 1.675662858e+02
5.653098489e-01 5.156739700e-02 -8.232652362e-01 2.498338348e+02 -2.789260978e-02 9.986682594e-01 4.340127235e-02 -1.691911734e+01 8.244070009e-01 -1.572157314e-03 5.659953875e-01 1.681151778e+02
5.639604780e-01 5.072832874e-02 -8.242422427e-01 2.490425795e+02 -2.377600381e-02 9.986951097e-01 4.519715913e-02 -1.688756514e+01 8.254594659e-01 -5.892227200e-03 5.644307422e-01 1.686663516e+02
5.604865509e-01 5.317453158e-02 -8.264547527e-01 2.482338390e+02 -2.192973797e-02 9.985395532e-01 4.937421850e-02 -1.685220775e+01 8.278731787e-01 -9.549652832e-03 5.608340727e-01 1.692084217e+02
5.558392629e-01 5.135210373e-02 -8.297022688e-01 2.474188144e+02 -1.758190064e-02 9.985931336e-01 5.002656467e-02 -1.681224035e+01 8.311038995e-01 -1.321898804e-02 5.559601317e-01 1.697541990e+02
5.504107774e-01 4.830293650e-02 -8.334955539e-01 2.465999398e+02 -1.021483433e-02 9.986398812e-01 5.112791024e-02 -1.677071106e+01 8.348315039e-01 -1.962733280e-02 5.501555922e-01 1.703083482e+02
5.438519456e-01 4.996864611e-02 -8.376921718e-01 2.457659779e+02 -1.367229553e-02 9.986207637e-01 5.069167662e-02 -1.673056987e+01 8.390697418e-01 -1.611559388e-02 5.437850202e-01 1.708384124e+02
5.375328312e-01 5.060759322e-02 -8.417228986e-01 2.449249184e+02 -1.486400759e-02 9.986110072e-01 5.054800761e-02 -1.669486675e+01 8.431118959e-01 -1.465984047e-02 5.375384064e-01 1.713529067e+02
5.297671532e-01 4.399587054e-02 -8.470012296e-01 2.440951094e+02 -1.013151905e-02 9.989107007e-01 4.554963692e-02 -1.666130402e+01 8.480826226e-01 -1.554929098e-02 5.296358443e-01 1.718812583e+02
5.228271998e-01 3.811704247e-02 -8.515861490e-01 2.432545605e+02 -6.473654752e-03 9.991484908e-01 4.074747579e-02 -1.662650503e+01 8.524142239e-01 -1.579101616e-02 5.226287297e-01 1.723965605e+02
5.171025658e-01 3.475922973e-02 -8.552174234e-01 2.423996904e+02 -1.840072791e-03 9.992179201e-01 3.949936308e-02 -1.659409094e+01 8.559215293e-01 -1.885156253e-02 5.167620887e-01 1.729084194e+02
5.101746445e-01 3.942551332e-02 -8.591667681e-01 2.415353313e+02 6.157462963e-04 9.989317987e-01 4.620469817e-02 -1.656651182e+01 8.600706401e-01 -2.410149447e-02 5.096054034e-01 1.734219086e+02
5.030387770e-01 4.183704100e-02 -8.632506591e-01 2.406800860e+02 7.938727137e-03 9.985618470e-01 5.302093950e-02 -1.653321343e+01 8.642274245e-01 -3.352470063e-02 5.019831960e-01 1.739273250e+02
4.964151799e-01 4.076741253e-02 -8.671274527e-01 2.398205477e+02 1.484864421e-02 9.983517279e-01 5.543742581e-02 -1.649313386e+01 8.679582555e-01 -4.039564732e-02 4.949916297e-01 1.744265245e+02
4.899497138e-01 3.978707473e-02 -8.708423123e-01 2.389432490e+02 1.731862675e-02 9.983165312e-01 5.535485791e-02 -1.644992111e+01 8.715786823e-01 -4.220288713e-02 4.884358264e-01 1.749177869e+02
4.833607715e-01 3.814475481e-02 -8.745898602e-01 2.380634958e+02 1.924889743e-02 9.983455780e-01 5.418061243e-02 -1.640671917e+01 8.752096156e-01 -4.302367228e-02 4.818268360e-01 1.753974411e+02
4.765915234e-01 3.316651020e-02 -8.784991320e-01 2.371936152e+02 2.512451586e-02 9.983660866e-01 5.132214259e-02 -1.637051824e+01 8.787658753e-01 -4.653155970e-02 4.749794852e-01 1.758734167e+02
4.702795584e-01 2.903840218e-02 -8.820397759e-01 2.363251742e+02 2.838377590e-02 9.984437629e-01 4.800410654e-02 -1.633299073e+01 8.820610717e-01 -4.761096557e-02 4.687234796e-01 1.763331106e+02
4.646584824e-01 2.802794888e-02 -8.850464062e-01 2.354501435e+02 2.980508549e-02 9.984375591e-01 4.726684592e-02 -1.629142249e+01 8.849883067e-01 -4.834182324e-02 4.630970857e-01 1.767964711e+02
4.603626069e-01 2.865854853e-02 -8.872682870e-01 2.345532499e+02 3.279842498e-02 9.982473137e-01 4.926074190e-02 -1.625614965e+01 8.871248964e-01 -5.177880935e-02 4.586157885e-01 1.772569935e+02
4.558803434e-01 3.288956854e-02 -8.894332249e-01 2.336714765e+02 3.340461235e-02 9.979806515e-01 5.402504252e-02 -1.621693217e+01 8.894140234e-01 -5.434012627e-02 4.538611235e-01 1.777091586e+02
4.518487911e-01 3.700791612e-02 -8.913267015e-01 2.327808391e+02 2.918360209e-02 9.979912030e-01 5.623096726e-02 -1.617686930e+01 8.916171700e-01 -5.142001683e-02 4.498610490e-01 1.781447806e+02
4.501475307e-01 3.859805583e-02 -8.921196347e-01 2.318756324e+02 3.008560388e-02 9.978425564e-01 5.835287567e-02 -1.613501508e+01 8.924472376e-01 -5.310735724e-02 4.480150972e-01 1.785955593e+02
4.487495118e-01 3.979295269e-02 -8.927712119e-01 2.309941253e+02 2.753820600e-02 9.979179502e-01 5.832162057e-02 -1.608837182e+01 8.932332150e-01 -5.075711938e-02 4.467193778e-01 1.790289863e+02
4.488763430e-01 3.980075055e-02 -8.927070791e-01 2.301100119e+02 2.293877201e-02 9.981651912e-01 5.603674078e-02 -1.605128102e+01 8.932994125e-01 -4.563116979e-02 4.471397459e-01 1.794558451e+02
4.485799274e-01 3.414301472e-02 -8.930903806e-01 2.292321549e+02 2.337883791e-02 9.984798342e-01 4.991476468e-02 -1.601711552e+01 8.934369861e-01 -4.327017635e-02 4.470997400e-01 1.798931693e+02
4.485333956e-01 3.081704478e-02 -8.932346480e-01 2.283588924e+02 2.295097153e-02 9.986787038e-01 4.597963023e-02 -1.597530444e+01 8.934713123e-01 -4.112399890e-02 4.472334244e-01 1.803273713e+02
4.494332498e-01 2.912594455e-02 -8.928390546e-01 2.274915800e+02 2.617651293e-02 9.986097700e-01 4.575298553e-02 -1.594249787e+01 8.929303690e-01 -4.393432376e-02 4.480459711e-01 1.807634508e+02
4.511814760e-01 2.881440696e-02 -8.919670091e-01 2.266145408e+02 2.290816642e-02 9.987753329e-01 4.385236562e-02 -1.591872697e+01 8.921381968e-01 -4.021869977e-02 4.499688506e-01 1.811994576e+02
4.539455570e-01 2.752876010e-02 -8.906041460e-01 2.257467755e+02 1.687010804e-02 9.990779285e-01 3.948049973e-02 -1.588860932e+01 8.908698022e-01 -3.294658930e-02 4.530626203e-01 1.816263705e+02
4.572291127e-01 2.628975298e-02 -8.889603106e-01 2.248916437e+02 1.304767789e-02 9.992571327e-01 3.626258936e-02 -1.586228545e+01 8.892532569e-01 -2.817917909e-02 4.565464448e-01 1.820533479e+02
4.599561788e-01 3.052011817e-02 -8.874169281e-01 2.240301941e+02 1.113907882e-02 9.991321386e-01 4.013572354e-02 -1.583430223e+01 8.878717107e-01 -2.834568233e-02 4.592170700e-01 1.824928502e+02
4.621608707e-01 3.573218967e-02 -8.860760337e-01 2.231819904e+02 8.728411459e-03 9.989561767e-01 4.483681786e-02 -1.580917842e+01 8.867532242e-01 -2.845585763e-02 4.613665945e-01 1.829278715e+02
4.641990754e-01 3.832823543e-02 -8.849012577e-01 2.223327133e+02 9.709751828e-03 9.987830589e-01 4.835438189e-02 -1.577732285e+01 8.856777477e-01 -3.103823208e-02 4.632619750e-01 1.833627597e+02
4.643946795e-01 3.966216807e-02 -8.847397825e-01 2.214877415e+02 1.191567812e-02 9.986264311e-01 5.102208819e-02 -1.574434555e+01 8.855481919e-01 -3.423666154e-02 4.632842498e-01 1.838152480e+02
4.639381418e-01 4.011054090e-02 -8.849591134e-01 2.206542651e+02 1.450266559e-02 9.984966367e-01 5.285960323e-02 -1.570992835e+01 8.857488795e-01 -3.735785491e-02 4.626589725e-01 1.842494549e+02
4.629092418e-01 4.002579568e-02 -8.855016497e-01 2.198201659e+02 1.432731901e-02 9.985116373e-01 5.262381621e-02 -1.567511040e+01 8.862899643e-01 -3.704691228e-02 4.616467808e-01 1.846788287e+02
4.619663501e-01 3.719709967e-02 -8.861170974e-01 2.189969017e+02 1.402040017e-02 9.986889724e-01 4.923196511e-02 -1.564577621e+01 8.867866736e-01 -3.516722786e-02 4.608391355e-01 1.851046006e+02
4.612870480e-01 3.507295905e-02 -8.865575198e-01 2.181734853e+02 1.098470859e-02 9.989160223e-01 4.523343856e-02 -1.561318744e+01 8.871830112e-01 -3.060417341e-02 4.604017509e-01 1.855284960e+02
4.604030249e-01 3.599109770e-02 -8.869801282e-01 2.173584034e+02 7.720743807e-03 9.989776213e-01 4.454322661e-02 -1.558161450e+01 8.876764711e-01 -2.735598309e-02 4.596544299e-01 1.859394489e+02
4.595179706e-01 3.956983613e-02 -8.872865310e-01 2.165458402e+02 6.789274327e-03 9.988213911e-01 4.805999962e-02 -1.555000187e+01 8.881424725e-01 -2.810846646e-02 4.587077160e-01 1.863411006e+02
4.579354741e-01 4.214147744e-02 -8.879861035e-01 2.157502742e+02 1.149074693e-02 9.985117811e-01 5.331252793e-02 -1.552409173e+01 8.889111900e-01 -3.461732219e-02 4.567697235e-01 1.867580479e+02
4.569574257e-01 4.312852076e-02 -8.884424549e-01 2.149519819e+02 1.562214840e-02 9.982806437e-01 5.649553216e-02 -1.548729664e+01 8.893514402e-01 -3.969543485e-02 4.554979705e-01 1.871808684e+02
4.554546563e-01 4.544389361e-02 -8.890983549e-01 2.141778693e+02 1.274265376e-02 9.982612301e-01 5.755108874e-02 -1.545522929e+01 8.901677667e-01 -3.754138791e-02 4.540836632e-01 1.875686063e+02
4.540931410e-01 4.047723652e-02 -8.900343880e-01 2.134069266e+02 1.146215703e-02 9.986193664e-01 5.126346819e-02 -1.542880477e+01 8.908806130e-01 -3.348010619e-02 4.530022522e-01 1.879518658e+02
4.522831837e-01 2.984586911e-02 -8.913749182e-01 2.126647842e+02 1.481379655e-02 9.990506704e-01 4.096768441e-02 -1.540296053e+01 8.917513879e-01 -3.173363926e-02 4.514116751e-01 1.883322387e+02
4.511638200e-01 2.562026346e-02 -8.920732847e-01 2.119193255e+02 1.870741163e-02 9.990967042e-01 3.815519067e-02 -1.537244921e+01 8.922450148e-01 -3.390262167e-02 4.502770187e-01 1.887092716e+02
4.497502816e-01 3.228032658e-02 -8.925708425e-01 2.111785972e+02 1.680852892e-02 9.988638002e-01 4.459398621e-02 -1.534922458e+01 8.929961819e-01 -3.505896060e-02 4.486966746e-01 1.890754184e+02
4.477395234e-01 4.223501105e-02 -8.931661163e-01 2.104431485e+02 1.558445877e-02 9.983634927e-01 5.502188552e-02 -1.532412845e+01 8.940282794e-01 -3.855498644e-02 4.463486018e-01 1.894341839e+02
4.454374331e-01 4.437330128e-02 -8.942128262e-01 2.097305727e+02 1.613881202e-02 9.982108514e-01 5.757325739e-02 -1.530267236e+01 8.951676438e-01 -4.007682153e-02 4.439243702e-01 1.897892583e+02
4.435084854e-01 4.012007708e-02 -8.953718051e-01 2.090559273e+02 1.614825153e-02 9.984777618e-01 5.273886481e-02 -1.527677770e+01 8.961247056e-01 -3.784882071e-02 4.421854631e-01 1.901181423e+02
4.421768478e-01 3.655035812e-02 -8.961828683e-01 2.083805571e+02 1.340229720e-02 9.987885716e-01 4.734777771e-02 -1.524820931e+01 8.968277540e-01 -3.294699917e-02 4.411513386e-01 1.904480299e+02
4.415302624e-01 3.699391372e-02 -8.964833911e-01 2.077195587e+02 9.264940853e-03 9.989084159e-01 4.578365418e-02 -1.522494847e+01 8.971985253e-01 -2.852073677e-02 4.407055440e-01 1.907550825e+02
4.403009650e-01 3.931463087e-02 -8.969890953e-01 2.070739691e+02 9.085120302e-03 9.987946546e-01 4.823629699e-02 -1.520331150e+01 8.978042717e-01 -2.938774043e-02 4.394130946e-01 1.910656032e+02
4.391205434e-01 4.173790229e-02 -8.974581272e-01 2.064426853e+02 7.474202532e-03 9.987160458e-01 5.010416376e-02 -1.518398166e+01 8.983970370e-01 -2.870955195e-02 4.382447767e-01 1.913671408e+02
4.378058847e-01 4.616518524e-02 -8.978834783e-01 2.058264314e+02 3.051795733e-03 9.985987602e-01 5.283156429e-02 -1.515358786e+01 8.990643557e-01 -2.587012646e-02 4.370515267e-01 1.916584093e+02
4.367722692e-01 5.112445317e-02 -8.981181853e-01 2.052199209e+02 1.051275834e-03 9.983540706e-01 5.734153415e-02 -1.512762834e+01 8.995715165e-01 -2.598936270e-02 4.359996799e-01 1.919428569e+02
4.359832630e-01 5.241327635e-02 -8.984272266e-01 2.046441563e+02 3.734241192e-03 9.981886902e-01 6.004538276e-02 -1.510564465e+01 8.999470555e-01 -2.953372604e-02 4.349978241e-01 1.922206547e+02
4.351810071e-01 4.949096695e-02 -8.989817119e-01 2.040925010e+02 7.270806914e-03 9.982623444e-01 5.847625363e-02 -1.509153361e+01 9.003136209e-01 -3.198407526e-02 4.340649883e-01 1.924930617e+02
4.358900730e-01 4.514547287e-02 -8.988669863e-01 2.035620506e+02 6.833645573e-03 9.985463002e-01 5.346571849e-02 -1.507041420e+01 8.999740460e-01 -2.944771517e-02 4.349479177e-01 1.927445609e+02
4.370549804e-01 4.249114355e-02 -8.984305933e-01 2.030495049e+02 4.824737950e-03 9.987583577e-01 4.958319986e-02 -1.504399167e+01 8.994218698e-01 -2.600527633e-02 4.363072979e-01 1.929893631e+02
4.384746735e-01 4.326847802e-02 -8.977014676e-01 2.025561010e+02 3.379436241e-03 9.987539883e-01 4.978978946e-02 -1.501834726e+01 8.987372691e-01 -2.486528949e-02 4.377821141e-01 1.932220630e+02
4.413472426e-01 4.393283918e-02 -8.962604102e-01 2.020787753e+02 5.140433276e-03 9.986606230e-01 5.148360415e-02 -1.499698594e+01 8.973217709e-01 -2.732931347e-02 4.405302366e-01 1.934657435e+02
4.459010473e-01 4.637820566e-02 -8.938800056e-01 2.016181008e+02 5.216983146e-03 9.985051011e-01 5.440902811e-02 -1.499344832e+01 8.950671161e-01 -2.892440313e-02 4.449925493e-01 1.936863425e+02
4.505433396e-01 4.672685892e-02 -8.915310103e-01 2.011952728e+02 4.270989242e-03 9.985050513e-01 5.449196959e-02 -1.497984122e+01 8.927444978e-01 -2.835872003e-02 4.496702455e-01 1.939028287e+02
4.556213626e-01 4.409065033e-02 -8.890811662e-01 2.007948411e+02 6.170590660e-03 9.985921683e-01 5.268364584e-02 -1.495802764e+01 8.901523468e-01 -2.948995330e-02 4.547078904e-01 1.941103760e+02
4.619556093e-01 4.241782381e-02 -8.858881513e-01 2.004218652e+02 6.831508738e-03 9.986558138e-01 5.137970019e-02 -1.494229099e+01 8.868767751e-01 -2.978709834e-02 4.610449078e-01 1.943106811e+02
4.694160331e-01 4.388448495e-02 -8.818860001e-01 2.000663366e+02 6.931182967e-03 9.985502631e-01 5.337932587e-02 -1.493208135e+01 8.829500047e-01 -3.116962646e-02 4.684313262e-01 1.945074513e+02
4.763097235e-01 4.916391539e-02 -8.779020890e-01 1.997294840e+02 4.975267337e-03 9.982688977e-01 5.860400876e-02 -1.491231173e+01 8.792635878e-01 -3.228145553e-02 4.752405453e-01 1.946926605e+02
4.846221995e-01 5.405986081e-02 -8.730515724e-01 1.994189426e+02 3.297000120e-03 9.979684199e-01 6.362493158e-02 -1.489788064e+01 8.747174730e-01 -3.371251143e-02 4.834594335e-01 1.948674566e+02
4.935012446e-01 5.642005264e-02 -8.679132009e-01 1.991455516e+02 1.824482831e-03 9.978243743e-01 6.590254925e-02 -1.489149794e+01 8.697432285e-01 -3.410648848e-02 4.923246444e-01 1.950270909e+02
5.020951685e-01 5.676933771e-02 -8.629472231e-01 1.988957318e+02 -2.284304496e-04 9.978518280e-01 6.551120150e-02 -1.488031816e+01 8.648124793e-01 -3.269573743e-02 5.010295773e-01 1.951826678e+02
5.117361672e-01 5.624584085e-02 -8.572996491e-01 1.986703402e+02 -1.586058176e-03 9.979148818e-01 6.452461459e-02 -1.486796583e+01 8.591412786e-01 -3.165985538e-02 5.107583485e-01 1.953224462e+02
5.202539359e-01 5.507201264e-02 -8.522341556e-01 1.984674364e+02 -1.460064509e-03 9.979744857e-01 6.359856216e-02 -1.486149854e+01 8.540104547e-01 -3.184308782e-02 5.192805395e-01 1.954637055e+02
5.287980029e-01 5.190142639e-02 -8.471594015e-01 1.982712388e+02 -4.194263955e-05 9.981301298e-01 6.112451265e-02 -1.485621452e+01 8.487478088e-01 -3.228699220e-02 5.278114174e-01 1.955950959e+02
5.370545443e-01 4.871078064e-02 -8.421399862e-01 1.980712874e+02 -6.776445316e-04 9.983559182e-01 5.731443007e-02 -1.484799083e+01 8.435472942e-01 -3.021030814e-02 5.362046410e-01 1.957270924e+02
5.453386616e-01 4.736963511e-02 -8.368763222e-01 1.978833872e+02 -3.606544063e-03 9.985252428e-01 5.416929003e-02 -1.484338081e+01 8.382080885e-01 -2.652238329e-02 5.447053397e-01 1.958571173e+02
5.537249032e-01 4.639866334e-02 -8.314059657e-01 1.976904750e+02 -6.633562495e-03 9.986604883e-01 5.131469372e-02 -1.483335296e+01 8.326732414e-01 -2.289904240e-02 5.532909836e-01 1.959889709e+02
5.615477535e-01 4.464734635e-02 -8.262389063e-01 1.975008939e+02 -7.924969401e-03 9.987876295e-01 4.858518259e-02 -1.482250106e+01 8.274064169e-01 -2.073498296e-02 5.612207623e-01 1.961289703e+02
5.691835753e-01 4.097189037e-02 -8.211889404e-01 1.973106234e+02 -7.046537681e-03 9.989640571e-01 4.495758431e-02 -1.481173469e+01 8.221802426e-01 -1.980257996e-02 5.688826748e-01 1.962725840e+02
5.768150686e-01 3.837985516e-02 -8.159727262e-01 1.971224551e+02 -5.998304975e-03 9.990676995e-01 4.275163627e-02 -1.480157257e+01 8.168528506e-01 -1.976533622e-02 5.765074815e-01 1.964166523e+02
5.844759882e-01 3.818216038e-02 -8.105121637e-01 1.969322981e+02 -7.975061042e-03 9.991143053e-01 4.131599054e-02 -1.479552246e+01 8.113718143e-01 -1.768432097e-02 5.842628075e-01 1.965554426e+02
5.916292940e-01 4.030788901e-02 -8.052019223e-01 1.967329965e+02 -1.314871240e-02 9.990989878e-01 4.035311588e-02 -1.478720773e+01 8.061029732e-01 -1.328672181e-02 5.916262342e-01 1.966970157e+02
5.983266438e-01 4.408530616e-02 -8.000386401e-01 1.965399191e+02 -1.908114743e-02 9.989860120e-01 4.077784398e-02 -1.478061495e+01 8.010251175e-01 -9.132820116e-03 5.985611555e-01 1.968336768e+02
6.043726963e-01 4.663301834e-02 -7.953358386e-01 1.963450573e+02 -2.282715073e-02 9.988892356e-01 4.122172680e-02 -1.477090648e+01 7.963747114e-01 -6.758039064e-03 6.047658803e-01 1.969858136e+02
6.106861575e-01 4.196246994e-02 -7.907601660e-01 1.961465121e+02 -2.171311133e-02 9.991068468e-01 3.625005029e-02 -1.476490537e+01 7.915750169e-01 -4.967540468e-03 6.110518312e-01 1.971500791e+02
6.168647439e-01 3.224863112e-02 -7.864082477e-01 1.959442353e+02 -1.778244017e-02 9.994762275e-01 2.703733023e-02 -1.476336583e+01 7.868682906e-01 -2.694119791e-03 6.171151679e-01 1.973318112e+02
6.228561278e-01 2.486100990e-02 -7.819413187e-01 1.957246990e+02 -1.535806608e-02 9.996909032e-01 1.955064740e-02 -1.475306928e+01 7.821856472e-01 -1.681369259e-04 6.230454152e-01 1.975095490e+02
6.282206811e-01 2.330351124e-02 -7.776861963e-01 1.954620971e+02 -1.666131241e-02 9.997250886e-01 1.649781605e-02 -1.474947386e+01 7.778568645e-01 2.593002502e-03 6.284362325e-01 1.977197708e+02
6.317569713e-01 2.633826117e-02 -7.747189381e-01 1.951800410e+02 -1.944343164e-02 9.996465706e-01 1.812970852e-02 -1.474532684e+01 7.749226857e-01 3.609624036e-03 6.320457930e-01 1.979504530e+02
6.335306027e-01 2.854672536e-02 -7.731908810e-01 1.948686666e+02 -2.076198968e-02 9.995865167e-01 1.989362139e-02 -1.473696890e+01 7.734390787e-01 3.449763898e-03 6.338613346e-01 1.981966007e+02
6.330853057e-01 3.082508156e-02 -7.734680658e-01 1.945352200e+02 -2.551349732e-02 9.994948455e-01 1.895008979e-02 -1.472116301e+01 7.736614958e-01 7.736847681e-03 6.335519404e-01 1.984542851e+02
6.307334986e-01 3.165628234e-02 -7.753536053e-01 1.941801912e+02 -2.977757741e-02 9.994190199e-01 1.658104997e-02 -1.470635944e+01 7.754280003e-01 1.262992696e-02 6.313096828e-01 1.987250545e+02
6.273092151e-01 3.327624458e-02 -7.780590938e-01 1.938134267e+02 -3.029857554e-02 9.993731009e-01 1.831327149e-02 -1.469333085e+01 7.781807224e-01 1.208599543e-02 6.279241442e-01 1.990068845e+02
6.234482211e-01 3.303353189e-02 -7.811665109e-01 1.934212799e+02 -2.570870611e-02 9.994329474e-01 2.174537018e-02 -1.468543293e+01 7.814418839e-01 6.525666977e-03 6.239439084e-01 1.993266476e+02
6.182311152e-01 3.527332781e-02 -7.852045249e-01 1.930129490e+02 -2.337662572e-02 9.993757500e-01 2.648883405e-02 -1.467979324e+01 7.856486776e-01 1.979208828e-03 6.186697308e-01 1.996474103e+02
6.120615674e-01 3.965139839e-02 -7.898154974e-01 1.925742727e+02 -2.277949525e-02 9.992117510e-01 3.251100104e-02 -1.466218994e+01 7.904820042e-01 -1.907137277e-03 6.124823836e-01 1.999694545e+02
6.042156921e-01 4.711415149e-02 -7.954267868e-01 1.921216840e+02 -2.437465116e-02 9.988761126e-01 4.064944741e-02 -1.463824409e+01 7.964479938e-01 -5.172787305e-03 6.046850588e-01 2.002987985e+02
5.953476971e-01 5.266475559e-02 -8.017403422e-01 1.916458764e+02 -2.603595997e-02 9.985899580e-01 4.626192642e-02 -1.461675143e+01 8.030462208e-01 -6.667849791e-03 5.958794253e-01 2.006343743e+02
5.863197226e-01 5.481726410e-02 -8.082229751e-01 1.911617476e+02 -2.378925412e-02 9.984426930e-01 5.046106508e-02 -1.459743390e+01 8.097304001e-01 -1.035930095e-02 5.867106691e-01 2.009742221e+02
5.773135680e-01 5.365780097e-02 -8.147576269e-01 1.906678295e+02 -1.677247582e-02 9.984071670e-01 5.386799500e-02 -1.457303891e+01 8.163503449e-01 -1.743322633e-02 5.772939905e-01 2.013270966e+02
5.683148934e-01 4.929144936e-02 -8.213335139e-01 1.901533750e+02 -1.254521606e-02 9.986070709e-01 5.124978496e-02 -1.454062639e+01 8.227156195e-01 -1.882221157e-02 5.681416216e-01 2.016759079e+02
5.585236654e-01 4.272114824e-02 -8.283877254e-01 1.896263188e+02 -8.230881201e-03 9.989091184e-01 4.596568151e-02 -1.451276398e+01 8.294477267e-01 -1.885456199e-02 5.582660875e-01 2.020329914e+02
5.482309173e-01 3.975125155e-02 -8.353818013e-01 1.890756145e+02 -6.369875493e-03 9.990392797e-01 4.335849640e-02 -1.448462958e+01 8.363028119e-01 -1.844919183e-02 5.479574247e-01 2.023822910e+02
5.377104395e-01 3.463166384e-02 -8.424180605e-01 1.885095381e+02 -1.418226696e-03 9.991917757e-01 4.017136565e-02 -1.445743893e+01 8.431284204e-01 -2.040582414e-02 5.373249822e-01 2.027377618e+02
5.269944695e-01 2.958581473e-02 -8.493536280e-01 1.879331785e+02 4.114212712e-03 9.992933433e-01 3.736144475e-02 -1.442978435e+01 8.498588065e-01 -2.318369738e-02 5.265003295e-01 2.030953065e+02
5.176026642e-01 2.625290099e-02 -8.552183505e-01 1.873474767e+02 1.247956359e-02 9.991911923e-01 3.822547927e-02 -1.440441062e+01 8.555301323e-01 -3.045836094e-02 5.168564303e-01 2.034595012e+02
5.084123596e-01 2.400800184e-02 -8.607790276e-01 1.867395502e+02 1.801229930e-02 9.990960890e-01 3.850463322e-02 -1.438181093e+01 8.609253263e-01 -3.508084333e-02 5.075203730e-01 2.038197113e+02
5.002189288e-01 2.436147062e-02 -8.655562951e-01 1.861054448e+02 1.997433105e-02 9.990135333e-01 3.966118189e-02 -1.435458580e+01 8.656686723e-01 -3.712817865e-02 4.992388891e-01 2.041819927e+02
4.929760432e-01 2.749482129e-02 -8.696084305e-01 1.854561653e+02 2.113708014e-02 9.988270724e-01 4.356288931e-02 -1.432913251e+01 8.697862301e-01 -3.985644435e-02 4.918166548e-01 2.045403457e+02
4.873023583e-01 3.075482679e-02 -8.726915634e-01 1.848211012e+02 2.734061001e-02 9.983522630e-01 5.045000407e-02 -1.430197826e+01 8.728052203e-01 -4.844432394e-02 4.856585707e-01 2.048992734e+02
4.831678114e-01 3.372365491e-02 -8.748780664e-01 1.841556686e+02 3.276129574e-02 9.978617167e-01 5.655730608e-02 -1.426769550e+01 8.749146013e-01 -5.598880597e-02 4.810298231e-01 2.052755276e+02
4.807734546e-01 3.521922468e-02 -8.761373366e-01 1.834794770e+02 3.378899239e-02 9.977067367e-01 5.864756221e-02 -1.423516176e+01 8.761936766e-01 -5.779998710e-02 4.784809152e-01 2.056365680e+02
4.786388538e-01 3.287127658e-02 -8.773963801e-01 1.828023741e+02 3.428860056e-02 9.978368498e-01 5.608871953e-02 -1.419904121e+01 8.773421454e-01 -5.693093453e-02 4.764763724e-01 2.060067101e+02
4.771476890e-01 2.817338402e-02 -8.783714743e-01 1.821170477e+02 3.611126413e-02 9.980133624e-01 5.162716225e-02 -1.416298573e+01 8.780809811e-01 -5.635288569e-02 4.751823894e-01 2.063810714e+02
4.761518347e-01 2.875849198e-02 -8.788927287e-01 1.814173359e+02 3.424544377e-02 9.981004551e-01 5.121204879e-02 -1.412033255e+01 8.786960587e-01 -5.448278280e-02 4.742625428e-01 2.067520157e+02
4.756591393e-01 3.188472291e-02 -8.790517756e-01 1.807071257e+02 3.190921657e-02 9.980596002e-01 5.346758348e-02 -1.408399629e+01 8.790508635e-01 -5.348219622e-02 4.737187430e-01 2.071301589e+02
4.748402893e-01 3.548207264e-02 -8.793565181e-01 1.799825095e+02 2.752812260e-02 9.980991583e-01 5.513815526e-02 -1.404766367e+01 8.796414540e-01 -5.038885064e-02 4.729609420e-01 2.075096500e+02
4.740717345e-01 3.532970617e-02 -8.797772059e-01 1.792611719e+02 2.272582187e-02 9.983708313e-01 5.233805063e-02 -1.401323460e+01 8.801929588e-01 -4.480565244e-02 4.724964996e-01 2.078882906e+02
4.737188215e-01 3.249063233e-02 -8.800766314e-01 1.785304720e+02 2.058991543e-02 9.986374704e-01 4.795058851e-02 -1.398008483e+01 8.804354799e-01 -4.083579971e-02 4.724043725e-01 2.082742847e+02
4.732164493e-01 2.823888923e-02 -8.804934623e-01 1.777941572e+02 1.875219248e-02 9.989367204e-01 4.211582699e-02 -1.394308297e+01 8.807465735e-01 -3.644108649e-02 4.721837259e-01 2.086612982e+02
4.733626611e-01 2.721999296e-02 -8.804470347e-01 1.770446987e+02 1.810019059e-02 9.990108517e-01 4.061690066e-02 -1.391184383e+01 8.806816912e-01 -3.516278583e-02 4.724017752e-01 2.090565269e+02
4.736837292e-01 2.886479363e-02 -8.802219675e-01 1.762825571e+02 1.889387559e-02 9.988996754e-01 4.292412403e-02 -1.388225832e+01 8.804923991e-01 -3.696326180e-02 4.726171100e-01 2.094597430e+02
4.738120565e-01 3.306377923e-02 -8.800050686e-01 1.755187610e+02 2.042080020e-02 9.986136957e-01 4.851513598e-02 -1.385350430e+01 8.803891736e-01 -4.095746512e-02 4.724800251e-01 2.098746606e+02
4.739240898e-01 3.739259409e-02 -8.797714730e-01 1.747480674e+02 2.236133044e-02 9.982647342e-01 5.447469648e-02 -1.381927454e+01 8.802817607e-01 -4.548973003e-02 4.722655546e-01 2.102944768e+02
4.745535419e-01 4.106235606e-02 -8.792684105e-01 1.739791172e+02 2.245874632e-02 9.980212724e-01 5.872949774e-02 -1.378247752e+01 8.799401040e-01 -4.761755835e-02 4.726923662e-01 2.106979709e+02
4.750741139e-01 4.233501984e-02 -8.789268760e-01 1.731918727e+02 1.837941016e-02 9.981466725e-01 5.801182608e-02 -1.374783039e+01 8.797538891e-01 -4.371407408e-02 4.734155294e-01 2.111142379e+02
4.757406421e-01 4.256673945e-02 -8.785550502e-01 1.724155648e+02 1.346139832e-02 9.983589655e-01 5.566073454e-02 -1.370889665e+01 8.794826367e-01 -3.830665130e-02 4.743869193e-01 2.115239692e+02
4.763640404e-01 3.873681115e-02 -8.783944895e-01 1.716415541e+02 1.364597308e-02 9.985829997e-01 5.143745776e-02 -1.366750654e+01 8.791423137e-01 -3.648950610e-02 4.751604300e-01 2.119379436e+02
4.766087277e-01 3.886428595e-02 -8.782560260e-01 1.708707918e+02 1.362786354e-02 9.985756413e-01 5.158414552e-02 -1.363309936e+01 8.790098717e-01 -3.655421030e-02 4.754002273e-01 2.123558993e+02
4.764632726e-01 3.912060114e-02 -8.783236163e-01 1.700987173e+02 1.410439517e-02 9.985408946e-01 5.212629098e-02 -1.359828529e+01 8.790813106e-01 -3.722449056e-02 4.752163081e-01 2.127728042e+02
4.761047887e-01 4.075895564e-02 -8.784435256e-01 1.693273884e+02 1.529512400e-02 9.983903710e-01 5.461413124e-02 -1.356672909e+01 8.792555569e-01 -3.943795035e-02 4.747150078e-01 2.131909776e+02
4.756741668e-01 4.035263324e-02 -8.786954765e-01 1.685565759e+02 1.557383362e-02 9.984042658e-01 5.428082261e-02 -1.352830926e+01 8.794836291e-01 -3.950464603e-02 4.742866775e-01 2.136132886e+02
4.754300303e-01 4.254872136e-02 -8.787241079e-01 1.677875661e+02 1.310428425e-02 9.983764513e-01 5.543244030e-02 -1.349137415e+01 8.796560054e-01 -3.786929718e-02 4.741005339e-01 2.140202816e+02
4.754834323e-01 4.345493740e-02 -8.786507678e-01 1.670203356e+02 1.472474952e-02 9.982462031e-01 5.733802595e-02 -1.345206433e+01 8.796014402e-01 -4.020119135e-02 4.740096641e-01 2.144356864e+02
4.757181773e-01 4.185736993e-02 -8.786013156e-01 1.662450206e+02 1.959638524e-02 9.981148299e-01 5.816156033e-02 -1.341856319e+01 8.793795131e-01 -4.488592214e-02 4.740011640e-01 2.148574792e+02
4.752601450e-01 3.777487455e-02 -8.790340853e-01 1.654922987e+02 2.025032476e-02 9.983436755e-01 5.385056634e-02 -1.338733361e+01 8.796122797e-01 -4.339375500e-02 4.737079740e-01 2.152611729e+02
4.745003041e-01 2.948250608e-02 -8.797615620e-01 1.647357528e+02 2.046729520e-02 9.987992392e-01 4.451075055e-02 -1.335371155e+01 8.800174254e-01 -3.912670097e-02 4.733270770e-01 2.156665289e+02
4.730883274e-01 2.490656441e-02 -8.806628497e-01 1.639885116e+02 2.351686108e-02 9.988871351e-01 4.088329304e-02 -1.332483734e+01 8.807010826e-01 -4.005183498e-02 4.719761128e-01 2.160670094e+02
4.723635537e-01 2.650576510e-02 -8.810051531e-01 1.632397720e+02 2.729216669e-02 9.986285764e-01 4.467765091e-02 -1.329316997e+01 8.809811597e-01 -4.514863118e-02 4.709923861e-01 2.164699151e+02
4.715446243e-01 3.293972124e-02 -8.812268391e-01 1.624946779e+02 2.549786809e-02 9.983750140e-01 5.096256996e-02 -1.327016060e+01 8.814736029e-01 -4.650053040e-02 4.699385156e-01 2.168658926e+02
4.711395704e-01 3.468375179e-02 -8.813764984e-01 1.617525055e+02 2.155160099e-02 9.984756653e-01 5.081221459e-02 -1.324176345e+01 8.817953856e-01 -4.293472032e-02 4.696738510e-01 2.172512264e+02
4.704577740e-01 3.134446443e-02 -8.818657710e-01 1.610317866e+02 2.272568234e-02 9.986070785e-01 4.761755392e-02 -1.320936199e+01 8.821299306e-01 -4.244304709e-02 4.690901111e-01 2.176311254e+02
4.692024744e-01 2.778385931e-02 -8.826534989e-01 1.603325954e+02 2.774532778e-02 9.985476982e-01 4.618085692e-02 -1.317953220e+01 8.826546900e-01 -4.615768531e-02 4.677502076e-01 2.180121656e+02
4.683836902e-01 3.042572339e-02 -8.830011377e-01 1.596456450e+02 2.764893661e-02 9.984126629e-01 4.906872342e-02 -1.316124906e+01 8.830924345e-01 -4.739703506e-02 4.667989490e-01 2.183724037e+02
4.669830361e-01 3.286581382e-02 -8.836553420e-01 1.589725937e+02 2.814519687e-02 9.982502857e-01 5.200177384e-02 -1.313707327e+01 8.838182695e-01 -4.915460173e-02 4.652409169e-01 2.187251168e+02
4.645235462e-01 3.102936464e-02 -8.850169665e-01 1.583170482e+02 3.105820200e-02 9.982002705e-01 5.129933990e-02 -1.311553647e+01 8.850159633e-01 -5.131678685e-02 4.627238352e-01 2.190701468e+02
4.611310339e-01 3.069788144e-02 -8.868008755e-01 1.576828156e+02 3.197958733e-02 9.981771389e-01 5.118252179e-02 -1.309134393e+01 8.867555693e-01 -5.196137702e-02 4.593087515e-01 2.193981773e+02
4.568054384e-01 3.347397908e-02 -8.889365621e-01 1.570660570e+02 2.841398296e-02 9.982327867e-01 5.219099570e-02 -1.306640718e+01 8.891127140e-01 -4.909936310e-02 4.550470131e-01 2.197016451e+02
4.510707236e-01 3.437516726e-02 -8.918259715e-01 1.564554607e+02 2.794729131e-02 9.982238986e-01 5.261152214e-02 -1.304690567e+01 8.920504920e-01 -4.865564218e-02 4.493088966e-01 2.200060185e+02
4.437025362e-01 3.848008899e-02 -8.953476978e-01 1.558718381e+02 2.482546617e-02 9.981665596e-01 5.520164712e-02 -1.302621590e+01 8.958302415e-01 -4.672053377e-02 4.419337487e-01 2.202851140e+02
4.357990214e-01 4.043790507e-02 -8.991352419e-01 1.553002866e+02 2.331733573e-02 9.981476067e-01 5.619252968e-02 -1.300417078e+01 8.997420088e-01 -4.545408877e-02 4.340488707e-01 2.205467228e+02
4.265256268e-01 3.913124420e-02 -9.036286703e-01 1.547485696e+02 2.109594971e-02 9.983614717e-01 5.319120610e-02 -1.299012631e+01 9.042295166e-01 -4.175031572e-02 4.250012069e-01 2.207955016e+02
4.148571383e-01 3.274731116e-02 -9.092971856e-01 1.542129898e+02 2.389985116e-02 9.986151104e-01 4.686806283e-02 -1.297509853e+01 9.095727439e-01 -4.117561860e-02 4.134999747e-01 2.210356836e+02
3.996342610e-01 2.477719303e-02 -9.163398823e-01 1.536809278e+02 2.922415140e-02 9.987821551e-01 3.975162223e-02 -1.295918377e+01 9.162088661e-01 -4.266536584e-02 3.984234647e-01 2.212654920e+02
3.795248041e-01 2.076238740e-02 -9.249485797e-01 1.531437980e+02 3.267140551e-02 9.988238279e-01 3.582639652e-02 -1.294101041e+01 9.246045194e-01 -4.381637553e-02 3.784000956e-01 2.214817824e+02
3.542540702e-01 2.251052621e-02 -9.348782902e-01 1.525849321e+02 3.294310991e-02 9.987893362e-01 3.653256657e-02 -1.292412470e+01 9.345687962e-01 -4.373960674e-02 3.530835820e-01 2.216807696e+02
3.251664713e-01 2.896061052e-02 -9.452132550e-01 1.520280667e+02 3.022330062e-02 9.987020739e-01 4.099670579e-02 -1.290839456e+01 9.451737544e-01 -4.189821678e-02 3.238691449e-01 2.218487870e+02
2.936485707e-01 3.470826687e-02 -9.552831858e-01 1.514742228e+02 2.718008409e-02 9.986333985e-01 4.463831796e-02 -1.288871550e+01 9.555270307e-01 -3.907265492e-02 2.923038679e-01 2.219983612e+02
2.604728318e-01 3.985359706e-02 -9.646582625e-01 1.509182620e+02 2.481178767e-02 9.985414015e-01 4.795300519e-02 -1.287314024e+01 9.651623053e-01 -3.642535394e-02 2.591040587e-01 2.221219000e+02
2.258103760e-01 4.472371188e-02 -9.731440907e-01 1.504072355e+02 2.175519330e-02 9.984649642e-01 5.093552562e-02 -1.286336513e+01 9.739282765e-01 -3.267270698e-02 2.244908078e-01 2.222079094e+02
1.898506642e-01 4.736338795e-02 -9.806700413e-01 1.498498647e+02 2.002870377e-02 9.984410801e-01 5.209909735e-02 -1.283477895e+01 9.816087847e-01 -2.953259755e-02 1.886060617e-01 2.222927102e+02
1.551766224e-01 4.923341302e-02 -9.866592911e-01 1.493026912e+02 1.806563764e-02 9.984489336e-01 5.266298438e-02 -1.281099710e+01 9.877216915e-01 -2.599669780e-02 1.540465155e-01 2.223431902e+02
1.199949881e-01 5.100981422e-02 -9.914632726e-01 1.487427380e+02 1.733858411e-02 9.984190997e-01 5.346614860e-02 -1.279500917e+01 9.926231976e-01 -2.360624248e-02 1.189208168e-01 2.223875156e+02
8.537542957e-02 5.261518849e-02 -9.949586515e-01 1.482048034e+02 1.553003321e-02 9.984130831e-01 5.413046628e-02 -1.277604841e+01 9.962278644e-01 -2.007315110e-02 8.442279216e-02 2.224092331e+02
5.056714007e-02 5.140509255e-02 -9.973970553e-01 1.476411694e+02 1.095132104e-02 9.985859310e-01 5.202160239e-02 -1.275057329e+01 9.986607849e-01 -1.355340422e-02 4.993264594e-02 2.224061861e+02
1.866711109e-02 5.143848161e-02 -9.985017119e-01 1.470663762e+02 4.068777351e-03 9.986635399e-01 5.152288246e-02 -1.272415988e+01 9.998174803e-01 -5.024463710e-03 1.843285557e-02 2.223772504e+02
-8.098099202e-03 5.283779011e-02 -9.985702816e-01 1.464848703e+02 -3.069640241e-04 9.986028624e-01 5.284200593e-02 -1.268539737e+01 9.999671599e-01 7.344438855e-04 -8.070658138e-03 2.223344788e+02
-3.038972368e-02 5.823253436e-02 -9.978404530e-01 1.459050859e+02 4.921989510e-04 9.983022188e-01 5.824449466e-02 -1.266635020e+01 9.995380500e-01 1.278895457e-03 -3.036668570e-02 2.223091223e+02
-4.844309923e-02 6.516035311e-02 -9.966983454e-01 1.453010202e+02 -5.951249102e-04 9.978677388e-01 6.526573386e-02 -1.263191432e+01 9.988258675e-01 3.754830582e-03 -4.830099897e-02 2.222621628e+02
-6.210242496e-02 7.157164939e-02 -9.955003002e-01 1.446807102e+02 -3.480576544e-03 9.974039209e-01 7.192564625e-02 -1.259497531e+01 9.980637823e-01 7.931671687e-03 -6.169213283e-02 2.222051179e+02
-7.356128492e-02 7.304286240e-02 -9.946123246e-01 1.440444196e+02 -8.348796726e-03 9.972341739e-01 7.385289144e-02 -1.256218248e+01 9.972558403e-01 1.373651615e-02 -7.274799616e-02 2.221393004e+02
-8.309298777e-02 7.374417740e-02 -9.938095853e-01 1.434001674e+02 -1.165679493e-02 9.971180800e-01 7.496431446e-02 -1.251931832e+01 9.964736585e-01 1.781364115e-02 -8.199389738e-02 2.220778724e+02
-8.756916269e-02 7.418857449e-02 -9.933921742e-01 1.427521441e+02 -1.092955168e-02 9.970913251e-01 7.542830073e-02 -1.247414592e+01 9.960985888e-01 1.746251760e-02 -8.650362860e-02 2.220073191e+02
-8.984795731e-02 7.396393650e-02 -9.932053801e-01 1.420725957e+02 -6.919422434e-03 9.971681865e-01 7.488500263e-02 -1.242496286e+01 9.959315632e-01 1.360066403e-02 -8.908171712e-02 2.219465601e+02
-9.170922970e-02 7.435803039e-02 -9.930058793e-01 1.413836395e+02 -1.575828550e-03 9.971960272e-01 7.481734208e-02 -1.238447965e+01 9.957847353e-01 8.426241117e-03 -9.133489403e-02 2.218857291e+02
-9.285701339e-02 7.126391144e-02 -9.931259324e-01 1.406764390e+02 -8.998686639e-05 9.974347594e-01 7.158151432e-02 -1.232727244e+01 9.956794949e-01 6.736215729e-03 -9.261237903e-02 2.218152532e+02
-9.284430406e-02 6.697827214e-02 -9.934252952e-01 1.399715486e+02 3.881172018e-03 9.977516776e-01 6.690723172e-02 -1.228521223e+01 9.956730672e-01 2.356301682e-03 -9.289552243e-02 2.217419695e+02
-9.311224887e-02 6.176124593e-02 -9.937383325e-01 1.392502405e+02 9.063967823e-03 9.980854500e-01 6.118214633e-02 -1.223091246e+01 9.956144329e-01 -3.310409850e-03 -9.349374173e-02 2.216850179e+02
-9.294121015e-02 5.996553771e-02 -9.938641662e-01 1.384787795e+02 1.209455306e-02 9.981790784e-01 5.909485556e-02 -1.218787977e+01 9.955981143e-01 -6.527985512e-03 -9.349722440e-02 2.216211533e+02
-9.213509321e-02 6.216301407e-02 -9.938043881e-01 1.376989183e+02 1.253876956e-02 9.980427404e-01 6.126567293e-02 -1.213931311e+01 9.956677038e-01 -6.816368380e-03 -9.273423362e-02 2.215473688e+02
-9.089597258e-02 6.755146885e-02 -9.935667335e-01 1.369030176e+02 1.273128747e-02 9.976940560e-01 6.666736431e-02 -1.208787711e+01 9.957790491e-01 -6.589591694e-03 -9.154631090e-02 2.214757947e+02
-8.923705376e-02 7.077125589e-02 -9.934930430e-01 1.360883736e+02 1.321231049e-02 9.974687550e-01 6.986772690e-02 -1.204046361e+01 9.959228684e-01 -6.891556423e-03 -8.994619913e-02 2.214049626e+02
-8.668997645e-02 6.617341548e-02 -9.940352913e-01 1.352725486e+02 1.063553810e-02 9.977961578e-01 6.549625283e-02 -1.198907189e+01 9.961786580e-01 -4.894236002e-03 -8.720267696e-02 2.213267393e+02
-8.322905939e-02 5.743860810e-02 -9.948739142e-01 1.344453897e+02 9.393158625e-03 9.983383989e-01 5.685282662e-02 -1.194024674e+01 9.964863527e-01 -4.613202816e-03 -8.363032252e-02 2.212544824e+02
-7.904579034e-02 5.174059259e-02 -9.955273499e-01 1.336035854e+02 1.284848065e-02 9.986220819e-01 5.088125364e-02 -1.188936970e+01 9.967881802e-01 -8.769066234e-03 -7.960158679e-02 2.211898834e+02
-7.435869197e-02 5.244858791e-02 -9.958514650e-01 1.327527916e+02 1.857291211e-02 9.985155678e-01 5.120209519e-02 -1.184350191e+01 9.970587044e-01 -1.468854200e-02 -7.522246579e-02 2.211362298e+02
-6.960027029e-02 5.519660732e-02 -9.960468043e-01 1.318715510e+02 2.324141694e-02 9.982867791e-01 5.369671322e-02 -1.179783289e+01 9.973042049e-01 -1.941223304e-02 -7.076389620e-02 2.210815707e+02
-6.517123545e-02 5.857888934e-02 -9.961532071e-01 1.309712345e+02 2.449111241e-02 9.980686380e-01 5.708924451e-02 -1.175777445e+01 9.975735331e-01 -2.067632609e-02 -6.647996832e-02 2.210241537e+02
-6.101334258e-02 6.035479352e-02 -9.963105071e-01 1.300635452e+02 2.602221837e-02 9.979270789e-01 5.885913594e-02 -1.170045766e+01 9.977976832e-01 -2.233501260e-02 -6.245749302e-02 2.209709611e+02
-5.705895773e-02 6.445848797e-02 -9.962877817e-01 1.291262839e+02 2.779967688e-02 9.976292162e-01 6.295314989e-02 -1.165031437e+01 9.979837084e-01 -2.410443765e-02 -5.871561705e-02 2.209259729e+02
-5.395319406e-02 6.596269481e-02 -9.963624291e-01 1.281976908e+02 2.637561010e-02 9.975616926e-01 6.461385414e-02 -1.159980888e+01 9.981951142e-01 -2.279354397e-02 -5.556149216e-02 2.208698023e+02
-5.086689318e-02 6.198431440e-02 -9.967801176e-01 1.272555426e+02 3.358585606e-02 9.976137900e-01 6.032222782e-02 -1.154321466e+01 9.981406051e-01 -3.040930739e-02 -5.282732052e-02 2.208226094e+02
-4.912129990e-02 5.726595813e-02 -9.971498736e-01 1.262773308e+02 4.246292496e-02 9.975720591e-01 5.519841405e-02 -1.148477324e+01 9.978898160e-01 -3.963048139e-02 -5.143381729e-02 2.207885063e+02
-4.857528991e-02 4.881035661e-02 -9.976262378e-01 1.253042526e+02 4.211859819e-02 9.980168955e-01 4.677868667e-02 -1.143371800e+01 9.979311858e-01 -3.974632642e-02 -5.053487431e-02 2.207347805e+02
-4.834180969e-02 4.355906418e-02 -9.978806992e-01 1.243121151e+02 4.554774589e-02 9.981054624e-01 4.136234756e-02 -1.139265745e+01 9.977919239e-01 -4.345168220e-02 -5.023425673e-02 2.206848031e+02
-4.807377546e-02 4.204785776e-02 -9.979584223e-01 1.233117357e+02 4.764508584e-02 9.980728001e-01 3.975751123e-02 -1.134950211e+01 9.977068294e-01 -4.563651530e-02 -4.998454169e-02 2.206357192e+02
-4.755447181e-02 4.922969818e-02 -9.976549089e-01 1.222922629e+02 4.139186682e-02 9.980239208e-01 4.727492904e-02 -1.130745393e+01 9.980107888e-01 -3.904666558e-02 -4.949821357e-02 2.205746724e+02
-4.766292513e-02 6.115484813e-02 -9.969896288e-01 1.212619568e+02 3.787555923e-02 9.975168711e-01 5.937648033e-02 -1.126081782e+01 9.981451352e-01 -3.493149003e-02 -4.986079665e-02 2.205105482e+02
-4.976348851e-02 7.072036729e-02 -9.962542820e-01 1.202183179e+02 3.669230744e-02 9.969460370e-01 6.893669641e-02 -1.120657422e+01 9.980869835e-01 -3.312434472e-02 -5.220644575e-02 2.204582176e+02
-5.172352679e-02 7.098886253e-02 -9.961351827e-01 1.191951636e+02 3.743940886e-02 9.969069740e-01 6.909985486e-02 -1.115385049e+01 9.979594252e-01 -3.372062482e-02 -5.422124585e-02 2.203958327e+02
-5.481115118e-02 6.081893140e-02 -9.966428906e-01 1.181906904e+02 4.168197744e-02 9.974125238e-01 5.857357749e-02 -1.109642093e+01 9.976265116e-01 -3.833156842e-02 -5.720434904e-02 2.203462317e+02
-5.723174339e-02 5.157437594e-02 -9.970280163e-01 1.171727450e+02 4.285449774e-02 9.978712012e-01 4.915805886e-02 -1.104576692e+01 9.974408527e-01 -3.991373705e-02 -5.932006460e-02 2.202873104e+02
-6.002804055e-02 4.843993138e-02 -9.970208152e-01 1.161574815e+02 4.458004983e-02 9.979553118e-01 4.580129470e-02 -1.100760945e+01 9.972008887e-01 -4.169786820e-02 -6.206478206e-02 2.202239931e+02
-6.296584472e-02 5.051329160e-02 -9.967367060e-01 1.151282790e+02 4.488363561e-02 9.978511400e-01 4.773439907e-02 -1.096769261e+01 9.970060624e-01 -4.173153395e-02 -6.509769607e-02 2.201590146e+02
-6.552623633e-02 5.422103327e-02 -9.963767717e-01 1.141058865e+02 4.280959945e-02 9.977560350e-01 5.148075031e-02 -1.092608628e+01 9.969322364e-01 -3.928115763e-02 -6.770036283e-02 2.200842578e+02
-6.701640441e-02 6.142078694e-02 -9.958596039e-01 1.130835839e+02 4.318294210e-02 9.973467057e-01 5.860651296e-02 -1.087812881e+01 9.968169944e-01 -3.907654890e-02 -6.949091851e-02 2.200115723e+02
-6.840613156e-02 6.956349432e-02 -9.952294842e-01 1.120653423e+02 4.281458567e-02 9.968517743e-01 6.673407426e-02 -1.082865244e+01 9.967385341e-01 -3.804531945e-02 -7.116911419e-02 2.199401857e+02
-6.942845139e-02 6.965773857e-02 -9.951519834e-01 1.110441952e+02 3.948531650e-02 9.969693589e-01 6.703018582e-02 -1.077088593e+01 9.968051609e-01 -3.464008954e-02 -7.196854622e-02 2.198595354e+02
-7.073420808e-02 6.291593461e-02 -9.955090974e-01 1.100366483e+02 3.734888394e-02 9.974760906e-01 6.038648690e-02 -1.071983998e+01 9.967957360e-01 -3.290976660e-02 -7.290552246e-02 2.197866477e+02
-7.118142195e-02 5.596182913e-02 -9.958924900e-01 1.090632902e+02 3.949384875e-02 9.978001184e-01 5.324621313e-02 -1.067315618e+01 9.966814002e-01 -3.554148826e-02 -7.323503878e-02 2.197076598e+02
-7.164503623e-02 5.463928882e-02 -9.959325546e-01 1.080668734e+02 3.906995724e-02 9.978858957e-01 5.193586045e-02 -1.062713802e+01 9.966647925e-01 -3.519009889e-02 -7.362831157e-02 2.196298409e+02
-7.090963450e-02 5.919586665e-02 -9.957247150e-01 1.070652891e+02 4.148269556e-02 9.975489442e-01 5.635016601e-02 -1.058517044e+01 9.966198118e-01 -3.730957747e-02 -7.319139310e-02 2.195557909e+02
-7.083934618e-02 6.650116718e-02 -9.952685380e-01 1.060668025e+02 4.122475640e-02 9.971178644e-01 6.369052113e-02 -1.053925390e+01 9.966355600e-01 -3.651790290e-02 -7.337672719e-02 2.194814233e+02
-7.044967147e-02 6.830628220e-02 -9.951738829e-01 1.050744180e+02 4.332593371e-02 9.969207574e-01 6.535909053e-02 -1.049244275e+01 9.965739998e-01 -3.851231477e-02 -7.319209314e-02 2.194108229e+02
-6.920238512e-02 6.513723400e-02 -9.954738997e-01 1.040961501e+02 4.278613616e-02 9.971416635e-01 6.227200945e-02 -1.043887925e+01 9.966847798e-01 -3.828311684e-02 -7.179148756e-02 2.193373957e+02
-6.755527394e-02 5.959498191e-02 -9.959341286e-01 1.031310813e+02 4.229156307e-02 9.974883282e-01 5.681930192e-02 -1.039111998e+01 9.968188184e-01 -3.828116838e-02 -6.990598841e-02 2.192643940e+02
-6.701149472e-02 5.586065998e-02 -9.961874103e-01 1.021650737e+02 4.469407127e-02 9.975973579e-01 5.293326042e-02 -1.034951545e+01 9.967508256e-01 -4.097653875e-02 -6.934716718e-02 2.192051898e+02
-6.597767253e-02 4.837031426e-02 -9.966480043e-01 1.011965453e+02 4.833323854e-02 9.978068225e-01 4.522691283e-02 -1.031803713e+01 9.966498219e-01 -4.518725930e-02 -6.817084532e-02 2.191425444e+02
-6.535046706e-02 4.715131567e-02 -9.967479133e-01 1.002274153e+02 4.901337063e-02 9.978289543e-01 4.398897710e-02 -1.027864355e+01 9.966580713e-01 -4.597927374e-02 -6.751969223e-02 2.190829307e+02
-6.363472670e-02 5.248458762e-02 -9.965923846e-01 9.924256096e+01 5.169488858e-02 9.974488036e-01 4.922886864e-02 -1.023448922e+01 9.966336246e-01 -4.838606598e-02 -6.618563412e-02 2.190141032e+02
-6.239787280e-02 5.985866802e-02 -9.962547561e-01 9.827365414e+01 5.579813582e-02 9.968478354e-01 5.639954231e-02 -1.019650169e+01 9.964904440e-01 -5.206995028e-02 -6.554113166e-02 2.189555953e+02
-6.081949623e-02 5.997630512e-02 -9.963452138e-01 9.731366129e+01 5.455712553e-02 9.969006531e-01 5.667942734e-02 -1.015600007e+01 9.966565995e-01 -5.091051265e-02 -6.390313311e-02 2.188929140e+02
-5.981300794e-02 5.883927529e-02 -9.964740738e-01 9.635611682e+01 5.409984696e-02 9.969851585e-01 5.562214407e-02 -1.010846819e+01 9.967426242e-01 -5.058217048e-02 -6.281576947e-02 2.188275872e+02
-5.987392587e-02 5.747350230e-02 -9.965500291e-01 9.540964100e+01 5.949230240e-02 9.967718604e-01 5.391193065e-02 -1.006768923e+01 9.964315330e-01 -5.605913459e-02 -6.309991394e-02 2.187781602e+02
-6.010231881e-02 5.575898235e-02 -9.966335918e-01 9.446352953e+01 6.179176381e-02 9.967315747e-01 5.203808291e-02 -1.002612230e+01 9.962777940e-01 -5.845613780e-02 -6.335133986e-02 2.187204311e+02
-6.072029481e-02 5.422897469e-02 -9.966807094e-01 9.351709065e+01 6.210729981e-02 9.967935327e-01 5.045139540e-02 -9.987933271e+00 9.962208507e-01 -5.883773039e-02 -6.389364743e-02 2.186587030e+02
-6.174321907e-02 5.836190075e-02 -9.963844311e-01 9.257047159e+01 6.662538450e-02 9.963033128e-01 5.422856855e-02 -9.949861722e+00 9.958659855e-01 -6.303624489e-02 -6.540337220e-02 2.186017038e+02
-6.325249446e-02 6.421071195e-02 -9.959299608e-01 9.163293858e+01 6.919346416e-02 9.958088227e-01 5.980836827e-02 -9.905856883e+00 9.955961683e-01 -6.512880679e-02 -6.743040049e-02 2.185408993e+02
-6.554385440e-02 6.526384314e-02 -9.957132844e-01 9.069960229e+01 6.809832905e-02 9.958249647e-01 6.078854743e-02 -9.865887628e+00 9.955234645e-01 -6.382209172e-02 -6.971446484e-02 2.184738672e+02
-6.829429609e-02 6.396795778e-02 -9.956125078e-01 8.976345267e+01 6.833780757e-02 9.958983892e-01 5.929868635e-02 -9.817514226e+00 9.953220779e-01 -6.398821306e-02 -7.238563334e-02 2.184120316e+02
-7.163318588e-02 6.496487308e-02 -9.953132400e-01 8.884442689e+01 6.784028533e-02 9.958831799e-01 6.011958400e-02 -9.768674074e+00 9.951213834e-01 -6.321577812e-02 -7.574558388e-02 2.183445400e+02
-7.451862280e-02 6.903567859e-02 -9.948272703e-01 8.791703930e+01 6.501290859e-02 9.958149042e-01 6.423436030e-02 -9.724236472e+00 9.950982617e-01 -5.988996187e-02 -7.869493912e-02 2.182693879e+02
-7.739145286e-02 7.021062002e-02 -9.945255007e-01 8.701745238e+01 6.233079939e-02 9.959066902e-01 6.545770065e-02 -9.683343180e+00 9.950504560e-01 -5.692370570e-02 -8.145097891e-02 2.181867553e+02
-8.059808868e-02 6.749161624e-02 -9.944589925e-01 8.612586253e+01 6.022406982e-02 9.962118570e-01 6.272958252e-02 -9.629701604e+00 9.949255839e-01 -5.483448985e-02 -8.435744035e-02 2.181106360e+02
-8.333956469e-02 6.591342739e-02 -9.943390547e-01 8.524990354e+01 6.109536758e-02 9.962710787e-01 6.092086401e-02 -9.588125140e+00 9.946467059e-01 -5.567239664e-02 -8.705576015e-02 2.180352830e+02
-8.568352118e-02 6.475513632e-02 -9.942158608e-01 8.438719066e+01 6.097595597e-02 9.963558979e-01 5.963949680e-02 -9.546693206e+00 9.944547865e-01 -5.551314077e-02 -8.931970773e-02 2.179653719e+02
-8.687557010e-02 6.427957140e-02 -9.941433525e-01 8.355166179e+01 5.806018633e-02 9.965466468e-01 5.936125451e-02 -9.506396010e+00 9.945259114e-01 -5.256310463e-02 -9.030760677e-02 2.178860983e+02
-8.780736240e-02 6.304748155e-02 -9.941403082e-01 8.272191520e+01 5.641633043e-02 9.967079722e-01 5.822735677e-02 -9.468858799e+00 9.945386389e-01 -5.097296134e-02 -9.107515649e-02 2.178140667e+02
-8.807460344e-02 6.436863633e-02 -9.940320730e-01 8.192263788e+01 5.605050200e-02 9.966491660e-01 5.957185718e-02 -9.434877165e+00 9.945357602e-01 -5.046922717e-02 -9.138727674e-02 2.177388439e+02
-8.793912223e-02 6.629193964e-02 -9.939176905e-01 8.112851433e+01 5.302496637e-02 9.966799863e-01 6.178468989e-02 -9.393175478e+00 9.947136855e-01 -4.726915774e-02 -9.116227680e-02 2.176684058e+02
-8.645340723e-02 6.683188241e-02 -9.940118932e-01 8.037157138e+01 4.974522222e-02 9.967923784e-01 6.269229529e-02 -9.354648157e+00 9.950133476e-01 -4.402738471e-02 -8.950061291e-02 2.175974050e+02
-8.433590509e-02 6.817696392e-02 -9.941023462e-01 7.962747466e+01 4.891526651e-02 9.967370215e-01 6.420786971e-02 -9.326331948e+00 9.952360440e-01 -4.321174812e-02 -8.739566800e-02 2.175399367e+02
-7.974004235e-02 6.948849827e-02 -9.943906958e-01 7.890842870e+01 4.947404517e-02 9.966137428e-01 6.567652388e-02 -9.286505621e+00 9.955872153e-01 -4.395948352e-02 -8.290797089e-02 2.174866444e+02
-7.317678895e-02 7.068416965e-02 -9.948111240e-01 7.821682504e+01 4.829573380e-02 9.965661338e-01 6.725631991e-02 -9.249654988e+00 9.961490867e-01 -4.312353265e-02 -7.633926412e-02 2.174341898e+02
-6.538226136e-02 7.096291245e-02 -9.953339638e-01 7.753797953e+01 4.677973708e-02 9.965893948e-01 6.797952913e-02 -9.214878718e+00 9.967633112e-01 -4.211680864e-02 -6.847896510e-02 2.173953572e+02
-5.505329139e-02 7.012148154e-02 -9.960181592e-01 7.687080957e+01 4.463488856e-02 9.967066109e-01 6.770283088e-02 -9.175545575e+00 9.974852997e-01 -4.072988938e-02 -5.800187965e-02 2.173694687e+02
-4.131058359e-02 6.747137860e-02 -9.968656728e-01 7.623130434e+01 4.406671903e-02 9.968694884e-01 6.564549233e-02 -9.139306287e+00 9.981741383e-01 -4.121674533e-02 -4.415453833e-02 2.173502477e+02
-2.439248229e-02 6.445674171e-02 -9.976224336e-01 7.561609510e+01 4.463570422e-02 9.969943114e-01 6.332479537e-02 -9.103998855e+00 9.987056357e-01 -4.298493630e-02 -2.719616943e-02 2.173436933e+02
-3.650500388e-03 6.314307351e-02 -9.979979888e-01 7.501650707e+01 4.678173957e-02 9.969225318e-01 6.290392828e-02 -9.071556867e+00 9.988986288e-01 -4.645845245e-02 -6.593266175e-03 2.173473259e+02
1.935893955e-02 6.261996371e-02 -9.978497331e-01 7.441789258e+01 4.613703833e-02 9.969175785e-01 6.345656003e-02 -9.034010785e+00 9.987475853e-01 -4.726628795e-02 1.641020795e-02 2.173630817e+02
4.440966081e-02 6.235559243e-02 -9.970655705e-01 7.382230923e+01 4.409286458e-02 9.969552033e-01 6.431261971e-02 -8.991973101e+00 9.980399923e-01 -4.681958495e-02 4.152503122e-02 2.174085291e+02
7.356139354e-02 6.443085628e-02 -9.952072145e-01 7.323959466e+01 3.993119944e-02 9.969203458e-01 6.749330464e-02 -8.967557217e+00 9.964909638e-01 -4.470472109e-02 7.076201025e-02 2.174483384e+02
1.044112612e-01 6.442929508e-02 -9.924451744e-01 7.266079171e+01 3.667245503e-02 9.969712865e-01 6.858131208e-02 -8.930961524e+00 9.938579701e-01 -4.355606328e-02 1.017322479e-01 2.175226182e+02
1.390500527e-01 6.268193218e-02 -9.882996000e-01 7.208672301e+01 3.545897756e-02 9.970396028e-01 6.822520764e-02 -8.900263468e+00 9.896502930e-01 -4.453081190e-02 1.364157984e-01 2.176150130e+02
1.768719660e-01 5.928756135e-02 -9.824466974e-01 7.152181054e+01 2.993459939e-02 9.973982489e-01 6.557903899e-02 -8.867204178e+00 9.837786446e-01 -4.100824447e-02 1.746370324e-01 2.177239314e+02
2.167589744e-01 5.567265959e-02 -9.746364559e-01 7.096122222e+01 2.158470744e-02 9.978551867e-01 6.179938826e-02 -8.834081407e+00 9.759865807e-01 -3.443281766e-02 2.150924036e-01 2.178498426e+02
2.589907193e-01 5.301885718e-02 -9.644236012e-01 7.041022156e+01 1.444084501e-02 9.981681378e-01 5.875196667e-02 -8.801068257e+00 9.657718870e-01 -2.914330858e-02 2.577506716e-01 2.179979743e+02
3.028364248e-01 5.138524490e-02 -9.516563432e-01 6.988841946e+01 6.340855306e-03 9.984146979e-01 5.592778534e-02 -8.770964871e+00 9.530215417e-01 -2.297128949e-02 3.020305352e-01 2.181866630e+02
3.506414827e-01 5.124365897e-02 -9.351068517e-01 6.936204809e+01 -3.600219507e-03 9.985682706e-01 5.337134630e-02 -8.747037827e+00 9.365029227e-01 -1.534762236e-02 3.503239065e-01 2.183952780e+02
4.002030294e-01 5.133215006e-02 -9.149878169e-01 6.886803019e+01 -1.629023132e-02 9.986707145e-01 4.890176596e-02 -8.718955667e+00 9.162817597e-01 -4.665274526e-03 4.005072841e-01 2.186323765e+02
4.521557222e-01 5.193605991e-02 -8.904257179e-01 6.836966112e+01 -1.671968222e-02 9.986214074e-01 4.975660802e-02 -8.694487134e+00 8.917823181e-01 -7.610101438e-03 4.524007076e-01 2.189119855e+02
5.040336978e-01 5.470020170e-02 -8.619500969e-01 6.788475616e+01 -2.078935474e-02 9.984716353e-01 5.120721846e-02 -8.672941358e+00 8.634337775e-01 -7.890781289e-03 5.044004858e-01 2.192278462e+02
5.567342198e-01 5.829327326e-02 -8.286428885e-01 6.742434583e+01 -2.430246465e-02 9.982507139e-01 5.389691453e-02 -8.640308164e+00 8.303351511e-01 -9.868193977e-03 5.571769874e-01 2.195719514e+02
6.077128764e-01 5.934162708e-02 -7.919366431e-01 6.697322627e+01 -2.518293035e-02 9.981428259e-01 5.546836738e-02 -8.617102802e+00 7.937574235e-01 -1.376556257e-02 6.080786438e-01 2.199483733e+02
6.543508023e-01 5.816412241e-02 -7.539509345e-01 6.659106816e+01 -2.539359729e-02 9.981653129e-01 5.496523559e-02 -8.603159038e+00 7.557646989e-01 -1.682102201e-02 6.546272360e-01 2.203417877e+02
6.977889280e-01 5.328569398e-02 -7.143187093e-01 6.621999922e+01 -2.568461858e-02 9.984492243e-01 4.939058371e-02 -8.586223466e+00 7.158427897e-01 -1.611719709e-02 6.980754613e-01 2.207522710e+02
7.374481412e-01 5.089867871e-02 -6.734831948e-01 6.584850707e+01 -3.179567988e-02 9.986670251e-01 4.065902649e-02 -8.567797243e+00 6.746549830e-01 -8.570070950e-03 7.380834779e-01 2.212011081e+02
7.741425570e-01 5.044158506e-02 -6.309983430e-01 6.550927634e+01 -4.210591038e-02 9.987157148e-01 2.817887373e-02 -8.554869731e+00 6.316093483e-01 4.754294836e-03 7.752722082e-01 2.216242220e+02
8.080767915e-01 4.357616160e-02 -5.874632305e-01 6.518179686e+01 -4.127239833e-02 9.989976351e-01 1.733080980e-02 -8.533445940e+00 5.876295989e-01 1.024138782e-02 8.090653090e-01 2.221209794e+02
8.397957061e-01 3.437450703e-02 -5.418132088e-01 6.490767955e+01 -3.316787625e-02 9.993777997e-01 1.199468994e-02 -8.511167184e+00 5.418883960e-01 7.897703971e-03 8.404133269e-01 2.225771196e+02
8.692867869e-01 2.892657964e-02 -4.934609231e-01 6.458981705e+01 -2.739720239e-02 9.995712191e-01 1.033141399e-02 -8.508274512e+00 4.935482132e-01 4.538485511e-03 8.697066156e-01 2.231854893e+02
8.947286999e-01 3.051321035e-02 -4.455665497e-01 6.434203425e+01 -2.816700323e-02 9.995325318e-01 1.188850481e-02 -8.518413526e+00 4.457210415e-01 1.913287123e-03 8.951698591e-01 2.237211406e+02
9.166202959e-01 3.070397317e-02 -3.985781961e-01 6.411613554e+01 -2.908046918e-02 9.995258242e-01 1.012013953e-02 -8.518122388e+00 3.986999360e-01 2.314513680e-03 9.170785510e-01 2.242995996e+02
9.353634144e-01 2.761952027e-02 -3.526080500e-01 6.391801878e+01 -2.570995920e-02 9.996184145e-01 1.009853650e-02 -8.518697820e+00 3.527524204e-01 -3.802650233e-04 9.357166386e-01 2.249036931e+02
9.511495471e-01 2.676558431e-02 -3.075680780e-01 6.375075766e+01 -2.512369105e-02 9.996411007e-01 9.297422946e-03 -8.521522986e+00 3.077065748e-01 -1.115996086e-03 9.514806311e-01 2.255051311e+02
9.643396149e-01 3.021581710e-02 -2.629374955e-01 6.358815275e+01 -2.950384496e-02 9.995424886e-01 6.656586968e-03 -8.519212479e+00 2.630183277e-01 1.338456675e-03 9.647898927e-01 2.261551033e+02
9.749006447e-01 2.868218424e-02 -2.207850644e-01 6.345055377e+01 -2.891962305e-02 9.995793960e-01 2.157568799e-03 -8.525714571e+00 2.207540916e-01 4.281606358e-03 9.753201000e-01 2.268029420e+02
9.827393364e-01 1.835020712e-02 -1.840834263e-01 6.337179778e+01 -2.003800354e-02 9.997725053e-01 -7.312455510e-03 -8.543676470e+00 1.839073717e-01 1.087490256e-02 9.828833907e-01 2.274246763e+02
9.880444450e-01 1.244711463e-02 -1.536658536e-01 6.328508618e+01 -1.517223060e-02 9.997474942e-01 -1.657405673e-02 -8.546129422e+00 1.534207603e-01 1.870735885e-02 9.879838529e-01 2.281233432e+02
9.919452848e-01 1.108673768e-02 -1.261808250e-01 6.321239582e+01 -1.369106193e-02 9.997104009e-01 -1.979110442e-02 -8.558175060e+00 1.259248648e-01 2.135924367e-02 9.918097884e-01 2.287965586e+02
9.945710099e-01 1.142247885e-02 -1.034313043e-01 6.313817885e+01 -1.309776611e-02 9.997935896e-01 -1.553243030e-02 -8.566305866e+00 1.032325327e-01 1.680282367e-02 9.945153073e-01 2.295161963e+02
9.963274146e-01 1.198401645e-02 -8.478255763e-02 6.307730862e+01 -1.248795790e-02 9.999073808e-01 -5.416081569e-03 -8.581767217e+00 8.470979497e-02 6.454951683e-03 9.963847623e-01 2.302440968e+02
9.975210217e-01 1.467060939e-02 -6.882251519e-02 6.302625926e+01 -1.441362122e-02 9.998871660e-01 4.229193264e-03 -8.592681408e+00 6.887679835e-02 -3.226727696e-03 9.976199672e-01 2.309820283e+02
9.983474050e-01 1.160010557e-02 -5.628411578e-02 6.298763729e+01 -1.117391517e-02 9.999065121e-01 7.880940157e-03 -8.601646629e+00 5.637027361e-02 -7.239001946e-03 9.983836586e-01 2.317170606e+02
9.988348458e-01 3.116337188e-03 -4.815865821e-02 6.296498173e+01 -2.774823518e-03 9.999705118e-01 7.156662728e-03 -8.605714850e+00 4.817954299e-02 -7.014691421e-03 9.988140615e-01 2.324638846e+02
9.990669646e-01 -2.915709650e-03 -4.308881606e-02 6.293862381e+01 3.071105328e-03 9.999890380e-01 3.540646581e-03 -8.608599827e+00 4.307801969e-02 -3.669673860e-03 9.990649545e-01 2.332103638e+02
9.992162149e-01 -5.803198157e-03 -3.915720268e-02 6.289859535e+01 5.794257759e-03 9.999831326e-01 -3.418100931e-04 -8.613013966e+00 3.915852552e-02 1.146553176e-04 9.992330050e-01 2.339820844e+02
9.992636907e-01 -6.747082809e-03 -3.776907010e-02 6.285835570e+01 6.611887031e-03 9.999713013e-01 -3.703336413e-03 -8.623367843e+00 3.779297241e-02 3.450884984e-03 9.992796131e-01 2.348241124e+02
9.992527315e-01 -7.844849589e-03 -3.784698197e-02 6.283426801e+01 7.745425566e-03 9.999661776e-01 -2.772920311e-03 -8.627759453e+00 3.786745188e-02 2.477706783e-03 9.992796760e-01 2.356294547e+02
9.992932668e-01 -8.781311512e-03 -3.654963739e-02 6.279784705e+01 8.806356669e-03 9.999610596e-01 5.243255310e-04 -8.631594215e+00 3.654361248e-02 -8.458246709e-04 9.993316855e-01 2.363955792e+02
9.992097668e-01 -1.382679857e-02 -3.726506167e-02 6.278157787e+01 1.392837061e-02 9.998999714e-01 2.467419488e-03 -8.642751764e+00 3.722721681e-02 -2.984510449e-03 9.993023473e-01 2.372178945e+02
9.991391482e-01 -1.611789889e-02 -3.822512093e-02 6.275379710e+01 1.601358620e-02 9.998671462e-01 -3.033525830e-03 -8.656021072e+00 3.826893657e-02 2.418793099e-03 9.992645219e-01 2.380031637e+02
9.990828676e-01 -1.810284832e-02 -3.880289701e-02 6.273362625e+01 1.770008299e-02 9.997861165e-01 -1.069831535e-02 -8.673881022e+00 3.898826515e-02 1.000168960e-02 9.991896158e-01 2.387891327e+02
9.987923291e-01 -2.834630530e-02 -4.012877340e-02 6.271541581e+01 2.767065346e-02 9.994674947e-01 -1.729366871e-02 -8.680706416e+00 4.059761497e-02 1.616239381e-02 9.990448426e-01 2.396156302e+02
9.983800140e-01 -3.774200354e-02 -4.257740570e-02 6.272068816e+01 3.692842426e-02 9.991230191e-01 -1.973585192e-02 -8.707770874e+00 4.328493617e-02 1.813156514e-02 9.988982009e-01 2.403876569e+02
9.978931647e-01 -4.711032328e-02 -4.460757638e-02 6.271957901e+01 4.628247675e-02 9.987397344e-01 -1.941338926e-02 -8.734404114e+00 4.546592786e-02 1.730793943e-02 9.988159616e-01 2.411972332e+02
9.975813781e-01 -5.115030240e-02 -4.706391642e-02 6.269344120e+01 5.051485729e-02 9.986167008e-01 -1.459429590e-02 -8.757160688e+00 4.774531447e-02 1.218157114e-02 9.987852510e-01 2.420478315e+02
9.974769876e-01 -5.086882810e-02 -4.951834053e-02 6.262942152e+01 5.056200266e-02 9.986932900e-01 -7.430027516e-03 -8.768105264e+00 4.983159016e-02 4.907534658e-03 9.987455669e-01 2.429673995e+02
9.974932919e-01 -4.777196025e-02 -5.220111453e-02 6.257910123e+01 4.790566830e-02 9.988510151e-01 1.312500760e-03 -8.782596147e+00 5.207843748e-02 -3.809940153e-03 9.986357502e-01 2.438820433e+02
9.976692787e-01 -4.009093082e-02 -5.521490042e-02 6.258507977e+01 4.048070794e-02 9.991625553e-01 5.958621798e-03 -8.808336255e+00 5.492977443e-02 -8.179872327e-03 9.984567415e-01 2.445977967e+02
9.978682243e-01 -3.284425116e-02 -5.639361702e-02 6.252686915e+01 3.345360966e-02 9.993912989e-01 9.895349705e-03 -8.817885970e+00 5.603428252e-02 -1.176082452e-02 9.983595728e-01 2.455260325e+02
9.980509708e-01 -2.545405665e-02 -5.697713556e-02 6.244286943e+01 2.610283662e-02 9.996022756e-01 1.067139404e-02 -8.815479021e+00 5.668284648e-02 -1.213786011e-02 9.983184362e-01 2.464452796e+02
9.979640024e-01 -2.741995339e-02 -5.758495281e-02 6.238469425e+01 2.768710072e-02 9.996092391e-01 3.846329370e-03 -8.767368348e+00 5.745698487e-02 -5.432858860e-03 9.983331901e-01 2.473466149e+02
9.980110211e-01 -2.566719834e-02 -5.757799044e-02 6.231441163e+01 2.539736527e-02 9.996627498e-01 -5.413389697e-03 -8.781120810e+00 5.769752043e-02 3.940292881e-03 9.983263610e-01 2.483198603e+02
9.980254214e-01 -2.504271391e-02 -5.760336398e-02 6.227437266e+01 2.446121185e-02 9.996426597e-01 -1.077808388e-02 -8.789180201e+00 5.785269388e-02 9.347752591e-03 9.982813484e-01 2.490515754e+02
9.980794954e-01 -2.339891343e-02 -5.735644778e-02 6.221754500e+01 2.281073076e-02 9.996804985e-01 -1.088830303e-02 -8.802454300e+00 5.759289545e-02 9.559050178e-03 9.982944078e-01 2.499783591e+02
9.982165883e-01 -1.903535839e-02 -5.658017627e-02 6.216211244e+01 1.878417237e-02 9.998112441e-01 -4.968072155e-03 -8.819342517e+00 5.666406198e-02 3.896400050e-03 9.983856861e-01 2.509284819e+02
9.983692576e-01 -1.533219506e-02 -5.498815844e-02 6.209917027e+01 1.533422017e-02 9.998823358e-01 -3.851029182e-04 -8.827621155e+00 5.498759168e-02 -4.587249372e-04 9.984869066e-01 2.518788360e+02
9.985068354e-01 -1.159448324e-02 -5.338277161e-02 6.203286965e+01 1.186623441e-02 9.999181783e-01 4.776457837e-03 -8.835178320e+00 5.332302230e-02 -5.402778372e-03 9.985627152e-01 2.528568381e+02
9.986214255e-01 -7.156217628e-03 -5.200047009e-02 6.198422230e+01 7.652088506e-03 9.999270939e-01 9.343056851e-03 -8.841082709e+00 5.192981650e-02 -9.728088385e-03 9.986033254e-01 2.537962513e+02
9.986835898e-01 -7.295374881e-03 -5.077272767e-02 6.192235763e+01 7.828181767e-03 9.999162929e-01 1.030302553e-02 -8.835150502e+00 5.069331106e-02 -1.068692077e-02 9.986570927e-01 2.548012124e+02
9.987158411e-01 -7.703796966e-03 -5.007365883e-02 6.187323318e+01 7.885105786e-03 9.999630668e-01 3.424309884e-03 -8.843231577e+00 5.004543017e-02 -3.814749017e-03 9.987396719e-01 2.557828159e+02
9.986981218e-01 -8.688647066e-03 -5.026536826e-02 6.182106152e+01 8.317696901e-03 9.999366641e-01 -7.584317051e-03 -8.844879684e+00 5.032808157e-02 7.156351157e-03 9.987070735e-01 2.567643859e+02
9.986239528e-01 -1.117441019e-02 -5.123804796e-02 6.176968907e+01 1.068288503e-02 9.998943325e-01 -9.856832217e-03 -8.852912282e+00 5.134277890e-02 9.295899165e-03 9.986378161e-01 2.577731115e+02
9.985333708e-01 -1.015694636e-02 -5.317831667e-02 6.171349068e+01 1.018171486e-02 9.999481427e-01 1.948344203e-04 -8.862946416e+00 5.317358369e-02 -7.359943423e-04 9.985850038e-01 2.588138697e+02
9.984785450e-01 -9.643507291e-03 -5.429221347e-02 6.165523609e+01 1.021039358e-02 9.998960945e-01 1.017371092e-02 -8.873492501e+00 5.418846345e-02 -1.071257581e-02 9.984732344e-01 2.598557347e+02
9.984207614e-01 -9.495671353e-03 -5.536956024e-02 6.159206987e+01 1.013941051e-02 9.998840820e-01 1.135691167e-02 -8.873484989e+00 5.525530161e-02 -1.190039149e-02 9.984013265e-01 2.609040290e+02
9.983280533e-01 -1.036853598e-02 -5.686426098e-02 6.153524800e+01 1.071812353e-02 9.999254755e-01 5.846208140e-03 -8.867947830e+00 5.679940536e-02 -6.445912466e-03 9.983647800e-01 2.619357573e+02
9.982571168e-01 -1.266025513e-02 -5.764057943e-02 6.147129288e+01 1.271448368e-02 9.999189821e-01 5.741482803e-04 -8.870736993e+00 5.762864143e-02 -1.306017990e-03 9.983372452e-01 2.629845728e+02
9.981950250e-01 -1.137187068e-02 -5.896966043e-02 6.140561140e+01 1.132923471e-02 9.999352707e-01 -1.057319628e-03 -8.875641417e+00 5.897787111e-02 3.873301325e-04 9.982592234e-01 2.640282677e+02
9.981665304e-01 -1.143622017e-02 -5.943702192e-02 6.133412354e+01 1.151796364e-02 9.999331498e-01 1.032853557e-03 -8.888801268e+00 5.942123271e-02 -1.715553006e-03 9.982315082e-01 2.650942613e+02
9.981465581e-01 -1.111325642e-02 -5.983266977e-02 6.125725855e+01 1.133658821e-02 9.999299985e-01 3.394442912e-03 -8.893609117e+00 5.979076025e-02 -4.066449724e-03 9.982026569e-01 2.661659502e+02
9.981280133e-01 -7.858120055e-03 -6.065231909e-02 6.119347034e+01 8.210310117e-03 9.999508282e-01 5.559670891e-03 -8.899606217e+00 6.060565303e-02 -6.047236989e-03 9.981434872e-01 2.672186964e+02
9.981003825e-01 -6.868372982e-03 -6.122442240e-02 6.112042828e+01 7.428461707e-03 9.999325921e-01 8.925217882e-03 -8.904186537e+00 6.115898942e-02 -9.363067497e-03 9.980840905e-01 2.682870096e+02
9.980566881e-01 -7.015563862e-03 -6.191613610e-02 6.105390005e+01 7.738925094e-03 9.999044680e-01 1.145084921e-02 -8.907087104e+00 6.182988521e-02 -1.190776061e-02 9.980156698e-01 2.693429992e+02
9.980792484e-01 -6.742965140e-03 -6.158188774e-02 6.098965906e+01 7.424727213e-03 9.999136067e-01 1.084870132e-02 -8.917989247e+00 6.150341598e-02 -1.128509291e-02 9.980430632e-01 2.703933344e+02
9.980463278e-01 -1.047432358e-02 -6.159385795e-02 6.092343833e+01 1.087278033e-02 9.999220707e-01 6.137499011e-03 -8.919408530e+00 6.152476869e-02 -6.795205539e-03 9.980823990e-01 2.714554869e+02
9.979958073e-01 -1.064732620e-02 -6.237788285e-02 6.085381101e+01 1.073912954e-02 9.999416831e-01 1.136629265e-03 -8.921257911e+00 6.236213732e-02 -1.804234872e-03 9.980519408e-01 2.725156072e+02
9.979398766e-01 -1.047996306e-02 -6.329444506e-02 6.078582225e+01 1.060175474e-02 9.999425458e-01 1.588636040e-03 -8.940047700e+00 6.327415866e-02 -2.256395200e-03 9.979936128e-01 2.735668412e+02
9.978070339e-01 -1.300625778e-02 -6.489937880e-02 6.072393335e+01 1.302137298e-02 9.999151972e-01 -1.901006074e-04 -8.951714598e+00 6.489634749e-02 -6.553949565e-04 9.978917962e-01 2.746223860e+02
9.977489467e-01 -1.279612519e-02 -6.582776143e-02 6.063797051e+01 1.250106909e-02 9.999098895e-01 -4.892230932e-03 -8.964967503e+00 6.588443208e-02 4.058301375e-03 9.978189861e-01 2.756742646e+02
9.976594105e-01 -1.201671217e-02 -6.731526661e-02 6.056434190e+01 1.163290287e-02 9.999137773e-01 -6.090762726e-03 -8.974973133e+00 6.738265294e-02 5.293434110e-03 9.977131836e-01 2.767401363e+02
9.976204081e-01 -1.067224926e-02 -6.811486843e-02 6.049741483e+01 1.081198637e-02 9.999401237e-01 1.683163354e-03 -8.989754777e+00 6.809283392e-02 -2.415615627e-03 9.976760649e-01 2.777645394e+02
9.976033311e-01 -1.020326205e-02 -6.843599522e-02 6.041779625e+01 1.096445747e-02 9.998820407e-01 1.075634417e-02 -9.000956188e+00 6.831817257e-02 -1.148092752e-02 9.975975190e-01 2.788177333e+02
9.976281318e-01 -8.622607564e-03 -6.829195479e-02 6.033912874e+01 9.399464803e-03 9.998946135e-01 1.106237269e-02 -9.006540763e+00 6.818936816e-02 -1.167804206e-02 9.976040726e-01 2.798594483e+02
9.976940702e-01 -7.084599644e-03 -6.750107306e-02 6.027126494e+01 7.408186500e-03 9.999622442e-01 4.544686435e-03 -9.008640425e+00 6.746632072e-02 -5.034267195e-03 9.977088806e-01 2.808843083e+02
9.977715994e-01 -4.101916098e-03 -6.659608931e-02 6.019210181e+01 4.161990980e-03 9.999910474e-01 7.633540130e-04 -9.014544115e+00 6.659235967e-02 -1.038824842e-03 9.977797376e-01 2.819262652e+02
9.978744492e-01 -1.899739246e-03 -6.513832185e-02 6.011060904e+01 1.858430023e-03 9.999980058e-01 -6.947753397e-04 -9.025279720e+00 6.513951102e-02 5.722433678e-04 9.978760059e-01 2.829651160e+02
9.979461798e-01 1.307900386e-03 -6.404425535e-02 6.004070451e+01 -1.151108787e-03 9.999962651e-01 2.485023850e-03 -9.039937496e+00 6.404726540e-02 -2.406198067e-03 9.979439530e-01 2.839995320e+02
9.979746213e-01 3.092742141e-03 -6.353790731e-02 5.997186002e+01 -2.845359530e-03 9.999880083e-01 3.983588401e-03 -9.049245177e+00 6.354946175e-02 -3.794732939e-03 9.979715040e-01 2.850450217e+02
9.979910434e-01 6.163443705e-03 -6.305512795e-02 5.990513059e+01 -5.754543210e-03 9.999612622e-01 6.664363190e-03 -9.055346460e+00 6.309375435e-02 -6.288121512e-03 9.979877817e-01 2.860697823e+02
9.980252407e-01 6.906314472e-03 -6.243317822e-02 5.982691879e+01 -6.662723910e-03 9.999693797e-01 4.108964642e-03 -9.067481730e+00 6.245964481e-02 -3.684875237e-03 9.980406939e-01 2.870955870e+02
9.979904662e-01 7.279891001e-03 -6.294482300e-02 5.975937046e+01 -7.253194750e-03 9.999735007e-01 6.526323468e-04 -9.074387308e+00 6.294790665e-02 -1.947697306e-04 9.980168066e-01 2.881206224e+02
9.979691492e-01 9.013629134e-03 -6.305798591e-02 5.968810860e+01 -9.140853562e-03 9.999567183e-01 -1.729380965e-03 -9.087119881e+00 6.303966660e-02 2.302272120e-03 9.980083654e-01 2.891390164e+02
9.979589285e-01 1.086351140e-02 -6.292792115e-02 5.960866081e+01 -1.083006587e-02 9.999409677e-01 8.725769457e-04 -9.098611393e+00 6.293368554e-02 -1.892827523e-04 9.980176956e-01 2.901765692e+02
9.980039856e-01 1.230438401e-02 -6.194069932e-02 5.955071058e+01 -1.205612068e-02 9.999176984e-01 4.380245851e-03 -9.109946753e+00 6.198950118e-02 -3.624738401e-03 9.980702215e-01 2.911716044e+02
9.979790365e-01 1.465463685e-02 -6.183129566e-02 5.948197942e+01 -1.414686355e-02 9.998625626e-01 8.642079771e-03 -9.115310947e+00 6.194944519e-02 -7.749895968e-03 9.980491737e-01 2.921968541e+02
9.979167501e-01 1.623769125e-02 -6.243824499e-02 5.940853690e+01 -1.574329013e-02 9.998407673e-01 8.402088417e-03 -9.121666274e+00 6.256473316e-02 -7.401600476e-03 9.980134870e-01 2.932221186e+02
9.979715837e-01 1.287436526e-02 -6.234603668e-02 5.933238073e+01 -1.240344158e-02 9.998915784e-01 7.934551984e-03 -9.127586384e+00 6.244142472e-02 -7.145151944e-03 9.980230550e-01 2.942345114e+02
9.979226763e-01 6.068024398e-03 -6.413632237e-02 5.928549292e+01 -5.703234374e-03 9.999665033e-01 5.869277740e-03 -9.134607706e+00 6.416979170e-02 -5.491300722e-03 9.979238734e-01 2.952463265e+02
9.977934291e-01 6.087600738e-03 -6.611531724e-02 5.921418964e+01 -5.778905666e-03 9.999714754e-01 4.859280246e-03 -9.137934789e+00 6.614301620e-02 -4.466484236e-03 9.978001468e-01 2.962506458e+02
9.975977125e-01 9.281493194e-03 -6.864881966e-02 5.912790734e+01 -9.208119759e-03 9.999566427e-01 1.385189700e-03 -9.151240160e+00 6.865869425e-02 -7.497357826e-04 9.976399035e-01 2.972477183e+02
9.974888319e-01 4.394390319e-03 -7.068757282e-02 5.906172192e+01 -4.162429499e-03 9.999854405e-01 3.428464668e-03 -9.151984266e+00 7.070161166e-02 -3.125622809e-03 9.974925946e-01 2.982620927e+02
9.972196136e-01 9.220195257e-03 -7.394618196e-02 5.899704649e+01 -8.274534884e-03 9.998801768e-01 1.308467061e-02 -9.161702701e+00 7.405795924e-02 -1.243642020e-02 9.971763792e-01 2.992483279e+02
9.969522692e-01 1.397170630e-02 -7.675251264e-02 5.890534677e+01 -1.247784965e-02 9.997239379e-01 1.990851110e-02 -9.163189189e+00 7.700947364e-02 -1.889012819e-02 9.968513864e-01 3.002535303e+02
9.966967933e-01 1.490478517e-02 -7.983312670e-02 5.881902699e+01 -1.335015094e-02 9.997114064e-01 1.997203861e-02 -9.156105996e+00 8.010776343e-02 -1.884028269e-02 9.966081489e-01 3.012564256e+02
9.964785724e-01 1.190273539e-02 -8.299886797e-02 5.873983674e+01 -1.063051390e-02 9.998194205e-01 1.575331133e-02 -9.154574857e+00 8.317138932e-02 -1.481551704e-02 9.964251038e-01 3.022490172e+02
9.962387371e-01 6.730424081e-03 -8.638884018e-02 5.865674574e+01 -6.118299501e-03 9.999542569e-01 7.348502293e-03 -9.158273619e+00 8.643435012e-02 -6.792310508e-03 9.962344168e-01 3.032425659e+02
9.959479173e-01 3.798524191e-03 -8.985134124e-02 5.856633558e+01 -3.781642778e-03 9.999928057e-01 3.581141020e-04 -9.160491241e+00 8.985205394e-02 -1.687664825e-05 9.959551369e-01 3.042338460e+02
9.956449292e-01 5.028665720e-04 -9.322490205e-02 5.847696943e+01 -3.661879928e-04 9.999988279e-01 1.483225319e-03 -9.166935008e+00 9.322553995e-02 -1.442628349e-03 9.956439884e-01 3.052149922e+02
9.951988449e-01 -5.684535494e-04 -9.787209785e-02 5.837777516e+01 9.565662786e-04 9.999918910e-01 3.918627842e-03 -9.175014814e+00 9.786907259e-02 -3.993434824e-03 9.951912739e-01 3.062068779e+02
9.946621270e-01 5.703119919e-04 -1.031840973e-01 5.826857000e+01 -5.830423239e-04 9.999998016e-01 -9.321762160e-05 -9.187518350e+00 1.031840200e-01 1.528805237e-04 9.946622431e-01 3.071879871e+02
9.941329494e-01 -9.893724321e-04 -1.081607983e-01 5.816054783e+01 4.686295093e-04 9.999881651e-01 -4.839842979e-03 -9.200792294e+00 1.081643041e-01 4.760760738e-03 9.941216062e-01 3.081645457e+02
9.936163293e-01 2.602054423e-03 -1.127822392e-01 5.803459947e+01 -3.110561603e-03 9.999857483e-01 -4.333023982e-03 -9.209383415e+00 1.127693570e-01 4.656179730e-03 9.936102965e-01 3.091738660e+02
9.931085175e-01 3.901170251e-03 -1.171333928e-01 5.790916923e+01 -3.452263036e-03 9.999859225e-01 4.035087046e-03 -9.226761737e+00 1.171474805e-01 -3.602903614e-03 9.931079641e-01 3.101707663e+02
9.924363220e-01 7.108220315e-03 -1.225543738e-01 5.778039150e+01 -6.375181933e-03 9.999593584e-01 6.372431198e-03 -9.232110723e+00 1.225946805e-01 -5.542925982e-03 9.924413665e-01 3.111705091e+02
9.917776033e-01 8.391424596e-03 -1.276979763e-01 5.764370917e+01 -7.367744475e-03 9.999368208e-01 8.486674509e-03 -9.233738205e+00 1.277611348e-01 -7.476048313e-03 9.917767787e-01 3.121600779e+02
9.912492010e-01 1.112261373e-02 -1.315346319e-01 5.750828058e+01 -1.026410297e-02 9.999213746e-01 7.203092107e-03 -9.239301004e+00 1.316044040e-01 -5.789974748e-03 9.912853979e-01 3.131301736e+02
9.907187634e-01 2.134501504e-02 -1.342414120e-01 5.735679027e+01 -2.038210682e-02 9.997557603e-01 8.543307094e-03 -9.237757909e+00 1.343909880e-01 -5.727891839e-03 9.909118312e-01 3.141005829e+02
9.902868642e-01 3.326377829e-02 -1.350014602e-01 5.719156388e+01 -3.250807927e-02 9.994410262e-01 7.798855277e-03 -9.245270276e+00 1.351854247e-01 -3.334465590e-03 9.908147038e-01 3.150719426e+02
9.898321091e-01 4.272427885e-02 -1.356727362e-01 5.703587233e+01 -4.180694947e-02 9.990795367e-01 9.604693048e-03 -9.252316177e+00 1.359582079e-01 -3.834969279e-03 9.907071330e-01 3.160470910e+02
9.898161536e-01 4.700770896e-02 -1.343660941e-01 5.688368924e+01 -4.672851076e-02 9.988939050e-01 5.232570048e-03 -9.258008902e+00 1.344634400e-01 1.099445092e-03 9.909179540e-01 3.170091977e+02
9.898511812e-01 4.886666781e-02 -1.334416699e-01 5.676762746e+01 -4.901795895e-02 9.987955675e-01 2.153203685e-03 -9.258161212e+00 1.333861802e-01 4.409687754e-03 9.910543124e-01 3.179767639e+02
9.902107428e-01 4.933500506e-02 -1.305708079e-01 5.662404812e+01 -4.975388832e-02 9.987614787e-01 5.414065286e-05 -9.266032897e+00 1.304117604e-01 6.442794264e-03 9.914389985e-01 3.189489796e+02
9.906298489e-01 5.200912251e-02 -1.262834005e-01 5.648751894e+01 -5.190680355e-02 9.986434784e-01 4.103027318e-03 -9.272816581e+00 1.263254884e-01 2.490384725e-03 9.919857357e-01 3.199340852e+02
9.913645177e-01 5.042657818e-02 -1.210519598e-01 5.636342444e+01 -4.998849568e-02 9.987276157e-01 6.654951720e-03 -9.277759024e+00 1.212335208e-01 -5.462788316e-04 9.926238696e-01 3.209198299e+02
9.920089853e-01 5.204503870e-02 -1.149326044e-01 5.625005955e+01 -5.113426025e-02 9.986327618e-01 1.086059713e-02 -9.283685828e+00 1.153406972e-01 -4.896816816e-03 9.933139290e-01 3.219008178e+02
9.925951538e-01 5.500695566e-02 -1.083008198e-01 5.613323103e+01 -5.365605416e-02 9.984414643e-01 1.535063343e-02 -9.281840824e+00 1.089764249e-01 -9.425969511e-03 9.939996362e-01 3.228931309e+02
9.927968058e-01 6.242115017e-02 -1.022648002e-01 5.601785555e+01 -6.090657302e-02 9.979834736e-01 1.786951422e-02 -9.281744946e+00 1.031740245e-01 -1.151219895e-02 9.945966809e-01 3.238744525e+02
9.930899685e-01 6.659007145e-02 -9.663352331e-02 5.591223063e+01 -6.574072949e-02 9.977652012e-01 1.195026836e-02 -9.275588739e+00 9.721333307e-02 -5.514934816e-03 9.952482900e-01 3.248620652e+02
9.934568592e-01 6.913140173e-02 -9.090857839e-02 5.580909989e+01 -6.905375346e-02 9.976048913e-01 4.002896753e-03 -9.276257469e+00 9.096756516e-02 2.300871870e-03 9.958512275e-01 3.258446391e+02
9.938940166e-01 6.947298494e-02 -8.572185394e-02 5.571500196e+01 -6.983657272e-02 9.975576462e-01 -1.246382974e-03 -9.277306570e+00 8.542590594e-02 7.225292882e-03 9.963183026e-01 3.268379019e+02
9.946817490e-01 6.447479399e-02 -8.031965787e-02 5.562977903e+01 -6.460691828e-02 9.979103380e-01 9.555356695e-04 -9.284006825e+00 8.021342145e-02 4.238750748e-03 9.967686742e-01 3.278434435e+02
9.953142826e-01 5.922884877e-02 -7.642886340e-02 5.555646388e+01 -5.894998734e-02 9.982434724e-01 5.901545110e-03 -9.298058942e+00 7.664416026e-02 -1.368412345e-03 9.970575754e-01 3.288578112e+02
9.960186747e-01 5.169065198e-02 -7.262821806e-02 5.548693815e+01 -5.141321590e-02 9.986612723e-01 5.685549793e-03 -9.303611447e+00 7.282488001e-02 -1.928863462e-03 9.973428606e-01 3.298614556e+02
9.962779982e-01 4.954325302e-02 -7.053812626e-02 5.541427637e+01 -4.953053409e-02 9.987707574e-01 1.930414857e-03 -9.310427213e+00 7.054706164e-02 1.570561300e-03 9.975071928e-01 3.308682513e+02
9.964394641e-01 5.143834717e-02 -6.680219078e-02 5.534135718e+01 -5.143832553e-02 9.986746920e-01 1.721506768e-03 -9.310273645e+00 6.680220333e-02 1.720815470e-03 9.977647510e-01 3.318816066e+02
9.966444111e-01 5.277850686e-02 -6.256462130e-02 5.526427509e+01 -5.264079000e-02 9.986060676e-01 3.848670266e-03 -9.315860765e+00 6.268054145e-02 -5.423044134e-04 9.980335090e-01 3.328924398e+02
9.966176304e-01 5.677175157e-02 -5.941627320e-02 5.519785844e+01 -5.677251952e-02 9.983857028e-01 1.676530718e-03 -9.330489807e+00 5.941553945e-02 1.702352481e-03 9.982318718e-01 3.339026738e+02
9.965229145e-01 6.093311748e-02 -5.682627493e-02 5.512608039e+01 -6.113281611e-02 9.981280716e-01 -1.780823773e-03 -9.336093878e+00 5.661139020e-02 5.248582138e-03 9.983824994e-01 3.349092848e+02
9.966804086e-01 5.971133545e-02 -5.534211626e-02 5.506629944e+01 -5.966375620e-02 9.982153961e-01 2.513067456e-03 -9.345366607e+00 5.539340963e-02 7.971927991e-04 9.984642853e-01 3.359168485e+02
9.968335564e-01 5.810718128e-02 -5.428079479e-02 5.501415010e+01 -5.759287569e-02 9.982796112e-01 1.099287262e-02 -9.358795339e+00 5.482617912e-02 -7.831877552e-03 9.984652214e-01 3.369458513e+02
9.968150222e-01 5.953698583e-02 -5.305854506e-02 5.494477713e+01 -5.892754207e-02 9.981778600e-01 1.297898210e-02 -9.357369268e+00 5.373459454e-02 -9.811035315e-03 9.985070315e-01 3.379578247e+02
9.966601791e-01 6.194361223e-02 -5.321206207e-02 5.488505982e+01 -6.163762716e-02 9.980713702e-01 7.373930431e-03 -9.367835304e+00 5.356619938e-02 -4.069438137e-03 9.985560170e-01 3.389558371e+02
9.966503455e-01 6.245103381e-02 -5.280143308e-02 5.481933001e+01 -6.256785046e-02 9.980405514e-01 -5.605934047e-04 -9.371168660e+00 5.266296125e-02 3.862387767e-03 9.986048837e-01 3.399447338e+02
9.967617155e-01 6.045417522e-02 -5.302279898e-02 5.477449022e+01 -6.063903162e-02 9.981580102e-01 -1.883046762e-03 -9.377990956e+00 5.281129311e-02 5.092199170e-03 9.985914986e-01 3.409573626e+02
9.969461852e-01 5.795679365e-02 -5.233843482e-02 5.471941914e+01 -5.783396503e-02 9.983187324e-01 3.859504377e-03 -9.388709263e+00 5.247412466e-02 -8.207794232e-04 9.986219711e-01 3.419629947e+02
9.972088278e-01 5.395667623e-02 -5.160654211e-02 5.466228461e+01 -5.362733512e-02 9.985309945e-01 7.746372722e-03 -9.402890126e+00 5.194869995e-02 -4.957229693e-03 9.986374229e-01 3.429736679e+02
9.973465862e-01 5.082082263e-02 -5.212511076e-02 5.461369288e+01 -5.059913043e-02 9.987035606e-01 5.564798463e-03 -9.405139053e+00 5.234033975e-02 -2.912547311e-03 9.986250844e-01 3.439690002e+02
9.974269836e-01 4.928477775e-02 -5.206166102e-02 5.456333274e+01 -4.905539477e-02 9.987799309e-01 5.675369004e-03 -9.410118582e+00 5.227785178e-02 -3.106860412e-03 9.986277350e-01 3.449567384e+02
9.974805333e-01 4.888064336e-02 -5.141304098e-02 5.450520110e+01 -4.843633788e-02 9.987776700e-01 9.853342321e-03 -9.414589080e+00 5.183183505e-02 -7.338257631e-03 9.986288490e-01 3.459366483e+02
9.975905463e-01 4.817286710e-02 -4.992448464e-02 5.444425864e+01 -4.760159149e-02 9.987873242e-01 1.257001095e-02 -9.418083404e+00 5.046947548e-02 -1.016323916e-02 9.986738759e-01 3.469001149e+02
9.977342979e-01 4.553012826e-02 -4.953063286e-02 5.439170226e+01 -4.514176651e-02 9.989406657e-01 8.932041437e-03 -9.426598271e+00 4.988483741e-02 -6.675904037e-03 9.987326447e-01 3.478591438e+02
9.979151570e-01 4.177627333e-02 -4.919402321e-02 5.436056323e+01 -4.151981374e-02 9.991182905e-01 6.224082169e-03 -9.432126095e+00 4.941066819e-02 -4.168579199e-03 9.987698511e-01 3.487833426e+02
9.981331416e-01 3.701214593e-02 -4.858319524e-02 5.432176540e+01 -3.682084697e-02 9.993102434e-01 4.826945881e-03 -9.438270596e+00 4.872834163e-02 -3.029060356e-03 9.988074789e-01 3.497094491e+02
9.982974534e-01 3.473088820e-02 -4.686118981e-02 5.427097110e+01 -3.455746001e-02 9.993925699e-01 4.506216986e-03 -9.443696470e+00 4.698923090e-02 -2.879141911e-03 9.988912755e-01 3.506313662e+02
9.984511367e-01 3.393702892e-02 -4.408701538e-02 5.423261753e+01 -3.381453057e-02 9.994219326e-01 3.521573572e-03 -9.455995471e+00 4.418104300e-02 -2.025337464e-03 9.990214891e-01 3.515318411e+02
9.983578127e-01 4.019382889e-02 -4.081772351e-02 5.417893915e+01 -4.006928393e-02 9.991894426e-01 3.865070942e-03 -9.468642718e+00 4.093999002e-02 -2.223187138e-03 9.991591301e-01 3.524229442e+02
9.983820176e-01 4.379857398e-02 -3.626394401e-02 5.413986691e+01 -4.362970366e-02 9.990329907e-01 5.435439849e-03 -9.472772299e+00 3.646694153e-02 -3.844460128e-03 9.993274369e-01 3.533017505e+02
9.983558719e-01 4.812897080e-02 -3.113041239e-02 5.410223111e+01 -4.801256514e-02 9.988367018e-01 4.476509174e-03 -9.478360462e+00 3.130964784e-02 -2.974499203e-03 9.995053018e-01 3.541638020e+02
9.983826423e-01 5.087207338e-02 -2.538060530e-02 5.407586032e+01 -5.089400407e-02 9.987040119e-01 -2.183217342e-04 -9.491495737e+00 2.533660721e-02 1.509688707e-03 9.996778384e-01 3.550071927e+02
9.984894492e-01 5.136126129e-02 -1.951423570e-02 5.404490439e+01 -5.143400202e-02 9.986711146e-01 -3.243942405e-03 -9.502214190e+00 1.932169042e-02 4.242737640e-03 9.998043052e-01 3.558479670e+02
9.986441397e-01 5.011071412e-02 -1.409779783e-02 5.403559132e+01 -5.012241850e-02 9.987429434e-01 -4.778679935e-04 -9.514246584e+00 1.405612981e-02 1.183835774e-03 9.999005181e-01 3.566575790e+02
9.988470577e-01 4.726905737e-02 -8.379732446e-03 5.402897681e+01 -4.721133858e-02 9.988606839e-01 6.957177916e-03 -9.528411219e+00 8.699044591e-03 -6.553538351e-03 9.999406883e-01 3.574641374e+02
9.990697416e-01 4.300205271e-02 -3.236838058e-03 5.403124359e+01 -4.294940598e-02 9.989664446e-01 1.487792621e-02 -9.537263646e+00 3.873273703e-03 -1.472506571e-02 9.998840515e-01 3.582482502e+02
9.992442387e-01 3.886119348e-02 8.385259951e-04 5.402948410e+01 -3.886967902e-02 9.991131115e-01 1.618968261e-02 -9.541877463e+00 -2.086322759e-04 -1.621004219e-02 9.998686063e-01 3.590371302e+02
9.991941942e-01 4.005628802e-02 2.544633386e-03 5.402510111e+01 -4.008414467e-02 9.991236444e-01 1.204852859e-02 -9.547118994e+00 -2.059784566e-03 -1.214081887e-02 9.999241905e-01 3.597769747e+02
9.992172450e-01 3.940739055e-02 3.464061021e-03 5.402632237e+01 -3.943128203e-02 9.991969042e-01 7.123487304e-03 -9.554368318e+00 -3.180561602e-03 -7.254503264e-03 9.999686259e-01 3.604910254e+02
9.993533777e-01 3.579052332e-02 3.444796157e-03 5.403231229e+01 -3.580400744e-02 9.993511029e-01 3.935581649e-03 -9.556689494e+00 -3.301704144e-03 -4.056374657e-03 9.999863180e-01 3.611885583e+02
9.995230567e-01 3.067215691e-02 3.594400340e-03 5.404005525e+01 -3.067359049e-02 9.995294153e-01 3.439889393e-04 -9.567136416e+00 -3.582157336e-03 -4.540783733e-04 9.999934857e-01 3.618704995e+02
9.995388737e-01 3.017771941e-02 3.376898698e-03 5.403799867e+01 -3.016037763e-02 9.995322011e-01 -5.073909100e-03 -9.583679939e+00 -3.528437960e-03 4.969720406e-03 9.999814242e-01 3.625478826e+02
9.995057409e-01 3.136086305e-02 2.179877511e-03 5.403236425e+01 -3.133736922e-02 9.994579877e-01 -1.008588873e-02 -9.592819865e+00 -2.494997523e-03 1.001259198e-02 9.999467535e-01 3.632206310e+02
9.994933621e-01 3.182678267e-02 1.327310605e-04 5.402604992e+01 -3.182311111e-02 9.994264934e-01 -1.157719829e-02 -9.604704606e+00 -5.011191980e-04 1.156710925e-02 9.999329993e-01 3.638946345e+02
9.996285571e-01 2.711158131e-02 -2.781723150e-03 5.402426311e+01 -2.713159526e-02 9.996042472e-01 -7.428792776e-03 -9.610688755e+00 2.579216649e-03 7.501504870e-03 9.999685614e-01 3.645688747e+02
9.997372266e-01 2.179256322e-02 -7.112801562e-03 5.402270820e+01 -2.178738753e-02 9.997622993e-01 8.041093452e-04 -9.625374578e+00 7.128634907e-03 -6.489286105e-04 9.999743684e-01 3.652468127e+02
9.997504279e-01 1.830355584e-02 -1.280935446e-02 5.401406862e+01 -1.823223534e-02 9.998177525e-01 5.662626078e-03 -9.632915844e+00 1.291066607e-02 -5.427670052e-03 9.999019151e-01 3.659156345e+02
9.996255451e-01 1.644244972e-02 -2.187223797e-02 5.399924284e+01 -1.634999008e-02 9.998566439e-01 4.399348594e-03 -9.634880842e+00 2.194143765e-02 -4.040091025e-03 9.997510833e-01 3.665768958e+02
9.993162419e-01 1.635845658e-02 -3.315795778e-02 5.396550416e+01 -1.629270640e-02 9.998647133e-01 2.252177228e-03 -9.642840226e+00 3.319031617e-02 -1.710404314e-03 9.994476149e-01 3.672260713e+02
9.987807341e-01 1.732524236e-02 -4.622665865e-02 5.392570392e+01 -1.733039361e-02 9.998497743e-01 2.894009154e-04 -9.650893961e+00 4.622472866e-02 5.120782425e-04 9.989309496e-01 3.678856019e+02
9.980567334e-01 1.405420513e-02 -6.070589575e-02 5.387883658e+01 -1.415505905e-02 9.998990415e-01 -1.231627313e-03 -9.654436795e+00 6.068245928e-02 2.088529746e-03 9.981549121e-01 3.685326590e+02
9.970117856e-01 1.364287683e-02 -7.603506185e-02 5.381391189e+01 -1.368749783e-02 9.999063333e-01 -6.573261369e-05 -9.656231361e+00 7.602704156e-02 1.106265645e-03 9.971051401e-01 3.691883767e+02
9.957073521e-01 1.907811293e-02 -9.056994129e-02 5.373509909e+01 -1.900131347e-02 9.998179847e-01 1.710231926e-03 -9.668938273e+00 9.058608714e-02 1.805701135e-05 9.958886175e-01 3.698568742e+02
9.941052977e-01 2.700888029e-02 -1.050007107e-01 5.363926410e+01 -2.679947375e-02 9.996350592e-01 3.404962277e-03 -9.670558334e+00 1.050543536e-01 -5.709275209e-04 9.944663292e-01 3.705320731e+02
9.924458371e-01 3.081135302e-02 -1.187517311e-01 5.353258395e+01 -3.060523075e-02 9.995251908e-01 3.559447909e-03 -9.675442273e+00 1.188050167e-01 1.018645751e-04 9.929176013e-01 3.712081409e+02
9.908818414e-01 3.195057312e-02 -1.308906663e-01 5.342807868e+01 -3.203280330e-02 9.994856973e-01 1.477718852e-03 -9.673022663e+00 1.308705607e-01 2.728549828e-03 9.913956979e-01 3.719056561e+02
9.894018240e-01 3.740277559e-02 -1.403034301e-01 5.332055869e+01 -3.778148005e-02 9.992860102e-01 -3.558995708e-05 -9.677093531e+00 1.402019241e-01 5.336082925e-03 9.901085302e-01 3.726286910e+02
9.882336814e-01 4.575707401e-02 -1.459468141e-01 5.319256302e+01 -4.666539503e-02 9.989066377e-01 -2.804241207e-03 -9.680370278e+00 1.456589296e-01 9.581911594e-03 9.892884532e-01 3.733412526e+02
9.874024874e-01 5.219432610e-02 -1.493723597e-01 5.305842549e+01 -5.357621541e-02 9.985500020e-01 -5.239534925e-03 -9.687452552e+00 1.488822903e-01 1.317633379e-02 9.887671558e-01 3.740723782e+02
9.874318357e-01 4.910298015e-02 -1.502239490e-01 5.294919524e+01 -5.038701981e-02 9.987184624e-01 -4.750861282e-03 -9.693038134e+00 1.497981544e-01 1.226048748e-02 9.886405578e-01 3.748227002e+02
9.875772509e-01 5.259964055e-02 -1.480690451e-01 5.282466873e+01 -5.323248667e-02 9.985820887e-01 -3.115639415e-04 -9.692308824e+00 1.478426988e-01 8.189774719e-03 9.889769537e-01 3.755972386e+02
9.878976417e-01 5.960817195e-02 -1.431959586e-01 5.269161419e+01 -5.919722001e-02 9.982208030e-01 7.132350983e-03 -9.694704321e+00 1.433663352e-01 1.430767925e-03 9.896686376e-01 3.763810047e+02
9.884966961e-01 6.290471825e-02 -1.375402074e-01 5.257840967e+01 -6.184768242e-02 9.980140722e-01 1.194970059e-02 -9.698418534e+00 1.380187584e-01 -3.305695981e-03 9.904241018e-01 3.771810455e+02
9.897838689e-01 5.661837277e-02 -1.308519069e-01 5.247885817e+01 -5.614021521e-02 9.983958865e-01 7.343180244e-03 -9.700426587e+00 1.310577560e-01 7.789251781e-05 9.913747322e-01 3.779945292e+02
9.912195133e-01 5.294763708e-02 -1.211627873e-01 5.237362946e+01 -5.346833115e-02 9.985689832e-01 -1.048042069e-03 -9.697509481e+00 1.209339137e-01 7.517210682e-03 9.926321140e-01 3.788182097e+02
9.921607419e-01 5.558142645e-02 -1.119272809e-01 5.228554794e+01 -5.651299560e-02 9.983884994e-01 -5.165128238e-03 -9.697297582e+00 1.114598269e-01 1.144998270e-02 9.937029530e-01 3.796513337e+02
9.932082376e-01 5.654347909e-02 -1.016868916e-01 5.219576984e+01 -5.716890380e-02 9.983592399e-01 -3.244476095e-03 -9.697172680e+00 1.013365943e-01 9.035768178e-03 9.948111813e-01 3.805032288e+02
9.942716380e-01 5.750146936e-02 -9.009712458e-02 5.211229719e+01 -5.755504513e-02 9.983403281e-01 2.005465591e-03 -9.710727245e+00 9.006290932e-02 3.191566533e-03 9.959309476e-01 3.813836267e+02
9.952721462e-01 5.852759854e-02 -7.751030872e-02 5.204081346e+01 -5.843526628e-02 9.982851753e-01 3.460700469e-03 -9.714812334e+00 7.757993928e-02 1.084995525e-03 9.969855300e-01 3.822638569e+02
9.960410392e-01 5.993654853e-02 -6.564943604e-02 5.196975587e+01 -6.022075316e-02 9.981822816e-01 -2.357089658e-03 -9.723803279e+00 6.538883234e-02 6.301214910e-03 9.978399479e-01 3.831710366e+02
9.967842684e-01 5.735219392e-02 -5.596260503e-02 5.192799617e+01 -5.806275687e-02 9.982506408e-01 -1.115350238e-02 -9.730831011e+00 5.522502633e-02 1.436697876e-02 9.983705713e-01 3.840765081e+02
9.974388024e-01 5.343945335e-02 -4.754046570e-02 5.188481243e+01 -5.435098543e-02 9.983580145e-01 -1.809144458e-02 -9.740159868e+00 4.649560914e-02 2.062897961e-02 9.987054372e-01 3.849997752e+02
9.978427860e-01 5.188087063e-02 -4.022604331e-02 5.184157111e+01 -5.263583523e-02 9.984525693e-01 -1.794108548e-02 -9.757281522e+00 3.923299774e-02 2.001971376e-02 9.990295099e-01 3.859457513e+02
9.981821876e-01 4.941044658e-02 -3.450998855e-02 5.180908369e+01 -4.986829868e-02 9.986771300e-01 -1.253447297e-02 -9.778031012e+00 3.384500306e-02 1.423264216e-02 9.993257282e-01 3.869015156e+02
9.985286145e-01 4.580279880e-02 -2.902927049e-02 5.178654205e+01 -4.601662462e-02 9.989179389e-01 -6.740840329e-03 -9.794768783e+00 2.868910953e-02 8.066750914e-03 9.995558035e-01 3.878872998e+02
9.987701950e-01 4.330547027e-02 -2.414084189e-02 5.176881560e+01 -4.338930523e-02 9.990538292e-01 -2.959616208e-03 -9.808031956e+00 2.398983365e-02 4.003431052e-03 9.997042150e-01 3.888750941e+02
9.988835831e-01 4.272144721e-02 -2.016102518e-02 5.174034633e+01 -4.281751287e-02 9.990734089e-01 -4.357212866e-03 -9.817712224e+00 1.995619753e-02 5.215593734e-03 9.997872616e-01 3.898593591e+02
9.989761919e-01 4.078873697e-02 -1.956500064e-02 5.172528282e+01 -4.092586449e-02 9.991399885e-01 -6.660185609e-03 -9.823422936e+00 1.927651247e-02 7.454081137e-03 9.997864074e-01 3.908705586e+02
9.991355035e-01 3.642248727e-02 -2.004090749e-02 5.169922142e+01 -3.652416907e-02 9.993215645e-01 -4.731185352e-03 -9.833277091e+00 1.985499040e-02 5.459073473e-03 9.997879671e-01 3.918870816e+02
9.991309405e-01 3.526315746e-02 -2.222443385e-02 5.167806108e+01 -3.528649032e-02 9.993770241e-01 -6.584490680e-04 -9.845402220e+00 2.218736900e-02 1.442099555e-03 9.997527821e-01 3.929249040e+02
9.990510389e-01 3.615373387e-02 -2.428832271e-02 5.164016094e+01 -3.616490003e-02 9.993458531e-01 -2.039006332e-05 -9.852346469e+00 2.427169838e-02 8.987553530e-04 9.997049710e-01 3.939753142e+02
9.988870250e-01 3.867134744e-02 -2.700344478e-02 5.159688038e+01 -3.873371070e-02 9.992479588e-01 -1.790048806e-03 -9.859712992e+00 2.691391212e-02 2.834000062e-03 9.996337126e-01 3.950338176e+02
9.988917110e-01 3.550460385e-02 -3.089934387e-02 5.156583250e+01 -3.554442765e-02 9.993678517e-01 -7.402825712e-04 -9.862721522e+00 3.085352642e-02 1.837761674e-03 9.995222039e-01 3.961034802e+02
9.988800079e-01 3.257478227e-02 -3.431694536e-02 5.151682506e+01 -3.248880571e-02 9.994673906e-01 3.060097359e-03 -9.867493287e+00 3.439834907e-02 -1.941753826e-03 9.994063372e-01 3.971851230e+02
9.988549807e-01 2.897866514e-02 -3.806459792e-02 5.147405663e+01 -2.886000666e-02 9.995767410e-01 3.663192186e-03 -9.875949577e+00 3.815464226e-02 -2.560453430e-03 9.992685943e-01 3.982534573e+02
9.987641917e-01 2.578501948e-02 -4.248728635e-02 5.142294616e+01 -2.588541470e-02 9.996632756e-01 -1.814393146e-03 -9.890535118e+00 4.242619495e-02 2.911951365e-03 9.990953508e-01 3.993238763e+02
9.986624426e-01 2.200396017e-02 -4.678877945e-02 5.137747671e+01 -2.239176809e-02 9.997189849e-01 -7.780497845e-03 -9.903899768e+00 4.660442837e-02 8.817775156e-03 9.988745113e-01 4.003790943e+02
9.984953736e-01 2.188477803e-02 -5.027943420e-02 5.132754219e+01 -2.220895113e-02 9.997359781e-01 -5.897746863e-03 -9.922903172e+00 5.013708819e-02 7.005525982e-03 9.987177960e-01 4.014294056e+02
9.983161272e-01 2.424797912e-02 -5.269715045e-02 5.126422107e+01 -2.422411446e-02 9.997059615e-01 1.091625253e-03 -9.936531661e+00 5.270812361e-02 1.867546677e-04 9.986099535e-01 4.024987695e+02
9.981199374e-01 2.783591427e-02 -5.460543357e-02 5.120122931e+01 -2.741355251e-02 9.995882778e-01 8.468760829e-03 -9.947361948e+00 5.481868765e-02 -6.955910348e-03 9.984721184e-01 4.035632197e+02
9.979890546e-01 3.011293114e-02 -5.577664045e-02 5.112975843e+01 -2.970106349e-02 9.995252039e-01 8.198724935e-03 -9.952134018e+00 5.599704441e-02 -6.525612290e-03 9.984096010e-01 4.046254474e+02
9.978565369e-01 3.058146296e-02 -5.785462710e-02 5.106195997e+01 -3.034438935e-02 9.995271657e-01 4.972061929e-03 -9.951841373e+00 5.797932141e-02 -3.205841843e-03 9.983126471e-01 4.056859331e+02
9.977174988e-01 3.174512776e-02 -5.959915961e-02 5.098919281e+01 -3.155217992e-02 9.994933954e-01 4.175983077e-03 -9.956659601e+00 5.970153081e-02 -2.285968560e-03 9.982136315e-01 4.067460275e+02
9.976120053e-01 3.198228022e-02 -6.121654141e-02 5.091894055e+01 -3.170517811e-02 9.994821410e-01 5.492823199e-03 -9.969957776e+00 6.136051702e-02 -3.538824854e-03 9.981093709e-01 4.078056651e+02
9.974355542e-01 3.389964690e-02 -6.303255831e-02 5.084493435e+01 -3.383552990e-02 9.994252402e-01 2.084633655e-03 -9.981261788e+00 6.306699763e-02 5.345285290e-05 9.980092743e-01 4.088551133e+02
9.973782316e-01 3.502776515e-02 -6.332205701e-02 5.076438952e+01 -3.527279855e-02 9.993738943e-01 -2.755551375e-03 -9.990104452e+00 6.318589170e-02 4.981872508e-03 9.979893441e-01 4.099013621e+02
9.973712833e-01 3.520616654e-02 -6.333321105e-02 5.069783605e+01 -3.548471528e-02 9.993648592e-01 -3.278398391e-03 -1.000358763e+01 6.317756394e-02 5.517141688e-03 9.979870301e-01 4.109389680e+02
9.974106080e-01 3.549105813e-02 -6.254951165e-02 5.062370155e+01 -3.551649334e-02 9.993688246e-01 7.055000999e-04 -1.001652921e+01 6.253507451e-02 1.517866270e-03 9.980416329e-01 4.119835379e+02
9.974859620e-01 3.490953058e-02 -6.166959899e-02 5.054516600e+01 -3.448313135e-02 9.993735608e-01 7.965363463e-03 -1.002977317e+01 6.190903505e-02 -5.818776754e-03 9.980648504e-01 4.130275314e+02
9.974979837e-01 3.449159335e-02 -6.170974177e-02 5.047985839e+01 -3.371380442e-02 9.993389704e-01 1.360141093e-02 -1.003231417e+01 6.213808524e-02 -1.148691023e-02 9.980014720e-01 4.140837836e+02
9.975573030e-01 3.303816655e-02 -6.154618682e-02 5.041533321e+01 -3.225685572e-02 9.993864425e-01 1.364561435e-02 -1.002991426e+01 6.195925005e-02 -1.162699505e-02 9.980109645e-01 4.151226709e+02
9.975960154e-01 3.285939877e-02 -6.101158766e-02 5.034897917e+01 -3.243585610e-02 9.994424174e-01 7.919751155e-03 -1.002794132e+01 6.123780688e-02 -5.921748606e-03 9.981056513e-01 4.161474917e+02
9.975261117e-01 3.633409160e-02 -6.017866214e-02 5.027455801e+01 -3.623623883e-02 9.993395486e-01 2.716923078e-03 -1.003651823e+01 6.023763482e-02 -5.295535368e-04 9.981839511e-01 4.171713131e+02
9.973160320e-01 4.093395415e-02 -6.070543157e-02 5.021089975e+01 -4.107153704e-02 9.991556869e-01 -1.019830791e-03 -1.004925115e+01 6.061243148e-02 3.510358378e-03 9.981552024e-01 4.181974197e+02
9.974136770e-01 3.909182492e-02 -6.031373244e-02 5.014406767e+01 -3.940767292e-02 9.992149756e-01 -4.055698391e-03 -1.006624440e+01 6.010784189e-02 6.422032084e-03 9.981712554e-01 4.192179449e+02
9.975436114e-01 3.671499968e-02 -5.965494377e-02 5.007966694e+01 -3.718743108e-02 9.992849884e-01 -6.828235411e-03 -1.008163131e+01 5.936158958e-02 9.029876116e-03 9.981957212e-01 4.202323360e+02
9.977698594e-01 3.223407133e-02 -5.844937211e-02 5.001750984e+01 -3.254775805e-02 9.994604257e-01 -4.422545769e-03 -1.009694284e+01 5.827527488e-02 6.315078092e-03 9.982805525e-01 4.212429427e+02
9.978312850e-01 3.007555325e-02 -5.855098774e-02 4.996912635e+01 -2.993627356e-02 9.995465115e-01 3.254678162e-03 -1.011432280e+01 5.862232061e-02 -1.494821571e-03 9.982790890e-01 4.222524151e+02
9.979579468e-01 2.667261363e-02 -5.803895833e-02 4.991057782e+01 -2.627827362e-02 9.996261466e-01 7.547205237e-03 -1.012564663e+01 5.821856354e-02 -6.006629217e-03 9.982857864e-01 4.232505400e+02
9.979647471e-01 2.737039944e-02 -5.759578329e-02 4.984820762e+01 -2.709017733e-02 9.996170974e-01 5.640606998e-03 -1.014033060e+01 5.772811478e-02 -4.068847128e-03 9.983240548e-01 4.242253531e+02
9.979669889e-01 2.808937012e-02 -5.720861065e-02 4.978164094e+01 -2.805870098e-02 9.996053579e-01 1.339424392e-03 -1.015127708e+01 5.722366089e-02 2.684974834e-04 9.983613672e-01 4.251898537e+02
9.977056677e-01 3.362111680e-02 -5.876218156e-02 4.971994438e+01 -3.375364754e-02 9.994293817e-01 -1.263919832e-03 -1.016487701e+01 5.868615687e-02 3.244457262e-03 9.982712352e-01 4.261281388e+02
9.974770270e-01 3.475284954e-02 -6.190157416e-02 4.965484834e+01 -3.487538900e-02 9.993912715e-01 -8.998978121e-04 -1.017838844e+01 6.183261941e-02 3.056467693e-03 9.980818825e-01 4.270625207e+02
9.972098173e-01 3.419623441e-02 -6.635644885e-02 4.958669615e+01 -3.419294998e-02 9.994145506e-01 1.185559110e-03 -1.019692120e+01 6.635814533e-02 1.086672156e-03 9.977952688e-01 4.279866816e+02
9.968362197e-01 3.567409708e-02 -7.102750815e-02 4.950688996e+01 -3.561011681e-02 9.993634344e-01 2.167217085e-03 -1.021080321e+01 7.105960538e-02 3.689374913e-04 9.974720165e-01 4.288901870e+02
9.964725737e-01 3.347909925e-02 -7.695175878e-02 4.944289644e+01 -3.333111591e-02 9.994391963e-01 3.206983023e-03 -1.021844767e+01 7.701596625e-02 -6.307825077e-04 9.970296629e-01 4.297598740e+02
9.959899736e-01 3.111532522e-02 -8.387974489e-02 4.936900054e+01 -3.068889792e-02 9.995086915e-01 6.368680874e-03 -1.022470677e+01 8.403670097e-02 -3.768965124e-03 9.964555525e-01 4.306323425e+02
9.953589065e-01 3.290049099e-02 -9.043310611e-02 4.927882419e+01 -3.203293122e-02 9.994259755e-01 1.102847181e-02 -1.023595242e+01 9.074403667e-02 -8.080450519e-03 9.958414634e-01 4.314919690e+02
9.946741219e-01 3.451258930e-02 -9.712008344e-02 4.918097256e+01 -3.332229972e-02 9.993486763e-01 1.385172244e-02 -1.024134019e+01 9.753488836e-02 -1.054168532e-02 9.951762676e-01 4.323320376e+02
9.938935786e-01 3.608177242e-02 -1.042769596e-01 4.909026638e+01 -3.490063061e-02 9.993045138e-01 1.313009317e-02 -1.024411753e+01 1.046781980e-01 -9.410583459e-03 9.944615930e-01 4.331575182e+02
9.931647093e-01 3.599285617e-02 -1.110334558e-01 4.899378839e+01 -3.500255541e-02 9.993282504e-01 1.085596360e-02 -1.024705715e+01 1.113496039e-01 -6.895305583e-03 9.937573680e-01 4.339592288e+02
9.924449952e-01 3.689885843e-02 -1.170105258e-01 4.888604453e+01 -3.626836355e-02 9.993138410e-01 7.513748946e-03 -1.025497716e+01 1.172074854e-01 -3.213202359e-03 9.931022544e-01 4.347393068e+02
9.914975813e-01 3.777955014e-02 -1.245198709e-01 4.878960866e+01 -3.745791810e-02 9.992860841e-01 4.924055245e-03 -1.026368981e+01 1.246170025e-01 -2.179340960e-04 9.922049256e-01 4.355010412e+02
9.903969760e-01 3.825349825e-02 -1.328550545e-01 4.868219600e+01 -3.829059053e-02 9.992640707e-01 2.276608513e-03 -1.026522795e+01 1.328443604e-01 2.832351700e-03 9.911328352e-01 4.362466356e+02
9.890605016e-01 3.935691410e-02 -1.421632370e-01 4.855827177e+01 -3.951402152e-02 9.992175307e-01 1.718882052e-03 -1.027612710e+01 1.421196499e-01 3.917362326e-03 9.898417203e-01 4.370228743e+02
9.876326884e-01 3.871851019e-02 -1.519292800e-01 4.844369542e+01 -3.862640023e-02 9.992473776e-01 3.558717631e-03 -1.028136617e+01 1.519527211e-01 2.353774898e-03 9.883849807e-01 4.377422889e+02
9.862059232e-01 4.022876757e-02 -1.605600597e-01 4.831230498e+01 -3.978062995e-02 9.991903885e-01 6.005891344e-03 -1.028676557e+01 1.606716849e-01 4.641343899e-04 9.870078108e-01 4.384492572e+02
9.846521540e-01 4.362061221e-02 -1.689892176e-01 4.818707654e+01 -4.279099718e-02 9.990474386e-01 8.549736700e-03 -1.029461711e+01 1.692011966e-01 -1.187300406e-03 9.855808070e-01 4.391281786e+02
9.831912236e-01 4.859364304e-02 -1.759933168e-01 4.804896413e+01 -4.740300650e-02 9.988156337e-01 1.096558372e-02 -1.030253313e+01 1.763177294e-01 -2.438653185e-03 9.843302785e-01 4.397775018e+02
9.818321290e-01 5.792670545e-02 -1.806936895e-01 4.791342140e+01 -5.628859316e-02 9.983137804e-01 1.418467999e-02 -1.030822786e+01 1.812106618e-01 -3.755982200e-03 9.834371131e-01 4.404202341e+02
9.813740148e-01 6.688851891e-02 -1.800858719e-01 4.778006365e+01 -6.504869148e-02 9.977520700e-01 1.610931181e-02 -1.030246288e+01 1.807585844e-01 -4.094910563e-03 9.835189786e-01 4.410331834e+02
9.819435067e-01 7.482324042e-02 -1.737483016e-01 4.766083675e+01 -7.271838194e-02 9.971817137e-01 1.845790579e-02 -1.030488073e+01 1.746397105e-01 -5.489926944e-03 9.846171245e-01 4.416245538e+02
9.835788715e-01 7.895354098e-02 -1.622926981e-01 4.755782154e+01 -7.684784185e-02 9.968575400e-01 1.922152202e-02 -1.030652906e+01 1.633003083e-01 -6.434036534e-03 9.865553978e-01 4.421928816e+02
9.858988550e-01 8.172805675e-02 -1.460271935e-01 4.747822133e+01 -8.015869780e-02 9.966437232e-01 1.660913224e-02 -1.031108171e+01 1.468945185e-01 -4.669576620e-03 9.891411278e-01 4.427437810e+02
9.887428722e-01 8.559969984e-02 -1.227199783e-01 4.739435069e+01 -8.474131468e-02 9.963282372e-01 1.220686499e-02 -1.031430451e+01 1.233142829e-01 -1.669998514e-03 9.923662611e-01 4.432914481e+02
9.914829751e-01 9.028964170e-02 -9.385806791e-02 4.737584868e+01 -8.978493271e-02 9.959149795e-01 9.595084339e-03 -1.031948295e+01 9.434098673e-02 -1.086323405e-03 9.955393269e-01 4.437933630e+02
9.940626953e-01 9.287942482e-02 -5.668089168e-02 4.736175167e+01 -9.254419553e-02 9.956721759e-01 8.516461315e-03 -1.032424344e+01 5.722658975e-02 -3.220409581e-03 9.983560054e-01 4.443135596e+02
9.956204403e-01 9.273932048e-02 -1.180638544e-02 4.737925869e+01 -9.267173658e-02 9.956777527e-01 6.149636279e-03 -1.032866943e+01 1.232566775e-02 -5.028585055e-03 9.999113985e-01 4.448140412e+02
9.951603130e-01 8.977094479e-02 3.996454844e-02 4.743126596e+01 -8.993383490e-02 9.959451017e-01 2.293364709e-03 -1.034435825e+01 -3.959661991e-02 -5.876430658e-03 9.991984606e-01 4.452962099e+02
9.912198087e-01 9.085774265e-02 9.606337085e-02 4.750841471e+01 -9.097438695e-02 9.958481772e-01 -3.173981158e-03 -1.036244933e+01 -9.595291409e-02 -5.593194053e-03 9.953701569e-01 4.457685528e+02
9.832794595e-01 9.372997265e-02 1.561287173e-01 4.761209568e+01 -9.331552245e-02 9.955863692e-01 -9.998437217e-03 -1.036732780e+01 -1.563767815e-01 -4.737974122e-03 9.876861192e-01 4.461946672e+02
9.713865201e-01 8.841991935e-02 2.204317383e-01 4.775220835e+01 -8.721444422e-02 9.960733562e-01 -1.521464136e-02 -1.038678970e+01 -2.209114629e-01 -4.445531632e-03 9.752837496e-01 4.466362521e+02
9.551254372e-01 7.684269646e-02 2.860604634e-01 4.792970633e+01 -7.396733880e-02 9.970424867e-01 -2.086042718e-02 -1.039849504e+01 -2.868173936e-01 -1.234801806e-03 9.579844637e-01 4.470446384e+02
9.327301183e-01 6.933817181e-02 3.538456265e-01 4.812581460e+01 -6.431178943e-02 9.975921466e-01 -2.595953201e-02 -1.041549094e+01 -3.547936082e-01 1.456795893e-03 9.349435064e-01 4.474266301e+02
9.049839413e-01 6.512900684e-02 4.204310599e-01 4.835377729e+01 -5.687959904e-02 9.978634287e-01 -3.214494165e-02 -1.043391084e+01 -4.216263300e-01 5.176706904e-03 9.067548731e-01 4.477798776e+02
8.721996479e-01 6.295190359e-02 4.850822877e-01 4.860083529e+01 -5.261491431e-02 9.980043717e-01 -3.491277193e-02 -1.046177710e+01 -4.863120609e-01 4.928342352e-03 8.737712702e-01 4.481163415e+02
8.351034103e-01 5.685394628e-02 5.471471487e-01 4.887503155e+01 -4.556206994e-02 9.983759220e-01 -3.420025857e-02 -1.048644332e+01 -5.482029150e-01 3.631597837e-03 8.363374432e-01 4.484548862e+02
7.950614175e-01 5.009429118e-02 6.044566922e-01 4.918052021e+01 -3.893799004e-02 9.987432750e-01 -3.155435827e-02 -1.051147884e+01 -6.052777697e-01 1.551327358e-03 7.960128438e-01 4.487736604e+02
7.506882144e-01 4.233932671e-02 6.592985772e-01 4.950000897e+01 -3.080641934e-02 9.991021117e-01 -2.908438918e-02 -1.053366906e+01 -6.599380076e-01 1.522678845e-03 7.513185381e-01 4.490615894e+02
7.029474540e-01 3.447491620e-02 7.104057409e-01 4.983442726e+01 -2.285834586e-02 9.994036286e-01 -2.588118381e-02 -1.055781216e+01 -7.108743422e-01 1.954411951e-03 7.033163018e-01 4.493272170e+02
6.548191515e-01 3.128450036e-02 7.551378083e-01 5.018079736e+01 -1.645775602e-02 9.994962240e-01 -2.713661871e-02 -1.057087436e+01 -7.556063978e-01 5.341705023e-03 6.550041516e-01 4.495322159e+02
6.020583222e-01 2.903106835e-02 7.979241667e-01 5.053917462e+01 -9.337211665e-03 9.995264437e-01 -2.932080005e-02 -1.059461033e+01 -7.983975215e-01 1.020244242e-02 6.020442041e-01 4.497399327e+02
5.479478462e-01 2.690008752e-02 8.360798858e-01 5.091558766e+01 -2.901471032e-03 9.995379321e-01 -3.025764077e-02 -1.060579282e+01 -8.365074812e-01 1.415374689e-02 5.477726460e-01 4.499239487e+02
4.926394569e-01 2.482414902e-02 8.698794093e-01 5.129237830e+01 -3.075609907e-03 9.996364829e-01 -2.678527507e-02 -1.062146032e+01 -8.702281266e-01 1.052007497e-02 4.925367721e-01 4.500834321e+02
4.338963804e-01 2.388055624e-02 9.006462674e-01 5.166745645e+01 -7.879303737e-03 9.997110360e-01 -2.271130690e-02 -1.064337781e+01 -9.009283629e-01 2.757889278e-03 4.339591726e-01 4.502446297e+02
3.761709674e-01 2.718420058e-02 9.261514428e-01 5.206392280e+01 -1.003986835e-02 9.996304290e-01 -2.526309226e-02 -1.065334214e+01 -9.264958930e-01 2.048044662e-04 3.763048715e-01 4.503660173e+02
3.206006035e-01 2.808474036e-02 9.467980368e-01 5.247726380e+01 -5.674316013e-04 9.995658895e-01 -2.945784384e-02 -1.066787496e+01 -9.472143227e-01 8.906959239e-03 3.204773637e-01 4.504521960e+02
2.690953433e-01 2.644867753e-02 9.627503551e-01 5.292796502e+01 1.205909399e-02 9.994519909e-01 -3.082754886e-02 -1.069231775e+01 -9.630381255e-01 1.990544891e-02 2.686289480e-01 4.505275501e+02
2.225965144e-01 2.867532327e-02 9.744888415e-01 5.334566057e+01 1.493553076e-02 9.993497226e-01 -3.281851077e-02 -1.071405911e+01 -9.747962588e-01 2.185979352e-02 2.220234696e-01 4.505788005e+02
1.805115843e-01 3.388122042e-02 9.829892078e-01 5.381020019e+01 1.147973457e-02 9.992658808e-01 -3.655032764e-02 -1.072840250e+01 -9.835059720e-01 1.788221513e-02 1.799901133e-01 4.506421562e+02
1.425098912e-01 3.961698748e-02 9.890001974e-01 5.429381885e+01 6.963799580e-03 9.991338093e-01 -4.102636220e-02 -1.074436866e+01 -9.897688799e-01 1.273386089e-02 1.421105673e-01 4.506983525e+02
1.100835608e-01 4.215700610e-02 9.930279529e-01 5.478211448e+01 7.536396563e-03 9.990359500e-01 -4.324752526e-02 -1.076108527e+01 -9.938938070e-01 1.224469752e-02 1.096597179e-01 4.507288633e+02
8.386279024e-02 4.083048645e-02 9.956404445e-01 5.530551396e+01 1.335918717e-02 9.990242915e-01 -4.209450082e-02 -1.078129424e+01 -9.963877546e-01 1.683111061e-02 8.323550162e-02 4.507586878e+02
6.437236301e-02 4.026151343e-02 9.971134669e-01 5.583788280e+01 1.804569987e-02 9.989754474e-01 -4.150170719e-02 -1.081241379e+01 -9.977628206e-01 2.066517234e-02 6.357981984e-02 4.507695059e+02
4.998817000e-02 4.165343473e-02 9.978809038e-01 5.638210387e+01 2.286344268e-02 9.988203662e-01 -4.283797925e-02 -1.083406016e+01 -9.984881500e-01 2.495638504e-02 4.897687021e-02 4.507881555e+02
4.378945624e-02 4.159444932e-02 9.981745462e-01 5.694503706e+01 2.540756854e-02 9.987634060e-01 -4.273360492e-02 -1.085669702e+01 -9.987177052e-01 2.723246794e-02 4.267850307e-02 4.508022426e+02
4.325410080e-02 4.034276852e-02 9.982492667e-01 5.752813118e+01 2.467513001e-02 9.988364099e-01 -4.143566726e-02 -1.087486105e+01 -9.987593537e-01 2.642419060e-02 4.220830360e-02 4.508305095e+02
4.589724794e-02 3.837875415e-02 9.982087974e-01 5.812244137e+01 2.349657456e-02 9.989437749e-01 -3.948738259e-02 -1.090045712e+01 -9.986699311e-01 2.526685344e-02 4.494695251e-02 4.508595798e+02
4.830513158e-02 3.643173131e-02 9.981679985e-01 5.873494769e+01 2.205018865e-02 9.990521278e-01 -3.753109702e-02 -1.093033930e+01 -9.985891918e-01 2.382273749e-02 4.745601480e-02 4.508962939e+02
5.068437730e-02 3.608146401e-02 9.980628509e-01 5.936014776e+01 2.380733876e-02 9.990195415e-01 -3.732506081e-02 -1.095949181e+01 -9.984310089e-01 2.565302115e-02 4.977573177e-02 4.509375106e+02
5.335910675e-02 3.666235372e-02 9.979021470e-01 6.001065481e+01 2.411941733e-02 9.989869497e-01 -3.799190441e-02 -1.099056067e+01 -9.982840573e-01 2.609603283e-02 5.242077252e-02 4.509707512e+02
5.569408102e-02 3.675201995e-02 9.977712744e-01 6.066794907e+01 2.476869705e-02 9.989639230e-01 -3.817850355e-02 -1.101295002e+01 -9.981406347e-01 2.683981002e-02 5.472605851e-02 4.510103913e+02
5.836402686e-02 3.572445638e-02 9.976560864e-01 6.134270444e+01 2.444532123e-02 9.990086782e-01 -3.720298326e-02 -1.103851441e+01 -9.979961728e-01 2.655934318e-02 5.743290805e-02 4.510569759e+02
6.163615662e-02 3.690764953e-02 9.974160842e-01 6.203337537e+01 2.483191192e-02 9.989500683e-01 -3.849891974e-02 -1.106977757e+01 -9.977897417e-01 2.714067395e-02 6.065498563e-02 4.510951831e+02
6.428072926e-02 4.087921354e-02 9.970943262e-01 6.273451557e+01 2.328895278e-02 9.988270610e-01 -4.245165246e-02 -1.110349988e+01 -9.976602120e-01 2.595010820e-02 6.325324971e-02 4.511444229e+02
6.683459987e-02 4.730820574e-02 9.966419195e-01 6.345152274e+01 2.357270803e-02 9.985216182e-01 -4.897820951e-02 -1.113605829e+01 -9.974856203e-01 2.676698778e-02 6.562059510e-02 4.511960643e+02
6.944611830e-02 5.129777693e-02 9.962658986e-01 6.418323632e+01 2.219138791e-02 9.983504598e-01 -5.295198735e-02 -1.116714763e+01 -9.973388254e-01 2.578583112e-02 6.819318859e-02 4.512505959e+02
7.148506624e-02 4.901424983e-02 9.962366804e-01 6.494011399e+01 1.989124336e-02 9.985232499e-01 -5.055404557e-02 -1.120759970e+01 -9.972433551e-01 2.343024427e-02 7.040453746e-02 4.513098451e+02
7.311287625e-02 4.418920710e-02 9.963443905e-01 6.571270769e+01 1.660069462e-02 9.988255768e-01 -4.551743762e-02 -1.124894973e+01 -9.971856210e-01 1.986792203e-02 7.229343914e-02 4.513761039e+02
7.467902908e-02 3.822961770e-02 9.964745487e-01 6.649457210e+01 1.556440872e-02 9.990984725e-01 -3.949673076e-02 -1.128676626e+01 -9.970861590e-01 1.845911646e-02 7.401672098e-02 4.514433313e+02
7.646624279e-02 3.777900044e-02 9.963562930e-01 6.728745747e+01 1.486761203e-02 9.991276080e-01 -3.902511714e-02 -1.132520433e+01 -9.969613981e-01 1.779754446e-02 7.583782612e-02 4.515066114e+02
7.793782243e-02 3.766329146e-02 9.962465424e-01 6.809654845e+01 1.417522858e-02 9.991432894e-01 -3.888175421e-02 -1.136346528e+01 -9.968574448e-01 1.715238415e-02 7.733717145e-02 4.515695187e+02
7.967169618e-02 3.574274671e-02 9.961802911e-01 6.891679617e+01 1.437717845e-02 9.992117870e-01 -3.700136822e-02 -1.139662363e+01 -9.967176032e-01 1.727022808e-02 7.909500918e-02 4.516388916e+02
8.103849967e-02 3.263818910e-02 9.961765496e-01 6.975627133e+01 1.662985448e-02 9.992802889e-01 -3.409271595e-02 -1.142909756e+01 -9.965723423e-01 1.932909653e-02 8.043742179e-02 4.517049045e+02
8.155340964e-02 3.051135675e-02 9.962018788e-01 7.059857116e+01 1.815804993e-02 9.993199168e-01 -3.209335384e-02 -1.147179976e+01 -9.965036192e-01 2.070640695e-02 8.094386602e-02 4.517780665e+02
8.175213512e-02 3.422988785e-02 9.960647646e-01 7.145263365e+01 1.899111184e-02 9.991750921e-01 -3.589547435e-02 -1.150633317e+01 -9.964717636e-01 2.185090947e-02 8.103460451e-02 4.518540676e+02
8.171248400e-02 4.355018446e-02 9.957040083e-01 7.231352619e+01 1.540929743e-02 9.988702441e-01 -4.495323597e-02 -1.155208654e+01 -9.965368574e-01 1.901634106e-02 8.094903428e-02 4.519272401e+02
8.100847598e-02 5.340353013e-02 9.952816861e-01 7.318692035e+01 1.420044917e-02 9.984003611e-01 -5.472668292e-02 -1.159282988e+01 -9.966122567e-01 1.856677528e-02 8.012052535e-02 4.520026702e+02
7.928010800e-02 5.645323200e-02 9.952526779e-01 7.407656620e+01 1.203730611e-02 9.982681398e-01 -5.758315630e-02 -1.164149793e+01 -9.967797681e-01 1.654536622e-02 7.846324176e-02 4.520781501e+02
7.674052462e-02 5.204642845e-02 9.956917435e-01 7.499514395e+01 8.967495590e-03 9.985602362e-01 -5.288751556e-02 -1.169162266e+01 -9.970107559e-01 1.298747954e-02 7.616333710e-02 4.521572048e+02
7.388673454e-02 4.443958300e-02 9.962760197e-01 7.591736362e+01 5.444405818e-03 9.989737600e-01 -4.496369223e-02 -1.174592028e+01 -9.972517805e-01 8.746355007e-03 7.356897755e-02 4.522340475e+02
7.085264613e-02 3.838316373e-02 9.967481583e-01 7.683859820e+01 6.467803361e-03 9.992207106e-01 -3.893813818e-02 -1.179155044e+01 -9.974659017e-01 9.205644787e-03 7.054916826e-02 4.522994423e+02
6.855546666e-02 3.672878490e-02 9.969711600e-01 7.775807982e+01 9.713509889e-03 9.992501673e-01 -3.748068641e-02 -1.184274762e+01 -9.976001921e-01 1.225359962e-02 6.814729367e-02 4.523574015e+02
6.640652570e-02 3.679761198e-02 9.971139623e-01 7.869435374e+01 1.152491587e-02 9.992248033e-01 -3.764305796e-02 -1.188421975e+01 -9.977261501e-01 1.399140133e-02 6.593097848e-02 4.524218717e+02
6.489932633e-02 3.938229943e-02 9.971144468e-01 7.963619117e+01 1.669771649e-02 9.990381907e-01 -4.054508920e-02 -1.192763520e+01 -9.977521238e-01 1.928088549e-02 6.417930238e-02 4.524801062e+02
6.531112460e-02 3.920045775e-02 9.970947110e-01 8.057270036e+01 1.730372661e-02 9.990333119e-01 -4.041009286e-02 -1.197519378e+01 -9.977149701e-01 1.989268413e-02 6.456966123e-02 4.525340477e+02
6.498923563e-02 3.903670811e-02 9.971222589e-01 8.153140695e+01 1.403463682e-02 9.990999344e-01 -4.002887475e-02 -1.202054835e+01 -9.977874285e-01 1.659569867e-02 6.438285837e-02 4.526086576e+02
6.523448713e-02 3.922330898e-02 9.970988284e-01 8.249023834e+01 1.097829920e-02 9.991384958e-01 -4.002179221e-02 -1.206634548e+01 -9.978095862e-01 1.355725093e-02 6.474767774e-02 4.526817298e+02
6.587031696e-02 3.877951117e-02 9.970743535e-01 8.345792686e+01 9.773660557e-03 9.991715061e-01 -3.950676049e-02 -1.211283142e+01 -9.977803300e-01 1.234738853e-02 6.543668873e-02 4.527486632e+02
6.671866046e-02 3.734423119e-02 9.970728623e-01 8.442411467e+01 7.718779198e-03 9.992500975e-01 -3.794228315e-02 -1.215720069e+01 -9.977421011e-01 1.022764626e-02 6.638038225e-02 4.528179673e+02
6.719438855e-02 3.829189753e-02 9.970048377e-01 8.538911786e+01 4.865956505e-03 9.992388283e-01 -3.870564207e-02 -1.220693405e+01 -9.977280414e-01 7.452185456e-03 6.695691254e-02 4.528938444e+02
6.732441092e-02 4.160573968e-02 9.968632583e-01 8.635612803e+01 3.885072223e-03 9.991116559e-01 -4.196196073e-02 -1.225361035e+01 -9.977235544e-01 6.697950871e-03 6.710297374e-02 4.529718220e+02
6.801773230e-02 4.552373916e-02 9.966451323e-01 8.732278605e+01 3.907520469e-03 9.989386361e-01 -4.589517856e-02 -1.230306912e+01 -9.976766047e-01 7.016102035e-03 6.776764584e-02 4.530414455e+02
6.876114149e-02 4.519338025e-02 9.966089846e-01 8.829207069e+01 3.437110337e-03 9.989567505e-01 -4.553698935e-02 -1.235333052e+01 -9.976272587e-01 6.556628548e-03 6.853405625e-02 4.531112121e+02
6.935439038e-02 4.452728672e-02 9.965979035e-01 8.925841784e+01 4.915283242e-03 9.989759762e-01 -4.497560248e-02 -1.241070650e+01 -9.975800406e-01 8.017817967e-03 6.906449974e-02 4.531719226e+02
6.993648992e-02 4.135206825e-02 9.966940863e-01 9.023304151e+01 4.850050490e-03 9.991145090e-01 -4.179282029e-02 -1.246054662e+01 -9.975397681e-01 7.756864249e-03 6.967400400e-02 4.532439317e+02
6.911720533e-02 3.728412345e-02 9.969116754e-01 9.120174334e+01 7.411021882e-03 9.992545822e-01 -3.788556976e-02 -1.250855365e+01 -9.975811404e-01 1.000668332e-02 6.878941178e-02 4.533143710e+02
6.899262562e-02 3.116637361e-02 9.971303659e-01 9.218928957e+01 8.437389731e-03 9.994579008e-01 -3.182292422e-02 -1.256019709e+01 -9.975816112e-01 1.060872702e-02 6.869226049e-02 4.533772139e+02
6.764393342e-02 2.952869245e-02 9.972725348e-01 9.316024647e+01 7.343272261e-03 9.995201369e-01 -3.009333002e-02 -1.260542297e+01 -9.976825766e-01 9.358876349e-03 6.739462193e-02 4.534468450e+02
6.623233447e-02 3.048020448e-02 9.973385414e-01 9.412636420e+01 6.435735209e-03 9.994994786e-01 -3.097363906e-02 -1.264431068e+01 -9.977834836e-01 8.470062557e-03 6.600303201e-02 4.535223600e+02
6.442243127e-02 3.450793230e-02 9.973259468e-01 9.509615842e+01 7.687002364e-03 9.993551306e-01 -3.507468778e-02 -1.268518904e+01 -9.978931418e-01 9.926044901e-03 6.411557653e-02 4.535881307e+02
6.265782366e-02 3.726767176e-02 9.973390291e-01 9.606309477e+01 9.658193395e-03 9.992331423e-01 -3.794522658e-02 -1.273022457e+01 -9.979883974e-01 1.201005809e-02 6.224984862e-02 4.536518681e+02
6.092318225e-02 3.819035760e-02 9.974116722e-01 9.703210531e+01 1.058627820e-02 9.991868641e-01 -3.890495512e-02 -1.277322046e+01 -9.980864410e-01 1.292909383e-02 6.046934734e-02 4.537136172e+02
6.040115090e-02 3.631456264e-02 9.975135312e-01 9.801836493e+01 1.458064316e-02 9.991992570e-01 -3.725882097e-02 -1.281632319e+01 -9.980678411e-01 1.679486920e-02 5.982327881e-02 4.537701868e+02
6.052590100e-02 3.353277973e-02 9.976032963e-01 9.897730291e+01 1.769882301e-02 9.992423799e-01 -3.466168847e-02 -1.287033126e+01 -9.980098043e-01 1.975433470e-02 5.988652162e-02 4.538261814e+02
6.123298864e-02 3.450679765e-02 9.975269617e-01 9.994126066e+01 1.751901056e-02 9.992111098e-01 -3.564046393e-02 -1.291800817e+01 -9.979698305e-01 1.965806132e-02 6.058020057e-02 4.538862403e+02
6.215664731e-02 3.940350681e-02 9.972883952e-01 1.008913063e+02 1.574299133e-02 9.990573288e-01 -4.045459867e-02 -1.296786881e+01 -9.979423850e-01 1.821482695e-02 6.147769002e-02 4.539471856e+02
6.248807071e-02 4.601484085e-02 9.969844711e-01 1.018373129e+02 1.205871203e-02 9.988288830e-01 -4.685577700e-02 -1.301975980e+01 -9.979729312e-01 1.495027937e-02 6.186003605e-02 4.540213576e+02
6.338651245e-02 5.438879715e-02 9.965060251e-01 1.027807085e+02 6.988343234e-03 9.984652115e-01 -5.494025572e-02 -1.307060627e+01 -9.979647372e-01 1.044640504e-02 6.290916114e-02 4.540827618e+02
6.341058766e-02 5.617228403e-02 9.964055570e-01 1.037205417e+02 5.467283131e-03 9.983801530e-01 -5.663154224e-02 -1.313265413e+01 -9.979726857e-01 9.038677732e-03 6.300077554e-02 4.541555164e+02
6.382684499e-02 4.983078837e-02 9.967161388e-01 1.046706012e+02 7.847060547e-03 9.986966664e-01 -5.043231076e-02 -1.319068532e+01 -9.979301579e-01 1.104022939e-02 6.335267312e-02 4.542201314e+02
6.431445090e-02 3.944819906e-02 9.971498289e-01 1.056160898e+02 5.839137974e-03 9.991864121e-01 -3.990539004e-02 -1.324547101e+01 -9.979126943e-01 8.388994106e-03 6.403174155e-02 4.542748485e+02
6.424216901e-02 3.088250246e-02 9.974564806e-01 1.065506037e+02 9.090465166e-03 9.994614536e-01 -3.153006353e-02 -1.329959094e+01 -9.978930377e-01 1.109290647e-02 6.392680877e-02 4.543444053e+02
6.597742548e-02 3.297790976e-02 9.972760434e-01 1.074740839e+02 1.255987006e-02 9.993470496e-01 -3.387732585e-02 -1.333871448e+01 -9.977421058e-01 1.476079715e-02 6.552013625e-02 4.544057852e+02
6.603629950e-02 3.529827921e-02 9.971927903e-01 1.083893090e+02 1.621815537e-02 9.992041273e-01 -3.644348426e-02 -1.338389090e+01 -9.976855001e-01 1.857922331e-02 6.541127904e-02 4.544647232e+02
6.628873949e-02 4.102610127e-02 9.969567861e-01 1.093030624e+02 1.516798648e-02 9.989974986e-01 -4.211861865e-02 -1.343179190e+01 -9.976853245e-01 1.791382162e-02 6.560002905e-02 4.545332880e+02
6.700649842e-02 4.582018694e-02 9.967000047e-01 1.102089958e+02 1.226714752e-02 9.988316180e-01 -4.674288958e-02 -1.348169011e+01 -9.976772135e-01 1.535874913e-02 6.636609401e-02 4.546107400e+02
6.869571183e-02 5.021198545e-02 9.963733549e-01 1.111465570e+02 1.006535544e-02 9.986468524e-01 -5.102053052e-02 -1.353501067e+01 -9.975869647e-01 1.353374894e-02 6.809737770e-02 4.546617896e+02
6.951133359e-02 5.342342323e-02 9.961497669e-01 1.120602703e+02 8.207695739e-03 9.985006080e-01 -5.412223838e-02 -1.359270729e+01 -9.975474986e-01 1.193821104e-02 6.896861462e-02 4.547293908e+02
7.059458051e-02 5.384702345e-02 9.960507063e-01 1.129620486e+02 4.403451416e-03 9.985153621e-01 -5.429236107e-02 -1.365546190e+01 -9.974954688e-01 8.218811536e-03 7.025267336e-02 4.548058673e+02
7.317327782e-02 5.186479820e-02 9.959698916e-01 1.138685903e+02 1.701296731e-03 9.986389484e-01 -5.212878781e-02 -1.370692601e+01 -9.973179446e-01 5.508881184e-03 7.298544908e-02 4.548880068e+02
7.818505868e-02 4.497238737e-02 9.959239786e-01 1.147752660e+02 1.327089254e-03 9.989764484e-01 -4.521440747e-02 -1.376380983e+01 -9.969379532e-01 4.856772266e-03 7.804536107e-02 4.549472685e+02
8.422979326e-02 3.874963957e-02 9.956927196e-01 1.156768929e+02 3.053550878e-03 9.992288452e-01 -3.914557386e-02 -1.381328047e+01 -9.964417905e-01 6.337626237e-03 8.404655444e-02 4.550282862e+02
9.199875156e-02 3.607592561e-02 9.951054834e-01 1.165755119e+02 2.795857966e-03 9.993302053e-01 -3.648757136e-02 -1.385789341e+01 -9.957553036e-01 6.138987591e-03 9.183631277e-02 4.551154023e+02
1.004826745e-01 3.251401997e-02 9.944074551e-01 1.174776317e+02 7.127210385e-03 9.994167225e-01 -3.339799971e-02 -1.389991614e+01 -9.949133495e-01 1.044327187e-02 1.001923015e-01 4.552054178e+02
1.108550742e-01 3.120991686e-02 9.933465309e-01 1.183714399e+02 8.414491623e-03 9.994414875e-01 -3.234045815e-02 -1.394166580e+01 -9.938010681e-01 1.194361301e-02 1.105305331e-01 4.553024308e+02
1.211584049e-01 3.365970630e-02 9.920623712e-01 1.192602357e+02 3.499138347e-03 9.994042322e-01 -3.433615087e-02 -1.398514991e+01 -9.926270869e-01 7.631478123e-03 1.209684199e-01 4.554265838e+02
1.314858374e-01 3.821970088e-02 9.905810114e-01 1.201159762e+02 8.575237557e-04 9.992517376e-01 -3.866806686e-02 -1.402700731e+01 -9.913176684e-01 5.933752213e-03 1.313547281e-01 4.555515340e+02
1.417677098e-01 4.239680551e-02 9.889916122e-01 1.209860913e+02 -8.988400788e-04 9.990875104e-01 -4.270075903e-02 -1.407081961e+01 -9.898995300e-01 5.164642401e-03 1.416764219e-01 4.556876921e+02
1.513644854e-01 4.148904588e-02 9.876069486e-01 1.218501531e+02 -3.981096810e-03 9.991362410e-01 -4.136322869e-02 -1.411804403e+01 -9.884699970e-01 2.329163482e-03 1.513989261e-01 4.558349241e+02
1.610117474e-01 3.642661434e-02 9.862801258e-01 1.227247823e+02 -7.843729668e-03 9.993343150e-01 -3.562825235e-02 -1.415703790e+01 -9.869213914e-01 -1.999541737e-03 1.611903283e-01 4.559876340e+02
1.704374338e-01 3.278625646e-02 9.848229746e-01 1.235957165e+02 -8.398964059e-03 9.994583361e-01 -3.181993226e-02 -1.420260478e+01 -9.853327440e-01 -2.848181116e-03 1.706204966e-01 4.561482187e+02
1.793975736e-01 3.461083307e-02 9.831676959e-01 1.244538610e+02 -9.868700832e-03 9.993939499e-01 -3.338131959e-02 -1.424219760e+01 -9.837272421e-01 -3.714055505e-03 1.796304337e-01 4.563128440e+02
1.876503920e-01 4.211169092e-02 9.813327773e-01 1.253051630e+02 -1.069339687e-02 9.991089034e-01 -4.082972215e-02 -1.428492019e+01 -9.821777418e-01 -2.832066222e-03 1.879334880e-01 4.564746033e+02
1.946074950e-01 4.481982586e-02 9.798568023e-01 1.261556012e+02 -1.078814530e-02 9.989929147e-01 -4.355252794e-02 -1.433006356e+01 -9.808220188e-01 -2.095181515e-03 1.948950562e-01 4.566529474e+02
2.021865004e-01 4.286479612e-02 9.784085317e-01 1.270156927e+02 -1.005359464e-02 9.990799099e-01 -4.169286749e-02 -1.436780471e+01 -9.792954960e-01 -1.406784139e-03 2.024314171e-01 4.568442832e+02
2.095992027e-01 3.518537287e-02 9.771542392e-01 1.278609717e+02 -1.016748316e-02 9.993767162e-01 -3.380464404e-02 -1.441154502e+01 -9.777345910e-01 -2.849768930e-03 2.098262799e-01 4.570292538e+02
2.174907643e-01 2.693567079e-02 9.756906195e-01 1.287045589e+02 -7.471768458e-03 9.996358301e-01 -2.593119182e-02 -1.445216866e+01 -9.760337621e-01 -1.650340399e-03 2.176128357e-01 4.572179108e+02
2.269109746e-01 2.967770871e-02 9.734633204e-01 1.295418629e+02 -9.432327479e-03 9.995556920e-01 -2.827453816e-02 -1.448509678e+01 -9.738699245e-01 -2.766217013e-03 2.270900702e-01 4.574224635e+02
2.366533514e-01 3.757422035e-02 9.708673594e-01 1.303598585e+02 -1.112519324e-02 9.992911854e-01 -3.596245256e-02 -1.451978531e+01 -9.715305033e-01 -2.290448674e-03 2.369036298e-01 4.576308440e+02
2.462209792e-01 4.236741326e-02 9.682873144e-01 1.311821704e+02 -9.406497403e-03 9.991015225e-01 -4.132375794e-02 -1.456063737e+01 -9.691681315e-01 1.066584812e-03 2.463982437e-01 4.578448841e+02
2.556490653e-01 3.770614657e-02 9.660340175e-01 1.320193895e+02 -7.341256082e-03 9.992860150e-01 -3.706126428e-02 -1.460226096e+01 -9.667417603e-01 2.382774650e-03 2.557433929e-01 4.580671478e+02
2.664099763e-01 2.919107812e-02 9.634177123e-01 1.328495665e+02 -4.356356726e-03 9.995675394e-01 -2.908175313e-02 -1.464574166e+01 -9.638500137e-01 3.550680175e-03 2.664219295e-01 4.583024154e+02
2.784467387e-01 2.344852662e-02 9.601654078e-01 1.336635436e+02 1.966995397e-04 9.997005003e-01 -2.447107052e-02 -1.468470970e+01 -9.604516719e-01 7.002755088e-03 2.783587455e-01 4.585459847e+02
2.904664094e-01 2.625851301e-02 9.565248339e-01 1.344789171e+02 3.212275719e-03 9.995909991e-01 -2.841623344e-02 -1.471508905e+01 -9.568797813e-01 1.132658241e-02 2.902632314e-01 4.587844393e+02
3.014543118e-01 3.249159311e-02 9.529268630e-01 1.352710352e+02 7.142887492e-03 9.993142452e-01 -3.633286615e-02 -1.475200528e+01 -9.534539125e-01 1.775935012e-02 3.010154957e-01 4.590370383e+02
3.113059241e-01 3.844805300e-02 9.495317092e-01 1.360543088e+02 1.197261482e-02 9.989432473e-01 -4.437405477e-02 -1.478988776e+01 -9.502343716e-01 2.518228804e-02 3.105166017e-01 4.592939716e+02
3.204411646e-01 4.100089511e-02 9.463806946e-01 1.368691482e+02 1.092871739e-02 9.988363395e-01 -4.697390446e-02 -1.483855429e+01 -9.472053975e-01 2.539510105e-02 3.196201887e-01 4.595607241e+02
3.283049106e-01 4.118970656e-02 9.436733887e-01 1.376545225e+02 6.017357212e-03 9.989372914e-01 -4.569533131e-02 -1.488463645e+01 -9.445527447e-01 2.068042532e-02 3.277082181e-01 4.598473436e+02
3.354242347e-01 3.554380765e-02 9.413964631e-01 1.384430756e+02 5.618204601e-03 9.991947356e-01 -3.972786572e-02 -1.493444774e+01 -9.420504566e-01 1.861464820e-02 3.349544828e-01 4.601402968e+02
3.425442808e-01 2.861821621e-02 9.390657591e-01 1.392336739e+02 7.493431778e-03 9.994209277e-01 -3.319094362e-02 -1.497209480e+01 -9.394718562e-01 1.840619099e-02 3.421314508e-01 4.604289088e+02
3.486800191e-01 2.215839237e-02 9.369799711e-01 1.400164187e+02 6.617597373e-03 9.996373320e-01 -2.610278403e-02 -1.501518398e+01 -9.372185843e-01 1.530207735e-02 3.484069647e-01 4.607327702e+02
3.557590870e-01 2.378387755e-02 9.342750052e-01 1.407979440e+02 1.504052627e-03 9.996602528e-01 -2.602111537e-02 -1.505155553e+01 -9.345764661e-01 1.066244733e-02 3.556024296e-01 4.610362994e+02
3.626885107e-01 3.012860121e-02 9.314233206e-01 1.415597477e+02 1.585595027e-03 9.994558467e-01 -3.294665792e-02 -1.508676515e+01 -9.319091681e-01 1.342623850e-02 3.624433992e-01 4.613403605e+02
3.707419436e-01 3.478273432e-02 9.280843653e-01 1.423288764e+02 5.191966149e-03 9.992051781e-01 -3.952223288e-02 -1.511998684e+01 -9.287214108e-01 1.947113242e-02 3.702666656e-01 4.616479400e+02
3.771793263e-01 3.741894068e-02 9.253841944e-01 1.430807064e+02 1.471530515e-03 9.991579643e-01 -4.100185806e-02 -1.515854904e+01 -9.261392402e-01 1.682678751e-02 3.768066513e-01 4.619772181e+02
3.837349501e-01 3.383737877e-02 9.228230899e-01 1.438521595e+02 -1.106868362e-03 9.993445847e-01 -3.618294395e-02 -1.519902472e+01 -9.234426247e-01 1.286321461e-02 3.835208707e-01 4.623054830e+02
3.911789861e-01 2.921947803e-02 9.198507471e-01 1.446187494e+02 7.336607580e-04 9.994856466e-01 -3.206111983e-02 -1.524032064e+01 -9.203143853e-01 1.321649663e-02 3.909562957e-01 4.626371730e+02
3.985865131e-01 3.123282978e-02 9.165987588e-01 1.453706128e+02 3.575856511e-03 9.993594138e-01 -3.560785025e-02 -1.528442974e+01 -9.171237757e-01 1.747043433e-02 3.982194840e-01 4.629622212e+02
4.052560490e-01 3.795127902e-02 9.134152403e-01 1.461122420e+02 2.360236751e-03 9.990911804e-01 -4.255818230e-02 -1.532745487e+01 -9.142002610e-01 1.940284152e-02 4.047981788e-01 4.633034743e+02
4.124205878e-01 4.369989687e-02 9.099448080e-01 1.468499099e+02 2.452132731e-03 9.987919596e-01 -4.907815743e-02 -1.536709739e+01 -9.109902512e-01 2.247214814e-02 4.118151782e-01 4.636513387e+02
4.202898387e-01 4.375858742e-02 9.063341602e-01 1.475911331e+02 8.214787425e-04 9.988177275e-01 -4.860471592e-02 -1.541368513e+01 -9.073894968e-01 2.117260302e-02 4.197570200e-01 4.639945414e+02
4.289102549e-01 4.180794181e-02 9.023791001e-01 1.483267598e+02 -2.172401873e-03 9.989733063e-01 -4.525066084e-02 -1.546499374e+01 -9.033444529e-01 1.744814247e-02 4.285607631e-01 4.643594290e+02
4.375920689e-01 4.204497086e-02 8.981901404e-01 1.490569851e+02 -4.461561986e-03 9.989954104e-01 -4.459010434e-02 -1.551119186e+01 -8.991626287e-01 1.550494853e-02 4.373400870e-01 4.647268940e+02
4.459587861e-01 4.355747257e-02 8.939929969e-01 1.497778498e+02 -7.836297843e-03 9.989668954e-01 -4.476299951e-02 -1.555788284e+01 -8.950192269e-01 1.295685597e-02 4.458393689e-01 4.651089427e+02
4.546474943e-01 4.470778645e-02 8.895487115e-01 1.504756304e+02 -9.135746620e-03 9.989209244e-01 -4.553545328e-02 -1.560024943e+01 -8.906246039e-01 1.257588943e-02 4.545653667e-01 4.654572785e+02
4.631990643e-01 4.343347366e-02 8.851894186e-01 1.511883251e+02 -9.974180052e-03 9.989905878e-01 -4.379808853e-02 -1.564519020e+01 -8.861982400e-01 1.145819982e-02 4.631647285e-01 4.658357798e+02
4.714251070e-01 4.344572840e-02 8.808353615e-01 1.518861230e+02 -1.259630495e-02 9.990156384e-01 -4.253320631e-02 -1.568583403e+01 -8.818161912e-01 8.955953346e-03 4.715083164e-01 4.662175124e+02
4.793821968e-01 4.404433838e-02 8.765004014e-01 1.525836390e+02 -1.456160938e-02 9.990015726e-01 -4.223590676e-02 -1.572999581e+01 -8.774854699e-01 7.483890027e-03 4.795449288e-01 4.666151827e+02
4.876337813e-01 4.797527305e-02 8.717291103e-01 1.532700048e+02 -1.590097462e-02 9.988114244e-01 -4.607440658e-02 -1.578101002e+01 -8.729034541e-01 8.606093456e-03 4.878170573e-01 4.670124895e+02
4.960219679e-01 5.292959900e-02 8.666952189e-01 1.539334189e+02 -1.557839644e-02 9.985222150e-01 -5.206461041e-02 -1.582354398e+01 -8.681702233e-01 1.232346874e-02 4.961135438e-01 4.674030709e+02
5.040932217e-01 5.615685786e-02 8.618215867e-01 1.546028372e+02 -1.629785020e-02 9.983246553e-01 -5.551861278e-02 -1.586978309e+01 -8.634954447e-01 1.394072017e-02 5.041639617e-01 4.678047143e+02
5.115293792e-01 5.306703638e-02 8.576256187e-01 1.552652599e+02 -1.774716249e-02 9.985306816e-01 -5.120051599e-02 -1.591337012e+01 -8.590825463e-01 1.097015186e-02 5.117195512e-01 4.682115237e+02
5.196584850e-01 4.432350687e-02 8.532235482e-01 1.559376367e+02 -1.734044782e-02 9.989948731e-01 -4.133482284e-02 -1.595786960e+01 -8.541980636e-01 6.684711914e-03 5.199047334e-01 4.686266115e+02
5.275196590e-01 3.395311645e-02 8.488640293e-01 1.565911764e+02 -1.508617329e-02 9.994178697e-01 -3.059983143e-02 -1.600164453e+01 -8.494088738e-01 3.335904156e-03 5.277247972e-01 4.690416735e+02
5.355146221e-01 2.924565175e-02 8.440194883e-01 1.572354947e+02 -1.330915948e-02 9.995683277e-01 -2.619107725e-02 -1.603860348e+01 -8.444211291e-01 2.792520475e-03 5.356727513e-01 4.694540898e+02
5.436017442e-01 2.962953456e-02 8.388201355e-01 1.578745913e+02 -1.220311031e-02 9.995500796e-01 -2.739868791e-02 -1.607195370e+01 -8.392545463e-01 4.657759731e-03 5.437187448e-01 4.698694207e+02
5.511808327e-01 3.466961931e-02 8.336652631e-01 1.584765010e+02 -1.421419954e-02 9.993815381e-01 -3.216348784e-02 -1.610329583e+01 -8.342647419e-01 5.878016040e-03 5.513328065e-01 4.702813872e+02
5.585615383e-01 3.792292544e-02 8.285957198e-01 1.590719621e+02 -1.553742320e-02 9.992573679e-01 -3.525984667e-02 -1.613305212e+01 -8.293175507e-01 6.820550651e-03 5.587359530e-01 4.706937252e+02
5.656954565e-01 4.038379166e-02 8.236248460e-01 1.596568508e+02 -1.715321741e-02 9.991602656e-01 -3.720915441e-02 -1.616853627e+01 -8.244358553e-01 6.921234131e-03 5.659131399e-01 4.710995044e+02
5.717433132e-01 4.091954074e-02 8.194115748e-01 1.602162788e+02 -1.967509496e-02 9.991520751e-01 -3.616710105e-02 -1.620331993e+01 -8.201966582e-01 4.556301174e-03 5.720636058e-01 4.715059394e+02
5.763830006e-01 4.032502757e-02 8.161841096e-01 1.607602774e+02 -2.146239091e-02 9.991841900e-01 -3.420989375e-02 -1.624093319e+01 -8.168977657e-01 2.200737099e-03 5.767782683e-01 4.719122807e+02
5.808681208e-01 4.098340398e-02 8.129653813e-01 1.612933939e+02 -2.304628908e-02 9.991593576e-01 -3.390316606e-02 -1.627322458e+01 -8.136714276e-01 9.574375167e-04 5.813243337e-01 4.722907634e+02
5.832918344e-01 4.121672274e-02 8.112162688e-01 1.618124556e+02 -2.387913135e-02 9.991502071e-01 -3.359547702e-02 -1.630139379e+01 -8.119116138e-01 2.248282281e-04 5.837804061e-01 4.726655150e+02
5.842240861e-01 4.265712333e-02 8.104705817e-01 1.623074604e+02 -2.551548652e-02 9.990895142e-01 -3.419189388e-02 -1.633828270e+01 -8.111912176e-01 -7.038244823e-04 5.847805785e-01 4.730397632e+02
5.839883826e-01 4.629341014e-02 8.104409336e-01 1.627772242e+02 -2.719943255e-02 9.989278607e-01 -3.746062883e-02 -1.637039278e+01 -8.113062108e-01 -1.669581831e-04 5.846214742e-01 4.733758886e+02
5.815648241e-01 5.080067958e-02 8.119124019e-01 1.632401455e+02 -3.028189164e-02 9.987084707e-01 -4.079773080e-02 -1.640498857e+01 -8.129362740e-01 -8.597137508e-04 5.823520461e-01 4.737194479e+02
5.774359033e-01 5.272703816e-02 8.147316082e-01 1.637012618e+02 -3.135313550e-02 9.986084146e-01 -4.240566374e-02 -1.643869791e+01 -8.158337533e-01 -1.057840109e-03 5.782854672e-01 4.740395203e+02
5.705650258e-01 5.332854011e-02 8.195191295e-01 1.641364215e+02 -3.250208514e-02 9.985739868e-01 -4.235159175e-02 -1.646323981e+01 -8.206090126e-01 -2.471745700e-03 5.714846257e-01 4.743485504e+02
5.612911322e-01 4.962499088e-02 8.261293403e-01 1.645558009e+02 -3.298618918e-02 9.987489232e-01 -3.758255642e-02 -1.649108044e+01 -8.269608744e-01 -6.156095127e-03 5.622258859e-01 4.746312908e+02
5.504008008e-01 4.324776890e-02 8.337797563e-01 1.649656689e+02 -3.260209052e-02 9.990091318e-01 -3.029661107e-02 -1.651149987e+01 -8.342638779e-01 -1.050768275e-02 5.512653445e-01 4.749001274e+02
5.387300864e-01 3.668289800e-02 8.416794309e-01 1.653576871e+02 -2.960999801e-02 9.992588205e-01 -2.459833256e-02 -1.653411111e+01 -8.419579569e-01 -1.167026588e-02 5.394169643e-01 4.751396234e+02
5.259096156e-01 3.098390222e-02 8.499759251e-01 1.657205449e+02 -2.521202707e-02 9.994649908e-01 -2.083362535e-02 -1.655860662e+01 -8.501667366e-01 -1.047300970e-02 5.264094332e-01 4.753624739e+02
5.134598483e-01 2.802435512e-02 8.576559691e-01 1.660839519e+02 -2.006442264e-02 9.995854232e-01 -2.064984546e-02 -1.658324171e+01 -8.578790907e-01 -6.605505221e-03 5.138091886e-01 4.755406287e+02
4.979924935e-01 2.827798864e-02 8.667201807e-01 1.664164057e+02 -1.692030848e-02 9.995947720e-01 -2.289129114e-02 -1.660794890e+01 -8.670162220e-01 -3.265480683e-03 4.982691281e-01 4.757319534e+02
4.813740497e-01 3.181742629e-02 8.759376231e-01 1.667646198e+02 -1.133088268e-02 9.994833004e-01 -3.007816528e-02 -1.662638376e+01 -8.764420474e-01 4.553703559e-03 4.814858891e-01 4.758992164e+02
4.623521871e-01 3.908236275e-02 8.858347246e-01 1.671078979e+02 -1.139460395e-02 9.992075733e-01 -3.813699734e-02 -1.664481223e+01 -8.866232343e-01 7.538993247e-03 4.624311174e-01 4.760684916e+02
4.393980898e-01 4.478735911e-02 8.971752553e-01 1.674477015e+02 -1.406508368e-02 9.989768811e-01 -4.298085953e-02 -1.666925330e+01 -8.981823808e-01 6.266865056e-03 4.395785125e-01 4.762325896e+02
4.134578129e-01 4.792951255e-02 9.092610268e-01 1.678019132e+02 -1.715417200e-02 9.988463631e-01 -4.485147220e-02 -1.668132624e+01 -9.103617786e-01 2.946581361e-03 4.138030405e-01 4.763743851e+02
3.834085878e-01 4.674777883e-02 9.223950552e-01 1.681634950e+02 -1.538166237e-02 9.989028699e-01 -4.423162673e-02 -1.669538336e+01 -9.234508032e-01 2.770825135e-03 3.837070396e-01 4.765060446e+02
3.504779518e-01 4.497503360e-02 9.354905101e-01 1.685218500e+02 -1.313286954e-02 9.989841238e-01 -4.310740089e-02 -1.671397741e+01 -9.364789285e-01 2.822519382e-03 3.507125251e-01 4.766154124e+02
3.154396473e-01 4.211089153e-02 9.480109422e-01 1.688827098e+02 -7.643682097e-03 9.990952359e-01 -4.183672677e-02 -1.673545733e+01 -9.489149834e-01 5.950673408e-03 3.154761369e-01 4.766989708e+02
2.780194421e-01 3.851675048e-02 9.598029575e-01 1.692239138e+02 -8.314555678e-04 9.992050454e-01 -3.985711074e-02 -1.675487702e+01 -9.605751541e-01 1.028301767e-02 2.778304253e-01 4.767775164e+02
2.398582030e-01 3.672613947e-02 9.701130883e-01 1.695825322e+02 3.666632522e-03 9.992427829e-01 -3.873549390e-02 -1.677855324e+01 -9.708010494e-01 1.284807839e-02 2.395419337e-01 4.768357849e+02
1.999161939e-01 3.876249750e-02 9.790458630e-01 1.699339544e+02 4.138906959e-03 9.991748215e-01 -4.040458460e-02 -1.680415775e+01 -9.798041796e-01 1.212970761e-02 1.995907484e-01 4.768776485e+02
1.572007322e-01 4.305041172e-02 9.866279372e-01 1.702905766e+02 -1.722412671e-04 9.990506053e-01 -4.356501896e-02 -1.682818716e+01 -9.875667065e-01 6.678515705e-03 1.570588704e-01 4.769155140e+02
1.118965294e-01 4.795353458e-02 9.925622765e-01 1.706451426e+02 -3.098583762e-03 9.988469631e-01 -4.790785065e-02 -1.684542615e+01 -9.937151726e-01 2.285190423e-03 1.119160682e-01 4.769352803e+02
6.507558738e-02 5.027971483e-02 9.966128735e-01 1.710158424e+02 -9.774107366e-04 9.987325434e-01 -5.032283207e-02 -1.686429025e+01 -9.978798685e-01 2.300691798e-03 6.504224758e-02 4.769243090e+02
1.577094259e-02 5.336796279e-02 9.984503704e-01 1.713985339e+02 1.273091259e-03 9.985726731e-01 -5.339460777e-02 -1.688090474e+01 -9.998748340e-01 2.113203377e-03 1.568045637e-02 4.769039352e+02
-3.414118677e-02 5.526183510e-02 9.978881075e-01 1.717874309e+02 7.427999493e-03 9.984565665e-01 -5.503918278e-02 -1.690255259e+01 -9.993895153e-01 5.533218837e-03 -3.449898530e-02 4.768429850e+02
-8.791678393e-02 5.337712144e-02 9.946966498e-01 1.721570593e+02 9.270406414e-03 9.985638911e-01 -5.276527401e-02 -1.692617423e+01 -9.960846518e-01 4.582289211e-03 -8.828537850e-02 4.768070047e+02
-1.407106516e-01 4.815929991e-02 9.888787522e-01 1.725557014e+02 8.317978383e-03 9.988384935e-01 -4.746075378e-02 -1.695001141e+01 -9.900158268e-01 1.547238273e-03 -1.409478274e-01 4.767259297e+02
-1.936984147e-01 4.264132938e-02 9.801341685e-01 1.729659096e+02 5.694746086e-03 9.990869966e-01 -4.234046838e-02 -1.696714819e+01 -9.810447992e-01 -2.619658739e-03 -1.937644053e-01 4.766243881e+02
-2.474332116e-01 3.745823758e-02 9.681807586e-01 1.733693848e+02 4.106522271e-03 9.992839675e-01 -3.761212178e-02 -1.699745600e+01 -9.688964233e-01 -5.330626618e-03 -2.474099539e-01 4.764952896e+02
-3.009782566e-01 3.457591282e-02 9.530041530e-01 1.737732336e+02 4.867449655e-03 9.993851594e-01 -3.472142498e-02 -1.701504915e+01 -9.536187157e-01 -5.811689701e-03 -3.009614627e-01 4.763233175e+02
-3.555819971e-01 3.129166711e-02 9.341213434e-01 1.741857207e+02 5.670475391e-03 9.994932047e-01 -3.132301572e-02 -1.704648478e+01 -9.346281037e-01 -5.840981568e-03 -3.555793006e-01 4.761276485e+02
-4.116193611e-01 2.981262050e-02 9.108681800e-01 1.745866281e+02 4.649767105e-03 9.995204787e-01 -3.061298474e-02 -1.705934415e+01 -9.113440768e-01 -8.365568455e-03 -4.115605578e-01 4.759330075e+02
-4.658587264e-01 2.921884778e-02 8.843766846e-01 1.750108607e+02 3.117532814e-03 9.995026794e-01 -3.138027833e-02 -1.706976909e+01 -8.848537505e-01 -1.186169982e-02 -4.657181749e-01 4.756801151e+02
-5.181021440e-01 2.874431900e-02 8.548358046e-01 1.754431617e+02 2.688694017e-03 9.994849101e-01 -3.197865390e-02 -1.707837462e+01 -8.553147056e-01 -1.426981215e-02 -5.179125593e-01 4.753879633e+02
-5.657387186e-01 2.726475315e-02 8.241339792e-01 1.758740521e+02 3.772805886e-03 9.995283108e-01 -3.047741635e-02 -1.709876332e+01 -8.245762204e-01 -1.413294748e-02 -5.655747252e-01 4.750475843e+02
-6.086443317e-01 2.828550493e-02 7.929389587e-01 1.763274957e+02 6.622917417e-03 9.995106370e-01 -3.057065452e-02 -1.710097228e+01 -7.934156439e-01 -1.335508518e-02 -6.085337907e-01 4.746775841e+02
-6.444777146e-01 2.716875853e-02 7.641402036e-01 1.767657361e+02 9.287063998e-03 9.995729349e-01 -2.770676229e-02 -1.713668656e+01 -7.645666550e-01 -1.075977235e-02 -6.444547382e-01 4.742834506e+02
-6.733937567e-01 2.761895044e-02 7.387681451e-01 1.772059670e+02 1.174958230e-02 9.995755483e-01 -2.665942843e-02 -1.714850022e+01 -7.391908545e-01 -9.272071039e-03 -6.734324111e-01 4.738559561e+02
-6.959992257e-01 2.805634460e-02 7.174941680e-01 1.776610040e+02 1.410491044e-02 9.995777591e-01 -2.540437478e-02 -1.716068579e+01 -7.179039790e-01 -7.561233457e-03 -6.961010319e-01 4.733849137e+02
-7.143519090e-01 2.771399686e-02 6.992375603e-01 1.781217763e+02 1.500801111e-02 9.995923788e-01 -2.428602086e-02 -1.717949791e+01 -6.996255999e-01 -6.854602152e-03 -7.144767659e-01 4.729013647e+02
-7.284757666e-01 2.866736568e-02 6.844715574e-01 1.785984932e+02 1.679279320e-02 9.995710861e-01 -2.399212724e-02 -1.719508962e+01 -6.848657674e-01 -5.983492832e-03 -7.286447330e-01 4.723789831e+02
-7.403500481e-01 2.972392969e-02 6.715644521e-01 1.790725720e+02 1.811863311e-02 9.995413434e-01 -2.426598498e-02 -1.720950474e+01 -6.719777021e-01 -5.797488244e-03 -7.405490581e-01 4.718446146e+02
-7.505095091e-01 3.041052133e-02 6.601596437e-01 1.795674005e+02 1.916108259e-02 9.995220222e-01 -2.425990678e-02 -1.722665750e+01 -6.605818974e-01 -5.557914790e-03 -7.507335021e-01 4.712797105e+02
-7.588082147e-01 3.063570439e-02 6.505931086e-01 1.800647878e+02 1.916117840e-02 9.995108277e-01 -2.471753611e-02 -1.724654567e+01 -6.510321304e-01 -6.289738399e-03 -7.590240959e-01 4.706853080e+02
-7.660853228e-01 3.111457381e-02 6.419855292e-01 1.805649766e+02 2.055383081e-02 9.995027016e-01 -2.391504911e-02 -1.726324895e+01 -6.424103693e-01 -5.125703431e-03 -7.663438495e-01 4.700767792e+02
-7.719021659e-01 3.081180491e-02 6.349943912e-01 1.810875202e+02 2.177961570e-02 9.995201876e-01 -2.202427308e-02 -1.728056968e+01 -6.353683142e-01 -3.170647858e-03 -7.722029024e-01 4.694505490e+02
-7.756107253e-01 3.007177427e-02 6.304947708e-01 1.816180584e+02 2.337098173e-02 9.995477518e-01 -1.892385245e-02 -1.729902563e+01 -6.307786954e-01 5.773694419e-05 -7.759628340e-01 4.687942670e+02
-7.780308703e-01 3.003870738e-02 6.275077738e-01 1.821747576e+02 2.520542337e-02 9.995445060e-01 -1.659650108e-02 -1.732078426e+01 -6.277205100e-01 2.904012007e-03 -7.784336517e-01 4.681150679e+02
-7.795374636e-01 3.197009823e-02 6.255392003e-01 1.827229868e+02 2.568120038e-02 9.994880944e-01 -1.907837970e-02 -1.733753567e+01 -6.258289264e-01 1.192285891e-03 -7.799594576e-01 4.674356036e+02
-7.806676279e-01 3.382354167e-02 6.240304957e-01 1.832776364e+02 2.488821164e-02 9.994248211e-01 -2.303519694e-02 -1.736182710e+01 -6.244507216e-01 -2.451827572e-03 -7.810604069e-01 4.667417402e+02
-7.822052793e-01 3.426761621e-02 6.220779123e-01 1.838722334e+02 2.302091093e-02 9.993940720e-01 -2.610569959e-02 -1.737778085e+01 -6.225955597e-01 -6.099212151e-03 -7.825202448e-01 4.660256130e+02
-7.832981960e-01 3.398683826e-02 6.207165841e-01 1.844662723e+02 2.465486610e-02 9.994171763e-01 -2.360968086e-02 -1.740246404e+01 -6.211572043e-01 -3.189735370e-03 -7.836796428e-01 4.652673774e+02
-7.849357215e-01 3.079751768e-02 6.188115953e-01 1.850719244e+02 2.465058614e-02 9.995253325e-01 -1.847699472e-02 -1.742674261e+01 -6.190869171e-01 7.508184785e-04 -7.853223144e-01 4.645095389e+02
-7.863791349e-01 2.955142027e-02 6.170373640e-01 1.856811153e+02 2.520645470e-02 9.995582542e-01 -1.574709012e-02 -1.744638297e+01 -6.172301440e-01 3.170145300e-03 -7.867766093e-01 4.637395453e+02
-7.874355868e-01 3.082552384e-02 6.156258009e-01 1.863044235e+02 2.698349581e-02 9.995151575e-01 -1.553348670e-02 -1.746519880e+01 -6.158061519e-01 4.380118192e-03 -7.878855395e-01 4.629528709e+02
-7.875193416e-01 3.217264675e-02 6.154494633e-01 1.869007874e+02 2.843154742e-02 9.994698099e-01 -1.586676522e-02 -1.748949592e+01 -6.156336189e-01 5.002795120e-03 -7.880165312e-01 4.621796402e+02
-7.877172840e-01 3.471119782e-02 6.150579953e-01 1.875139566e+02 3.076173092e-02 9.993821106e-01 -1.700359683e-02 -1.750633812e+01 -6.152681411e-01 5.526216864e-03 -7.882983794e-01 4.614026119e+02
-7.873882597e-01 3.742428497e-02 6.153209463e-01 1.881380021e+02 3.309493468e-02 9.992823328e-01 -1.842758188e-02 -1.753276249e+01 -6.155689915e-01 5.854348520e-03 -7.880616808e-01 4.606101794e+02
-7.865812876e-01 3.891315123e-02 6.162597221e-01 1.887676218e+02 3.365462218e-02 9.992305796e-01 -2.013943606e-02 -1.756071839e+01 -6.165692491e-01 4.898686877e-03 -7.872856557e-01 4.598176872e+02
-7.853637544e-01 3.956305433e-02 6.177690353e-01 1.894005582e+02 3.421061033e-02 9.992044105e-01 -2.049925632e-02 -1.758842185e+01 -6.180885246e-01 5.034880788e-03 -7.860924015e-01 4.590247082e+02
-7.836180042e-01 4.119356373e-02 6.198760633e-01 1.900308291e+02 3.657964180e-02 9.991275116e-01 -2.015429882e-02 -1.761657457e+01 -6.201654581e-01 6.881575095e-03 -7.844410445e-01 4.582153473e+02
-7.823175266e-01 4.112922590e-02 6.215209517e-01 1.906632495e+02 3.762348463e-02 9.991158935e-01 -1.875940907e-02 -1.764704366e+01 -6.217430225e-01 8.707973495e-03 -7.831733224e-01 4.574239771e+02
-7.813776772e-01 4.032585472e-02 6.227545127e-01 1.913005973e+02 3.771509452e-02 9.991374401e-01 -1.737658843e-02 -1.767668702e+01 -6.229180558e-01 9.909566521e-03 -7.822246343e-01 4.566418340e+02
-7.802333287e-01 4.080366277e-02 6.241561436e-01 1.919368372e+02 3.873577066e-02 9.991066909e-01 -1.689363901e-02 -1.771210473e+01 -6.242878973e-01 1.099618612e-02 -7.811169481e-01 4.558518036e+02
-7.790894409e-01 4.136267649e-02 6.255466437e-01 1.925778834e+02 3.924317622e-02 9.990819102e-01 -1.718617165e-02 -1.773940834e+01 -6.256832002e-01 1.115887180e-02 -7.799973680e-01 4.550539457e+02
-7.780935208e-01 4.161354104e-02 6.267685627e-01 1.932117809e+02 3.982197469e-02 9.990639215e-01 -1.689518370e-02 -1.776599183e+01 -6.268849703e-01 1.181312691e-02 -7.790223014e-01 4.542766149e+02
-7.768076426e-01 4.166572369e-02 6.283584032e-01 1.938573336e+02 4.019408422e-02 9.990547026e-01 -1.655627721e-02 -1.779562078e+01 -6.284542550e-01 1.239525219e-02 -7.777480256e-01 4.534873330e+02
-7.758428250e-01 4.369835437e-02 6.294113556e-01 1.944920055e+02 4.086930487e-02 9.989842061e-01 -1.897934401e-02 -1.782646808e+01 -6.296013890e-01 1.099861742e-02 -7.768406774e-01 4.527072991e+02
-7.746925088e-01 4.569692450e-02 6.306850567e-01 1.951304105e+02 4.117061549e-02 9.989141370e-01 -2.180603899e-02 -1.785548459e+01 -6.309966626e-01 9.072717377e-03 -7.757327182e-01 4.519293828e+02
-7.742206287e-01 4.534597232e-02 6.312895845e-01 1.957803228e+02 4.005945780e-02 9.989410976e-01 -2.262528592e-02 -1.789047976e+01 -6.316470600e-01 7.772158009e-03 -7.752173331e-01 4.511485405e+02
-7.735093955e-01 4.370665563e-02 6.322761309e-01 1.964092319e+02 3.986068578e-02 9.989991550e-01 -2.029224571e-02 -1.792507242e+01 -6.325302138e-01 9.506718715e-03 -7.744773898e-01 4.503741973e+02
-7.730936602e-01 4.125637957e-02 6.329488467e-01 1.970460352e+02 3.889043983e-02 9.990881245e-01 -1.762040115e-02 -1.795284675e+01 -6.330986508e-01 1.099343966e-02 -7.739932064e-01 4.495987787e+02
-7.729228195e-01 4.028673978e-02 6.332200759e-01 1.976736386e+02 3.825665520e-02 9.991255256e-01 -1.686945239e-02 -1.798625306e+01 -6.333460212e-01 1.118610363e-02 -7.737881872e-01 4.488396712e+02
-7.730973088e-01 4.050038204e-02 6.329933200e-01 1.983170658e+02 3.824090847e-02 9.991201518e-01 -1.722105247e-02 -1.801765149e+01 -6.331338536e-01 1.089269198e-02 -7.739657653e-01 4.480660075e+02
-7.735084413e-01 3.890747277e-02 6.325906373e-01 1.989691713e+02 3.518534941e-02 9.992108095e-01 -1.843309595e-02 -1.804651688e+01 -6.328085921e-01 7.999766737e-03 -7.742669340e-01 4.472940282e+02
-7.736987614e-01 3.869313690e-02 6.323712611e-01 1.996064207e+02 3.429286033e-02 9.992276982e-01 -1.918321802e-02 -1.807398377e+01 -6.326251186e-01 6.843789643e-03 -7.744281634e-01 4.465325741e+02
-7.736865809e-01 3.872389188e-02 6.323841755e-01 2.002290874e+02 3.477809032e-02 9.992212786e-01 -1.863803560e-02 -1.811125407e+01 -6.326134203e-01 7.573115380e-03 -7.744308425e-01 4.457601946e+02
-7.746007761e-01 3.910668429e-02 6.312402061e-01 2.008675293e+02 3.553495054e-02 9.992008949e-01 -1.829736376e-02 -1.814436799e+01 -6.314513770e-01 8.257937660e-03 -7.753715377e-01 4.449853258e+02
-7.751162059e-01 3.960939429e-02 6.305761200e-01 2.014979394e+02 3.641901595e-02 9.991745639e-01 -1.799581705e-02 -1.817690301e+01 -6.307684213e-01 9.016114480e-03 -7.759188907e-01 4.442237517e+02
-7.755142325e-01 3.986316927e-02 6.300704944e-01 2.021175469e+02 3.718368852e-02 9.991561130e-01 -1.744734036e-02 -1.820928241e+01 -6.302342752e-01 9.897686936e-03 -7.763420540e-01 4.434664857e+02
-7.757758951e-01 4.193050694e-02 6.296141285e-01 2.027359758e+02 3.856387631e-02 9.990751116e-01 -1.901928432e-02 -1.823993850e+01 -6.298293022e-01 9.525661605e-03 -7.766754591e-01 4.427034743e+02
-7.757328188e-01 4.251955356e-02 6.296273851e-01 2.033557576e+02 3.831400409e-02 9.990602865e-01 -2.026304572e-02 -1.826649788e+01 -6.298973040e-01 8.404835433e-03 -7.766329317e-01 4.419423093e+02
-7.756396516e-01 4.041740116e-02 6.298809629e-01 2.039732671e+02 3.754800907e-02 9.991349624e-01 -1.787436490e-02 -1.829759427e+01 -6.300584755e-01 9.786712024e-03 -7.764862091e-01 4.411890944e+02
-7.750003912e-01 3.703093440e-02 6.308749503e-01 2.045946732e+02 3.695328676e-02 9.992290309e-01 -1.325710455e-02 -1.832530489e+01 -6.308795107e-01 1.303864254e-02 -7.757712610e-01 4.404279672e+02
-7.745910642e-01 3.365749415e-02 6.315664309e-01 2.052176028e+02 3.514043519e-02 9.993307864e-01 -1.015808879e-02 -1.835372616e+01 -6.314856821e-01 1.432515560e-02 -7.752554735e-01 4.396861488e+02
-7.737010408e-01 3.341136840e-02 6.326696836e-01 2.058430420e+02 3.484298971e-02 9.993411239e-01 -1.016534597e-02 -1.837341901e+01 -6.325924508e-01 1.417916498e-02 -7.743553341e-01 4.389324131e+02
-7.721309258e-01 3.407425197e-02 6.345494968e-01 2.064598816e+02 3.566946484e-02 9.993109753e-01 -1.025811255e-02 -1.840095122e+01 -6.344618363e-01 1.471343559e-02 -7.728143808e-01 4.381958902e+02
-7.698178838e-01 3.422266866e-02 6.373455039e-01 2.070828705e+02 3.342002946e-02 9.993529852e-01 -1.329449749e-02 -1.842066446e+01 -6.373881040e-01 1.106576261e-02 -7.704634793e-01 4.374387329e+02
-7.680697489e-01 3.607985960e-02 6.393493070e-01 2.077140121e+02 3.341795051e-02 9.993093812e-01 -1.624719345e-02 -1.844422299e+01 -6.394939621e-01 8.886768886e-03 -7.687450726e-01 4.366919545e+02
-7.664238413e-01 3.640319183e-02 6.413031929e-01 2.083499637e+02 3.390726717e-02 9.992936798e-01 -1.620162021e-02 -1.846793125e+01 -6.414399696e-01 9.327533893e-03 -7.671167922e-01 4.359381350e+02
-7.651720350e-01 3.720354785e-02 6.427499982e-01 2.089899343e+02 3.529053564e-02 9.992517515e-01 -1.582633824e-02 -1.848768907e+01 -6.428578207e-01 1.057311717e-02 -7.659125389e-01 4.351767137e+02
-7.640875860e-01 3.955607749e-02 6.438986104e-01 2.096440527e+02 3.590314134e-02 9.991788611e-01 -1.877694414e-02 -1.851476043e+01 -6.441125911e-01 8.770752391e-03 -7.648803581e-01 4.344224136e+02
-7.630113875e-01 4.381792182e-02 6.448983961e-01 2.102913230e+02 3.872358507e-02 9.990063915e-01 -2.206216511e-02 -1.853901839e+01 -6.452243566e-01 8.139097069e-03 -7.639500019e-01 4.336595056e+02
-7.624034566e-01 4.371717993e-02 6.456236462e-01 2.109502533e+02 3.961290680e-02 9.989971895e-01 -2.086714561e-02 -1.856888341e+01 -6.458884326e-01 9.665847682e-03 -7.633707319e-01 4.328865357e+02
-7.625605864e-01 4.112846135e-02 6.456081970e-01 2.116308968e+02 3.717332543e-02 9.991137969e-01 -1.974123505e-02 -1.860129221e+01 -6.458479845e-01 8.945519019e-03 -7.634137072e-01 4.321075639e+02
-7.626022318e-01 4.022377333e-02 6.456161136e-01 2.123028560e+02 3.426871818e-02 9.991754312e-01 -2.177332936e-02 -1.863041034e+01 -6.459596180e-01 5.520049204e-03 -7.633518978e-01 4.313094258e+02
-7.634711126e-01 3.799808993e-02 6.447235596e-01 2.129870100e+02 3.013020471e-02 9.992763405e-01 -2.321469517e-02 -1.865866876e+01 -6.451391209e-01 1.701908622e-03 -7.640635445e-01 4.305183558e+02
-7.644714218e-01 3.380333599e-02 6.437709801e-01 2.136781785e+02 2.655546826e-02 9.994278947e-01 -2.094394956e-02 -1.869246204e+01 -6.441106482e-01 1.084589230e-03 -7.649317908e-01 4.297189439e+02
-7.650277989e-01 3.074898969e-02 6.432628538e-01 2.143715564e+02 2.462497587e-02 9.995257251e-01 -1.849262218e-02 -1.872345969e+01 -6.435263735e-01 1.692963390e-03 -7.654221504e-01 4.289077366e+02
-7.651755685e-01 3.188504176e-02 6.430316136e-01 2.150470592e+02 2.833634783e-02 9.994729078e-01 -1.584051842e-02 -1.875201744e+01 -6.431977625e-01 6.100391303e-03 -7.656757838e-01 4.280990147e+02
-7.654707068e-01 3.276633573e-02 6.426361657e-01 2.157371237e+02 3.089332607e-02 9.994223932e-01 -1.415960892e-02 -1.877806910e+01 -6.427289271e-01 9.014403735e-03 -7.660408261e-01 4.272869448e+02
-7.656380011e-01 3.505463670e-02 6.423160765e-01 2.164244596e+02 3.417080974e-02 9.993206104e-01 -1.380684322e-02 -1.880350709e+01 -6.423637254e-01 1.137741756e-02 -7.663156604e-01 4.264752214e+02
-7.654247280e-01 3.642860892e-02 6.424936135e-01 2.171037267e+02 3.572102717e-02 9.992623088e-01 -1.410128141e-02 -1.883717076e+01 -6.425333768e-01 1.215706329e-02 -7.661612700e-01 4.256568106e+02
-7.652713029e-01 3.717918446e-02 6.426333996e-01 2.177888720e+02 3.581203891e-02 9.992434540e-01 -1.516437438e-02 -1.886593435e+01 -6.427110439e-01 1.140915413e-02 -7.660238398e-01 4.248519030e+02
-7.645694471e-01 3.753940521e-02 6.434472239e-01 2.184805118e+02 3.588864129e-02 9.992332371e-01 -1.565204384e-02 -1.889190589e+01 -6.435414446e-01 1.112537061e-02 -7.653303832e-01 4.240459630e+02
-7.634030799e-01 3.788236713e-02 6.448107454e-01 2.191737791e+02 3.577589597e-02 9.992261159e-01 -1.634839992e-02 -1.892209922e+01 -6.449310463e-01 1.058826495e-02 -7.641675728e-01 4.232352649e+02
-7.623899296e-01 3.759196148e-02 6.460254272e-01 2.198560031e+02 3.483857815e-02 9.992477931e-01 -1.703201331e-02 -1.895583782e+01 -6.461797683e-01 9.521573377e-03 -7.631261495e-01 4.224405665e+02
-7.616036141e-01 3.799158556e-02 6.469286158e-01 2.205470819e+02 3.447425089e-02 9.992417120e-01 -1.809637864e-02 -1.898561710e+01 -6.471256018e-01 8.520113396e-03 -7.623358408e-01 4.216491266e+02
-7.601885807e-01 3.767893871e-02 6.486092100e-01 2.212422864e+02 3.387618044e-02 9.992576448e-01 -1.834492861e-02 -1.902026875e+01 -6.488189458e-01 8.026800162e-03 -7.609006925e-01 4.208408205e+02
-7.590405605e-01 3.984284889e-02 6.498230372e-01 2.219067737e+02 3.489327153e-02 9.991806454e-01 -2.050526606e-02 -1.905275698e+01 -6.501076327e-01 7.110125287e-03 -7.598087982e-01 4.200528784e+02
-7.584187387e-01 4.099168526e-02 6.504773259e-01 2.225943076e+02 3.401500212e-02 9.991495770e-01 -2.330474951e-02 -1.908732017e+01 -6.508794377e-01 4.451229461e-03 -7.591681515e-01 4.192739035e+02
-7.574932759e-01 4.052066400e-02 6.515841617e-01 2.232660553e+02 3.223538148e-02 9.991759829e-01 -2.466172479e-02 -1.912515137e+01 -6.520465779e-01 2.322974499e-03 -7.581753357e-01 4.185066023e+02
-7.569423841e-01 3.952142501e-02 6.522855457e-01 2.239277803e+02 3.128457664e-02 9.992166115e-01 -2.423761506e-02 -1.915548432e+01 -6.527324640e-01 2.060002037e-03 -7.575859086e-01 4.177463361e+02
-7.562877843e-01 3.791356454e-02 6.531395639e-01 2.245995392e+02 3.091987935e-02 9.992752391e-01 -2.220315496e-02 -1.919915231e+01 -6.535079926e-01 3.403020355e-03 -7.569118923e-01 4.169711031e+02
-7.561523834e-01 3.511792975e-02 6.534527208e-01 2.252718687e+02 2.891988805e-02 9.993767128e-01 -2.024355092e-02 -1.923479722e+01 -6.537563524e-01 3.590570836e-03 -7.566966967e-01 4.162084833e+02
-7.563173313e-01 3.192056744e-02 6.534260605e-01 2.259448207e+02 2.602696989e-02 9.994862975e-01 -1.870070646e-02 -1.926987334e+01 -6.536873268e-01 2.863035366e-03 -7.567596017e-01 4.154470791e+02
-7.567155110e-01 3.246392551e-02 6.529378286e-01 2.265925938e+02 2.781087726e-02 9.994606579e-01 -1.746183765e-02 -1.930758484e+01 -6.531525388e-01 4.945131351e-03 -7.572103337e-01 4.147080771e+02
-7.573686119e-01 3.225690545e-02 6.521907336e-01 2.272336785e+02 2.898841936e-02 9.994553826e-01 -1.576904731e-02 -1.933355386e+01 -6.523441884e-01 6.962998896e-03 -7.578912776e-01 4.139685525e+02
-7.583576438e-01 3.015058784e-02 6.511410977e-01 2.278709909e+02 2.830482665e-02 9.995106288e-01 -1.331608758e-02 -1.936540038e+01 -6.512239315e-01 8.332080294e-03 -7.588398535e-01 4.132419316e+02
-7.595098036e-01 2.991587184e-02 6.498077073e-01 2.284815667e+02 2.899720739e-02 9.995059771e-01 -1.212271191e-02 -1.939259747e+01 -6.498494089e-01 9.635293020e-03 -7.600020560e-01 4.125321322e+02
-7.613888453e-01 2.998971587e-02 6.476013787e-01 2.291000423e+02 2.922921122e-02 9.995016401e-01 -1.192087258e-02 -1.942545022e+01 -6.476361725e-01 9.852455841e-03 -7.618859800e-01 4.118198525e+02
-7.638994926e-01 3.049004320e-02 6.446148177e-01 2.296797461e+02 2.944838137e-02 9.994896915e-01 -1.237775630e-02 -1.945030816e+01 -6.446632612e-01 9.527503150e-03 -7.644074991e-01 4.111390636e+02
-7.671816666e-01 3.029232197e-02 6.407144352e-01 2.302464092e+02 2.922330355e-02 9.994976981e-01 -1.226369514e-02 -1.948117938e+01 -6.407640828e-01 9.315311506e-03 -7.676814453e-01 4.104688096e+02
-7.712098277e-01 3.089023863e-02 6.358310654e-01 2.307852705e+02 2.902947611e-02 9.994894200e-01 -1.334733392e-02 -1.950690531e+01 -6.359187127e-01 8.164246592e-03 -7.717127741e-01 4.098204989e+02
-7.760683776e-01 3.203581436e-02 6.298349036e-01 2.313074481e+02 2.997455710e-02 9.994539780e-01 -1.390209047e-02 -1.953108092e+01 -6.299363795e-01 8.090051135e-03 -7.766048752e-01 4.091796069e+02
-7.822322964e-01 3.322612651e-02 6.221007216e-01 2.317991955e+02 3.219827600e-02 9.993983764e-01 -1.289118616e-02 -1.955700036e+01 -6.221547601e-01 9.946672238e-03 -7.828315332e-01 4.085603254e+02
-7.899910528e-01 3.345068926e-02 6.122053195e-01 2.322643115e+02 3.286031746e-02 9.993854610e-01 -1.220306170e-02 -1.958377384e+01 -6.122372813e-01 1.047695246e-02 -7.906048520e-01 4.079597484e+02
-7.990141815e-01 3.391627806e-02 6.003550240e-01 2.327062817e+02 3.287890488e-02 9.993786350e-01 -1.269997897e-02 -1.960462216e+01 -6.004127123e-01 9.591550261e-03 -7.996328226e-01 4.073654228e+02
-8.104481613e-01 3.376050147e-02 5.848371611e-01 2.331185571e+02 3.174963219e-02 9.994020555e-01 -1.369422357e-02 -1.962481186e+01 -5.849497836e-01 7.469908107e-03 -8.110353334e-01 4.067920520e+02
-8.241366626e-01 3.566344476e-02 5.652674944e-01 2.334964891e+02 3.263134926e-02 9.993476662e-01 -1.547496984e-02 -1.964580723e+01 -5.654506315e-01 5.691952125e-03 -8.247628328e-01 4.062293169e+02
-8.399815381e-01 3.674615712e-02 5.413696280e-01 2.338431572e+02 3.328961064e-02 9.993148224e-01 -1.617808659e-02 -1.966687555e+01 -5.415931639e-01 4.432694191e-03 -8.406291822e-01 4.056718960e+02
-8.583068736e-01 3.683024418e-02 5.118132983e-01 2.341562049e+02 3.360752601e-02 9.993140957e-01 -1.555140328e-02 -1.969232400e+01 -5.120350205e-01 3.852904401e-03 -8.589559129e-01 4.051262489e+02
-8.781644988e-01 3.700236826e-02 4.769255426e-01 2.344375371e+02 3.392423669e-02 9.993108209e-01 -1.506693570e-02 -1.971295492e+01 -4.771543779e-01 2.948088070e-03 -8.788144630e-01 4.045794727e+02
-8.994127574e-01 3.947581466e-02 4.353145924e-01 2.346804028e+02 3.679024360e-02 9.992163662e-01 -1.459927414e-02 -1.973357676e+01 -4.355497823e-01 2.884559293e-03 -9.001603174e-01 4.040253333e+02
-9.212371772e-01 4.121671202e-02 3.868121429e-01 2.348871942e+02 3.902431138e-02 9.991467255e-01 -1.352312304e-02 -1.974723780e+01 -3.870394764e-01 2.637075331e-03 -9.220595991e-01 4.034578159e+02
-9.418863573e-01 4.093909294e-02 3.334282502e-01 2.350544107e+02 4.061009134e-02 9.991433683e-01 -7.959550228e-03 -1.975858047e+01 -3.334684927e-01 6.043561135e-03 -9.427420313e-01 4.029095259e+02
-9.608522318e-01 4.000503337e-02 2.741589691e-01 2.351896064e+02 4.125769249e-02 9.991478216e-01 -1.197863765e-03 -1.976678420e+01 -2.739732754e-01 1.016019797e-02 -9.616839001e-01 4.023310363e+02
-9.771646774e-01 3.997447543e-02 2.086898617e-01 2.352763427e+02 4.217190635e-02 9.990918083e-01 6.089053718e-03 -1.978179069e+01 -2.082569263e-01 1.475085716e-02 -9.779630859e-01 4.017593052e+02
-9.895806759e-01 4.072849321e-02 1.381017053e-01 2.353181424e+02 4.267202464e-02 9.990270419e-01 1.114054061e-02 -1.978686024e+01 -1.375135972e-01 1.691753901e-02 -9.903557329e-01 4.011773985e+02
-9.970245927e-01 4.276332212e-02 6.413434964e-02 2.353294603e+02 4.378051790e-02 9.989353949e-01 1.453913988e-02 -1.979187295e+01 -6.344433101e-02 1.730371498e-02 -9.978353431e-01 4.006258864e+02
-9.989437138e-01 4.484855034e-02 -9.997420387e-03 2.352839026e+02 4.467170868e-02 9.988525668e-01 1.726069295e-02 -1.978684904e+01 1.076006672e-02 1.679586013e-02 -9.998010393e-01 4.000684057e+02
-9.953432457e-01 4.648274153e-02 -8.444700633e-02 2.352055041e+02 4.489916412e-02 9.987800224e-01 2.055674072e-02 -1.977921977e+01 8.529951800e-02 1.666941135e-02 -9.962158941e-01 3.995223698e+02
-9.863169070e-01 4.857418242e-02 -1.575440152e-01 2.350807528e+02 4.536419580e-02 9.986843296e-01 2.390963052e-02 -1.976599531e+01 1.584981201e-01 1.643561147e-02 -9.872227124e-01 3.989925779e+02
-9.719191577e-01 5.235206070e-02 -2.294182340e-01 2.349170654e+02 4.722368725e-02 9.984976836e-01 2.779121230e-02 -1.975903591e+01 2.305285046e-01 1.617683207e-02 -9.729312642e-01 3.984889079e+02
-9.523828513e-01 5.484318108e-02 -2.999325373e-01 2.347169410e+02 4.734104849e-02 9.983587429e-01 3.222849072e-02 -1.974560479e+01 3.012077910e-01 1.649473822e-02 -9.534161082e-01 3.979746199e+02
-9.283093798e-01 5.725239928e-02 -3.673752557e-01 2.344716658e+02 4.701959553e-02 9.982176635e-01 3.675164443e-02 -1.972804077e+01 3.688245854e-01 1.684305162e-02 -9.293468034e-01 3.974720811e+02
-9.005154492e-01 6.205134535e-02 -4.303742282e-01 2.341949800e+02 4.839362848e-02 9.979186134e-01 4.262102650e-02 -1.970949046e+01 4.321231308e-01 1.755351739e-02 -9.016439697e-01 3.969680987e+02
-8.714676011e-01 6.319744568e-02 -4.863642600e-01 2.338854646e+02 4.549203910e-02 9.978040617e-01 4.814051988e-02 -1.968516234e+01 4.883385965e-01 1.982720497e-02 -8.724289617e-01 3.965336210e+02
-8.405167781e-01 6.603509734e-02 -5.377463052e-01 2.335419527e+02 4.372827275e-02 9.975746804e-01 5.415305490e-02 -1.966115205e+01 5.400180835e-01 2.200183498e-02 -8.413658714e-01 3.960734731e+02
-8.084484138e-01 6.705863576e-02 -5.847348775e-01 2.331809785e+02 4.065039147e-02 9.974775743e-01 5.819005862e-02 -1.963482653e+01 5.871620638e-01 2.327395006e-02 -8.091350727e-01 3.956229197e+02
-7.759537785e-01 6.761116649e-02 -6.271560029e-01 2.327971693e+02 3.707150439e-02 9.974085505e-01 6.165959841e-02 -1.960791862e+01 6.296996584e-01 2.459537761e-02 -7.764494139e-01 3.951790806e+02
-7.431112578e-01 6.626676014e-02 -6.658787303e-01 2.324319340e+02 3.155060219e-02 9.974475778e-01 6.405373184e-02 -1.957419476e+01 6.684237783e-01 2.659016915e-02 -7.433053582e-01 3.947439962e+02
-7.134844650e-01 6.768449322e-02 -6.973945522e-01 2.319991915e+02 2.913707133e-02 9.973284868e-01 6.698480586e-02 -1.953770666e+01 7.000652191e-01 2.747257706e-02 -7.135505094e-01 3.943341607e+02
-6.864456076e-01 6.751708036e-02 -7.240403262e-01 2.315473628e+02 2.400639153e-02 9.972416563e-01 7.023335158e-02 -1.950255231e+01 7.267851257e-01 3.082977011e-02 -6.861729624e-01 3.939203936e+02
-6.604815409e-01 6.696445887e-02 -7.478502263e-01 2.310713696e+02 1.831061074e-02 9.971553057e-01 7.311644303e-02 -1.946175788e+01 7.506189896e-01 3.459846447e-02 -6.598288872e-01 3.935283181e+02
-6.323484056e-01 6.567799354e-02 -7.718951513e-01 2.305721817e+02 1.173520880e-02 9.970974611e-01 7.522604678e-02 -1.942210126e+01 7.745953671e-01 3.851071529e-02 -6.312837859e-01 3.931330505e+02
-6.011912644e-01 6.236648329e-02 -7.966678270e-01 2.300660838e+02 3.435005845e-03 9.971422997e-01 7.546830443e-02 -1.937785737e+01 7.990978284e-01 4.263432173e-02 -5.996875631e-01 3.927081997e+02
-5.717189117e-01 6.040276237e-02 -8.182232654e-01 2.295252245e+02 -2.123120113e-03 9.971739972e-01 7.509673920e-02 -1.933091813e+01 8.204470009e-01 4.467140388e-02 -5.699750219e-01 3.923460670e+02
-5.415843164e-01 5.917234555e-02 -8.385613208e-01 2.289666288e+02 -6.316965627e-03 9.972050102e-01 7.444670811e-02 -1.928763893e+01 8.406227526e-01 4.561633510e-02 -5.396968746e-01 3.919970192e+02
-5.131796083e-01 5.812907811e-02 -8.563106539e-01 2.283862773e+02 -9.572268861e-03 9.972542138e-01 7.343335631e-02 -1.924443184e+01 8.582279878e-01 4.588132936e-02 -5.112140659e-01 3.916709454e+02
-4.860283426e-01 5.860824209e-02 -8.719756373e-01 2.277633952e+02 -9.587962433e-03 9.973311714e-01 7.237799554e-02 -1.920241733e+01 8.738904796e-01 4.353823027e-02 -4.841693566e-01 3.913606679e+02
-4.577331849e-01 5.770424064e-02 -8.872150441e-01 2.271310093e+02 -1.059342414e-02 9.974668104e-01 7.034036018e-02 -1.914510145e+01 8.890264747e-01 4.159576022e-02 -4.559623302e-01 3.910317279e+02
-4.311778524e-01 5.885537223e-02 -9.003454777e-01 2.264698715e+02 -9.758741356e-03 9.975076751e-01 6.988033393e-02 -1.909734674e+01 9.022143354e-01 3.891708075e-02 -4.295288325e-01 3.907403929e+02
-4.052474768e-01 5.901269459e-02 -9.123005182e-01 2.257894673e+02 -9.778282032e-03 9.975775772e-01 6.887244782e-02 -1.904854076e+01 9.141548660e-01 3.683110484e-02 -4.036887710e-01 3.904582245e+02
-3.798007770e-01 5.929033973e-02 -9.231664836e-01 2.250854098e+02 -7.226620732e-03 9.977233055e-01 6.705186532e-02 -1.900123279e+01 9.250402895e-01 3.213771482e-02 -3.785076558e-01 3.901884743e+02
-3.552077382e-01 6.027314694e-02 -9.328422314e-01 2.243668009e+02 -2.381856053e-03 9.978575486e-01 6.538090070e-02 -1.895000218e+01 9.347843576e-01 2.544569539e-02 -3.543031065e-01 3.899206422e+02
-3.317972173e-01 6.297881105e-02 -9.412464030e-01 2.236167268e+02 4.882413304e-03 9.978703111e-01 6.504643768e-02 -1.889794376e+01 9.433383568e-01 1.698665894e-02 -3.313980192e-01 3.896812191e+02
-3.105842961e-01 6.763096342e-02 -9.481367872e-01 2.228420555e+02 9.294083174e-03 9.976340218e-01 6.811712296e-02 -1.884721439e+01 9.505003642e-01 1.234404848e-02 -3.104780265e-01 3.894484075e+02
-2.907512467e-01 7.256969965e-02 -9.540427068e-01 2.220348439e+02 1.384891909e-02 9.973342441e-01 7.164214109e-02 -1.879186536e+01 9.566985400e-01 7.617579409e-03 -2.909812268e-01 3.892251004e+02
-2.730128508e-01 7.451099120e-02 -9.591206507e-01 2.212191326e+02 1.418248632e-02 9.971993721e-01 7.343218842e-02 -1.873419100e+01 9.619059684e-01 6.445206508e-03 -2.733049228e-01 3.890016566e+02
-2.569787243e-01 7.261473276e-02 -9.636852042e-01 2.203892616e+02 1.234103676e-02 9.973383867e-01 7.185965631e-02 -1.867615720e+01 9.663383046e-01 6.573522849e-03 -2.571908308e-01 3.887902352e+02
-2.405622639e-01 6.848165059e-02 -9.682149255e-01 2.195394549e+02 1.047927092e-02 9.976330775e-01 6.795872550e-02 -1.861404192e+01 9.705772114e-01 6.202115123e-03 -2.407104651e-01 3.885828620e+02
-2.230314891e-01 6.642016616e-02 -9.725458717e-01 2.186780054e+02 6.511308170e-03 9.977552606e-01 6.664863198e-02 -1.856024162e+01 9.747895637e-01 8.532191069e-03 -2.229632897e-01 3.883775439e+02
-2.059381191e-01 6.730067165e-02 -9.762481409e-01 2.177870553e+02 3.773240499e-03 9.976794294e-01 6.798215773e-02 -1.849960478e+01 9.785578895e-01 1.031648805e-02 -2.057142078e-01 3.881943621e+02
-1.899134756e-01 6.976568098e-02 -9.793190943e-01 2.168760348e+02 5.551676934e-03 9.975324816e-01 6.998658950e-02 -1.843996534e+01 9.817852783e-01 7.854526025e-03 -1.898322079e-01 3.880259306e+02
-1.754248459e-01 7.012789327e-02 -9.819921050e-01 2.159364598e+02 8.318349483e-03 9.975297241e-01 6.975149361e-02 -1.838231241e+01 9.844578432e-01 4.067588512e-03 -1.755749338e-01 3.878567773e+02
-1.639499835e-01 6.664385465e-02 -9.842150299e-01 2.149926267e+02 1.265505001e-02 9.977753176e-01 6.545399812e-02 -1.831895864e+01 9.863875607e-01 -1.724112746e-03 -1.644286392e-01 3.877084367e+02
-1.544409971e-01 6.069588958e-02 -9.861359227e-01 2.140271193e+02 1.448373575e-02 9.981430639e-01 5.916658810e-02 -1.826091827e+01 9.878958767e-01 -5.145190477e-03 -1.550332589e-01 3.875661343e+02
-1.451305750e-01 5.639019336e-02 -9.878042644e-01 2.130467070e+02 1.719423442e-02 9.983675035e-01 5.446699511e-02 -1.821121443e+01 9.892631231e-01 -9.079710300e-03 -1.458632582e-01 3.874249135e+02
-1.379536178e-01 5.512175014e-02 -9.889036859e-01 2.120429412e+02 1.824814110e-02 9.984220903e-01 5.310667255e-02 -1.815846433e+01 9.902706113e-01 -1.071939728e-02 -1.387418447e-01 3.872870921e+02
-1.341771742e-01 5.698398310e-02 -9.893176684e-01 2.110179007e+02 1.671038348e-02 9.983334344e-01 5.523692615e-02 -1.810746579e+01 9.908165335e-01 -9.120343315e-03 -1.349058149e-01 3.871507547e+02
-1.307135458e-01 5.962823100e-02 -9.896253360e-01 2.099440992e+02 1.738362711e-02 9.981740785e-01 5.784721793e-02 -1.804872486e+01 9.912677238e-01 -9.641862565e-03 -1.315114358e-01 3.870217490e+02
-1.264757177e-01 6.045240772e-02 -9.901260518e-01 2.089049007e+02 1.927433347e-02 9.981026321e-01 5.847738206e-02 -1.799975812e+01 9.917825615e-01 -1.168805510e-02 -1.274008812e-01 3.868871896e+02
-1.228350301e-01 6.074349919e-02 -9.905663750e-01 2.078561075e+02 1.712420060e-02 9.981062411e-01 5.908237135e-02 -1.794275689e+01 9.922793385e-01 -9.705266550e-03 -1.236426797e-01 3.867533394e+02
-1.203707356e-01 6.024497244e-02 -9.908993949e-01 2.067967937e+02 1.555399116e-02 9.981488369e-01 5.879628817e-02 -1.788288941e+01 9.926072613e-01 -8.335088190e-03 -1.210850139e-01 3.866106933e+02
-1.178153309e-01 6.045900247e-02 -9.911933325e-01 2.056609222e+02 1.660188609e-02 9.981253481e-01 5.890849031e-02 -1.781945235e+01 9.928967460e-01 -9.515353949e-03 -1.185982601e-01 3.864974743e+02
-1.148385790e-01 5.938352799e-02 -9.916076824e-01 2.045799529e+02 1.686769747e-02 9.981842953e-01 5.782392145e-02 -1.776375530e+01 9.932410435e-01 -1.008572522e-02 -1.156317073e-01 3.863785407e+02
-1.117863144e-01 5.849478111e-02 -9.920091770e-01 2.035029544e+02 1.283021637e-02 9.982677711e-01 5.741802749e-02 -1.771411333e+01 9.936494585e-01 -6.309141083e-03 -1.123431151e-01 3.862442732e+02
-1.094912486e-01 5.878599727e-02 -9.922479002e-01 2.024073772e+02 1.124341176e-02 9.982589960e-01 5.790145405e-02 -1.765714439e+01 9.939241887e-01 -4.816550784e-03 -1.099615464e-01 3.861267013e+02
-1.070618615e-01 5.966478598e-02 -9.924606965e-01 2.013198797e+02 9.022213975e-03 9.982149880e-01 5.903746065e-02 -1.760273447e+01 9.942115796e-01 -2.633538679e-03 -1.074091257e-01 3.859966544e+02
-1.042672453e-01 5.937015026e-02 -9.927757183e-01 2.002347753e+02 8.343575206e-03 9.982337450e-01 5.882026196e-02 -1.755109731e+01 9.945143752e-01 -2.150279155e-03 -1.045783764e-01 3.858793335e+02
-1.013201194e-01 5.939482950e-02 -9.930793607e-01 1.991289032e+02 5.738770891e-03 9.982345159e-01 5.911765175e-02 -1.749195030e+01 9.948373654e-01 2.907438228e-04 -1.014819910e-01 3.857678582e+02
-9.781151680e-02 6.040321996e-02 -9.933702973e-01 1.980239102e+02 3.395756701e-03 9.981708726e-01 6.036076914e-02 -1.743722019e+01 9.951992761e-01 2.530730443e-03 -9.783773616e-02 3.856479049e+02
-9.526669955e-02 5.990488839e-02 -9.936477813e-01 1.969115939e+02 1.539247052e-03 9.981952968e-01 6.003148021e-02 -1.737926557e+01 9.954507038e-01 4.189530056e-03 -9.518702181e-02 3.855346751e+02
-9.345635802e-02 5.978117086e-02 -9.938270124e-01 1.957945674e+02 1.222890102e-03 9.982018804e-01 5.992933479e-02 -1.731988643e+01 9.956226034e-01 4.385437703e-03 -9.336145302e-02 3.854339703e+02
-9.128518555e-02 6.046501088e-02 -9.939874573e-01 1.946765518e+02 1.012741684e-04 9.981555014e-01 6.070925587e-02 -1.725834054e+01 9.958248148e-01 5.441186326e-03 -9.112285338e-02 3.853277835e+02
-8.840757966e-02 6.351403742e-02 -9.940573293e-01 1.935538230e+02 -1.814251616e-03 9.979531258e-01 6.392430212e-02 -1.719922785e+01 9.960826897e-01 7.454865048e-03 -8.811136877e-02 3.852103780e+02
-8.560309998e-02 6.362181327e-02 -9.942959425e-01 1.924329083e+02 -3.609764882e-03 9.979327583e-01 6.416530226e-02 -1.714041195e+01 9.963228157e-01 9.081920596e-03 -8.519637314e-02 3.851012534e+02
-8.312781516e-02 6.190253277e-02 -9.946143699e-01 1.913014110e+02 -6.070018002e-03 9.980188809e-01 6.262173762e-02 -1.708086128e+01 9.965203848e-01 1.124293812e-02 -8.258735408e-02 3.850149709e+02
-8.062506987e-02 6.127920102e-02 -9.948590492e-01 1.901808585e+02 -7.176843642e-03 9.980468212e-01 6.205717881e-02 -1.702242363e+01 9.967187105e-01 1.214331087e-02 -8.002779818e-02 3.849218437e+02
-7.796888476e-02 6.215271054e-02 -9.950165573e-01 1.890630378e+02 -9.123969161e-03 9.979685193e-01 6.305205154e-02 -1.696283993e+01 9.969140554e-01 1.399459620e-02 -7.724345344e-02 3.848278882e+02
-7.516046205e-02 6.176962971e-02 -9.952566402e-01 1.879435491e+02 -9.453667164e-03 9.979905776e-01 6.265324726e-02 -1.690356955e+01 9.971268062e-01 1.411786112e-02 -7.442542685e-02 3.847379464e+02
-7.321806654e-02 6.227244495e-02 -9.953699521e-01 1.868105974e+02 -8.178179289e-03 9.979776625e-01 6.303716959e-02 -1.685468332e+01 9.972824943e-01 1.275577132e-02 -7.256070330e-02 3.846601611e+02
-7.114731010e-02 6.399304263e-02 -9.954110698e-01 1.856945271e+02 -8.825853982e-03 9.978604389e-01 6.478134574e-02 -1.679391495e+01 9.974268737e-01 1.339436061e-02 -7.043033488e-02 3.845728748e+02
-6.988304711e-02 6.577335261e-02 -9.953844660e-01 1.845727155e+02 -1.065444498e-02 9.977178523e-01 6.667554933e-02 -1.673377841e+01 9.974982631e-01 1.526476068e-02 -6.902278151e-02 3.844959179e+02
-6.821556637e-02 6.630733835e-02 -9.954647803e-01 1.834625466e+02 -1.164644942e-02 9.976680517e-01 6.725218659e-02 -1.666943311e+01 9.976027555e-01 1.618127018e-02 -6.728422835e-02 3.844146457e+02
-6.650270683e-02 6.759734680e-02 -9.954937992e-01 1.823463922e+02 -1.252019178e-02 9.975674091e-01 6.857454828e-02 -1.661753271e+01 9.977076504e-01 1.702417026e-02 -6.549461661e-02 3.843357657e+02
-6.521709014e-02 6.919521743e-02 -9.954692897e-01 1.812447211e+02 -1.163745748e-02 9.974722953e-01 7.009687065e-02 -1.655525790e+01 9.978034032e-01 1.615622673e-02 -6.424695123e-02 3.842671653e+02
-6.330979192e-02 7.119951044e-02 -9.954509486e-01 1.801357434e+02 -1.058975311e-02 9.973477587e-01 7.200868677e-02 -1.648512976e+01 9.979377978e-01 1.510043423e-02 -6.238797961e-02 3.841906351e+02
-6.196451158e-02 7.275960406e-02 -9.954228072e-01 1.790359867e+02 -1.011539670e-02 9.972422797e-01 7.352227786e-02 -1.642152105e+01 9.980271113e-01 1.462486151e-02 -6.105761348e-02 3.841169536e+02
-6.080228244e-02 7.330264870e-02 -9.954547311e-01 1.779463901e+02 -9.487989353e-03 9.972122308e-01 7.401160319e-02 -1.635108442e+01 9.981048951e-01 1.394492453e-02 -5.993729859e-02 3.840552039e+02
-5.930730935e-02 7.227295049e-02 -9.956201605e-01 1.768503250e+02 -9.603575340e-03 9.972881656e-01 7.296611260e-02 -1.628589668e+01 9.981936750e-01 1.388892579e-02 -5.845238115e-02 3.839884182e+02
-5.772795271e-02 7.042127934e-02 -9.958457181e-01 1.757594964e+02 -1.062417327e-02 9.974092310e-01 7.114772486e-02 -1.622447286e+01 9.982759592e-01 1.468723448e-02 -5.683018713e-02 3.839190412e+02
-5.734171143e-02 6.898635894e-02 -9.959684468e-01 1.746712759e+02 -1.061694639e-02 9.975111965e-01 6.970448567e-02 -1.616049078e+01 9.982983058e-01 1.457110716e-02 -5.646649652e-02 3.838536648e+02
-5.691009472e-02 6.930988070e-02 -9.959705931e-01 1.735917418e+02 -9.420364727e-03 9.975056851e-01 6.995499220e-02 -1.609497120e+01 9.983348783e-01 1.336355658e-02 -5.611529444e-02 3.837870452e+02
-5.698288510e-02 7.135735422e-02 -9.958219698e-01 1.725053312e+02 -8.276301191e-03 9.973744426e-01 7.194220218e-02 -1.603498538e+01 9.983410414e-01 1.234118549e-02 -5.624275376e-02 3.837295118e+02
-5.716714169e-02 7.288569973e-02 -9.957005958e-01 1.714295256e+02 -6.336364845e-03 9.972849652e-01 7.336548093e-02 -1.597071890e+01 9.983445701e-01 1.050321609e-02 -5.655018221e-02 3.836720224e+02
-5.708993829e-02 7.358833749e-02 -9.956534023e-01 1.703642966e+02 -5.759293127e-03 9.972389587e-01 7.403576290e-02 -1.590617787e+01 9.983525321e-01 9.960949009e-03 -5.650850866e-02 3.836090521e+02
-5.702155436e-02 7.349080032e-02 -9.956644613e-01 1.693032142e+02 -6.707318153e-03 9.972363494e-01 7.399095120e-02 -1.584122377e+01 9.983504299e-01 1.089731193e-02 -5.637106814e-02 3.835353358e+02
-5.747333508e-02 7.273718490e-02 -9.956937905e-01 1.682297016e+02 -7.743075940e-03 9.972798483e-01 7.329999936e-02 -1.577142714e+01 9.983170223e-01 1.192251934e-02 -5.675375972e-02 3.834733380e+02
-5.719673575e-02 7.252552569e-02 -9.957252710e-01 1.671711316e+02 -9.004787331e-03 9.972798387e-01 7.315602335e-02 -1.570373235e+01 9.983224069e-01 1.315056775e-02 -5.638806171e-02 3.834050800e+02
-5.715192307e-02 7.221462225e-02 -9.957504270e-01 1.661208392e+02 -9.925486642e-03 9.972901559e-01 7.289597603e-02 -1.563801302e+01 9.983162525e-01 1.404945119e-02 -5.628028225e-02 3.833362504e+02
-5.664907919e-02 7.185717467e-02 -9.958050161e-01 1.650750070e+02 -1.031601739e-02 9.973112333e-01 7.255272400e-02 -1.557534599e+01 9.983409339e-01 1.438278115e-02 -5.575558338e-02 3.832629054e+02
-5.693180288e-02 7.238735875e-02 -9.957503718e-01 1.640303846e+02 -7.866998905e-03 9.973045495e-01 7.295013540e-02 -1.551854381e+01 9.983470480e-01 1.198674511e-02 -5.620887808e-02 3.832302580e+02
-5.634417537e-02 7.222243997e-02 -9.957957295e-01 1.629930813e+02 -7.459578687e-03 9.973219099e-01 7.275520671e-02 -1.545530010e+01 9.983834783e-01 1.152755440e-02 -5.565455051e-02 3.831650540e+02
-5.602719523e-02 7.212114112e-02 -9.958210372e-01 1.619552283e+02 -7.381156686e-03 9.973304842e-01 7.264574410e-02 -1.539845105e+01 9.984019614e-01 1.142045216e-02 -5.534528095e-02 3.831147015e+02
-5.487021856e-02 7.157456544e-02 -9.959249018e-01 1.609270182e+02 -7.464465701e-03 9.973702074e-01 7.208969187e-02 -1.533436897e+01 9.984656303e-01 1.138962497e-02 -5.419166849e-02 3.830553086e+02
-5.311096392e-02 7.044404651e-02 -9.961007770e-01 1.598911623e+02 -7.990403742e-03 9.974467953e-01 7.096527321e-02 -1.527685390e+01 9.985566401e-01 1.172828521e-02 -5.241247743e-02 3.829970452e+02
-5.095161959e-02 6.720759952e-02 -9.964372267e-01 1.588739840e+02 -8.331437248e-03 9.976698173e-01 6.771675314e-02 -1.522000156e+01 9.986663682e-01 1.175202913e-02 -5.027288886e-02 3.829394315e+02
-4.856763407e-02 6.403633195e-02 -9.967650852e-01 1.578622215e+02 -8.370704392e-03 9.978815598e-01 6.451592850e-02 -1.516143156e+01 9.987849015e-01 1.147700724e-02 -4.792869341e-02 3.828890976e+02
-4.587836808e-02 6.301477958e-02 -9.969575449e-01 1.568626800e+02 -6.241492693e-03 9.979708125e-01 6.336605032e-02 -1.510973054e+01 9.989275559e-01 9.129639362e-03 -4.539202710e-02 3.828437085e+02
-4.354390087e-02 6.393660005e-02 -9.970035993e-01 1.558731718e+02 -6.874613619e-03 9.979072913e-01 6.429480237e-02 -1.505903815e+01 9.990279163e-01 9.653655710e-03 -4.301314523e-02 3.828074151e+02
-4.038442092e-02 6.566153362e-02 -9.970245318e-01 1.548887789e+02 -4.507710528e-03 9.978163254e-01 6.589627082e-02 -1.501201836e+01 9.991741726e-01 7.155468206e-03 -4.000024026e-02 3.827646833e+02
-3.764892273e-02 6.807652675e-02 -9.969694726e-01 1.539172462e+02 -2.945358401e-03 9.976648951e-01 6.823523954e-02 -1.496127337e+01 9.992867071e-01 5.505414044e-03 -3.736050251e-02 3.827297969e+02
-3.428560536e-02 6.812513597e-02 -9.970875820e-01 1.529661142e+02 -3.179899221e-03 9.976615856e-01 6.827370112e-02 -1.491080255e+01 9.994071259e-01 5.511437318e-03 -3.398878939e-02 3.826937515e+02
-3.079830427e-02 6.837267033e-02 -9.971844839e-01 1.520248034e+02 -2.632728459e-03 9.976485886e-01 6.848581142e-02 -1.486555779e+01 9.995222274e-01 4.734556924e-03 -3.054587456e-02 3.826652421e+02
-2.690357445e-02 6.761267196e-02 -9.973488450e-01 1.511235360e+02 -2.885322756e-03 9.977005546e-01 6.771435281e-02 -1.481349872e+01 9.996338682e-01 4.699431077e-03 -2.664657358e-02 3.826387866e+02
-2.310599247e-02 6.694510319e-02 -9.974891647e-01 1.502294057e+02 -1.590267929e-03 9.977517471e-01 6.699956261e-02 -1.476611486e+01 9.997318292e-01 3.134364208e-03 -2.294754776e-02 3.826196688e+02
-2.065048354e-02 6.805629165e-02 -9.974678479e-01 1.493490378e+02 -1.202128487e-03 9.976780934e-01 6.809552751e-02 -1.471994887e+01 9.997861120e-01 2.605290457e-03 -2.052070734e-02 3.826083690e+02
-1.917135570e-02 6.693755880e-02 -9.975731259e-01 1.485060512e+02 1.974021018e-03 9.977569257e-01 6.691197006e-02 -1.468547600e+01 9.998143841e-01 -6.864474443e-04 -1.926052553e-02 3.825914788e+02
-2.028225129e-02 6.578412492e-02 -9.976277987e-01 1.476712490e+02 6.417792616e-03 9.978210100e-01 6.566639676e-02 -1.464537037e+01 9.997737722e-01 -5.070711105e-03 -2.066021456e-02 3.825795507e+02
-2.272041471e-02 6.478625128e-02 -9.976406208e-01 1.468565074e+02 8.474462996e-03 9.978746989e-01 6.460846607e-02 -1.459930699e+01 9.997060780e-01 -6.986546906e-03 -2.322114255e-02 3.825576117e+02
-2.591935978e-02 6.635071856e-02 -9.974597095e-01 1.460677970e+02 1.135744128e-02 9.977500517e-01 6.607491069e-02 -1.456272541e+01 9.995995400e-01 -9.615973131e-03 -2.661456331e-02 3.825268680e+02
-3.217298092e-02 6.957576959e-02 -9.970577841e-01 1.452755954e+02 1.426063526e-02 9.975045521e-01 6.914678866e-02 -1.451955605e+01 9.993806510e-01 -1.199402279e-02 -3.308486557e-02 3.825176615e+02
-4.018619443e-02 7.112673531e-02 -9.966574563e-01 1.445156301e+02 1.791856218e-02 9.973540609e-01 7.045395340e-02 -1.448216098e+01 9.990315440e-01 -1.502738520e-02 -4.135442698e-02 3.824816698e+02
-5.122487589e-02 7.116887015e-02 -9.961481897e-01 1.437717030e+02 2.020535556e-02 9.973272970e-01 7.021409776e-02 -1.444681427e+01 9.984828581e-01 -1.653082264e-02 -5.252600154e-02 3.824439959e+02
-6.303209001e-02 7.011175280e-02 -9.955458611e-01 1.430522958e+02 2.211130183e-02 9.973825652e-01 6.884116333e-02 -1.440924452e+01 9.977666459e-01 -1.767362453e-02 -6.441731731e-02 3.823814033e+02
-7.681467673e-02 7.094120334e-02 -9.945185378e-01 1.423477640e+02 2.381330587e-02 9.973115161e-01 6.930115358e-02 -1.437192961e+01 9.967611304e-01 -1.835944079e-02 -7.829746674e-02 3.823180826e+02
-9.222735622e-02 7.238489545e-02 -9.931034786e-01 1.416906726e+02 2.518649196e-02 9.972047339e-01 7.034480783e-02 -1.433487936e+01 9.954193638e-01 -1.852507044e-02 -9.379271825e-02 3.822504153e+02
-1.103630998e-01 7.506795060e-02 -9.910523508e-01 1.410441790e+02 2.731725028e-02 9.969959563e-01 7.247611786e-02 -1.430215150e+01 9.935158708e-01 -1.907413966e-02 -1.120822379e-01 3.821644339e+02
-1.335736782e-01 7.804423612e-02 -9.879612122e-01 1.404329626e+02 3.132288126e-02 9.967288188e-01 7.450195594e-02 -1.426693999e+01 9.905438754e-01 -2.099430152e-02 -1.355811899e-01 3.820765772e+02
-1.640369079e-01 8.066130677e-02 -9.831509545e-01 1.398480766e+02 3.703483410e-02 9.964522396e-01 7.557340660e-02 -1.423811671e+01 9.857588321e-01 -2.401400387e-02 -1.664422459e-01 3.819719055e+02
-2.010800106e-01 8.237667465e-02 -9.761048471e-01 1.393013623e+02 4.263303709e-02 9.962495590e-01 7.529422307e-02 -1.419960720e+01 9.786464849e-01 -2.647414309e-02 -2.038378842e-01 3.818407142e+02
-2.444033594e-01 8.335013781e-02 -9.660847574e-01 1.387848772e+02 4.502395213e-02 9.961997767e-01 7.455803582e-02 -1.418013352e+01 9.686277710e-01 -2.527471860e-02 -2.472273433e-01 3.816839266e+02
-2.929927604e-01 8.395534740e-02 -9.524215677e-01 1.382841903e+02 4.808253845e-02 9.961707515e-01 7.302021535e-02 -1.415003092e+01 9.549048892e-01 -2.440045946e-02 -2.959075442e-01 3.814809114e+02
-3.467508230e-01 8.431653803e-02 -9.341597799e-01 1.378431779e+02 4.989152194e-02 9.961994585e-01 7.139693990e-02 -1.412287747e+01 9.366293850e-01 -2.184970108e-02 -3.496397296e-01 3.812844653e+02
-4.042497984e-01 8.450453691e-02 -9.107365995e-01 1.373965016e+02 5.328070413e-02 9.962076543e-01 6.878537785e-02 -1.409326170e+01 9.130954143e-01 -2.071821707e-02 -4.072191616e-01 3.810419757e+02
-4.642601987e-01 8.520558334e-02 -8.815910352e-01 1.369912079e+02 5.747179526e-02 9.961622360e-01 6.601329656e-02 -1.406604891e+01 8.838323899e-01 -2.001928092e-02 -4.673753620e-01 3.807968774e+02
-5.246538635e-01 8.920469933e-02 -8.466291292e-01 1.366017088e+02 6.518606553e-02 9.957847940e-01 6.452478167e-02 -1.404502882e+01 8.488163128e-01 -2.133524523e-02 -5.282572695e-01 3.805206936e+02
-5.855969774e-01 9.261490535e-02 -8.052942284e-01 1.362218683e+02 7.006588107e-02 9.955166043e-01 6.354113898e-02 -1.402133603e+01 8.075686678e-01 -1.921415294e-02 -5.894606424e-01 3.802093244e+02
-6.442165701e-01 9.340984898e-02 -7.591176769e-01 1.358716819e+02 7.309356189e-02 9.954904441e-01 6.046563168e-02 -1.399449170e+01 7.613424770e-01 -1.653365509e-02 -6.481390051e-01 3.798659528e+02
-6.994797056e-01 9.036749913e-02 -7.089165055e-01 1.355683931e+02 7.176857120e-02 9.958407127e-01 5.612933656e-02 -1.398068502e+01 7.110402148e-01 -1.161660344e-02 -7.030558529e-01 3.795004931e+02
-7.480919346e-01 9.091186051e-02 -6.573382856e-01 1.353127499e+02 7.357597602e-02 9.958270515e-01 5.399183031e-02 -1.397241126e+01 6.595037503e-01 -7.973453367e-03 -7.516590819e-01 3.790937329e+02
-7.933155609e-01 9.141519070e-02 -6.019084962e-01 1.350730236e+02 7.477639499e-02 9.958076769e-01 5.268355870e-02 -1.394170311e+01 6.042011683e-01 -3.213859189e-03 -7.968253951e-01 3.786846830e+02
-8.346990244e-01 9.343240612e-02 -5.427230746e-01 1.348454781e+02 7.621008097e-02 9.956180879e-01 5.419069199e-02 -1.392095769e+01 5.454080563e-01 3.871945562e-03 -8.381618425e-01 3.782551145e+02
-8.714159584e-01 9.214416443e-02 -4.818131702e-01 1.346618588e+02 7.401508266e-02 9.956525750e-01 5.654819739e-02 -1.390515738e+01 4.849291347e-01 1.361555572e-02 -8.744475728e-01 3.778025691e+02
-9.027596886e-01 8.739558810e-02 -4.211734230e-01 1.344966739e+02 7.029085323e-02 9.959533767e-01 5.600112241e-02 -1.388906629e+01 4.243633498e-01 2.095091493e-02 -9.052496615e-01 3.773355791e+02
-9.280177163e-01 8.506542916e-02 -3.626946275e-01 1.343619805e+02 6.997998467e-02 9.960554064e-01 5.455615979e-02 -1.387718140e+01 3.659047964e-01 2.524770889e-02 -9.303099022e-01 3.768657613e+02
-9.479021146e-01 8.199226843e-02 -3.078296795e-01 1.342366904e+02 7.021158298e-02 9.963194499e-01 4.917261423e-02 -1.385422929e+01 3.107284418e-01 2.499761192e-02 -9.501701131e-01 3.763774196e+02
-9.629870360e-01 7.964984248e-02 -2.575118224e-01 1.341400161e+02 7.076884070e-02 9.965398674e-01 4.358941590e-02 -1.383628914e+01 2.600926831e-01 2.375222594e-02 -9.652917037e-01 3.758736862e+02
-9.743518811e-01 7.336806471e-02 -2.127340378e-01 1.340646380e+02 6.721912962e-02 9.970883874e-01 3.600445307e-02 -1.381862622e+01 2.147562077e-01 2.078121052e-02 -9.764467968e-01 3.753551741e+02
-9.823746428e-01 6.714667705e-02 -1.744481241e-01 1.340047534e+02 6.305509517e-02 9.975915561e-01 2.889828595e-02 -1.379721287e+01 1.759684071e-01 1.738909460e-02 -9.842425156e-01 3.748263191e+02
-9.881099688e-01 5.719279284e-02 -1.427158282e-01 1.339680260e+02 5.400013042e-02 9.981985210e-01 2.614777065e-02 -1.378130269e+01 1.439541916e-01 1.813019987e-02 -9.894183557e-01 3.743003948e+02
-9.918422273e-01 5.268419280e-02 -1.160759199e-01 1.339327017e+02 4.989363737e-02 9.983944110e-01 2.681858131e-02 -1.376890180e+01 1.173024578e-01 2.080835055e-02 -9.928784216e-01 3.737421650e+02
-9.943372572e-01 5.370247380e-02 -9.170527555e-02 1.338928102e+02 5.126860866e-02 9.982726149e-01 2.869444994e-02 -1.375744388e+01 9.308782457e-02 2.383035566e-02 -9.953728780e-01 3.731755506e+02
-9.957979764e-01 5.777165746e-02 -7.105829900e-02 1.338599551e+02 5.572620893e-02 9.979819383e-01 3.044033520e-02 -1.374371507e+01 7.267349324e-02 2.635261037e-02 -9.970078613e-01 3.725825681e+02
-9.968909195e-01 5.774283456e-02 -5.361302683e-02 1.338407827e+02 5.614381631e-02 9.979453736e-01 3.086822124e-02 -1.373084845e+01 5.528529502e-02 2.776221066e-02 -9.980846991e-01 3.719935041e+02
-9.977050289e-01 5.523959301e-02 -3.916588960e-02 1.338350763e+02 5.417899674e-02 9.981485157e-01 2.764336924e-02 -1.371462396e+01 4.062038283e-02 2.545795358e-02 -9.988506569e-01 3.713915482e+02
-9.983988494e-01 4.979426750e-02 -2.684826378e-02 1.338416016e+02 4.913802329e-02 9.984896653e-01 2.457252022e-02 -1.370477326e+01 2.803128415e-02 2.321390208e-02 -9.993378156e-01 3.707763584e+02
-9.984953136e-01 5.196986078e-02 -1.750441406e-02 1.338422525e+02 5.158539061e-02 9.984318389e-01 2.174294192e-02 -1.368976282e+01 1.860694319e-02 2.080725263e-02 -9.996104599e-01 3.701465383e+02
-9.983600507e-01 5.646187385e-02 -9.459893290e-03 1.338352334e+02 5.625546504e-02 9.981992479e-01 2.082404195e-02 -1.367793249e+01 1.061862217e-02 2.025771935e-02 -9.997385612e-01 3.694987896e+02
-9.982850864e-01 5.842357341e-02 -3.762715883e-03 1.338376429e+02 5.833634016e-02 9.980931982e-01 2.016929029e-02 -1.366524675e+01 4.933902973e-03 1.991519459e-02 -9.997897218e-01 3.688376301e+02
-9.982944554e-01 5.837549004e-02 -8.181090454e-04 1.338421596e+02 5.834798946e-02 9.981008791e-01 1.975111420e-02 -1.365959809e+01 1.969535715e-03 1.966969190e-02 -9.998047384e-01 3.681513764e+02
-9.982800375e-01 5.862765424e-02 6.647074505e-04 1.338591102e+02 5.863013526e-02 9.981186536e-01 1.793521195e-02 -1.364539159e+01 3.880432579e-04 1.794333269e-02 -9.998391879e-01 3.674577960e+02
-9.981138493e-01 6.114695766e-02 5.494907918e-03 1.338556847e+02 6.122494939e-02 9.980056985e-01 1.536801308e-02 -1.362976715e+01 -4.544242629e-03 1.567545018e-02 -9.998669808e-01 3.667300466e+02
-9.976955929e-01 6.705160149e-02 1.039322844e-02 1.338633910e+02 6.719372773e-02 9.976419109e-01 1.398788877e-02 -1.361665411e+01 -9.430809518e-03 1.465401271e-02 -9.998483542e-01 3.659980938e+02
-9.972969721e-01 7.167502640e-02 1.618338896e-02 1.338742571e+02 7.187035120e-02 9.973438551e-01 1.182802854e-02 -1.360619493e+01 -1.529262983e-02 1.295916245e-02 -9.997993120e-01 3.652483616e+02
-9.971468132e-01 7.209733128e-02 2.237178257e-02 1.339018692e+02 7.239296714e-02 9.972953320e-01 1.269770240e-02 -1.360639616e+01 -2.139580556e-02 1.428103226e-02 -9.996692136e-01 3.644820238e+02
-9.970936006e-01 7.088945108e-02 2.791433138e-02 1.339372015e+02 7.125515738e-02 9.973818757e-01 1.233039318e-02 -1.359372071e+01 -2.696715403e-02 1.428359620e-02 -9.995343461e-01 3.636954113e+02
-9.968110514e-01 7.175219407e-02 3.491819634e-02 1.339518319e+02 7.216263435e-02 9.973361295e-01 1.063780141e-02 -1.358081340e+01 -3.406189386e-02 1.312366773e-02 -9.993335570e-01 3.628831870e+02
-9.965999374e-01 7.230072320e-02 3.951466307e-02 1.339925785e+02 7.270018730e-02 9.973153312e-01 8.765638999e-03 -1.357530852e+01 -3.877481666e-02 1.160855762e-02 -9.991806123e-01 3.620609622e+02
-9.965808199e-01 7.080918769e-02 4.257790120e-02 1.340374575e+02 7.112985601e-02 9.974486552e-01 6.062122808e-03 -1.356707080e+01 -4.204001564e-02 9.069955496e-03 -9.990748653e-01 3.612161058e+02
-9.962879963e-01 7.295565732e-02 4.569474718e-02 1.340865241e+02 7.326403142e-02 9.972994880e-01 5.108355440e-03 -1.356290049e+01 -4.519866496e-02 8.437174734e-03 -9.989425050e-01 3.603579271e+02
-9.957152531e-01 7.849642771e-02 4.888314140e-02 1.341268389e+02 7.892149144e-02 9.968574842e-01 6.823911403e-03 -1.355899893e+01 -4.819387415e-02 1.065260265e-02 -9.987812378e-01 3.594774659e+02
-9.954255215e-01 7.992353642e-02 5.235036595e-02 1.341632997e+02 8.057170402e-02 9.966946878e-01 1.038693556e-02 -1.356044551e+01 -5.134717120e-02 1.455737898e-02 -9.985748841e-01 3.586083332e+02
-9.950543111e-01 8.258202212e-02 5.520017220e-02 1.342162416e+02 8.342118121e-02 9.964286754e-01 1.307102976e-02 -1.355015522e+01 -5.392360394e-02 1.761124859e-02 -9.983897396e-01 3.576978671e+02
-9.947638993e-01 8.416020081e-02 5.798488533e-02 1.342782321e+02 8.509044503e-02 9.962781768e-01 1.376061346e-02 -1.353709952e+01 -5.661098339e-02 1.862251932e-02 -9.982227951e-01 3.567600352e+02
-9.950116729e-01 7.923957134e-02 6.060741020e-02 1.343434403e+02 8.027657180e-02 9.966617413e-01 1.486727595e-02 -1.352762654e+01 -5.922701091e-02 1.965846652e-02 -9.980510968e-01 3.558158043e+02
-9.954382303e-01 7.184738695e-02 6.277566189e-02 1.344180731e+02 7.311657820e-02 9.971580723e-01 1.815729266e-02 -1.351337512e+01 -6.129270312e-02 2.266440442e-02 -9.978624820e-01 3.548534185e+02
-9.957777970e-01 6.566994996e-02 6.414066427e-02 1.344978210e+02 6.720606527e-02 9.974945090e-01 2.209049302e-02 -1.349672273e+01 -6.252927945e-02 2.630786398e-02 -9.976963867e-01 3.538665510e+02
-9.960266896e-01 6.138300064e-02 6.452636073e-02 1.345688052e+02 6.296855651e-02 9.977543281e-01 2.283079372e-02 -1.348362862e+01 -6.298003309e-02 2.680320661e-02 -9.976551286e-01 3.528751016e+02
-9.961013527e-01 6.165710444e-02 6.309023450e-02 1.346459050e+02 6.286451974e-02 9.978715598e-01 1.733340776e-02 -1.346768436e+01 -6.188722083e-02 2.123196946e-02 -9.978573008e-01 3.518680681e+02
-9.960591642e-01 6.249025765e-02 6.293780303e-02 1.347103049e+02 6.341887607e-02 9.979040696e-01 1.286454579e-02 -1.346009634e+01 -6.200198329e-02 1.680529407e-02 -9.979346030e-01 3.508755596e+02
-9.958084431e-01 6.620864300e-02 6.310512040e-02 1.347740335e+02 6.716076818e-02 9.976563568e-01 1.308574006e-02 -1.345101011e+01 -6.209083447e-02 1.726907732e-02 -9.979211505e-01 3.498591961e+02
-9.956607499e-01 6.840562907e-02 6.309057451e-02 1.348369006e+02 6.951946766e-02 9.974581278e-01 1.562921344e-02 -1.344623948e+01 -6.186108091e-02 1.994741831e-02 -9.978855400e-01 3.488293906e+02
-9.958245224e-01 6.629255276e-02 6.275879096e-02 1.349029281e+02 6.729027037e-02 9.976363446e-01 1.391743802e-02 -1.343609276e+01 -6.168783324e-02 1.808238341e-02 -9.979316201e-01 3.478063926e+02
-9.960882176e-01 6.259435941e-02 6.237215606e-02 1.349763699e+02 6.359113867e-02 9.978760502e-01 1.412439335e-02 -1.342208245e+01 -6.135557316e-02 1.803545936e-02 -9.979531331e-01 3.467620358e+02
-9.961392864e-01 6.154954427e-02 6.259593978e-02 1.350459067e+02 6.259593415e-02 9.979278213e-01 1.489338719e-02 -1.341144963e+01 -6.154954504e-02 1.875413803e-02 -9.979278176e-01 3.457106178e+02
-9.960841281e-01 6.205450150e-02 6.297667538e-02 1.351195042e+02 6.308125635e-02 9.979038480e-01 1.444665601e-02 -1.340912778e+01 -6.194818376e-02 1.836273091e-02 -9.979106008e-01 3.446653740e+02
-9.958882336e-01 6.507677604e-02 6.302247270e-02 1.352007505e+02 6.589061353e-02 9.977670975e-01 1.092013599e-02 -1.340074631e+01 -6.217110265e-02 1.502782328e-02 -9.979524109e-01 3.436049622e+02
-9.955240762e-01 6.857131216e-02 6.503756895e-02 1.352618053e+02 6.930340978e-02 9.975544564e-01 9.065490351e-03 -1.339915940e+01 -6.425688116e-02 1.353223842e-02 -9.978416091e-01 3.425550886e+02
-9.952695602e-01 7.021015420e-02 6.714974428e-02 1.353336094e+02 7.090119244e-02 9.974515508e-01 7.960807683e-03 -1.340151485e+01 -6.641968921e-02 1.268414725e-02 -9.977112306e-01 3.414936548e+02
-9.952589439e-01 6.889006292e-02 6.865935337e-02 1.354131264e+02 6.953235254e-02 9.975551196e-01 7.006393826e-03 -1.339881767e+01 -6.800881847e-02 1.174722318e-02 -9.976157854e-01 3.404257441e+02
-9.952931066e-01 6.671103879e-02 7.029492379e-02 1.354959428e+02 6.767431077e-02 9.976422069e-01 1.140946039e-02 -1.340312417e+01 -6.936804690e-02 1.611291787e-02 -9.974610608e-01 3.393664532e+02
-9.954473846e-01 6.430423052e-02 7.035863748e-02 1.355827605e+02 6.548970599e-02 9.977453721e-01 1.467176383e-02 -1.340229465e+01 -6.925654739e-02 1.921273104e-02 -9.974141935e-01 3.383085168e+02
-9.955668229e-01 6.263624612e-02 7.016898459e-02 1.356615650e+02 6.364122975e-02 9.978985742e-01 1.217726477e-02 -1.340140489e+01 -6.925878958e-02 1.658892027e-02 -9.974609696e-01 3.372441421e+02
-9.955869772e-01 6.319807661e-02 6.937191371e-02 1.357440519e+02 6.395008831e-02 9.979154477e-01 8.671238958e-03 -1.340095186e+01 -6.867929824e-02 1.306931231e-02 -9.975531025e-01 3.362026756e+02
-9.953432134e-01 6.714829994e-02 6.916201743e-02 1.358177229e+02 6.788164294e-02 9.976588357e-01 8.305580194e-03 -1.339995289e+01 -6.844239090e-02 1.296173446e-02 -9.975710661e-01 3.351468289e+02
-9.950111776e-01 7.205720706e-02 6.899769165e-02 1.358853639e+02 7.323284528e-02 9.972071406e-01 1.466045521e-02 -1.339784881e+01 -6.774859629e-02 1.964021396e-02 -9.975092649e-01 3.340859800e+02
-9.950055105e-01 7.312487755e-02 6.794904982e-02 1.359610226e+02 7.465778112e-02 9.970026380e-01 2.029744369e-02 -1.339244861e+01 -6.626113623e-02 2.526899184e-02 -9.974825153e-01 3.330283500e+02
-9.952125372e-01 7.047347973e-02 6.771785713e-02 1.360296471e+02 7.203472961e-02 9.971832772e-01 2.089381048e-02 -1.338650186e+01 -6.605465132e-02 2.567181837e-02 -9.974857784e-01 3.319617318e+02
-9.953511836e-01 6.943455615e-02 6.674623024e-02 1.361036329e+02 7.071513310e-02 9.973513934e-01 1.701570722e-02 -1.337757126e+01 -6.538796743e-02 2.165657275e-02 -9.976249640e-01 3.309105668e+02
-9.957798401e-01 6.446504279e-02 6.532176277e-02 1.361905642e+02 6.547551982e-02 9.977635897e-01 1.344610345e-02 -1.337570713e+01 -6.430887151e-02 1.766633440e-02 -9.977736788e-01 3.298625270e+02
-9.960721255e-01 6.127009331e-02 6.392393383e-02 1.362730584e+02 6.220820568e-02 9.979812715e-01 1.278798174e-02 -1.337155802e+01 -6.301136596e-02 1.671434544e-02 -9.978727719e-01 3.288212659e+02
-9.961770297e-01 6.021562651e-02 6.329120020e-02 1.363494409e+02 6.144969405e-02 9.979526349e-01 1.773427529e-02 -1.336121169e+01 -6.209373733e-02 2.155570114e-02 -9.978377753e-01 3.277639070e+02
-9.963301751e-01 5.765591065e-02 6.326315927e-02 1.364221148e+02 5.913002757e-02 9.980148412e-01 2.168042576e-02 -1.335585773e+01 -6.188756537e-02 2.534161337e-02 -9.977614733e-01 3.266994721e+02
-9.964037861e-01 5.729324310e-02 6.242689457e-02 1.364928331e+02 5.861299591e-02 9.980899621e-01 1.951713691e-02 -1.334378467e+01 -6.118945757e-02 2.310597546e-02 -9.978588159e-01 3.256571172e+02
-9.962480938e-01 6.003064456e-02 6.234267747e-02 1.365587810e+02 6.109261940e-02 9.980153144e-01 1.526861709e-02 -1.333006570e+01 -6.130236377e-02 1.902000486e-02 -9.979382093e-01 3.245876198e+02
-9.961852702e-01 6.205861386e-02 6.134823367e-02 1.366313004e+02 6.301872621e-02 9.979163907e-01 1.383933236e-02 -1.331857851e+01 -6.036155715e-02 1.765262700e-02 -9.980204600e-01 3.235296987e+02
-9.962115963e-01 6.203996294e-02 6.093883096e-02 1.367048839e+02 6.326818876e-02 9.978262768e-01 1.843486149e-02 -1.331018100e+01 -5.966266978e-02 2.222051233e-02 -9.979712741e-01 3.224533952e+02
-9.960204272e-01 6.457108067e-02 6.143252753e-02 1.367623088e+02 6.611162708e-02 9.975382629e-01 2.338186900e-02 -1.330361247e+01 -5.977150214e-02 2.735022276e-02 -9.978373298e-01 3.213691504e+02
-9.958215608e-01 6.758272343e-02 6.141665066e-02 1.368293007e+02 6.913196135e-02 9.973316779e-01 2.345791483e-02 -1.328526059e+01 -5.966742404e-02 2.760574935e-02 -9.978364585e-01 3.202764150e+02
-9.955472692e-01 7.230145200e-02 6.048589948e-02 1.369018922e+02 7.368992037e-02 9.970591256e-01 2.104567946e-02 -1.326377101e+01 -5.878638683e-02 2.540916652e-02 -9.979473771e-01 3.191898904e+02
-9.954084150e-01 7.435174579e-02 6.028457409e-02 1.369752538e+02 7.579065361e-02 9.968823114e-01 2.194097726e-02 -1.324661053e+01 -5.846527682e-02 2.640923849e-02 -9.979402171e-01 3.181041661e+02
-9.952238218e-01 7.664287762e-02 6.046134539e-02 1.370330058e+02 7.819513706e-02 9.966554504e-01 2.373617000e-02 -1.323841267e+01 -5.843992290e-02 2.835058464e-02 -9.978883548e-01 3.169794293e+02
-9.949992198e-01 7.906670784e-02 6.103307035e-02 1.370967856e+02 8.062098157e-02 9.964693267e-01 2.343427000e-02 -1.321919664e+01 -5.896471072e-02 2.823762577e-02 -9.978606599e-01 3.158659581e+02
-9.948229899e-01 8.084502729e-02 6.157285100e-02 1.371681007e+02 8.217574194e-02 9.964291654e-01 1.939134442e-02 -1.320124081e+01 -5.978529411e-02 2.435075051e-02 -9.979142149e-01 3.147498029e+02
-9.946867163e-01 8.282648903e-02 6.113974885e-02 1.372393719e+02 8.389903188e-02 9.963585745e-01 1.518442978e-02 -1.318804428e+01 -5.965943880e-02 2.023331696e-02 -9.980137071e-01 3.136521358e+02
-9.947266840e-01 8.200510919e-02 6.160103533e-02 1.373131434e+02 8.295791330e-02 9.964673605e-01 1.306815958e-02 -1.317795628e+01 -6.031176665e-02 1.810953903e-02 -9.980156698e-01 3.125299692e+02
-9.949665865e-01 7.899237071e-02 6.165956540e-02 1.374020654e+02 8.006219763e-02 9.966758879e-01 1.507322028e-02 -1.317214479e+01 -6.026393399e-02 1.993395144e-02 -9.979835854e-01 3.114001571e+02
-9.948623558e-01 7.966841067e-02 6.246497857e-02 1.374629709e+02 8.099677327e-02 9.965327346e-01 1.902606282e-02 -1.316211371e+01 -6.073262093e-02 2.398777550e-02 -9.978658002e-01 3.102450200e+02
-9.950002669e-01 7.773104369e-02 6.270913684e-02 1.375417631e+02 7.927916154e-02 9.965965823e-01 2.258513330e-02 -1.314693154e+01 -6.074014738e-02 2.744374182e-02 -9.977763326e-01 3.090978664e+02
-9.949939535e-01 7.825215990e-02 6.216300533e-02 1.376227596e+02 7.999301597e-02 9.964556704e-01 2.602411315e-02 -1.312709048e+01 -5.990623580e-02 3.086643382e-02 -9.977269111e-01 3.079570485e+02
-9.950217166e-01 7.868596712e-02 6.116150670e-02 1.376970121e+02 8.051760568e-02 9.963575990e-01 2.807960660e-02 -1.310626710e+01 -5.872925989e-02 3.286439136e-02 -9.977329389e-01 3.067851145e+02
-9.949996333e-01 7.963470489e-02 6.028724261e-02 1.377652332e+02 8.125383913e-02 9.963824561e-01 2.489566724e-02 -1.308530556e+01 -5.808659258e-02 2.966974471e-02 -9.978707993e-01 3.056299847e+02
-9.950470359e-01 8.024180620e-02 5.867642519e-02 1.378495677e+02 8.155522365e-02 9.964612710e-01 2.033911795e-02 -1.306903519e+01 -5.683673657e-02 2.502374556e-02 -9.980699251e-01 3.044784849e+02
-9.950652785e-01 8.001610781e-02 5.867330636e-02 1.379175770e+02 8.135162210e-02 9.964697981e-01 2.073418225e-02 -1.305523911e+01 -5.680710437e-02 2.540503243e-02 -9.980619057e-01 3.033270826e+02
-9.950917101e-01 7.968746611e-02 5.867055837e-02 1.379914335e+02 8.108282733e-02 9.964690202e-01 2.179577936e-02 -1.303907582e+01 -5.672654316e-02 2.644597659e-02 -9.980394637e-01 3.021527740e+02
-9.951243763e-01 7.916080817e-02 5.883318790e-02 1.380796794e+02 8.035941215e-02 9.965981469e-01 1.829046837e-02 -1.302901495e+01 -5.718515684e-02 2.292908900e-02 -9.981003921e-01 3.009830074e+02
-9.949986484e-01 8.015645795e-02 5.960289833e-02 1.381442252e+02 8.114319998e-02 9.965995871e-01 1.431943078e-02 -1.301813053e+01 -5.825243008e-02 1.908418491e-02 -9.981194790e-01 2.998017281e+02
-9.948713524e-01 8.119840702e-02 6.031770332e-02 1.382235737e+02 8.212782750e-02 9.965358627e-01 1.308883346e-02 -1.301371196e+01 -5.904596008e-02 1.797546620e-02 -9.980935855e-01 2.986270391e+02
-9.948240629e-01 8.112929916e-02 6.118039757e-02 1.383026244e+02 8.216607661e-02 9.965113806e-01 1.462103308e-02 -1.300749756e+01 -5.978076756e-02 1.957230996e-02 -9.980196716e-01 2.974503235e+02
-9.947480486e-01 8.052196198e-02 6.318914542e-02 1.383729827e+02 8.186615517e-02 9.964626515e-01 1.897572046e-02 -1.300443578e+01 -6.143766168e-02 2.404911149e-02 -9.978212887e-01 2.962557623e+02
-9.946493176e-01 8.014683875e-02 6.519198864e-02 1.384529692e+02 8.178125115e-02 9.963895591e-01 2.279670695e-02 -1.299347027e+01 -6.312953037e-02 2.800620404e-02 -9.976126473e-01 2.950779857e+02
-9.947996627e-01 7.716483065e-02 6.648114781e-02 1.385424192e+02 7.871436726e-02 9.966758148e-01 2.100880461e-02 -1.298642147e+01 -6.463901229e-02 2.613257042e-02 -9.975667441e-01 2.939188076e+02
-9.948171123e-01 7.662624836e-02 6.684050697e-02 1.386123726e+02 7.760951653e-02 9.969087588e-01 1.223635004e-02 -1.298013036e+01 -6.569625919e-02 1.736038885e-02 -9.976888201e-01 2.927464154e+02
-9.950123012e-01 7.344450575e-02 6.750523075e-02 1.387031229e+02 7.381475483e-02 9.972674196e-01 3.003538629e-03 -1.297768421e+01 -6.710017660e-02 7.971441181e-03 -9.977146826e-01 2.915939108e+02
-9.948837154e-01 7.401363310e-02 6.876310097e-02 1.387928053e+02 7.439401326e-02 9.972244442e-01 2.983926036e-03 -1.298959819e+01 -6.835139647e-02 8.084222890e-03 -9.976285305e-01 2.904447473e+02
-9.948048705e-01 7.345349722e-02 7.048555749e-02 1.388830166e+02 7.425148121e-02 9.972010491e-01 8.765105294e-03 -1.299891423e+01 -6.964444311e-02 1.395322520e-02 -9.974744634e-01 2.892791700e+02
-9.946380668e-01 7.488807811e-02 7.132509871e-02 1.389641818e+02 7.610597814e-02 9.969941351e-01 1.450986781e-02 -1.299125068e+01 -7.002408955e-02 1.986033136e-02 -9.973476990e-01 2.881141740e+02
-9.947045682e-01 7.335344099e-02 7.198834189e-02 1.390594287e+02 7.502050639e-02 9.969665231e-01 2.072983891e-02 -1.298661887e+01 -7.024935789e-02 2.602066421e-02 -9.971900734e-01 2.869753303e+02
-9.946582115e-01 7.369643521e-02 7.227827707e-02 1.391463004e+02 7.553681050e-02 9.968762144e-01 2.306460422e-02 -1.297481443e+01 -7.035271840e-02 2.840106648e-02 -9.971179814e-01 2.858199567e+02
-9.947802950e-01 7.256494903e-02 7.174402613e-02 1.392419995e+02 7.430926525e-02 9.969937128e-01 2.194712150e-02 -1.295857520e+01 -6.993574929e-02 2.716380474e-02 -9.971819053e-01 2.846722327e+02
-9.948489172e-01 7.286868175e-02 7.046872071e-02 1.393221417e+02 7.460847279e-02 9.969618145e-01 2.237681502e-02 -1.294787018e+01 -6.862405071e-02 2.751911289e-02 -9.972628974e-01 2.835268070e+02
-9.948594100e-01 7.322101431e-02 6.995441494e-02 1.394055772e+02 7.495396554e-02 9.969336944e-01 2.247394641e-02 -1.293446978e+01 -6.809435327e-02 2.760177579e-02 -9.972970790e-01 2.823841137e+02
-9.948464004e-01 7.428900141e-02 6.900708902e-02 1.394932564e+02 7.561568051e-02 9.969952684e-01 1.681281343e-02 -1.292185449e+01 -6.755073735e-02 2.194418395e-02 -9.974746060e-01 2.812488360e+02
-9.950306477e-01 7.301752400e-02 6.769739842e-02 1.395739053e+02 7.369076632e-02 9.972529608e-01 7.498257041e-03 -1.291908979e+01 -6.696392814e-02 1.244966786e-02 -9.976779626e-01 2.800976259e+02
-9.951751156e-01 7.200367954e-02 6.664954803e-02 1.396638013e+02 7.250122730e-02 9.973554335e-01 5.073459427e-03 -1.292226775e+01 -6.610797936e-02 9.881153696e-03 -9.977635711e-01 2.789577038e+02
-9.954547578e-01 6.866807268e-02 6.599116344e-02 1.397557991e+02 6.949148492e-02 9.975297706e-01 1.026152854e-02 -1.292637983e+01 -6.512350787e-02 1.480071004e-02 -9.977674950e-01 2.778159482e+02
-9.959774743e-01 6.067553702e-02 6.593646783e-02 1.398363009e+02 6.203059057e-02 9.978990282e-01 1.869985821e-02 -1.292390976e+01 -6.466331196e-02 2.271471520e-02 -9.976486664e-01 2.766793403e+02
-9.962114373e-01 5.783197210e-02 6.495115689e-02 1.399250890e+02 5.978127466e-02 9.978051956e-01 2.847886250e-02 -1.291381614e+01 -6.316161054e-02 3.225382554e-02 -9.974821921e-01 2.755402401e+02
-9.962155207e-01 5.887844835e-02 6.394081632e-02 1.400031886e+02 6.117926497e-02 9.975254776e-01 3.464088318e-02 -1.289699567e+01 -6.174299070e-02 3.842162826e-02 -9.973524490e-01 2.744125867e+02
-9.963476480e-01 5.706636236e-02 6.352119070e-02 1.400799048e+02 5.934752431e-02 9.976367963e-01 3.462248370e-02 -1.287254780e+01 -6.139529595e-02 3.826585386e-02 -9.973798054e-01 2.732631929e+02
-9.959388976e-01 6.451911932e-02 6.279644787e-02 1.401473234e+02 6.616408015e-02 9.975084984e-01 2.447587787e-02 -1.285465062e+01 -6.106083117e-02 2.853134496e-02 -9.977264086e-01 2.721499927e+02
-9.953850368e-01 7.368412288e-02 6.147711892e-02 1.402130878e+02 7.433907123e-02 9.971973992e-01 8.432062864e-03 -1.284515767e+01 -6.068350968e-02 1.296329987e-02 -9.980729058e-01 2.710561420e+02
-9.952453618e-01 7.574326736e-02 6.123488652e-02 1.402784396e+02 7.596552724e-02 9.971096135e-01 1.306434755e-03 -1.284414872e+01 -6.095893718e-02 5.951963149e-03 -9.981225870e-01 2.699458868e+02
-9.951522955e-01 7.632246376e-02 6.202587443e-02 1.403511224e+02 7.701108254e-02 9.969915488e-01 8.784809671e-03 -1.285304137e+01 -6.116879155e-02 1.351890273e-02 -9.980360574e-01 2.688363299e+02
-9.951228239e-01 7.540105274e-02 6.360260896e-02 1.404231992e+02 7.689405178e-02 9.968104461e-01 2.135876053e-02 -1.285148350e+01 -6.178927074e-02 2.614525156e-02 -9.977466803e-01 2.677147129e+02
-9.952655820e-01 7.361186323e-02 6.346566122e-02 1.404981578e+02 7.564383681e-02 9.966765852e-01 3.022870881e-02 -1.283788965e+01 -6.102955151e-02 3.488637952e-02 -9.975262697e-01 2.665898909e+02
-9.954675806e-01 7.066075593e-02 6.365033249e-02 1.405803343e+02 7.311666271e-02 9.966325085e-01 3.711620647e-02 -1.281282098e+01 -6.081332935e-02 4.160187723e-02 -9.972817794e-01 2.654791377e+02
-9.956209207e-01 6.768789329e-02 6.447762351e-02 1.406569935e+02 7.046697782e-02 9.966359674e-01 4.184714767e-02 -1.279226128e+01 -6.142817265e-02 4.620744007e-02 -9.970413065e-01 2.643775472e+02
-9.957637807e-01 6.543807551e-02 6.459492270e-02 1.407355008e+02 6.805475028e-02 9.969122060e-01 3.917392038e-02 -1.276548928e+01 -6.183199988e-02 4.340395925e-02 -9.971424022e-01 2.632870910e+02
-9.959411269e-01 6.279806553e-02 6.448402756e-02 1.408123100e+02 6.492631952e-02 9.973941718e-01 3.145509185e-02 -1.274268974e+01 -6.234067249e-02 3.551412360e-02 -9.974231495e-01 2.622023793e+02
-9.960232402e-01 6.237023301e-02 6.362220099e-02 1.408848873e+02 6.395426850e-02 9.976838313e-01 2.317053860e-02 -1.271307290e+01 -6.202968802e-02 2.714730507e-02 -9.977051212e-01 2.611109833e+02
-9.960875914e-01 6.297105151e-02 6.200470736e-02 1.409563801e+02 6.412583438e-02 9.978001970e-01 1.681168083e-02 -1.269650980e+01 -6.080966362e-02 2.072200747e-02 -9.979344885e-01 2.600325273e+02
-9.961724248e-01 6.395294959e-02 5.958617513e-02 1.410226154e+02 6.470587513e-02 9.978460101e-01 1.079135193e-02 -1.269164571e+01 -5.876768958e-02 1.460562411e-02 -9.981648678e-01 2.589532868e+02
-9.961426493e-01 6.590168425e-02 5.794142249e-02 1.410805315e+02 6.659836691e-02 9.977280082e-01 1.017423544e-02 -1.269717084e+01 -5.713928016e-02 1.399379341e-02 -9.982683405e-01 2.578679162e+02
-9.962471096e-01 6.548018992e-02 5.660721755e-02 1.411401939e+02 6.646509335e-02 9.976653317e-01 1.569297737e-02 -1.269622479e+01 -5.544748149e-02 1.939648662e-02 -9.982733644e-01 2.567831506e+02
-9.963321741e-01 6.412849259e-02 5.665643820e-02 1.412020455e+02 6.566247529e-02 9.975124242e-01 2.563978588e-02 -1.268725372e+01 -5.487125769e-02 2.926594237e-02 -9.980645315e-01 2.557141791e+02
-9.965991540e-01 5.968504485e-02 5.681759673e-02 1.412761863e+02 6.174014424e-02 9.974738949e-01 3.512797354e-02 -1.267851059e+01 -5.457745532e-02 3.851642801e-02 -9.977665888e-01 2.546574681e+02
-9.968403579e-01 5.503690120e-02 5.727344842e-02 1.413527736e+02 5.729098971e-02 9.976153850e-01 3.848746975e-02 -1.265313114e+01 -5.501864352e-02 4.164711510e-02 -9.976163879e-01 2.536010612e+02
-9.970749764e-01 4.976857787e-02 5.800354477e-02 1.414206168e+02 5.185786863e-02 9.980378564e-01 3.508856901e-02 -1.263148494e+01 -5.614342390e-02 3.799387500e-02 -9.976994784e-01 2.525638454e+02
-9.971454303e-01 4.740669981e-02 5.876681885e-02 1.414895435e+02 4.910425235e-02 9.984070641e-01 2.778599335e-02 -1.261694341e+01 -5.735596533e-02 3.059237937e-02 -9.978850081e-01 2.515504894e+02
-9.969215720e-01 5.074391389e-02 5.976947342e-02 1.415565762e+02 5.188585402e-02 9.984959675e-01 1.771029558e-02 -1.260145075e+01 -5.878089074e-02 2.075696733e-02 -9.980551615e-01 2.505526216e+02
-9.966333994e-01 5.345336692e-02 6.216580843e-02 1.416116884e+02 5.434284062e-02 9.984415189e-01 1.270520188e-02 -1.259873872e+01 -6.138978501e-02 1.604069483e-02 -9.979849794e-01 2.495682199e+02
-9.962666550e-01 5.795585119e-02 6.398421565e-02 1.416727121e+02 5.883714622e-02 9.981957497e-01 1.197477351e-02 -1.259788314e+01 -6.317476377e-02 1.569471501e-02 -9.978791168e-01 2.485984723e+02
-9.959731564e-01 6.076363804e-02 6.592033649e-02 1.417414963e+02 6.206133586e-02 9.979132789e-01 1.781809333e-02 -1.259931159e+01 -6.470008681e-02 2.183744475e-02 -9.976659300e-01 2.476341709e+02
-9.956793947e-01 6.313406464e-02 6.809191183e-02 1.418016523e+02 6.477780763e-02 9.976525999e-01 2.220625665e-02 -1.260062961e+01 -6.653009991e-02 2.652115773e-02 -9.974318542e-01 2.466902690e+02
-9.954190534e-01 6.570482579e-02 6.945762424e-02 1.418641253e+02 6.726901662e-02 9.975257966e-01 2.042366300e-02 -1.259937697e+01 -6.794383914e-02 2.500244513e-02 -9.973760888e-01 2.457775154e+02
-9.952282818e-01 6.706858622e-02 7.087155355e-02 1.419207884e+02 6.817914871e-02 9.975835535e-01 1.336624648e-02 -1.259454576e+01 -6.980384293e-02 1.813442791e-02 -9.973960959e-01 2.448953961e+02
-9.951149497e-01 6.848666521e-02 7.110575630e-02 1.419857906e+02 6.933903534e-02 9.975471217e-01 9.586045978e-03 -1.259237480e+01 -7.027482691e-02 1.446962252e-02 -9.974229189e-01 2.440027210e+02
-9.952589466e-01 6.433874824e-02 7.294232141e-02 1.420538436e+02 6.516075811e-02 9.978347227e-01 8.943775518e-03 -1.259848090e+01 -7.220894779e-02 1.365434883e-02 -9.972962807e-01 2.431469778e+02
-9.954120249e-01 6.149737563e-02 7.330421939e-02 1.421327321e+02 6.236347026e-02 9.980075117e-01 9.583172560e-03 -1.260439517e+01 -7.256882079e-02 1.411070916e-02 -9.972637964e-01 2.423009323e+02
-9.953235547e-01 6.172029593e-02 7.430741308e-02 1.421973530e+02 6.258478187e-02 9.979957823e-01 9.360007298e-03 -1.261061366e+01 -7.358078316e-02 1.396674837e-02 -9.971914338e-01 2.414683723e+02
-9.954312312e-01 5.735915094e-02 7.633477338e-02 1.422668254e+02 5.834123911e-02 9.982394021e-01 1.069652400e-02 -1.261077873e+01 -7.558683368e-02 1.510111765e-02 -9.970250117e-01 2.406498290e+02
-9.957795952e-01 4.895772692e-02 7.762828693e-02 1.423502589e+02 5.031111267e-02 9.986121750e-01 1.557415200e-02 -1.261017418e+01 -7.675807490e-02 1.941398789e-02 -9.968607295e-01 2.398527731e+02
-9.957071825e-01 4.643826822e-02 8.006723691e-02 1.424208684e+02 4.846556598e-02 9.985468581e-01 2.356423999e-02 -1.260908518e+01 -7.885660152e-02 2.734358697e-02 -9.965109403e-01 2.390782649e+02
-9.954871445e-01 4.693286556e-02 8.248198975e-02 1.424930028e+02 4.929416389e-02 9.984239202e-01 2.682762356e-02 -1.261291403e+01 -8.109289213e-02 3.077242907e-02 -9.962316499e-01 2.383207320e+02
-9.952896985e-01 4.676651246e-02 8.492012438e-02 1.425547495e+02 4.899259934e-02 9.985030198e-01 2.432075663e-02 -1.260500865e+01 -8.365560131e-02 2.836665211e-02 -9.960908913e-01 2.375856440e+02
-9.951754841e-01 4.512356487e-02 8.712110351e-02 1.426251716e+02 4.696623658e-02 9.987115933e-01 1.921701304e-02 -1.259377011e+01 -8.614171621e-02 2.321604709e-02 -9.960126436e-01 2.368897301e+02
-9.948196210e-01 4.787172215e-02 8.968125612e-02 1.426874554e+02 4.942555667e-02 9.986623671e-01 1.518505571e-02 -1.259021075e+01 -8.883436287e-02 1.953893531e-02 -9.958549706e-01 2.362241701e+02
-9.945415409e-01 4.628334498e-02 9.351492700e-02 1.427442277e+02 4.814733053e-02 9.986820607e-01 1.777436104e-02 -1.258931772e+01 -9.256902576e-02 2.217983327e-02 -9.954591559e-01 2.355551341e+02
-9.945484195e-01 4.447976800e-02 9.431463323e-02 1.428114758e+02 4.689933406e-02 9.986209235e-01 2.359362383e-02 -1.258548482e+01 -9.313513071e-02 2.788829276e-02 -9.952629516e-01 2.349278315e+02
-9.948621083e-01 3.740673084e-02 9.407669392e-02 1.428867306e+02 4.012292497e-02 9.988259152e-01 2.714767396e-02 -1.257719298e+01 -9.295073558e-02 3.078281998e-02 -9.951949139e-01 2.343120792e+02
-9.950286444e-01 3.532461193e-02 9.311595297e-02 1.429446031e+02 3.807774923e-02 9.988836038e-01 2.795729172e-02 -1.256966516e+01 -9.202441607e-02 3.136394552e-02 -9.952628599e-01 2.337264963e+02
-9.954424587e-01 3.126890466e-02 9.009393375e-02 1.430027784e+02 3.408254568e-02 9.989727881e-01 2.986241137e-02 -1.257689018e+01 -8.906762613e-02 3.279693985e-02 -9.954856505e-01 2.331702788e+02
-9.959756605e-01 3.089409934e-02 8.413338221e-02 1.430492565e+02 3.342245670e-02 9.990259610e-01 2.881066587e-02 -1.256892507e+01 -8.316135147e-02 3.150666095e-02 -9.960380659e-01 2.326031297e+02
-9.966519859e-01 2.903636585e-02 7.643306828e-02 1.430895102e+02 3.108234295e-02 9.991859386e-01 2.571588362e-02 -1.255902326e+01 -7.562415316e-02 2.800550038e-02 -9.967431912e-01 2.320745566e+02
-9.975486160e-01 2.586666715e-02 6.502055763e-02 1.431314833e+02 2.739360097e-02 9.993668836e-01 2.270293499e-02 -1.255278425e+01 -6.439213926e-02 2.442842850e-02 -9.976255239e-01 2.315673066e+02
-9.985117490e-01 2.280043519e-02 4.954408848e-02 1.431570288e+02 2.392527419e-02 9.994665199e-01 2.223060398e-02 -1.254226203e+01 -4.901079331e-02 2.338287337e-02 -9.985246273e-01 2.310589298e+02
-9.993070792e-01 2.230708897e-02 2.980632680e-02 1.431684021e+02 2.301384809e-02 9.994569482e-01 2.358285972e-02 -1.253401595e+01 -2.926407487e-02 2.425247071e-02 -9.992777439e-01 2.305779048e+02
-9.996224772e-01 2.678710376e-02 6.134768813e-03 1.431528920e+02 2.693667108e-02 9.993053098e-01 2.575522128e-02 -1.252446770e+01 -5.440598984e-03 2.591074724e-02 -9.996495818e-01 2.301156910e+02
-9.992185739e-01 3.317841019e-02 -2.148063695e-02 1.431193136e+02 3.259608716e-02 9.991061817e-01 2.691430649e-02 -1.252684282e+01 2.235440955e-02 2.619309093e-02 -9.994068988e-01 2.296785112e+02
-9.978890423e-01 3.526880281e-02 -5.453067600e-02 1.430781955e+02 3.389061255e-02 9.990874226e-01 2.599540621e-02 -1.252250914e+01 5.539774006e-02 2.409245320e-02 -9.981736440e-01 2.292388811e+02
-9.950853000e-01 3.555184874e-02 -9.242048249e-02 1.430271250e+02 3.324322748e-02 9.990985481e-01 2.640065339e-02 -1.251752058e+01 9.327575635e-02 2.319854571e-02 -9.953701456e-01 2.288038444e+02
-9.906431430e-01 3.730529591e-02 -1.312804836e-01 1.429494862e+02 3.395608514e-02 9.990405400e-01 2.765939939e-02 -1.250900863e+01 1.321863702e-01 2.294282202e-02 -9.909594142e-01 2.283765109e+02
-9.842387553e-01 4.443275597e-02 -1.711714712e-01 1.428451282e+02 4.024418590e-02 9.988012935e-01 2.786448184e-02 -1.249112248e+01 1.722043805e-01 2.053664741e-02 -9.848470659e-01 2.279570718e+02
-9.757763522e-01 5.128367194e-02 -2.126751850e-01 1.427248819e+02 4.641054852e-02 9.985342314e-01 2.784618088e-02 -1.248047843e+01 2.137915116e-01 1.730126983e-02 -9.767262502e-01 2.275382392e+02
-9.656339557e-01 5.817246878e-02 -2.533124001e-01 1.425684782e+02 5.287462843e-02 9.982175271e-01 2.767824470e-02 -1.246433745e+01 2.544709789e-01 1.333325194e-02 -9.669885903e-01 2.271595779e+02
-9.529150310e-01 6.154525630e-02 -2.969265863e-01 1.424443009e+02 5.471046853e-02 9.980121169e-01 3.128211363e-02 -1.247348555e+01 2.982615921e-01 1.356420191e-02 -9.543878749e-01 2.268098856e+02
-9.385509983e-01 6.288611193e-02 -3.393639742e-01 1.422836725e+02 5.445824997e-02 9.979263911e-01 3.431089710e-02 -1.245958908e+01 3.408179593e-01 1.372135444e-02 -9.400294681e-01 2.264212780e+02
-9.220537617e-01 6.816855539e-02 -3.810124237e-01 1.420937079e+02 5.762512832e-02 9.975751518e-01 3.902709872e-02 -1.244292224e+01 3.827489572e-01 1.402918786e-02 -9.237460815e-01 2.260621544e+02
-9.022749561e-01 7.126444820e-02 -4.252313823e-01 1.418804226e+02 5.812593434e-02 9.973474777e-01 4.381110232e-02 -1.242513346e+01 4.272256099e-01 1.481268557e-02 -9.040239411e-01 2.257040001e+02
-8.781207499e-01 7.364469333e-02 -4.727373354e-01 1.416505476e+02 5.887930980e-02 9.972056854e-01 4.597852917e-02 -1.239887037e+01 4.748024331e-01 1.254024934e-02 -8.800031351e-01 2.253480737e+02
-8.512682765e-01 7.542286013e-02 -5.192821323e-01 1.413858763e+02 5.823939701e-02 9.970822098e-01 4.934784376e-02 -1.237338728e+01 5.214889162e-01 1.176557463e-02 -8.531770426e-01 2.249901665e+02
-8.217104637e-01 7.794883576e-02 -5.645496241e-01 1.411050980e+02 5.686900061e-02 9.968728453e-01 5.486717355e-02 -1.236031590e+01 5.670610334e-01 1.297955749e-02 -8.235738040e-01 2.246515160e+02
-7.881469504e-01 7.667175311e-02 -6.106932088e-01 1.408158327e+02 5.144524007e-02 9.969449942e-01 5.877112156e-02 -1.234039749e+01 6.133336467e-01 1.490301093e-02 -7.896835430e-01 2.243112737e+02
-7.521693682e-01 7.767666850e-02 -6.543759963e-01 1.405074661e+02 4.866560157e-02 9.968644843e-01 6.239280055e-02 -1.232286479e+01 6.571706523e-01 1.508434581e-02 -7.535910901e-01 2.240151224e+02
-7.124938812e-01 7.353661242e-02 -6.978147199e-01 1.401648299e+02 4.188823693e-02 9.971771834e-01 6.231444888e-02 -1.229556055e+01 7.004273024e-01 1.516842244e-02 -7.135629127e-01 2.236992867e+02
-6.709830104e-01 6.997843420e-02 -7.381632558e-01 1.397909771e+02 3.791652732e-02 9.974722310e-01 6.009538291e-02 -1.226899018e+01 7.405027728e-01 1.233438716e-02 -6.719402891e-01 2.234059858e+02
-6.281135699e-01 6.549743123e-02 -7.753601380e-01 1.394003743e+02 3.426434323e-02 9.978126528e-01 5.653149015e-02 -1.223862872e+01 7.773668025e-01 8.940990805e-03 -6.289838920e-01 2.231242701e+02
-5.847879989e-01 6.189847499e-02 -8.088212749e-01 1.389566126e+02 3.126964099e-02 9.980634817e-01 5.377270447e-02 -1.220593668e+01 8.105834283e-01 6.154077400e-03 -5.855910658e-01 2.228737674e+02
-5.396921771e-01 6.002654382e-02 -8.397200146e-01 1.384991295e+02 2.824016140e-02 9.981842525e-01 5.320413062e-02 -1.217887928e+01 8.413889855e-01 5.000012269e-03 -5.404073924e-01 2.226255120e+02
-4.948850357e-01 5.835572978e-02 -8.669967344e-01 1.380231747e+02 2.296475636e-02 9.982723200e-01 5.408324167e-02 -1.214062962e+01 8.686549029e-01 6.854623998e-03 -4.953702462e-01 2.223980554e+02
-4.507394043e-01 5.986485435e-02 -8.906459539e-01 1.375309117e+02 1.943068922e-02 9.981702833e-01 5.725860213e-02 -1.210985228e+01 8.924440491e-01 8.502843864e-03 -4.510778649e-01 2.221925611e+02
-4.065893245e-01 6.175294886e-02 -9.115217629e-01 1.370260800e+02 1.818558148e-02 9.980623848e-01 5.950405444e-02 -1.207868237e+01 9.134302027e-01 7.617155540e-03 -4.069245156e-01 2.219969367e+02
-3.627086551e-01 6.403098842e-02 -9.297001895e-01 1.364975715e+02 1.797920897e-02 9.979317997e-01 6.171596399e-02 -1.204913180e+01 9.317290911e-01 5.669639702e-03 -3.631096634e-01 2.218162060e+02
-3.202843622e-01 6.554275045e-02 -9.450514442e-01 1.359644967e+02 1.523980865e-02 9.978310828e-01 6.403834267e-02 -1.201882660e+01 9.471989363e-01 6.108076458e-03 -3.205886263e-01 2.216599977e+02
-2.821765862e-01 6.278301012e-02 -9.573061280e-01 1.354162119e+02 9.503188340e-03 9.979903415e-01 6.265004565e-02 -1.199547741e+01 9.593155825e-01 8.580909609e-03 -2.822062045e-01 2.215149396e+02
-2.469248478e-01 5.823583549e-02 -9.672831452e-01 1.348677421e+02 7.854301202e-03 9.982800212e-01 5.809699994e-02 -1.197025679e+01 9.690027681e-01 6.748263973e-03 -2.469575815e-01 2.213790073e+02
-2.162651499e-01 5.431528719e-02 -9.748227718e-01 1.342571206e+02 9.296776689e-03 9.985206510e-01 5.357319739e-02 -1.192732019e+01 9.762905259e-01 2.523300784e-03 -2.164501427e-01 2.212773164e+02
-1.892016549e-01 5.283174092e-02 -9.805159751e-01 1.336482682e+02 1.423429064e-02 9.985941996e-01 5.105915856e-02 -1.189172641e+01 9.818350569e-01 -4.296476537e-03 -1.896876715e-01 2.211862391e+02
-1.651632117e-01 5.359485624e-02 -9.848091454e-01 1.330299288e+02 1.791443030e-02 9.985207159e-01 5.133662863e-02 -1.185699830e+01 9.861036827e-01 -9.163378963e-03 -1.658790168e-01 2.210972620e+02
-1.438487394e-01 5.510187212e-02 -9.880644982e-01 1.324189101e+02 2.078622285e-02 9.983965483e-01 5.265188244e-02 -1.183045913e+01 9.893813770e-01 -1.296422659e-02 -1.447634230e-01 2.210176631e+02
-1.260785223e-01 5.452812631e-02 -9.905206545e-01 1.317526412e+02 1.879664568e-02 9.984402342e-01 5.257157661e-02 -1.179622966e+01 9.918423053e-01 -1.199032186e-02 -1.269068878e-01 2.209400956e+02
-1.110679214e-01 5.505155372e-02 -9.922869118e-01 1.310656902e+02 2.057957291e-02 9.983778930e-01 5.308598157e-02 -1.175885800e+01 9.935997685e-01 -1.452468872e-02 -1.120207381e-01 2.208762866e+02
-9.915498954e-02 5.637663160e-02 -9.934737120e-01 1.303526243e+02 2.210374643e-02 9.982721838e-01 5.444284103e-02 -1.171576815e+01 9.948265015e-01 -1.656121415e-02 -1.002298467e-01 2.208173843e+02
-8.929521362e-02 5.950584638e-02 -9.942261454e-01 1.296316013e+02 2.594824586e-02 9.980138771e-01 5.740204704e-02 -1.167558800e+01 9.956672793e-01 -2.067270055e-02 -9.066191129e-02 2.207582175e+02
-8.136644548e-02 6.206877906e-02 -9.947496935e-01 1.288821274e+02 2.676276127e-02 9.978351998e-01 6.007221860e-02 -1.164338840e+01 9.963248564e-01 -2.173438349e-02 -8.285148615e-02 2.207053126e+02
-7.412087074e-02 6.109182889e-02 -9.953763269e-01 1.281270105e+02 2.368433814e-02 9.979481501e-01 5.948602101e-02 -1.159818007e+01 9.969680716e-01 -1.916567206e-02 -7.541575270e-02 2.206446358e+02
-6.609177980e-02 5.675047779e-02 -9.961985525e-01 1.273333037e+02 2.563102262e-02 9.981484339e-01 5.516110959e-02 -1.154924188e+01 9.974844541e-01 -2.188790111e-02 -6.742396256e-02 2.205961841e+02
-5.858370048e-02 5.224776591e-02 -9.969144620e-01 1.265109188e+02 3.063395014e-02 9.982532497e-01 5.051773642e-02 -1.150363934e+01 9.978125016e-01 -2.757991726e-02 -6.008193892e-02 2.205578080e+02
-5.169304941e-02 4.498670849e-02 -9.976493341e-01 1.256776643e+02 3.164219792e-02 9.985570692e-01 4.338811163e-02 -1.146141601e+01 9.981616612e-01 -2.932495643e-02 -5.304198091e-02 2.205124909e+02
-4.744962835e-02 4.011487416e-02 -9.980678349e-01 1.248268363e+02 3.568258557e-02 9.986235734e-01 3.844081273e-02 -1.142166936e+01 9.982361309e-01 -3.378964146e-02 -4.881568466e-02 2.204752422e+02
-4.542868737e-02 3.820437984e-02 -9.982368778e-01 1.239502708e+02 3.941710312e-02 9.985588126e-01 3.642287463e-02 -1.138340355e+01 9.981897127e-01 -3.769295934e-02 -4.686911437e-02 2.204419262e+02
-4.340947501e-02 4.177567029e-02 -9.981835835e-01 1.230431050e+02 3.928218711e-02 9.984240964e-01 4.007741245e-02 -1.134648985e+01 9.982848119e-01 -3.747109438e-02 -4.498212530e-02 2.203976802e+02
-4.327285315e-02 4.784995032e-02 -9.979168173e-01 1.221172269e+02 3.563446981e-02 9.982907506e-01 4.632266217e-02 -1.130147651e+01 9.984276752e-01 -3.355572525e-02 -4.490405169e-02 2.203567903e+02
-4.329142244e-02 5.749265110e-02 -9.974068585e-01 1.211759090e+02 3.346635608e-02 9.978659660e-01 5.606654257e-02 -1.125628192e+01 9.985018385e-01 -3.095237426e-02 -4.512306655e-02 2.202988970e+02
-4.419578907e-02 6.391021856e-02 -9.969765645e-01 1.202016440e+02 3.126707566e-02 9.975512205e-01 6.256099433e-02 -1.121046077e+01 9.985334880e-01 -2.840760717e-02 -4.608586348e-02 2.202574964e+02
-4.337393164e-02 6.248998130e-02 -9.971028004e-01 1.192403290e+02 3.065769894e-02 9.976551128e-01 6.119100304e-02 -1.116025737e+01 9.985885250e-01 -2.791478508e-02 -4.518808403e-02 2.202040585e+02
-4.375864906e-02 5.324978408e-02 -9.976221205e-01 1.182814497e+02 3.374861218e-02 9.980873419e-01 5.179431328e-02 -1.110721413e+01 9.984720900e-01 -3.140191593e-02 -4.547213995e-02 2.201659734e+02
-4.381165307e-02 4.778176704e-02 -9.978966860e-01 1.173033205e+02 3.543534503e-02 9.983013853e-01 4.624540914e-02 -1.105997096e+01 9.984113605e-01 -3.333472667e-02 -4.543033054e-02 2.201236266e+02
-4.341026831e-02 4.672936574e-02 -9.979639761e-01 1.163147047e+02 3.839039072e-02 9.982457687e-01 4.507263418e-02 -1.101947876e+01 9.983195230e-01 -3.635561219e-02 -4.512812207e-02 2.200828123e+02
-4.415963481e-02 5.070147373e-02 -9.977370728e-01 1.153134473e+02 4.052457535e-02 9.979802641e-01 4.892021767e-02 -1.098029788e+01 9.982022374e-01 -3.827257074e-02 -4.612517405e-02 2.200437569e+02
-4.528998333e-02 5.262854477e-02 -9.975868241e-01 1.143220318e+02 3.943038393e-02 9.979273088e-01 5.085640327e-02 -1.093893141e+01 9.981956286e-01 -3.703194838e-02 -4.727120315e-02 2.199902373e+02
-4.764558907e-02 5.838422550e-02 -9.971567492e-01 1.133221924e+02 4.131233883e-02 9.975512804e-01 5.643338411e-02 -1.089152727e+01 9.980097995e-01 -3.850607748e-02 -4.994089008e-02 2.199429059e+02
-5.132862586e-02 6.465385907e-02 -9.965869724e-01 1.123262228e+02 4.267288683e-02 9.971327874e-01 6.249143519e-02 -1.084384394e+01 9.977698662e-01 -3.931963946e-02 -5.394048085e-02 2.198923041e+02
-5.444052733e-02 6.803171053e-02 -9.961967341e-01 1.113187885e+02 4.035999590e-02 9.970108863e-01 6.588170108e-02 -1.078987501e+01 9.977010410e-01 -3.661985980e-02 -5.702353519e-02 2.198244109e+02
-5.780690943e-02 6.154413397e-02 -9.964290318e-01 1.103220146e+02 3.922375260e-02 9.974673474e-01 5.933274300e-02 -1.073603135e+01 9.975570484e-01 -3.565384443e-02 -6.007448425e-02 2.197624866e+02
-6.125617265e-02 5.578982607e-02 -9.965617374e-01 1.093378128e+02 4.007569886e-02 9.977690348e-01 5.339406733e-02 -1.068630808e+01 9.973172564e-01 -3.666719620e-02 -6.335534606e-02 2.196945927e+02
-6.424722058e-02 5.301994596e-02 -9.965246650e-01 1.083484277e+02 3.956163280e-02 9.979379084e-01 5.054456321e-02 -1.063914653e+01 9.971496011e-01 -3.617679631e-02 -6.621221172e-02 2.196231576e+02
-6.640306120e-02 5.776575465e-02 -9.961193435e-01 1.073523260e+02 4.290913705e-02 9.975645343e-01 5.498916605e-02 -1.060078508e+01 9.968698315e-01 -3.909117061e-02 -6.872000051e-02 2.195518601e+02
-6.921271359e-02 6.455275953e-02 -9.955112404e-01 1.063579520e+02 4.311805304e-02 9.971652968e-01 6.166224858e-02 -1.055380836e+01 9.966697365e-01 -3.865670135e-02 -7.179986007e-02 2.194804158e+02
-7.145992535e-02 6.868136820e-02 -9.950762155e-01 1.053601222e+02 4.342817180e-02 9.968946878e-01 6.568817693e-02 -1.050512827e+01 9.964977909e-01 -3.852027703e-02 -7.422073279e-02 2.194077249e+02
-7.273063707e-02 6.625165358e-02 -9.951488800e-01 1.043788445e+02 4.384096727e-02 9.970391359e-01 6.317339550e-02 -1.045691629e+01 9.963877387e-01 -3.903365630e-02 -7.541983439e-02 2.193332236e+02
-7.281394862e-02 6.069106013e-02 -9.954972555e-01 1.034031164e+02 4.297455095e-02 9.974106484e-01 5.766441628e-02 -1.040537605e+01 9.964193004e-01 -3.858227673e-02 -7.523351787e-02 2.192574872e+02
-7.377712346e-02 5.581726132e-02 -9.957115845e-01 1.024251469e+02 4.411400403e-02 9.976378006e-01 5.265662858e-02 -1.036556855e+01 9.962986990e-01 -4.003996918e-02 -7.606513086e-02 2.191860816e+02
-7.377190428e-02 4.992068479e-02 -9.960248483e-01 1.014585087e+02 4.601353870e-02 9.978531101e-01 4.660425344e-02 -1.032950676e+01 9.962129804e-01 -4.239254411e-02 -7.591054694e-02 2.191167318e+02
-7.338432227e-02 4.586250317e-02 -9.962486521e-01 1.004865244e+02 4.635269408e-02 9.980193916e-01 4.252965092e-02 -1.029129002e+01 9.962259833e-01 -4.305780246e-02 -7.536486834e-02 2.190481679e+02
-7.162506853e-02 5.099631850e-02 -9.961271631e-01 9.949604996e+01 4.753278034e-02 9.977319735e-01 4.766070674e-02 -1.024653019e+01 9.962984371e-01 -4.393499431e-02 -7.388662894e-02 2.189690503e+02
-7.041619236e-02 5.876056635e-02 -9.957854798e-01 9.851880292e+01 5.125346578e-02 9.971580459e-01 5.521720792e-02 -1.020764046e+01 9.962001202e-01 -4.714927243e-02 -7.322772162e-02 2.189032379e+02
-6.887661993e-02 6.091350259e-02 -9.957638098e-01 9.755115472e+01 5.104946740e-02 9.970417514e-01 5.746060362e-02 -1.016914125e+01 9.963181946e-01 -4.687551599e-02 -7.178249496e-02 2.188350447e+02
-6.807834748e-02 5.873859623e-02 -9.959494799e-01 9.658970564e+01 4.956010787e-02 9.972320324e-01 5.542656001e-02 -1.012027681e+01 9.964484084e-01 -4.558601639e-02 -7.080109006e-02 2.187672012e+02
-6.704206189e-02 5.765913252e-02 -9.960828831e-01 9.564036883e+01 5.393972790e-02 9.970783190e-01 5.408632205e-02 -1.007999658e+01 9.962912289e-01 -5.010238065e-02 -6.995629819e-02 2.187069565e+02
-6.611317426e-02 5.595171162e-02 -9.962423520e-01 9.468702222e+01 5.543362803e-02 9.970905833e-01 5.232064653e-02 -1.004037170e+01 9.962712705e-01 -5.176624129e-02 -6.902249294e-02 2.186427951e+02
-6.495435016e-02 5.397157767e-02 -9.964277608e-01 9.373880400e+01 5.526458379e-02 9.971983670e-01 5.041079311e-02 -1.000090097e+01 9.963568789e-01 -5.179276778e-02 -6.775502710e-02 2.185764297e+02
-6.523427399e-02 5.605613506e-02 -9.962942760e-01 9.278132149e+01 5.860628668e-02 9.969126909e-01 5.225358017e-02 -9.959758528e+00 9.961475260e-01 -5.498039126e-02 -6.831810520e-02 2.185171438e+02
-6.659017102e-02 6.190454760e-02 -9.958582204e-01 9.183756857e+01 6.243382471e-02 9.963762081e-01 5.776198514e-02 -9.915640076e+00 9.958251959e-01 -5.832886434e-02 -7.021380204e-02 2.184567542e+02
-6.801882351e-02 6.437425696e-02 -9.956051314e-01 9.090050073e+01 6.127293162e-02 9.963019685e-01 6.023321354e-02 -9.876356396e+00 9.958008141e-01 -5.690665399e-02 -7.171171908e-02 2.183877151e+02
-6.880875938e-02 6.298646390e-02 -9.956397141e-01 8.995917141e+01 6.028109745e-02 9.964438541e-01 5.887132393e-02 -9.828961598e+00 9.958071700e-01 -5.596738489e-02 -7.236092599e-02 2.183207211e+02
-7.049193094e-02 6.347743172e-02 -9.954906510e-01 8.903308665e+01 5.979305724e-02 9.964475755e-01 5.930444019e-02 -9.779772442e+00 9.957187496e-01 -5.534294609e-02 -7.403699561e-02 2.182546006e+02
-7.142254086e-02 6.730666554e-02 -9.951726358e-01 8.808637086e+01 5.775036088e-02 9.963260555e-01 6.323998491e-02 -9.732555401e+00 9.957728777e-01 -5.295482019e-02 -7.504712484e-02 2.181866140e+02
-7.231479668e-02 6.938632746e-02 -9.949653586e-01 8.717564341e+01 5.455009200e-02 9.963591794e-01 6.551877904e-02 -9.691163655e+00 9.958889399e-01 -4.953747078e-02 -7.583660635e-02 2.181104567e+02
-7.346448182e-02 6.731367539e-02 -9.950235404e-01 8.626875707e+01 5.400957983e-02 9.965238874e-01 6.342754969e-02 -9.637944634e+00 9.958343147e-01 -4.908113095e-02 -7.684461482e-02 2.180452286e+02
-7.360163347e-02 6.613949779e-02 -9.950921928e-01 8.538259837e+01 5.525379620e-02 9.965362693e-01 6.214865499e-02 -9.596720074e+00 9.957559316e-01 -5.040837877e-02 -7.700120650e-02 2.179765603e+02
-7.433273071e-02 6.562596989e-02 -9.950719004e-01 8.451259576e+01 5.610610713e-02 9.965270244e-01 6.153077876e-02 -9.551924373e+00 9.956540849e-01 -5.125586361e-02 -7.775656514e-02 2.179182924e+02
-7.386459343e-02 6.444535809e-02 -9.951839467e-01 8.367551898e+01 5.463864776e-02 9.966724770e-01 6.048637711e-02 -9.512203317e+00 9.957705326e-01 -4.990770387e-02 -7.713996712e-02 2.178487043e+02
-7.422512348e-02 6.352949055e-02 -9.952159919e-01 8.284946720e+01 5.382784133e-02 9.967691452e-01 5.961406610e-02 -9.475797262e+00 9.957878800e-01 -4.914546911e-02 -7.740492111e-02 2.177860134e+02
-7.442756115e-02 6.432682078e-02 -9.951496134e-01 8.204882998e+01 5.461261286e-02 9.966826971e-01 6.034143635e-02 -9.441818458e+00 9.957299508e-01 -4.985666117e-02 -7.769372678e-02 2.177229656e+02
-7.449742191e-02 6.665384052e-02 -9.949911332e-01 8.125855715e+01 5.253678844e-02 9.966404245e-01 6.283076462e-02 -9.400334614e+00 9.958363069e-01 -4.759290609e-02 -7.774900388e-02 2.176660485e+02
-7.378316207e-02 6.808178010e-02 -9.949477253e-01 8.050880615e+01 5.029374152e-02 9.966515436e-01 6.446869804e-02 -9.367263818e+00 9.960053295e-01 -4.528294298e-02 -7.696019485e-02 2.176083055e+02
-7.134957767e-02 6.925944681e-02 -9.950438787e-01 7.977655820e+01 4.914402997e-02 9.966189192e-01 6.584520861e-02 -9.333116844e+00 9.962399570e-01 -4.420243907e-02 -7.451196324e-02 2.175574513e+02
-6.815213024e-02 7.101209529e-02 -9.951444669e-01 7.907921770e+01 5.057309595e-02 9.964272293e-01 6.764014872e-02 -9.293863511e+00 9.963922912e-01 -4.571772301e-02 -7.149995413e-02 2.175158174e+02
-6.448901672e-02 7.289288116e-02 -9.952527534e-01 7.841720710e+01 5.245040379e-02 9.961976923e-01 6.956349730e-02 -9.258968537e+00 9.965391872e-01 -4.771532998e-02 -6.806703065e-02 2.174736176e+02
-6.178258939e-02 7.453010857e-02 -9.953031193e-01 7.777555470e+01 5.218963320e-02 9.960851439e-01 7.134904515e-02 -9.224711638e+00 9.967242283e-01 -4.753637848e-02 -6.543045849e-02 2.174437112e+02
-5.729167596e-02 7.518128514e-02 -9.955228488e-01 7.717329812e+01 5.198362705e-02 9.960325368e-01 7.222817678e-02 -9.199083825e+00 9.970033842e-01 -4.761282795e-02 -6.097251414e-02 2.174089556e+02
-5.171972903e-02 7.333096287e-02 -9.959658337e-01 7.659477572e+01 5.126087590e-02 9.961807157e-01 7.068486569e-02 -9.160325043e+00 9.973453664e-01 -4.739827964e-02 -5.528121287e-02 2.173787276e+02
-4.556046300e-02 7.040220586e-02 -9.964778171e-01 7.605208778e+01 5.216407611e-02 9.963202836e-01 6.800607620e-02 -9.129135474e+00 9.975988238e-01 -4.888196049e-02 -4.906525002e-02 2.173634403e+02
-3.889755192e-02 6.714398097e-02 -9.969849563e-01 7.553988625e+01 5.329614505e-02 9.964590860e-01 6.502922505e-02 -9.099182452e+00 9.978210639e-01 -5.060597932e-02 -4.233843592e-02 2.173501771e+02
-3.074774036e-02 6.519604534e-02 -9.973987723e-01 7.504174090e+01 5.544091022e-02 9.964455079e-01 6.342461808e-02 -9.077208843e+00 9.979885588e-01 -5.334653077e-02 -3.425300308e-02 2.173425674e+02
-2.109460406e-02 6.392960414e-02 -9.977315944e-01 7.456106180e+01 5.403538698e-02 9.965677412e-01 6.271261241e-02 -9.038020447e+00 9.983163447e-01 -5.258991814e-02 -2.447667046e-02 2.173441239e+02
-6.794061306e-03 6.466081596e-02 -9.978843307e-01 7.408829215e+01 4.944303017e-02 9.967083741e-01 6.424800427e-02 -9.022671430e+00 9.987539922e-01 -4.890192397e-02 -9.968714372e-03 2.173289168e+02
9.092861617e-03 6.385311930e-02 -9.979179467e-01 7.362231908e+01 4.482495874e-02 9.969299536e-01 6.419834328e-02 -8.995379509e+00 9.989535034e-01 -4.531537620e-02 6.202764339e-03 2.173506359e+02
3.002326517e-02 6.362939080e-02 -9.975219929e-01 7.315804918e+01 4.112414403e-02 9.970481081e-01 6.483692273e-02 -8.970376239e+00 9.987029937e-01 -4.296885501e-02 2.731793454e-02 2.173629036e+02
5.455271521e-02 6.295375409e-02 -9.965244852e-01 7.269055500e+01 3.942471304e-02 9.970965199e-01 6.514812759e-02 -8.941808014e+00 9.977324228e-01 -4.284170416e-02 5.191239268e-02 2.173879369e+02
8.075083683e-02 6.195992044e-02 -9.948067300e-01 7.223826280e+01 4.006101619e-02 9.970577863e-01 6.535198293e-02 -8.920265952e+00 9.959290045e-01 -4.513019955e-02 7.803110932e-02 2.174576122e+02
1.115525450e-01 5.952319707e-02 -9.919744337e-01 7.179236782e+01 3.846151815e-02 9.971980643e-01 6.416184745e-02 -8.889885289e+00 9.930140669e-01 -4.531026119e-02 1.089506792e-01 2.175257193e+02
1.457254465e-01 5.663520109e-02 -9.877026705e-01 7.134828694e+01 3.375256428e-02 9.974942755e-01 6.217650290e-02 -8.859842194e+00 9.887491471e-01 -4.239819788e-02 1.434486729e-01 2.175999043e+02
1.818534282e-01 5.358597079e-02 -9.818645694e-01 7.090723831e+01 2.830422775e-02 9.978150842e-01 5.969878402e-02 -8.834472855e+00 9.829182580e-01 -3.864734875e-02 1.799394116e-01 2.177030118e+02
2.213424908e-01 5.318711479e-02 -9.737445817e-01 7.047220660e+01 2.172795591e-02 9.979947701e-01 5.945067757e-02 -8.820163991e+00 9.749539694e-01 -3.431644351e-02 2.197430166e-01 2.178100873e+02
2.633899230e-01 5.285603810e-02 -9.632404520e-01 7.004317006e+01 1.481762630e-02 9.981583807e-01 5.882385892e-02 -8.793827243e+00 9.645757702e-01 -2.976655024e-02 2.621216729e-01 2.179268987e+02
3.043780770e-01 5.150133670e-02 -9.511580603e-01 6.965484484e+01 9.940795248e-03 9.983112256e-01 5.723562554e-02 -8.769824431e+00 9.524994944e-01 -2.687653967e-02 3.033520985e-01 2.180888054e+02
3.472349284e-01 4.837272126e-02 -9.365298363e-01 6.924997595e+01 4.259775078e-03 9.985770734e-01 5.315691822e-02 -8.748298805e+00 9.377685909e-01 -2.244734877e-02 3.465347873e-01 2.182557701e+02
3.897793595e-01 4.561266655e-02 -9.197779497e-01 6.887411158e+01 -6.177547694e-03 9.988796409e-01 4.691750412e-02 -8.719683102e+00 9.208875697e-01 -1.260550490e-02 3.896244840e-01 2.184423796e+02
4.335169055e-01 4.359124886e-02 -9.000905021e-01 6.848063895e+01 -9.614225047e-03 9.989962197e-01 4.375067366e-02 -8.700780373e+00 9.010941357e-01 -1.031298503e-02 4.335008496e-01 2.186542597e+02
4.764860281e-01 4.340579939e-02 -8.781100163e-01 6.808655739e+01 -9.202974702e-03 9.989720732e-01 4.438634863e-02 -8.677132885e+00 8.791339966e-01 -1.306825419e-02 4.763956535e-01 2.189046603e+02
5.192637273e-01 4.344105643e-02 -8.535093623e-01 6.769802204e+01 -7.384944302e-03 9.988980379e-01 4.634801209e-02 -8.656103062e+00 8.545822438e-01 -1.776372500e-02 5.190122836e-01 2.191841558e+02
5.619521497e-01 4.730046799e-02 -8.258162653e-01 6.730761941e+01 -1.139822022e-02 9.987116831e-01 4.944717018e-02 -8.636578786e+00 8.270912198e-01 -1.837410857e-02 5.617673349e-01 2.194788479e+02
6.038934921e-01 5.002464243e-02 -7.954936895e-01 6.692394691e+01 -1.493074472e-02 9.985634209e-01 5.146012152e-02 -8.614510733e+00 7.969251726e-01 -1.919912329e-02 6.037728897e-01 2.197945713e+02
6.437366234e-01 5.239154424e-02 -7.634516266e-01 6.659948670e+01 -1.958538330e-02 9.984547729e-01 5.200429101e-02 -8.607179181e+00 7.649965325e-01 -1.852456930e-02 6.437679785e-01 2.201194855e+02
6.832521517e-01 5.168042947e-02 -7.283513835e-01 6.625195508e+01 -2.255985748e-02 9.985100560e-01 4.968667760e-02 -8.591281753e+00 7.298339716e-01 -1.751702625e-02 6.833999966e-01 2.204797251e+02
7.217435996e-01 5.166793886e-02 -6.902294123e-01 6.593243777e+01 -2.838564131e-02 9.985805349e-01 4.506827237e-02 -8.570044029e+00 6.915782160e-01 -1.293513132e-02 7.221857043e-01 2.208533044e+02
7.572282997e-01 4.837022254e-02 -6.513568265e-01 6.563732659e+01 -3.257322017e-02 9.988097719e-01 3.630466129e-02 -8.550919307e+00 6.523376772e-01 -6.274129140e-03 7.579025634e-01 2.212437820e+02
7.901920733e-01 4.696767878e-02 -6.110569267e-01 6.536369898e+01 -3.839043713e-02 9.988943680e-01 2.713320489e-02 -8.545230412e+00 6.116556864e-01 2.018296291e-03 7.911215123e-01 2.216193919e+02
8.208008389e-01 3.932836724e-02 -5.698590152e-01 6.511597058e+01 -3.330502247e-02 9.992247843e-01 2.098955892e-02 -8.534633454e+00 5.702427570e-01 1.750919301e-03 8.214743806e-01 2.220514706e+02
8.489835496e-01 2.801495842e-02 -5.276761556e-01 6.489663057e+01 -2.262177208e-02 9.996050283e-01 1.667382869e-02 -8.514551017e+00 5.279348366e-01 -2.218837695e-03 8.492819563e-01 2.224466429e+02
8.729906956e-01 2.163996442e-02 -4.872565687e-01 6.463597796e+01 -1.651842993e-02 9.997539199e-01 1.480576146e-02 -8.513483005e+00 4.874570851e-01 -4.876581280e-03 8.731333785e-01 2.229614829e+02
8.936265320e-01 2.221085979e-02 -4.482614966e-01 6.442968553e+01 -1.713856464e-02 9.997349869e-01 1.536937439e-02 -8.518421306e+00 4.484840679e-01 -6.051922599e-03 8.937703682e-01 2.234016413e+02
9.114829429e-01 2.593506494e-02 -4.105195085e-01 6.424327905e+01 -2.127145309e-02 9.996469305e-01 1.592455931e-02 -8.519298418e+00 4.107875532e-01 -5.782616449e-03 9.117127389e-01 2.238665124e+02
9.274342769e-01 2.670952760e-02 -3.730312431e-01 6.406917190e+01 -2.260818803e-02 9.996263379e-01 1.536584052e-02 -8.516200134e+00 3.733022492e-01 -5.817246892e-03 9.276915578e-01 2.243533685e+02
9.413948666e-01 2.231083115e-02 -3.365679457e-01 6.392687087e+01 -1.810744640e-02 9.997139524e-01 1.562297857e-02 -8.516958742e+00 3.368202328e-01 -8.613005728e-03 9.415295796e-01 2.248362676e+02
9.533777650e-01 1.795937542e-02 -3.012446507e-01 6.381376045e+01 -1.411399827e-02 9.997888083e-01 1.493673581e-02 -8.520637799e+00 3.014492795e-01 -9.988585949e-03 9.534298674e-01 2.253064817e+02
9.633711028e-01 1.857183537e-02 -2.675279139e-01 6.368992400e+01 -1.587687671e-02 9.997991227e-01 1.223341993e-02 -8.518346261e+00 2.677013743e-01 -7.537814924e-03 9.634724210e-01 2.258190986e+02
9.715873411e-01 2.238281174e-02 -2.356206277e-01 6.358093055e+01 -2.094756969e-02 9.997436304e-01 8.592969824e-03 -8.521267896e+00 2.357525602e-01 -3.413140713e-03 9.718071187e-01 2.263176404e+02
9.785411332e-01 2.090583974e-02 -2.049881953e-01 6.349284068e+01 -2.053598763e-02 9.997813888e-01 3.931743240e-03 -8.531330037e+00 2.050255734e-01 3.622622963e-04 9.787565411e-01 2.268094046e+02
9.843031571e-01 1.438871033e-02 -1.758983012e-01 6.344404235e+01 -1.510724830e-02 9.998821002e-01 -2.746469314e-03 -8.548184698e+00 1.758380501e-01 5.360697951e-03 9.844045325e-01 2.272851988e+02
9.888826777e-01 9.384160615e-03 -1.484014581e-01 6.337596251e+01 -1.090661537e-02 9.998958506e-01 -9.448551905e-03 -8.543954572e+00 1.482973314e-01 1.096206684e-02 9.888820415e-01 2.278257443e+02
9.923892437e-01 7.357766836e-03 -1.229206822e-01 6.331820648e+01 -8.920087759e-03 9.998862096e-01 -1.216450122e-02 -8.543407659e+00 1.228171891e-01 1.316838210e-02 9.923419684e-01 2.283707787e+02
9.947904093e-01 8.819422789e-03 -1.015593339e-01 6.328223922e+01 -9.985940690e-03 9.998898319e-01 -1.098340121e-02 -8.554623839e+00 1.014512778e-01 1.194034741e-02 9.947688436e-01 2.288736158e+02
9.963455327e-01 5.278605424e-03 -8.525121085e-02 6.323295809e+01 -5.859843096e-03 9.999612809e-01 -6.569145521e-03 -8.555104706e+00 8.521322744e-02 7.044696246e-03 9.963378044e-01 2.294150003e+02
9.972439971e-01 2.952928354e-03 -7.413257104e-02 6.321428568e+01 -2.962370656e-03 9.999956082e-01 -1.741546180e-05 -8.571853087e+00 7.413219510e-02 2.369766756e-04 9.972484068e-01 2.299444831e+02
9.978856169e-01 2.711007061e-03 -6.493834029e-02 6.318409661e+01 -2.395257426e-03 9.999849081e-01 4.939667965e-03 -8.581337310e+00 6.495075127e-02 -4.773680227e-03 9.978770451e-01 2.304814296e+02
9.982810908e-01 6.998845456e-03 -5.818871941e-02 6.315109901e+01 -6.566400326e-03 9.999494355e-01 7.619649949e-03 -8.592551630e+00 5.823910540e-02 -7.224461659e-03 9.982765270e-01 2.310069339e+02
9.985399347e-01 7.332600076e-03 -5.351855167e-02 6.311343033e+01 -6.920483594e-03 9.999449982e-01 7.881709972e-03 -8.595070732e+00 5.357340065e-02 -7.499828185e-03 9.985357413e-01 2.315453536e+02
9.985465726e-01 -8.324631324e-04 -5.388886506e-02 6.310359577e+01 1.308536823e-03 9.999604049e-01 8.799668285e-03 -8.602517836e+00 5.387940835e-02 -8.857394825e-03 9.985081585e-01 2.320636282e+02
9.981867546e-01 -1.039128149e-02 -5.928968520e-02 6.307677213e+01 1.086809946e-02 9.999111122e-01 7.725366341e-03 -8.600648170e+00 5.920413700e-02 -8.355724833e-03 9.982108994e-01 2.326132539e+02
9.975308285e-01 -1.393997238e-02 -6.883227491e-02 6.303480785e+01 1.438691584e-02 9.998784871e-01 6.001753122e-03 -8.603116236e+00 6.874024458e-02 -6.977218481e-03 9.976101951e-01 2.331403667e+02
9.966076726e-01 -1.296634469e-02 -8.127091930e-02 6.298752382e+01 1.347095187e-02 9.998932326e-01 5.663702967e-03 -8.612947868e+00 8.118880799e-02 -6.739287393e-03 9.966759634e-01 2.336521778e+02
9.952185057e-01 -1.400755566e-02 -9.666412199e-02 6.292944750e+01 1.461670503e-02 9.998775018e-01 5.596461076e-03 -8.622767475e+00 9.657388615e-02 -6.982612086e-03 9.953013485e-01 2.341482791e+02
9.931032362e-01 -1.667765169e-02 -1.160508879e-01 6.284762864e+01 1.723112752e-02 9.998444278e-01 3.767583791e-03 -8.629320256e+00 1.159700028e-01 -5.741287876e-03 9.932361029e-01 2.347810425e+02
9.899921400e-01 -2.008229620e-02 -1.396864703e-01 6.276655678e+01 2.090222595e-02 9.997718089e-01 4.405047851e-03 -8.627989326e+00 1.395661285e-01 -7.280721765e-03 9.901860105e-01 2.353058216e+02
9.858469014e-01 -1.747794803e-02 -1.667345611e-01 6.266429792e+01 1.912858226e-02 9.997825696e-01 8.298848969e-03 -8.633944350e+00 1.665532525e-01 -1.137079018e-02 9.859668866e-01 2.358376481e+02
9.802008111e-01 -1.303341965e-02 -1.975766307e-01 6.253601695e+01 1.568758621e-02 9.998064351e-01 1.187431791e-02 -8.635792473e+00 1.973836242e-01 -1.473871661e-02 9.802155280e-01 2.363408362e+02
9.722988412e-01 -1.081781362e-02 -2.334907435e-01 6.239238717e+01 1.387291325e-02 9.998382704e-01 1.144608183e-02 -8.642553366e+00 2.333291687e-01 -1.436820878e-02 9.722916434e-01 2.368237754e+02
9.619627749e-01 -7.154883624e-03 -2.730867790e-01 6.223493184e+01 1.012475709e-02 9.999038993e-01 9.467480342e-03 -8.656919276e+00 2.729928084e-01 -1.187230026e-02 9.619428157e-01 2.372871945e+02
9.487470397e-01 -2.827576970e-03 -3.160238070e-01 6.204353227e+01 5.445545061e-03 9.999577781e-01 7.401302365e-03 -8.657281868e+00 3.159895457e-01 -8.742884860e-03 9.487223690e-01 2.377406138e+02
9.322418144e-01 3.436549404e-03 -3.618195379e-01 6.183990253e+01 -1.257450662e-03 9.999796283e-01 6.257902445e-03 -8.661656907e+00 3.618336786e-01 -5.378908760e-03 9.322271848e-01 2.381722834e+02
9.118960467e-01 1.297482816e-02 -4.102161407e-01 6.160407854e+01 -1.230656967e-02 9.999151604e-01 4.269494483e-03 -8.657029566e+00 4.102367365e-01 1.155018508e-03 9.119783216e-01 2.385932820e+02
8.876129701e-01 2.580442578e-02 -4.598667164e-01 6.133283496e+01 -2.646686830e-02 9.996371739e-01 5.007380374e-03 -8.657785306e+00 4.598290481e-01 7.726615695e-03 8.879738237e-01 2.389797668e+02
8.586133626e-01 4.070108831e-02 -5.110054444e-01 6.104717896e+01 -4.137678951e-02 9.990930305e-01 1.005373295e-02 -8.664818020e+00 5.109511615e-01 1.251149465e-02 8.595187021e-01 2.393424875e+02
8.254465907e-01 5.082440247e-02 -5.621875865e-01 6.074135812e+01 -5.165840913e-02 9.985606370e-01 1.442576904e-02 -8.662710636e+00 5.621115713e-01 1.713400963e-02 8.268839341e-01 2.397117464e+02
7.881332555e-01 5.795413329e-02 -6.127702696e-01 6.041357726e+01 -5.756277193e-02 9.981341747e-01 2.036467117e-02 -8.656604715e+00 6.128071578e-01 1.922267684e-02 7.899987257e-01 2.400626293e+02
7.468830270e-01 6.318026331e-02 -6.619470923e-01 6.006442186e+01 -5.610862935e-02 9.979137149e-01 3.193890754e-02 -8.643900171e+00 6.625839733e-01 1.328631916e-02 7.488697974e-01 2.404129436e+02
7.019562068e-01 7.037155425e-02 -7.087350112e-01 5.969071640e+01 -5.558730416e-02 9.974844638e-01 4.398636462e-02 -8.625469075e+00 7.100475820e-01 8.520170128e-03 7.041021988e-01 2.407412428e+02
6.549108502e-01 7.737646758e-02 -7.517343926e-01 5.929353882e+01 -5.406915913e-02 9.969927435e-01 5.551600723e-02 -8.599613229e+00 7.537693560e-01 4.287611384e-03 6.571250632e-01 2.410393458e+02
6.048924293e-01 8.571551133e-02 -7.916805015e-01 5.887805817e+01 -5.895173040e-02 9.962819674e-01 6.282504589e-02 -8.573491398e+00 7.941220612e-01 8.668532629e-03 6.076964815e-01 2.412973295e+02
5.532076411e-01 8.738087310e-02 -8.284479013e-01 5.846611000e+01 -5.813469821e-02 9.961084338e-01 6.624468162e-02 -8.552002887e+00 8.310124133e-01 1.151450783e-02 5.561346692e-01 2.414944498e+02
4.968137347e-01 8.099335138e-02 -8.640695837e-01 5.803182179e+01 -5.108431079e-02 9.966384634e-01 6.404774228e-02 -8.520921914e+00 8.663524859e-01 1.232059923e-02 4.992811326e-01 2.416970224e+02
4.383290841e-01 7.100437104e-02 -8.960056791e-01 5.759633439e+01 -3.674953137e-02 9.974569550e-01 6.106593000e-02 -8.486156662e+00 8.980630222e-01 6.160806798e-03 4.398237969e-01 2.418862732e+02
3.783114214e-01 6.454558446e-02 -9.234253436e-01 5.712361582e+01 -2.473299232e-02 9.979147406e-01 5.961956305e-02 -8.452193535e+00 9.253478915e-01 2.843085685e-04 3.791189388e-01 2.420525451e+02
3.176316969e-01 6.547362642e-02 -9.459509824e-01 5.666786084e+01 -1.996595415e-02 9.978538848e-01 6.236188888e-02 -8.425114168e+00 9.480039692e-01 -9.212998664e-04 3.182572287e-01 2.421839330e+02
2.620531228e-01 6.906028339e-02 -9.625793618e-01 5.617544723e+01 -2.040994544e-02 9.976097295e-01 6.601713154e-02 -8.397219645e+00 9.648376719e-01 2.346192875e-03 2.628362058e-01 2.422668149e+02
2.100173628e-01 7.180167632e-02 -9.750576539e-01 5.566845565e+01 -2.179325563e-02 9.973956847e-01 6.875257813e-02 -8.364715337e+00 9.774547982e-01 6.810431826e-03 2.110352080e-01 2.423435453e+02
1.617868907e-01 7.143078948e-02 -9.842371377e-01 5.514375133e+01 -2.151292934e-02 9.973950764e-01 6.884948040e-02 -8.332398505e+00 9.865912280e-01 1.003488276e-02 1.629020788e-01 2.424030447e+02
1.180037340e-01 6.965638165e-02 -9.905671528e-01 5.463551284e+01 -1.775066746e-02 9.975252805e-01 6.803108772e-02 -8.301234053e+00 9.928545803e-01 9.555295922e-03 1.189481390e-01 2.424322312e+02
7.891906585e-02 6.649883527e-02 -9.946607143e-01 5.411477177e+01 -1.550763459e-02 9.977337691e-01 6.547386966e-02 -8.269794396e+00 9.967605809e-01 1.025768577e-02 7.977145735e-02 2.424528967e+02
4.674741984e-02 6.333740092e-02 -9.968968174e-01 5.360177793e+01 -1.546651889e-02 9.979140490e-01 6.267676280e-02 -8.243453234e+00 9.987870832e-01 1.248854519e-02 4.762948204e-02 2.424481230e+02
2.099628707e-02 6.098789138e-02 -9.979176505e-01 5.308285359e+01 -1.956935409e-02 9.979715028e-01 6.057944470e-02 -8.215391066e+00 9.995880217e-01 1.825666057e-02 2.214721005e-02 2.424256590e+02
1.407429811e-03 5.875214510e-02 -9.982717330e-01 5.253911329e+01 -2.382346663e-02 9.979912610e-01 5.870205495e-02 -8.185802695e+00 9.997153193e-01 2.369966892e-02 2.804249011e-03 2.424063058e+02
-1.296919471e-02 5.688850958e-02 -9.982963460e-01 5.197580792e+01 -2.562155102e-02 9.980335458e-01 5.720639526e-02 -8.157624432e+00 9.995876262e-01 2.631981787e-02 -1.148616416e-02 2.423747937e+02
-2.550833577e-02 5.529842467e-02 -9.981439775e-01 5.141177721e+01 -2.420797123e-02 9.981418794e-01 5.591696232e-02 -8.128366811e+00 9.993814891e-01 2.558939251e-02 -2.412228025e-02 2.423646009e+02
-3.475845958e-02 5.327686508e-02 -9.979747570e-01 5.081913492e+01 -2.234363113e-02 9.982870350e-01 5.407174359e-02 -8.094441131e+00 9.991460085e-01 2.417781926e-02 -3.350842841e-02 2.423341703e+02
-4.052179024e-02 5.243347951e-02 -9.978020332e-01 5.019937553e+01 -2.237100358e-02 9.983242102e-01 5.336943107e-02 -8.063412724e+00 9.989282744e-01 2.448445184e-02 -3.928098692e-02 2.423091985e+02
-4.334066249e-02 5.228239762e-02 -9.976915388e-01 4.956545312e+01 -2.392948829e-02 9.982889167e-01 5.335322563e-02 -8.026923283e+00 9.987738703e-01 2.618659876e-02 -4.201536653e-02 2.422733194e+02
-4.413115584e-02 5.291264528e-02 -9.976236004e-01 4.891835553e+01 -2.512436765e-02 9.982217944e-01 5.405578581e-02 -7.998866866e+00 9.987098204e-01 2.745020036e-02 -4.272325670e-02 2.422397065e+02
-4.311780486e-02 5.382788938e-02 -9.976189944e-01 4.823392808e+01 -2.455820153e-02 9.981887267e-01 5.492005469e-02 -7.967584119e+00 9.987682922e-01 2.686775045e-02 -4.171781612e-02 2.422114607e+02
-4.212388086e-02 5.420549172e-02 -9.976411038e-01 4.754609869e+01 -2.313576712e-02 9.982065121e-01 5.521308898e-02 -7.935126142e+00 9.988446705e-01 2.540696763e-02 -4.079425397e-02 2.421864238e+02
-4.070603469e-02 5.234060454e-02 -9.977994156e-01 4.682296260e+01 -2.042889613e-02 9.983746754e-01 5.320419806e-02 -7.893420692e+00 9.989624346e-01 2.254966433e-02 -3.957063919e-02 2.421577731e+02
-3.992420118e-02 4.995174537e-02 -9.979534887e-01 4.609243942e+01 -1.724084332e-02 9.985665298e-01 5.067217090e-02 -7.854914060e+00 9.990541528e-01 1.922859516e-02 -3.900570289e-02 2.421409024e+02
-3.863289748e-02 4.872122092e-02 -9.980650390e-01 4.532094623e+01 -1.619282747e-02 9.986489916e-01 4.937651710e-02 -7.810127066e+00 9.991223180e-01 1.806905005e-02 -3.779178536e-02 2.421056205e+02
-3.795155643e-02 4.796761909e-02 -9.981276878e-01 4.454440234e+01 -1.662168296e-02 9.986787170e-01 4.862610427e-02 -7.771775441e+00 9.991413707e-01 1.843599655e-02 -3.710411607e-02 2.420756806e+02
-3.770170638e-02 4.821051033e-02 -9.981254780e-01 4.374408189e+01 -1.628648013e-02 9.986732134e-01 4.885215017e-02 -7.735607554e+00 9.991564108e-01 1.809776147e-02 -3.686656570e-02 2.420487213e+02
-3.711479683e-02 4.931155278e-02 -9.980936111e-01 4.292808128e+01 -1.418867967e-02 9.986550938e-01 4.986690679e-02 -7.696690444e+00 9.992102310e-01 1.601242894e-02 -3.636512063e-02 2.420132462e+02
-3.640687003e-02 4.960248371e-02 -9.981054312e-01 4.209123313e+01 -1.068531841e-02 9.986909793e-01 5.002135016e-02 -7.665336303e+00 9.992801286e-01 1.248618409e-02 -3.582922679e-02 2.419848876e+02
-3.634695832e-02 4.867893802e-02 -9.981529984e-01 4.124080429e+01 -8.463588750e-03 9.987621048e-01 4.901683923e-02 -7.623234826e+00 9.993034370e-01 1.022956681e-02 -3.588994624e-02 2.419568815e+02
-3.704897541e-02 4.821352274e-02 -9.981498571e-01 4.038416435e+01 -6.323943426e-03 9.988041605e-01 4.847986072e-02 -7.584088403e+00 9.992936052e-01 8.108362857e-03 -3.669985606e-02 2.419260259e+02
-3.894934374e-02 4.986857528e-02 -9.979961443e-01 3.948738205e+01 -5.156978639e-03 9.987305624e-01 5.010654529e-02 -7.541968314e+00 9.992279947e-01 7.098255054e-03 -3.864269007e-02 2.418917135e+02
-4.159943867e-02 5.261674172e-02 -9.977479837e-01 3.857245910e+01 -2.637831512e-03 9.986031114e-01 5.277181821e-02 -7.502008624e+00 9.991309143e-01 4.827168089e-03 -4.140253801e-02 2.418549522e+02
-4.459111965e-02 5.435504291e-02 -9.975256487e-01 3.764911893e+01 -1.286195670e-03 9.985147647e-01 5.446644325e-02 -7.455995400e+00 9.990046101e-01 3.711726354e-03 -4.445508128e-02 2.418085398e+02
-4.809555738e-02 5.187289668e-02 -9.974949085e-01 3.671155137e+01 -1.369304918e-03 9.986462173e-01 5.199879354e-02 -7.412714197e+00 9.988418644e-01 3.866785223e-03 -4.795944772e-02 2.417686723e+02
-5.088382822e-02 4.707477042e-02 -9.975946172e-01 3.575107237e+01 -2.827811042e-03 9.988777136e-01 4.727955550e-02 -7.369785119e+00 9.987006827e-01 5.226762797e-03 -5.069354564e-02 2.417063940e+02
-5.368930866e-02 4.355906603e-02 -9.976071580e-01 3.478687370e+01 -1.716231910e-03 9.990426305e-01 4.371410235e-02 -7.324920883e+00 9.985562287e-01 4.059107880e-03 -5.356316475e-02 2.416579681e+02
-5.579816455e-02 4.623359711e-02 -9.973710929e-01 3.379144583e+01 -1.019641546e-03 9.989241740e-01 4.636263507e-02 -7.280594617e+00 9.984415833e-01 3.603906727e-03 -5.569101281e-02 2.416020748e+02
-5.692902033e-02 5.263149752e-02 -9.969901623e-01 3.278517043e+01 6.444787572e-04 9.986112248e-01 5.268028252e-02 -7.235096308e+00 9.983782457e-01 2.356486774e-03 -5.688391757e-02 2.415368136e+02
-5.846273821e-02 5.796935092e-02 -9.966050287e-01 3.174702157e+01 3.485627752e-03 9.983183298e-01 5.786452980e-02 -7.189005765e+00 9.982834837e-01 -9.087757607e-05 -5.856645337e-02 2.414832721e+02
-5.928429699e-02 5.863261383e-02 -9.965177929e-01 3.071192671e+01 6.277697832e-03 9.982756905e-01 5.836258355e-02 -7.130409448e+00 9.982215123e-01 -2.795856121e-03 -5.955018613e-02 2.414223031e+02
-6.056579985e-02 5.656446528e-02 -9.965603605e-01 2.965613131e+01 5.795879274e-03 9.983961505e-01 5.631642956e-02 -7.073469377e+00 9.981475196e-01 -2.365098318e-03 -6.079653947e-02 2.413560686e+02
-6.100851071e-02 5.430725981e-02 -9.966587988e-01 2.858784924e+01 4.738949748e-03 9.985232578e-01 5.411876880e-02 -7.021096311e+00 9.981260294e-01 -1.421408354e-03 -6.117587712e-02 2.412888847e+02
-6.100090032e-02 5.294854345e-02 -9.967323302e-01 2.750288258e+01 3.844847512e-03 9.985970282e-01 5.281229305e-02 -6.966516127e+00 9.981303468e-01 -6.106830607e-04 -6.111889561e-02 2.412215629e+02
-6.069049795e-02 5.313716509e-02 -9.967413246e-01 2.641654895e+01 3.017591364e-04 9.985829029e-01 5.321697255e-02 -6.918466415e+00 9.981566552e-01 2.928982278e-03 -6.062048084e-02 2.411493880e+02
-6.013877228e-02 5.090765866e-02 -9.968911919e-01 2.532128632e+01 -4.355021748e-03 9.986757859e-01 5.126152202e-02 -6.869131631e+00 9.981806702e-01 7.424281971e-03 -5.983739388e-02 2.410790875e+02
-5.968899197e-02 4.987517578e-02 -9.969702664e-01 2.423766181e+01 -6.179864268e-03 9.987134190e-01 5.033237180e-02 -6.822081561e+00 9.981978831e-01 9.165427758e-03 -5.930400232e-02 2.410060400e+02
-5.910150532e-02 4.943089647e-02 -9.970274215e-01 2.315204114e+01 -7.837273445e-03 9.987195291e-01 4.997936592e-02 -6.778221824e+00 9.982212585e-01 1.076782702e-02 -5.863835796e-02 2.409378355e+02
-5.808312368e-02 5.005975666e-02 -9.970557946e-01 2.207323686e+01 -6.657552044e-03 9.987003200e-01 5.053015768e-02 -6.741530923e+00 9.982895014e-01 9.572903010e-03 -5.767436733e-02 2.408735481e+02
-5.742920934e-02 4.996986150e-02 -9.970983674e-01 2.099651633e+01 -5.439476695e-03 9.987161064e-01 5.036423434e-02 -6.698438715e+00 9.983348967e-01 8.316064684e-03 -5.708367448e-02 2.408095222e+02
-5.678406456e-02 5.174310317e-02 -9.970448681e-01 1.990913831e+01 -2.272111438e-03 9.986468110e-01 5.195564687e-02 -6.657888627e+00 9.983840399e-01 5.215640256e-03 -5.658959525e-02 2.407466889e+02
-5.631509785e-02 5.363721262e-02 -9.969713046e-01 1.882863252e+01 6.200068532e-03 9.985554629e-01 5.337222459e-02 -6.613739681e+00 9.983938549e-01 -3.175629201e-03 -5.656630806e-02 2.406970231e+02
-5.676785337e-02 5.316850156e-02 -9.969706400e-01 1.775287103e+01 7.978011497e-03 9.985732309e-01 5.279969151e-02 -6.566723611e+00 9.983555168e-01 -4.956514691e-03 -5.711110469e-02 2.406410577e+02
-5.772099077e-02 5.319184235e-02 -9.969147137e-01 1.667310307e+01 1.116747502e-02 9.985515031e-01 5.263258166e-02 -6.523038678e+00 9.982703264e-01 -8.095014137e-03 -5.823136961e-02 2.405771032e+02
-6.037284842e-02 5.531879104e-02 -9.966418280e-01 1.560187510e+01 1.401110163e-02 9.984117117e-01 5.456828986e-02 -6.474055040e+00 9.980775681e-01 -1.066960537e-02 -6.105205875e-02 2.405146240e+02
-6.361003763e-02 5.971535343e-02 -9.961867813e-01 1.452518872e+01 1.098668860e-02 9.981896075e-01 5.913388058e-02 -6.430371338e+00 9.979144774e-01 -7.183290274e-03 -6.415097462e-02 2.404442216e+02
-6.603588786e-02 6.196318962e-02 -9.958915106e-01 1.346614558e+01 9.222071917e-03 9.980652824e-01 6.148694513e-02 -6.378282733e+00 9.977746236e-01 -5.123839090e-03 -6.647959032e-02 2.403583402e+02
-6.928246063e-02 6.079383928e-02 -9.957429999e-01 1.239542095e+01 5.242678563e-03 9.981498134e-01 6.057600724e-02 -6.328291542e+00 9.975833152e-01 -1.023506690e-03 -6.947299362e-02 2.402788900e+02
-7.137676697e-02 5.645369249e-02 -9.958507010e-01 1.134444767e+01 2.776245876e-03 9.984043989e-01 5.639948416e-02 -6.279103904e+00 9.974456803e-01 1.260884402e-03 -7.141970246e-02 2.401937767e+02
-7.276001805e-02 5.289197648e-02 -9.959460755e-01 1.030754468e+01 -6.699566460e-04 9.985899914e-01 5.308133659e-02 -6.233843253e+00 9.973493578e-01 4.529434934e-03 -7.262198818e-02 2.401042200e+02
-7.402229854e-02 5.199605248e-02 -9.959001550e-01 9.267874923e+00 -2.774626677e-03 9.986252112e-01 5.234456107e-02 -6.195571704e+00 9.972526874e-01 6.637921693e-03 -7.377627088e-02 2.400216816e+02
-7.539449193e-02 5.359498819e-02 -9.957124660e-01 8.240989869e+00 -5.704308588e-03 9.985150128e-01 5.417776417e-02 -6.154274077e+00 9.971375018e-01 9.764556751e-03 -7.497674830e-02 2.399381675e+02
-7.610018821e-02 5.782471631e-02 -9.954220695e-01 7.216723327e+00 -8.562577549e-03 9.982422804e-01 5.864315736e-02 -6.113428269e+00 9.970634524e-01 1.298613540e-02 -7.547140105e-02 2.398501875e+02
-7.730270252e-02 5.959126814e-02 -9.952252880e-01 6.209606786e+00 -1.348955046e-02 9.980582619e-01 6.080868370e-02 -6.069273458e+00 9.969165178e-01 1.812581422e-02 -7.634874909e-02 2.397616165e+02
-7.825017362e-02 5.920220219e-02 -9.951744806e-01 5.209002618e+00 -1.744061702e-02 9.980011197e-01 6.074171296e-02 -6.026410199e+00 9.967813252e-01 2.210949745e-02 -7.706122554e-02 2.396800059e+02
-7.940196471e-02 5.695280016e-02 -9.952145792e-01 4.232341734e+00 -2.377529537e-02 9.979743685e-01 5.900761855e-02 -5.981381135e+00 9.965592943e-01 2.834682502e-02 -7.788710271e-02 2.395887246e+02
-7.968162579e-02 5.701754357e-02 -9.951883675e-01 3.275478234e+00 -2.666837439e-02 9.978834755e-01 5.930720587e-02 -5.941652237e+00 9.964636097e-01 3.126574568e-02 -7.799234708e-02 2.395043099e+02
-8.001981716e-02 5.632014809e-02 -9.952009664e-01 2.330343233e+00 -3.048290779e-02 9.977973044e-01 5.891807846e-02 -5.900721322e+00 9.963271223e-01 3.505122897e-02 -7.812675865e-02 2.394201046e+02
-7.970443222e-02 5.622407687e-02 -9.952318088e-01 1.408620267e+00 -3.373972253e-02 9.976838398e-01 5.906469063e-02 -5.866926219e+00 9.962474956e-01 3.828655245e-02 -7.762288872e-02 2.393315858e+02
-7.955108361e-02 5.617396580e-02 -9.952469227e-01 5.012971152e-01 -3.578315807e-02 9.976065294e-01 5.916733561e-02 -5.828324720e+00 9.961884865e-01 4.031988723e-02 -7.735056532e-02 2.392540778e+02
-7.890428288e-02 5.803936910e-02 -9.951914021e-01 -3.900243258e-01 -3.634753078e-02 9.974724040e-01 6.105423541e-02 -5.788696310e+00 9.962194987e-01 4.099017545e-02 -7.659526616e-02 2.391757394e+02
-7.917651737e-02 5.972255190e-02 -9.950700178e-01 -1.270020006e+00 -3.659939487e-02 9.973566025e-01 6.277196360e-02 -5.749577325e+00 9.961885219e-01 4.138902527e-02 -7.678144867e-02 2.391135342e+02
-7.912495341e-02 5.939777552e-02 -9.950936932e-01 -2.106205369e+00 -3.763094367e-02 9.973338055e-01 6.252372431e-02 -5.716776056e+00 9.961543194e-01 4.239348666e-02 -7.667887397e-02 2.390412017e+02
-7.909595204e-02 5.840753988e-02 -9.951543900e-01 -2.926020724e+00 -3.720000177e-02 9.974137945e-01 6.149684546e-02 -5.681798197e+00 9.961726308e-01 4.188390633e-02 -7.671863577e-02 2.389771571e+02
-7.943280352e-02 5.735813829e-02 -9.951886998e-01 -3.722349613e+00 -3.487582172e-02 9.975720990e-01 6.027918675e-02 -5.646858862e+00 9.962299735e-01 3.949616911e-02 -7.723952804e-02 2.389200427e+02
-7.984796231e-02 5.718931748e-02 -9.951651960e-01 -4.482095372e+00 -3.475522221e-02 9.975860864e-01 6.011705597e-02 -5.614234978e+00 9.962009737e-01 3.938740879e-02 -7.766751134e-02 2.388585912e+02
-7.967735857e-02 5.816974603e-02 -9.951220447e-01 -5.227646345e+00 -3.532966173e-02 9.975038794e-01 6.113774935e-02 -5.581835171e+00 9.961944326e-01 4.002861250e-02 -7.742342676e-02 2.387991126e+02
-7.984496766e-02 5.785253831e-02 -9.951270888e-01 -5.956181432e+00 -3.661687504e-02 9.974703409e-01 6.092676285e-02 -5.556698454e+00 9.961345904e-01 4.130313655e-02 -7.752458749e-02 2.387495905e+02
-7.898430362e-02 5.821701409e-02 -9.951744999e-01 -6.639559146e+00 -3.722260917e-02 9.974249256e-01 6.130291586e-02 -5.529146005e+00 9.961806874e-01 4.188495968e-02 -7.661395863e-02 2.387046649e+02
-7.647187021e-02 6.012323386e-02 -9.952575342e-01 -7.303320430e+00 -3.715516280e-02 9.973151682e-01 6.310240559e-02 -5.502288697e+00 9.963793551e-01 4.180450708e-02 -7.403272401e-02 2.386494663e+02
-7.321140145e-02 6.211205701e-02 -9.953806043e-01 -7.935254643e+00 -3.680276743e-02 9.972107131e-01 6.493314753e-02 -5.470729726e+00 9.966373507e-01 4.138659021e-02 -7.072128061e-02 2.386071939e+02
-6.890430668e-02 6.391900938e-02 -9.955736377e-01 -8.532916010e+00 -3.768753147e-02 9.970661791e-01 6.662322026e-02 -5.447880605e+00 9.969113197e-01 4.211132899e-02 -6.629319953e-02 2.385682483e+02
-6.312789675e-02 6.579709995e-02 -9.958341360e-01 -9.097306681e+00 -3.774807074e-02 9.969528868e-01 6.826394299e-02 -5.425867310e+00 9.972913003e-01 4.190017698e-02 -6.045183312e-02 2.385255247e+02
-5.666594605e-02 6.668455333e-02 -9.961638621e-01 -9.633538842e+00 -3.837761060e-02 9.968840113e-01 6.891584117e-02 -5.399301066e+00 9.976554641e-01 4.213555155e-02 -5.393010284e-02 2.384967111e+02
-4.965575846e-02 6.647467471e-02 -9.965519140e-01 -1.013032024e+01 -3.730935094e-02 9.969627696e-01 6.836111949e-02 -5.376213860e+00 9.980694517e-01 4.057520945e-02 -4.702478015e-02 2.384815557e+02
-4.180624584e-02 6.466140723e-02 -9.970312407e-01 -1.059524031e+01 -3.583033928e-02 9.971647041e-01 6.617245676e-02 -5.352671216e+00 9.984831610e-01 3.849038457e-02 -3.937086019e-02 2.384676000e+02
-3.294675071e-02 6.295638569e-02 -9.974724035e-01 -1.102364828e+01 -3.499089029e-02 9.973296736e-01 6.410312752e-02 -5.333482966e+00 9.988445087e-01 3.701442388e-02 -3.065588463e-02 2.384600909e+02
-2.370831708e-02 6.119368823e-02 -9.978444530e-01 -1.141875574e+01 -3.503803821e-02 9.974607508e-01 6.200265944e-02 -5.316301084e+00 9.991048470e-01 3.643247936e-02 -2.150400132e-02 2.384582102e+02
-1.444427554e-02 6.039604802e-02 -9.980700731e-01 -1.178004342e+01 -3.521628255e-02 9.975240898e-01 6.087266857e-02 -5.301965540e+00 9.992754341e-01 3.602756352e-02 -1.228162183e-02 2.384617638e+02
-5.264281095e-03 5.953980153e-02 -9.982121942e-01 -1.212417710e+01 -3.498749821e-02 9.976037625e-01 5.968802900e-02 -5.283798633e+00 9.993739877e-01 3.523914947e-02 -3.168511609e-03 2.384729591e+02
4.051488387e-03 5.446954014e-02 -9.985072601e-01 -1.244120339e+01 -3.327034986e-02 9.979699747e-01 5.430523321e-02 -5.276845261e+00 9.994382593e-01 3.300066124e-02 5.855503200e-03 2.384864146e+02
1.400726357e-02 4.874624404e-02 -9.987129448e-01 -1.270647071e+01 -3.138753652e-02 9.983401664e-01 4.828783163e-02 -5.271293412e+00 9.994091119e-01 3.067075977e-02 1.551399075e-02 2.385098433e+02
2.488105532e-02 4.628688258e-02 -9.986183011e-01 -1.297334752e+01 -2.970346797e-02 9.985207212e-01 4.554228233e-02 -5.262042952e+00 9.992490332e-01 2.852928388e-02 2.621916577e-02 2.385271130e+02
3.522697613e-02 4.630871327e-02 -9.983059006e-01 -1.322278171e+01 -2.954551057e-02 9.985374517e-01 4.527689072e-02 -5.252578594e+00 9.989425519e-01 2.790048334e-02 3.654371426e-02 2.385520395e+02
4.660790929e-02 4.484494161e-02 -9.979061260e-01 -1.345753622e+01 -2.943855195e-02 9.986195328e-01 4.350205310e-02 -5.244829514e+00 9.984793810e-01 2.734937377e-02 4.786371079e-02 2.385738384e+02
5.884009263e-02 4.137171936e-02 -9.974098327e-01 -1.368957781e+01 -2.910533124e-02 9.987872176e-01 3.971184553e-02 -5.235956011e+00 9.978431343e-01 2.669329146e-02 5.997289542e-02 2.386027223e+02
7.344899623e-02 3.788328865e-02 -9.965792685e-01 -1.392039237e+01 -2.947888307e-02 9.989240952e-01 3.579979533e-02 -5.231712635e+00 9.968632709e-01 2.674857977e-02 7.448674677e-02 2.386264340e+02
8.986708786e-02 3.519944260e-02 -9.953315295e-01 -1.413939025e+01 -2.980763145e-02 9.990226461e-01 3.263868710e-02 -5.229076802e+00 9.955075956e-01 2.673533330e-02 9.082844798e-02 2.386678926e+02
1.082847232e-01 3.345080371e-02 -9.935570247e-01 -1.436541067e+01 -3.063440486e-02 9.990713694e-01 3.029771057e-02 -5.221596270e+00 9.936478399e-01 2.715624654e-02 1.092088996e-01 2.387095373e+02
1.278467639e-01 3.278224078e-02 -9.912520700e-01 -1.458790983e+01 -3.166890383e-02 9.990788608e-01 2.895658775e-02 -5.216014566e+00 9.912882514e-01 2.768985508e-02 1.287671489e-01 2.387527665e+02
1.474651802e-01 3.398703571e-02 -9.884831123e-01 -1.480173409e+01 -2.996280398e-02 9.991042195e-01 2.988227055e-02 -5.209717915e+00 9.886133194e-01 2.521113289e-02 1.483514387e-01 2.388076626e+02
1.684424505e-01 3.807865159e-02 -9.849756770e-01 -1.501507297e+01 -2.867913257e-02 9.990198709e-01 3.371711964e-02 -5.209463249e+00 9.852941478e-01 2.256885483e-02 1.693694439e-01 2.388716896e+02
1.909476296e-01 4.129265109e-02 -9.807313496e-01 -1.522859490e+01 -2.854190009e-02 9.989259028e-01 3.650162720e-02 -5.206814920e+00 9.811851587e-01 2.102203436e-02 1.919210944e-01 2.389271943e+02
2.135286973e-01 4.088702539e-02 -9.760808647e-01 -1.543742441e+01 -3.097316134e-02 9.989048928e-01 3.506737431e-02 -5.206100052e+00 9.764457343e-01 2.274441733e-02 2.145612185e-01 2.389954588e+02
2.402600513e-01 3.489278079e-02 -9.700812885e-01 -1.564563743e+01 -3.145484796e-02 9.991087952e-01 2.814644758e-02 -5.197172941e+00 9.701988456e-01 2.375128986e-02 2.411434778e-01 2.390641170e+02
2.692020999e-01 2.879761303e-02 -9.626530765e-01 -1.587008282e+01 -2.931223191e-02 9.993347473e-01 2.169788940e-02 -5.193223008e+00 9.626375398e-01 2.237639291e-02 2.698671279e-01 2.391588047e+02
3.006241551e-01 2.660416283e-02 -9.533715549e-01 -1.611046438e+01 -2.581967832e-02 9.994715515e-01 1.974894549e-02 -5.189499665e+00 9.533931480e-01 1.867873439e-02 3.011522058e-01 2.392660396e+02
3.343092428e-01 2.793088605e-02 -9.420494742e-01 -1.636271132e+01 -2.043725732e-02 9.995405327e-01 2.238278248e-02 -5.192383258e+00 9.422418109e-01 1.177013577e-02 3.347264740e-01 2.393954086e+02
3.711940260e-01 3.195093790e-02 -9.280054741e-01 -1.662868846e+01 -1.930934860e-02 9.994573072e-01 2.668743350e-02 -5.191603376e+00 9.283545839e-01 8.012961694e-03 3.716095506e-01 2.395335463e+02
4.109710213e-01 3.792077237e-02 -9.108594045e-01 -1.691140255e+01 -2.114971307e-02 9.992622220e-01 3.205859772e-02 -5.182708725e+00 9.114030849e-01 6.089257730e-03 4.114698192e-01 2.396880713e+02
4.521626782e-01 4.352879298e-02 -8.908727946e-01 -1.720508168e+01 -2.596629550e-02 9.990275013e-01 3.563412862e-02 -5.175543497e+00 8.915575609e-01 7.020237465e-03 4.528531874e-01 2.398642305e+02
4.955645720e-01 4.780880053e-02 -8.672544035e-01 -1.750738003e+01 -3.086942291e-02 9.988226164e-01 3.742237904e-02 -5.167743774e+00 8.680224430e-01 8.226431596e-03 4.964569214e-01 2.400619138e+02
5.398946107e-01 5.044897352e-02 -8.402194149e-01 -1.781734669e+01 -3.292886933e-02 9.987040732e-01 3.880590424e-02 -5.152485181e+00 8.410882461e-01 6.716374296e-03 5.408562040e-01 2.402897168e+02
5.836707089e-01 5.115177457e-02 -8.103777657e-01 -1.809742168e+01 -3.150092435e-02 9.986889429e-01 4.034976029e-02 -5.148499892e+00 8.113793034e-01 1.976670107e-03 5.845167759e-01 2.405562480e+02
6.289043715e-01 4.892521092e-02 -7.759417792e-01 -1.837620410e+01 -2.981446469e-02 9.988016266e-01 3.881236480e-02 -5.143417118e+00 7.769108465e-01 -1.274980963e-03 6.296093638e-01 2.408467521e+02
6.741408158e-01 4.687275396e-02 -7.371140421e-01 -1.865425821e+01 -3.098565926e-02 9.989004763e-01 3.518114909e-02 -5.137091646e+00 7.379526254e-01 -8.770868146e-04 6.748520053e-01 2.411602144e+02
7.194513761e-01 4.270770245e-02 -6.932285621e-01 -1.892633570e+01 -3.249026546e-02 9.990844721e-01 2.783127898e-02 -5.122120365e+00 6.937824995e-01 2.499920023e-03 7.201802848e-01 2.414954683e+02
7.631039361e-01 4.045668045e-02 -6.450082963e-01 -1.918800575e+01 -3.552494321e-02 9.991556274e-01 2.064051012e-02 -5.101475857e+00 6.452987089e-01 7.163026116e-03 7.638967453e-01 2.418591065e+02
8.046866863e-01 4.152125044e-02 -5.922460054e-01 -1.943376204e+01 -3.963892788e-02 9.990829659e-01 1.618627785e-02 -5.089433197e+00 5.923749651e-01 1.045111481e-02 8.055946187e-01 2.422412394e+02
8.422454410e-01 4.140007433e-02 -5.375023196e-01 -1.965696271e+01 -3.927789584e-02 9.991095224e-01 1.540752333e-02 -5.083139684e+00 5.376615432e-01 8.135040093e-03 8.431215077e-01 2.426714421e+02
8.758946090e-01 3.872048937e-02 -4.809463617e-01 -1.988911304e+01 -3.616113320e-02 9.992394619e-01 1.459143869e-02 -5.074617398e+00 4.811455631e-01 4.611002939e-03 8.766285608e-01 2.431478817e+02
9.045914632e-01 3.554661396e-02 -4.247948751e-01 -2.005996339e+01 -3.255138217e-02 9.993676209e-01 1.430910407e-02 -5.080530224e+00 4.250349107e-01 8.837644759e-04 9.051765586e-01 2.436326607e+02
9.289226464e-01 3.328999581e-02 -3.687742806e-01 -2.022423154e+01 -3.106130027e-02 9.994456605e-01 1.198021878e-02 -5.077944605e+00 3.689686864e-01 3.259118455e-04 9.294417924e-01 2.441505565e+02
9.487860799e-01 3.200815655e-02 -3.142935389e-01 -2.036101229e+01 -3.163848343e-02 9.994796279e-01 6.278684105e-03 -5.069506486e+00 3.143309740e-01 3.986640508e-03 9.493051284e-01 2.446958287e+02
9.649107759e-01 3.251334783e-02 -2.605573037e-01 -2.047758053e+01 -3.325784544e-02 9.994455903e-01 1.552328678e-03 -5.066364881e+00 2.604633148e-01 7.167714282e-03 9.654571333e-01 2.452560886e+02
9.772880642e-01 3.371648925e-02 -2.092157717e-01 -2.057383782e+01 -3.447714535e-02 9.994055001e-01 1.118609305e-05 -5.069366910e+00 2.090917771e-01 7.202229986e-03 9.778694805e-01 2.458602342e+02
9.862005698e-01 3.444565590e-02 -1.619319520e-01 -2.065401356e+01 -3.498460081e-02 9.993877093e-01 -4.771542013e-04 -5.072374813e+00 1.618163804e-01 6.135694382e-03 9.868017957e-01 2.464841178e+02
9.920764254e-01 3.188955206e-02 -1.215210371e-01 -2.071097227e+01 -3.227051510e-02 9.994784669e-01 -1.167672913e-03 -5.075468459e+00 1.214204271e-01 5.079967942e-03 9.925881851e-01 2.471352985e+02
9.956450024e-01 2.795031919e-02 -8.893703702e-02 -2.074821219e+01 -2.821620106e-02 9.996003418e-01 -1.733465960e-03 -5.079304351e+00 8.885304446e-02 4.235382786e-03 9.960357426e-01 2.478197473e+02
9.977062785e-01 2.275992369e-02 -6.375060494e-02 -2.077138428e+01 -2.296674542e-02 9.997330564e-01 -2.513201074e-03 -5.075105012e+00 6.367638981e-02 3.971580376e-03 9.979626858e-01 2.485214997e+02
9.987929372e-01 1.814858298e-02 -4.564270443e-02 -2.078634865e+01 -1.828094037e-02 9.998298164e-01 -2.484075990e-03 -5.077975267e+00 4.558985547e-02 3.315469131e-03 9.989547343e-01 2.492475357e+02
9.992895241e-01 1.645243899e-02 -3.390809662e-02 -2.081300662e+01 -1.655513075e-02 9.998591767e-01 -2.749990627e-03 -5.087245457e+00 3.385807687e-02 3.309390208e-03 9.994211470e-01 2.499982106e+02
9.995303718e-01 1.369208587e-02 -2.741429104e-02 -2.082418350e+01 -1.379118073e-02 9.998990196e-01 -3.428907497e-03 -5.090773779e+00 2.736457317e-02 3.805371911e-03 9.996182507e-01 2.507603588e+02
9.996267153e-01 1.260081089e-02 -2.424049921e-02 -2.083875886e+01 -1.272185528e-02 9.999073346e-01 -4.845765157e-03 -5.091681621e+00 2.417719206e-02 5.152341206e-03 9.996944167e-01 2.515586122e+02
9.996635904e-01 1.285169536e-02 -2.252961382e-02 -2.085313991e+01 -1.298423755e-02 9.998991819e-01 -5.746607064e-03 -5.098266704e+00 2.245348926e-02 6.037203881e-03 9.997296780e-01 2.523700818e+02
9.996795088e-01 1.296988849e-02 -2.173945741e-02 -2.086999825e+01 -1.308217841e-02 9.999017657e-01 -5.030991390e-03 -5.104398118e+00 2.167207091e-02 5.313779343e-03 9.997509945e-01 2.532022968e+02
9.996719599e-01 1.393190824e-02 -2.149136421e-02 -2.089363620e+01 -1.400636567e-02 9.998964114e-01 -3.317852342e-03 -5.107316992e+00 2.144291362e-02 3.617780420e-03 9.997635524e-01 2.540547068e+02
9.996711606e-01 1.309388196e-02 -2.204769665e-02 -2.091192805e+01 -1.310013288e-02 9.999141707e-01 -1.391480606e-04 -5.112073416e+00 2.204398297e-02 4.279308454e-04 9.997569264e-01 2.549235188e+02
9.996382949e-01 1.363333177e-02 -2.318167226e-02 -2.094172216e+01 -1.359643630e-02 9.999060568e-01 1.748468976e-03 -5.111734059e+00 2.320333087e-02 -1.432648780e-03 9.997297101e-01 2.558191058e+02
9.995977568e-01 1.278494460e-02 -2.531495696e-02 -2.096300946e+01 -1.275841039e-02 9.999178694e-01 1.209387752e-03 -5.117015426e+00 2.532833932e-02 -8.859219024e-04 9.996787648e-01 2.567323939e+02
9.995373709e-01 1.133916027e-02 -2.822157002e-02 -2.099265371e+01 -1.140913764e-02 9.999322380e-01 -2.319747484e-03 -5.120294558e+00 2.819335398e-02 2.640657713e-03 9.995989826e-01 2.576690891e+02
9.994550030e-01 1.136991364e-02 -3.098977975e-02 -2.102497723e+01 -1.166095168e-02 9.998894444e-01 -9.226935536e-03 -5.125906950e+00 3.088144289e-02 9.583278270e-03 9.994770963e-01 2.586055409e+02
9.993299708e-01 1.402072666e-02 -3.380870355e-02 -2.106105443e+01 -1.452153905e-02 9.997877453e-01 -1.461333466e-02 -5.132433448e+00 3.359663825e-02 1.509449759e-02 9.993214925e-01 2.595752365e+02
9.992273140e-01 1.606273833e-02 -3.587070611e-02 -2.110195861e+01 -1.656767481e-02 9.997671809e-01 -1.382397370e-02 -5.144402239e+00 3.564030360e-02 1.440758697e-02 9.992608275e-01 2.605636116e+02
9.991662208e-01 1.754120221e-02 -3.686647754e-02 -2.114022702e+01 -1.775487966e-02 9.998273420e-01 -5.476602385e-03 -5.149876824e+00 3.676404732e-02 6.126595405e-03 9.993051672e-01 2.615992332e+02
9.992003368e-01 1.645996127e-02 -3.643764786e-02 -2.119205929e+01 -1.633083441e-02 9.998592632e-01 3.838592580e-03 -5.152966165e+00 3.649570465e-02 -3.240465348e-03 9.993285377e-01 2.626505949e+02
9.992268601e-01 1.348828298e-02 -3.692916602e-02 -2.123404074e+01 -1.328263315e-02 9.998949199e-01 5.808479716e-03 -5.155710540e+00 3.700363088e-02 -5.313472878e-03 9.993009791e-01 2.637188401e+02
9.992292282e-01 9.733428997e-03 -3.802956719e-02 -2.126915255e+01 -9.775499330e-03 9.999517897e-01 -9.204469273e-04 -5.153171842e+00 3.801877393e-02 1.291496183e-03 9.992761765e-01 2.647926279e+02
9.991958102e-01 7.679737350e-03 -3.935479239e-02 -2.130770497e+01 -8.042704471e-03 9.999264898e-01 -9.072949922e-03 -5.158588288e+00 3.928222252e-02 9.382172702e-03 9.991841315e-01 2.658840182e+02
9.991617003e-01 6.615512371e-03 -4.039907288e-02 -2.135308757e+01 -7.183512838e-03 9.998771418e-01 -1.393077624e-02 -5.171000599e+00 4.030195208e-02 1.420930537e-02 9.990865055e-01 2.670012141e+02
9.991328628e-01 8.702180182e-03 -4.071582161e-02 -2.141299481e+01 -9.240460759e-03 9.998721602e-01 -1.305095964e-02 -5.187402437e+00 4.059704453e-02 1.341587637e-02 9.990855453e-01 2.681331774e+02
9.991203968e-01 1.063404034e-02 -4.056290266e-02 -2.147063855e+01 -1.087732144e-02 9.999241471e-01 -5.781637455e-03 -5.205666596e+00 4.049834307e-02 6.217767262e-03 9.991602387e-01 2.692748046e+02
9.990906897e-01 1.148912794e-02 -4.105856644e-02 -2.152207152e+01 -1.133926762e-02 9.999281713e-01 3.880948732e-03 -5.217418385e+00 4.110020438e-02 -3.411845189e-03 9.991491809e-01 2.704318415e+02
9.990463534e-01 1.169045879e-02 -4.206853230e-02 -2.156801386e+01 -1.133720812e-02 9.998985493e-01 8.625863862e-03 -5.221222164e+00 4.216510154e-02 -8.140696961e-03 9.990774631e-01 2.716074830e+02
9.990438235e-01 9.451503183e-03 -4.268593596e-02 -2.161866965e+01 -9.191534240e-03 9.999380064e-01 6.282436915e-03 -5.219548920e+00 4.274267018e-02 -5.884079660e-03 9.990687882e-01 2.727849058e+02
9.990187274e-01 8.494839778e-03 -4.346682852e-02 -2.167616853e+01 -8.467927402e-03 9.999637979e-01 8.032384074e-04 -5.219820218e+00 4.347207933e-02 -4.343757481e-04 9.990545683e-01 2.739739053e+02
9.989813762e-01 6.969715748e-03 -4.458297717e-02 -2.172864643e+01 -7.143039310e-03 9.999675453e-01 -3.729530655e-03 -5.224514200e+00 4.455553779e-02 4.044189489e-03 9.989987115e-01 2.751599289e+02
9.989341592e-01 7.496866056e-03 -4.554436935e-02 -2.178300165e+01 -7.774429573e-03 9.999522834e-01 -5.920265259e-03 -5.235087922e+00 4.549781249e-02 6.268036713e-03 9.989447505e-01 2.763632541e+02
9.989147090e-01 6.508916944e-03 -4.611919047e-02 -2.184269739e+01 -6.644623373e-03 9.999740533e-01 -2.789811124e-03 -5.250192373e+00 4.609983322e-02 3.093227830e-03 9.989320381e-01 2.775728899e+02
9.988835668e-01 8.064551177e-03 -4.654655913e-02 -2.190530136e+01 -8.002332084e-03 9.999668023e-01 1.522885091e-03 -5.262062283e+00 4.655729731e-02 -1.148704087e-03 9.989149487e-01 2.787938700e+02
9.988297544e-01 6.071474173e-03 -4.798130532e-02 -2.194666131e+01 -6.060123607e-03 9.999815647e-01 3.820033323e-04 -5.273799354e+00 4.798274032e-02 -9.078358333e-05 9.988481464e-01 2.800047591e+02
9.988021570e-01 4.878528696e-03 -4.868777889e-02 -2.201512275e+01 -5.117431338e-03 9.999754630e-01 -4.783391301e-03 -5.282601259e+00 4.866324799e-02 5.026817119e-03 9.988026034e-01 2.812357904e+02
9.987581455e-01 4.318286452e-03 -4.963340140e-02 -2.206804224e+01 -4.705852377e-03 9.999593210e-01 -7.694371448e-03 -5.302757891e+00 4.959815619e-02 7.918383588e-03 9.987378470e-01 2.824649033e+02
9.987077835e-01 5.720742602e-03 -5.049836326e-02 -2.214170141e+01 -6.146786924e-03 9.999467644e-01 -8.285521825e-03 -5.322164162e+00 5.044827768e-02 8.585217250e-03 9.986897829e-01 2.836759918e+02
9.986942734e-01 8.060243361e-03 -5.044611610e-02 -2.221843347e+01 -8.385619998e-03 9.999453894e-01 -6.241661889e-03 -5.343245490e+00 5.039304928e-02 6.656533179e-03 9.987072600e-01 2.849055120e+02
9.986691405e-01 1.041840678e-02 -5.051176855e-02 -2.228500947e+01 -1.051783405e-02 9.999432236e-01 -1.702975214e-03 -5.365304728e+00 5.049115738e-02 2.231983572e-03 9.987220005e-01 2.861441683e+02
9.986823656e-01 1.347871385e-02 -4.951606514e-02 -2.235509866e+01 -1.337229246e-02 9.999075046e-01 2.479907897e-03 -5.381340275e+00 4.954490965e-02 -1.814497387e-03 9.987702234e-01 2.873743113e+02
9.987129983e-01 1.525740463e-02 -4.836839719e-02 -2.241931432e+01 -1.510898560e-02 9.998799418e-01 3.432655605e-03 -5.388408757e+00 4.841496530e-02 -2.697440155e-03 9.988236688e-01 2.886205132e+02
9.988043525e-01 1.405487652e-02 -4.682282972e-02 -2.248416317e+01 -1.396724950e-02 9.999000553e-01 2.198155990e-03 -5.397441163e+00 4.684904216e-02 -1.541541888e-03 9.989007769e-01 2.898694891e+02
9.988462481e-01 1.421855487e-02 -4.586960164e-02 -2.254422863e+01 -1.431835757e-02 9.998957909e-01 -1.847942709e-03 -5.413683241e+00 4.583854566e-02 2.502587686e-03 9.989457059e-01 2.911021514e+02
9.989005205e-01 1.276700949e-02 -4.510860765e-02 -2.258567462e+01 -1.307843594e-02 9.998925609e-01 -6.615546169e-03 -5.431133862e+00 4.501930135e-02 7.198222664e-03 9.989601909e-01 2.923315518e+02
9.989499726e-01 1.250519515e-02 -4.407472130e-02 -2.264540607e+01 -1.290787416e-02 9.998774134e-01 -8.863532313e-03 -5.450328967e+00 4.395847686e-02 9.423136294e-03 9.989889001e-01 2.935795578e+02
9.989975604e-01 1.328155703e-02 -4.274903544e-02 -2.270409440e+01 -1.359458118e-02 9.998827845e-01 -7.040015712e-03 -5.473482690e+00 4.265052141e-02 7.614114920e-03 9.990610475e-01 2.948228335e+02
9.990014437e-01 1.581128298e-02 -4.178648705e-02 -2.276274730e+01 -1.597172346e-02 9.998663175e-01 -3.508449110e-03 -5.489096258e+00 4.172542611e-02 4.172347858e-03 9.991204193e-01 2.960780582e+02
9.990009200e-01 1.742167472e-02 -4.115449471e-02 -2.282050420e+01 -1.747948823e-02 9.998466912e-01 -1.045362046e-03 -5.503933683e+00 4.112997228e-02 1.763677771e-03 9.991522629e-01 2.973384453e+02
9.989716978e-01 2.019424112e-02 -4.059215349e-02 -2.288098188e+01 -2.006000761e-02 9.997919149e-01 3.711484152e-03 -5.512336133e+00 4.065865785e-02 -2.893388666e-03 9.991688913e-01 2.985979940e+02
9.989391554e-01 2.272113532e-02 -4.005371975e-02 -2.293636599e+01 -2.239046662e-02 9.997115794e-01 8.685042781e-03 -5.524588964e+00 4.023950066e-02 -7.779008118e-03 9.991597594e-01 2.998587614e+02
9.988586555e-01 2.609921154e-02 -4.000326579e-02 -2.299497128e+01 -2.584386400e-02 9.996422942e-01 6.887127201e-03 -5.529503668e+00 4.016870221e-02 -5.845428282e-03 9.991757960e-01 3.011104783e+02
9.987805487e-01 2.891762223e-02 -4.001497157e-02 -2.305327784e+01 -2.888622286e-02 9.995817561e-01 1.362822715e-03 -5.531179831e+00 4.003764616e-02 -2.052795170e-04 9.991981279e-01 3.023692240e+02
9.986808890e-01 3.223094410e-02 -3.997048384e-02 -2.311904185e+01 -3.239129846e-02 9.994695590e-01 -3.370532994e-03 -5.539485172e+00 3.984064671e-02 4.660783647e-03 9.991952044e-01 3.036203377e+02
9.985432982e-01 3.556495161e-02 -4.057535630e-02 -2.317253698e+01 -3.583148342e-02 9.993406760e-01 -5.860445907e-03 -5.559363812e+00 4.034017797e-02 7.305783890e-03 9.991592680e-01 3.048859307e+02
9.984809087e-01 3.686569739e-02 -4.094818479e-02 -2.323343566e+01 -3.714375436e-02 9.992915893e-01 -6.050231200e-03 -5.577111374e+00 4.069613126e-02 7.562009996e-03 9.991429422e-01 3.061436603e+02
9.984225318e-01 3.773192262e-02 -4.157869369e-02 -2.329372101e+01 -3.786681204e-02 9.992797806e-01 -2.461067041e-03 -5.600165571e+00 4.145588654e-02 4.031637560e-03 9.991322286e-01 3.074189284e+02
9.984627584e-01 3.637632909e-02 -4.182014188e-02 -2.335109625e+01 -3.636935826e-02 9.993380081e-01 9.276980919e-04 -5.613995608e+00 4.182620221e-02 5.946993337e-04 9.991247373e-01 3.086822654e+02
9.984197079e-01 3.650591450e-02 -4.272433497e-02 -2.340151424e+01 -3.642817722e-02 9.993329182e-01 2.596895918e-03 -5.627795988e+00 4.279063563e-02 -1.036422412e-03 9.990835503e-01 3.099477293e+02
9.984264847e-01 3.541045047e-02 -4.348153502e-02 -2.345407927e+01 -3.530122647e-02 9.993713714e-01 3.277456078e-03 -5.639289293e+00 4.357025375e-02 -1.737347634e-03 9.990488840e-01 3.112166207e+02
9.984207431e-01 3.513029193e-02 -4.383974591e-02 -2.351452250e+01 -3.500424505e-02 9.993805064e-01 3.639806365e-03 -5.646338133e+00 4.394045868e-02 -2.099481339e-03 9.990319291e-01 3.124882941e+02
9.984175344e-01 3.452569157e-02 -4.438859542e-02 -2.357815378e+01 -3.441024428e-02 9.994021059e-01 3.362469831e-03 -5.658850315e+00 4.447814752e-02 -1.829727185e-03 9.990086934e-01 3.137492906e+02
9.983348375e-01 3.547347658e-02 -4.548763821e-02 -2.363524048e+01 -3.532344537e-02 9.993675305e-01 4.098122468e-03 -5.663557353e+00 4.560424684e-02 -2.484518978e-03 9.989564968e-01 3.150079084e+02
9.983403487e-01 3.463317990e-02 -4.601149182e-02 -2.369630141e+01 -3.443493753e-02 9.993939631e-01 5.094438530e-03 -5.678763833e+00 4.616004586e-02 -3.501580382e-03 9.989279447e-01 3.162841432e+02
9.982868537e-01 3.562178565e-02 -4.641602157e-02 -2.376049552e+01 -3.554376643e-02 9.993649691e-01 2.505380059e-03 -5.688317472e+00 4.647579444e-02 -8.512878337e-04 9.989190619e-01 3.175556845e+02
9.982252492e-01 3.671553524e-02 -4.688640388e-02 -2.381917566e+01 -3.686526048e-02 9.993175231e-01 -2.332366564e-03 -5.696553218e+00 4.676877210e-02 4.056706823e-03 9.988974901e-01 3.188102360e+02
9.982905712e-01 3.514754138e-02 -4.669616051e-02 -2.388325992e+01 -3.524315331e-02 9.993779916e-01 -1.225583050e-03 -5.712113923e+00 4.662404197e-02 2.869208158e-03 9.989084105e-01 3.200746023e+02
9.982547798e-01 3.683428921e-02 -4.615848793e-02 -2.395281178e+01 -3.674845235e-02 9.993208908e-01 2.707106100e-03 -5.728852593e+00 4.622685359e-02 -1.006128199e-03 9.989304870e-01 3.213430718e+02
9.983338171e-01 3.567111866e-02 -4.535602060e-02 -2.401433135e+01 -3.545124354e-02 9.993554606e-01 5.643127451e-03 -5.741557506e+00 4.552808483e-02 -4.025797832e-03 9.989549326e-01 3.226028157e+02
9.983531824e-01 3.600378638e-02 -4.466140513e-02 -2.407495337e+01 -3.569262281e-02 9.993328006e-01 7.745380545e-03 -5.748762715e+00 4.491047117e-02 -6.138543362e-03 9.989721711e-01 3.238760336e+02
9.983964715e-01 3.522073758e-02 -4.431639018e-02 -2.413141585e+01 -3.487100311e-02 9.993544758e-01 8.640448193e-03 -5.759093368e+00 4.459210656e-02 -7.081236719e-03 9.989801843e-01 3.251362102e+02
9.985219596e-01 3.141610737e-02 -4.434990156e-02 -2.419033913e+01 -3.114623545e-02 9.994919756e-01 6.763214979e-03 -5.764088404e+00 4.453984278e-02 -5.371886376e-03 9.989931410e-01 3.263874309e+02
9.985813470e-01 2.952854203e-02 -4.431019640e-02 -2.424792347e+01 -2.938269431e-02 9.995604780e-01 3.939366398e-03 -5.770296012e+00 4.440704287e-02 -2.631824949e-03 9.990100552e-01 3.276362669e+02
9.986521544e-01 2.638486497e-02 -4.469618893e-02 -2.430340216e+01 -2.629941334e-02 9.996509625e-01 2.498918383e-03 -5.781417971e+00 4.474652261e-02 -1.320066732e-03 9.989974783e-01 3.288841427e+02
9.986823072e-01 2.411461735e-02 -4.530079732e-02 -2.436348584e+01 -2.396920691e-02 9.997056563e-01 3.750439657e-03 -5.791204117e+00 4.537790414e-02 -2.659673260e-03 9.989663454e-01 3.301336164e+02
9.987182654e-01 2.110829032e-02 -4.600304273e-02 -2.441515731e+01 -2.079034302e-02 9.997566331e-01 7.379034017e-03 -5.802048921e+00 4.614760659e-02 -6.413156371e-03 9.989140663e-01 3.313774864e+02
9.987457380e-01 1.758075199e-02 -4.688087805e-02 -2.447304103e+01 -1.708536772e-02 9.997941359e-01 1.094676772e-02 -5.807140276e+00 4.706367730e-02 -1.013206055e-02 9.988404801e-01 3.326223262e+02
9.987614396e-01 1.342910500e-02 -4.790871792e-02 -2.452681037e+01 -1.299112975e-02 9.998710558e-01 9.441547034e-03 -5.812328165e+00 4.802933120e-02 -8.807465138e-03 9.988070850e-01 3.338531860e+02
9.987635511e-01 9.419190027e-03 -4.881187194e-02 -2.458395955e+01 -9.165678799e-03 9.999433090e-01 5.414876210e-03 -5.816292788e+00 4.886010791e-02 -4.960787015e-03 9.987932845e-01 3.350718348e+02
9.987248789e-01 7.692384188e-03 -4.989383617e-02 -2.463782438e+01 -7.503350134e-03 9.999639297e-01 3.974906828e-03 -5.826710253e+00 4.992261175e-02 -3.595467581e-03 9.987466405e-01 3.362925152e+02
9.987078785e-01 6.494406540e-03 -5.040255960e-02 -2.470874423e+01 -6.225972518e-03 9.999656017e-01 5.480980392e-03 -5.840423011e+00 5.043642021e-02 -5.160094476e-03 9.987139184e-01 3.374987406e+02
9.986813518e-01 4.582004631e-03 -5.113320687e-02 -2.476945284e+01 -4.151358913e-03 9.999550187e-01 8.525057073e-03 -5.848480246e+00 5.116996929e-02 -8.301543012e-03 9.986554335e-01 3.386855004e+02
9.986470939e-01 2.734487156e-03 -5.192842013e-02 -2.482095055e+01 -2.095446788e-03 9.999214740e-01 1.235662258e-02 -5.856296472e+00 5.195813178e-02 -1.223109171e-02 9.985743758e-01 3.398517907e+02
9.986183975e-01 1.013138919e-04 -5.254788238e-02 -2.488180728e+01 6.975315452e-04 9.998844688e-01 1.518367599e-02 -5.866461342e+00 5.254334975e-02 -1.519935371e-02 9.985029405e-01 3.410034940e+02
9.985820441e-01 -2.644072363e-03 -5.316876589e-02 -2.494526427e+01 3.424301616e-03 9.998877105e-01 1.458884849e-02 -5.869620728e+00 5.312422172e-02 -1.475022812e-02 9.984789806e-01 3.421483923e+02
9.985397217e-01 -3.665604507e-03 -5.389820512e-02 -2.500213764e+01 4.355820738e-03 9.999099123e-01 1.269403048e-02 -5.873573361e+00 5.384682034e-02 -1.291026503e-02 9.984657449e-01 3.432644296e+02
9.985108974e-01 -2.136443762e-03 -5.451026686e-02 -2.506523807e+01 2.676684072e-03 9.999480038e-01 9.839704273e-03 -5.874680379e+00 5.448641169e-02 -9.970958800e-03 9.984647048e-01 3.443687345e+02
9.985080794e-01 -1.586398263e-03 -5.458117889e-02 -2.512836004e+01 2.000590150e-03 9.999696066e-01 7.534736721e-03 -5.884456584e+00 5.456756647e-02 -7.632690104e-03 9.984809162e-01 3.454517371e+02
9.985301053e-01 -1.358199409e-04 -5.420008433e-02 -2.518610930e+01 5.318819337e-04 9.999732439e-01 7.293058525e-03 -5.895209283e+00 5.419764539e-02 -7.311166847e-03 9.985034480e-01 3.465306720e+02
9.986054459e-01 1.898736156e-03 -5.275905048e-02 -2.525264611e+01 -1.458457611e-03 9.999637921e-01 8.382321687e-03 -5.901269279e+00 5.277305423e-02 -8.293685070e-03 9.985720771e-01 3.476005575e+02
9.987050769e-01 4.621077594e-03 -5.066332564e-02 -2.531922658e+01 -4.198392418e-03 9.999554899e-01 8.446268784e-03 -5.907683451e+00 5.070010370e-02 -8.222627163e-03 9.986800757e-01 3.486536373e+02
9.988125964e-01 4.939881376e-03 -4.846667577e-02 -2.536907614e+01 -4.632221587e-03 9.999684116e-01 6.458141027e-03 -5.919328340e+00 4.849704409e-02 -6.225964229e-03 9.988039347e-01 3.496905203e+02
9.989379912e-01 3.728631068e-03 -4.592362607e-02 -2.541773687e+01 -3.448384647e-03 9.999749409e-01 6.180147001e-03 -5.927763566e+00 4.594551981e-02 -6.015220971e-03 9.989258389e-01 3.507039911e+02
9.990558624e-01 3.706832217e-03 -4.328598171e-02 -2.546389689e+01 -3.411556208e-03 9.999704132e-01 6.893409046e-03 -5.938607949e+00 4.331025293e-02 -6.739227571e-03 9.990389289e-01 3.517076432e+02
9.991625303e-01 1.710349395e-03 -4.088124218e-02 -2.550198612e+01 -1.398027917e-03 9.999696210e-01 7.667094655e-03 -5.946812739e+00 4.089311308e-02 -7.603521362e-03 9.991345920e-01 3.526878929e+02
9.992494531e-01 2.592710677e-04 -3.873643814e-02 -2.553738536e+01 6.860971452e-05 9.999641697e-01 8.462848189e-03 -5.957766644e+00 3.873724352e-02 -8.459153840e-03 9.992136471e-01 3.536544832e+02
9.993305463e-01 -8.477852957e-04 -3.657507022e-02 -2.556797617e+01 1.192348724e-03 9.999551013e-01 9.399922356e-03 -5.967630443e+00 3.656545976e-02 -9.437240104e-03 9.992866880e-01 3.545976506e+02
9.994104408e-01 -4.282752779e-03 -3.406492896e-02 -2.559729833e+01 4.682949429e-03 9.999208492e-01 1.167695248e-02 -5.972242434e+00 3.401222282e-02 -1.182959276e-02 9.993514174e-01 3.555206672e+02
9.994794685e-01 -3.523697292e-03 -3.206837629e-02 -2.563155737e+01 3.977695520e-03 9.998926186e-01 1.410442594e-02 -5.979547741e+00 3.201523266e-02 -1.422464211e-02 9.993861541e-01 3.564109149e+02
9.995543769e-01 -3.088639544e-03 -2.968994057e-02 -2.565701372e+01 3.539370219e-03 9.998790800e-01 1.514070790e-02 -5.987868214e+00 2.963958586e-02 -1.523904287e-02 9.994444918e-01 3.572837116e+02
9.996015691e-01 -2.408011627e-03 -2.812251797e-02 -2.566937375e+01 2.764091367e-03 9.999164460e-01 1.262971626e-02 -5.995678630e+00 2.808975565e-02 -1.270241792e-02 9.995247021e-01 3.581305012e+02
9.996490173e-01 -1.410810205e-03 -2.645382713e-02 -2.568768686e+01 1.598794400e-03 9.999736011e-01 7.086312767e-03 -5.999928644e+00 2.644313204e-02 -7.126119601e-03 9.996249243e-01 3.589433534e+02
9.996963070e-01 -4.833345852e-04 -2.463899474e-02 -2.570857319e+01 5.735969812e-04 9.999931279e-01 3.656482422e-03 -6.003584695e+00 2.463705821e-02 -3.669504798e-03 9.996897555e-01 3.597348266e+02
9.997387174e-01 -2.226700630e-04 -2.285677250e-02 -2.573177577e+01 3.302673816e-04 9.999888889e-01 4.703804167e-03 -6.007381609e+00 2.285547088e-02 -4.710123714e-03 9.997276688e-01 3.605016578e+02
9.997679072e-01 3.948306712e-04 -2.153973594e-02 -2.574920604e+01 -2.034577833e-04 9.999604919e-01 8.886121414e-03 -6.019454321e+00 2.154239410e-02 -8.879676728e-03 9.997285297e-01 3.612510651e+02
9.997707073e-01 7.632642088e-04 -2.139898231e-02 -2.575062384e+01 -5.418797540e-04 9.999462706e-01 1.034944565e-02 -6.030965342e+00 2.140573346e-02 -1.033547743e-02 9.997174375e-01 3.619757004e+02
9.997267870e-01 2.434789680e-03 -2.324600214e-02 -2.577133844e+01 -2.263348737e-03 9.999700609e-01 7.398521771e-03 -6.039497043e+00 2.326332008e-02 -7.343886822e-03 9.997023809e-01 3.626575305e+02
9.996059083e-01 3.503704211e-03 -2.785199545e-02 -2.578572259e+01 -3.401255504e-03 9.999872896e-01 3.724874270e-03 -6.047697487e+00 2.786469279e-02 -3.628675691e-03 9.996051240e-01 3.633081569e+02
9.994262302e-01 4.807795356e-03 -3.352779217e-02 -2.580364107e+01 -4.737593256e-03 9.999864091e-01 2.172975985e-03 -6.054579486e+00 3.353778500e-02 -2.012888394e-03 9.994354276e-01 3.639258685e+02
9.991663057e-01 9.191003651e-03 -3.977643953e-02 -2.585979408e+01 -9.109387108e-03 9.999560025e-01 2.232644810e-03 -6.066469517e+00 3.979521090e-02 -1.868444569e-03 9.992060941e-01 3.645293015e+02
9.988084358e-01 1.287786142e-02 -4.707361172e-02 -2.591409645e+01 -1.278317911e-02 9.999156138e-01 2.311894440e-03 -6.067471109e+00 4.709941213e-02 -1.707389496e-03 9.988887316e-01 3.651033538e+02
9.981496580e-01 1.625076577e-02 -5.859299613e-02 -2.596079531e+01 -1.608065210e-02 9.998650154e-01 3.373689110e-03 -6.082555958e+00 5.863991516e-02 -2.425232663e-03 9.982762794e-01 3.656662393e+02
9.970886836e-01 1.485910418e-02 -7.478895093e-02 -2.601419312e+01 -1.451449502e-02 9.998813730e-01 5.149187640e-03 -6.091130852e+00 7.485659497e-02 -4.048673532e-03 9.971860754e-01 3.662018665e+02
9.953383488e-01 1.425282676e-02 -9.538573964e-02 -2.607357525e+01 -1.382240508e-02 9.998910658e-01 5.171677525e-03 -6.096031817e+00 9.544906432e-02 -3.829108112e-03 9.954269521e-01 3.667014948e+02
9.923577400e-01 1.202053884e-02 -1.228071931e-01 -2.616520984e+01 -1.138652741e-02 9.999179869e-01 5.863206419e-03 -6.101482402e+00 1.228675992e-01 -4.420050527e-03 9.924132011e-01 3.672052481e+02
9.871211462e-01 1.135712827e-02 -1.595708834e-01 -2.628417087e+01 -1.023437307e-02 9.999167778e-01 7.856176982e-03 -6.105239261e+00 1.596468265e-01 -6.121891227e-03 9.871551881e-01 3.676946342e+02
9.790395883e-01 1.224560858e-02 -2.033016424e-01 -2.642807420e+01 -9.990810077e-03 9.998767159e-01 1.211353110e-02 -6.105105495e+00 2.034249072e-01 -9.828477595e-03 9.790412466e-01 3.681591992e+02
9.671324632e-01 1.215636953e-02 -2.539822873e-01 -2.659286606e+01 -8.298882162e-03 9.998334651e-01 1.625399338e-02 -6.100271825e+00 2.541375767e-01 -1.361199498e-02 9.670722564e-01 3.686125058e+02
9.503596264e-01 1.322799400e-02 -3.108723060e-01 -2.678512910e+01 -6.953035634e-03 9.997492606e-01 2.128460141e-02 -6.097747758e+00 3.110759080e-01 -1.806651985e-02 9.502133442e-01 3.690466202e+02
9.283697225e-01 1.573854505e-02 -3.713246741e-01 -2.701570214e+01 -5.890103384e-03 9.996005581e-01 2.764175489e-02 -6.094799861e+00 3.716113747e-01 -2.347462579e-02 9.280915542e-01 3.694783150e+02
9.008152843e-01 2.087964146e-02 -4.337002033e-01 -2.724451530e+01 -6.384841854e-03 9.993721068e-01 3.485118411e-02 -6.090227191e+00 4.341555702e-01 -2.862537208e-02 9.003829528e-01 3.698643848e+02
8.681600933e-01 2.856084075e-02 -4.954617593e-01 -2.749337448e+01 -8.004958871e-03 9.990186844e-01 4.356184591e-02 -6.085255443e+00 4.962197216e-01 -3.385250300e-02 8.675367794e-01 3.702243237e+02
8.309091791e-01 3.479207412e-02 -5.553191991e-01 -2.776587041e+01 -7.899452926e-03 9.986801305e-01 5.074995854e-02 -6.073684463e+00 5.563519075e-01 -3.778189021e-02 8.300873925e-01 3.705663752e+02
7.887921892e-01 3.860893730e-02 -6.134462158e-01 -2.806773102e+01 -6.377674389e-03 9.984856489e-01 5.464181595e-02 -6.064454355e+00 6.146269194e-01 -3.918867609e-02 7.878439482e-01 3.709034029e+02
7.405861156e-01 3.868688297e-02 -6.708469195e-01 -2.840356126e+01 5.974503673e-04 9.983030055e-01 5.823041088e-02 -6.042237754e+00 6.719612291e-01 -4.352543319e-02 7.393062125e-01 3.712396373e+02
6.861355215e-01 4.181576919e-02 -7.262709504e-01 -2.877353444e+01 3.131562407e-03 9.981675583e-01 6.042899997e-02 -6.004757808e+00 7.274670313e-01 -4.373684867e-02 6.847473411e-01 3.715432860e+02
6.262659263e-01 4.612622626e-02 -7.782438391e-01 -2.917101141e+01 3.803894517e-03 9.980554714e-01 6.221544775e-02 -5.975946905e+00 7.796002866e-01 -4.192377505e-02 6.248726604e-01 3.718162457e+02
5.621770452e-01 5.346735417e-02 -8.252868114e-01 -2.958557881e+01 3.201949386e-03 9.977597253e-01 6.682239708e-02 -5.950803187e+00 8.270107927e-01 -4.020854654e-02 5.607464341e-01 3.720392276e+02
4.928186568e-01 5.309644762e-02 -8.685105728e-01 -3.004160401e+01 1.552876437e-02 9.974408055e-01 6.979009141e-02 -5.920623310e+00 8.699934615e-01 -4.788075093e-02 4.907328928e-01 3.722858178e+02
4.212213079e-01 4.800316412e-02 -9.056867289e-01 -3.052818281e+01 2.888693682e-02 9.973816495e-01 6.629806622e-02 -5.893994362e+00 9.064977860e-01 -5.408867392e-02 4.187317681e-01 3.724629540e+02
3.438279220e-01 4.277518720e-02 -9.380579976e-01 -3.102496988e+01 3.574753289e-02 9.976415732e-01 5.859479281e-02 -5.861842392e+00 9.383520543e-01 -5.367978002e-02 3.414879175e-01 3.726243231e+02
2.665170698e-01 3.666859556e-02 -9.631325067e-01 -3.154593024e+01 4.020803072e-02 9.979831386e-01 4.912177074e-02 -5.845555677e+00 9.629912296e-01 -5.181744548e-02 2.645051374e-01 3.727125890e+02
1.893478594e-01 3.267450001e-02 -9.813661959e-01 -3.207918215e+01 4.206032197e-02 9.982589694e-01 4.135218620e-02 -5.817277017e+00 9.810087784e-01 -4.910652872e-02 1.876438882e-01 3.727824865e+02
1.175155546e-01 2.986219649e-02 -9.926218995e-01 -3.263151321e+01 4.539899188e-02 9.983412078e-01 3.540899451e-02 -5.778959780e+00 9.920326924e-01 -4.922514599e-02 1.159649404e-01 3.728135190e+02
5.251204251e-02 3.321515481e-02 -9.980677721e-01 -3.318331164e+01 4.400192427e-02 9.983990669e-01 3.554128701e-02 -5.756461029e+00 9.976504128e-01 -4.578325195e-02 5.096646670e-02 3.728017762e+02
-4.223968115e-03 4.249915467e-02 -9.990876264e-01 -3.374655831e+01 4.187759326e-02 9.982275048e-01 4.228552139e-02 -5.744496147e+00 9.991139064e-01 -4.166077225e-02 -5.996233736e-03 3.727601897e+02
-5.207862574e-02 5.003692836e-02 -9.973886971e-01 -3.432459639e+01 3.873629402e-02 9.980935448e-01 4.804967732e-02 -5.733426235e+00 9.978914784e-01 -3.613277958e-02 -5.391765901e-02 3.726994716e+02
-8.998502091e-02 5.060079574e-02 -9.946569782e-01 -3.486901725e+01 3.756608300e-02 9.981702647e-01 4.738099311e-02 -5.713330120e+00 9.952345118e-01 -3.310178856e-02 -9.172122343e-02 3.726229791e+02
-1.199750989e-01 4.634481747e-02 -9.916946882e-01 -3.544349395e+01 3.291918830e-02 9.985462033e-01 4.268246357e-02 -5.686785947e+00 9.922310968e-01 -2.752495556e-02 -1.213262629e-01 3.725227464e+02
-1.417384098e-01 4.733179271e-02 -9.887720895e-01 -3.602731602e+01 2.837840477e-02 9.986399726e-01 4.373618965e-02 -5.662271847e+00 9.894974536e-01 -2.186068235e-02 -1.428888361e-01 3.724112771e+02
-1.552828037e-01 5.269257442e-02 -9.864638087e-01 -3.663451536e+01 2.541541944e-02 9.984590101e-01 4.933257826e-02 -5.633531392e+00 9.875431315e-01 -1.741089471e-02 -1.563826789e-01 3.722870692e+02
-1.630921165e-01 5.708101665e-02 -9.849581583e-01 -3.726337701e+01 2.371761931e-02 9.982633019e-01 5.392484841e-02 -5.603583696e+00 9.863256619e-01 -1.456613704e-02 -1.641627257e-01 3.721757197e+02
-1.658927274e-01 5.827259895e-02 -9.844207623e-01 -3.789716544e+01 2.408320380e-02 9.981942627e-01 5.502947210e-02 -5.584430567e+00 9.858498472e-01 -1.457902159e-02 -1.669966013e-01 3.720617331e+02
-1.666669394e-01 5.281109137e-02 -9.845979260e-01 -3.853422634e+01 2.290130798e-02 9.985025613e-01 4.968029682e-02 -5.564187639e+00 9.857472437e-01 -1.426851713e-02 -1.676268068e-01 3.719380949e+02
-1.669152812e-01 4.170938828e-02 -9.850887849e-01 -3.918505425e+01 2.408196780e-02 9.989792100e-01 3.821703704e-02 -5.530578444e+00 9.856772237e-01 -1.734387749e-02 -1.677493208e-01 3.718223577e+02
-1.660310058e-01 3.456064578e-02 -9.855147684e-01 -3.985925545e+01 2.786018868e-02 9.991511053e-01 3.034521386e-02 -5.497972366e+00 9.857269423e-01 -2.241837787e-02 -1.668529843e-01 3.717061039e+02
-1.655035875e-01 3.380290026e-02 -9.856298359e-01 -4.056512601e+01 3.114703307e-02 9.990930380e-01 2.903453106e-02 -5.466375690e+00 9.857173406e-01 -2.589412944e-02 -1.664063569e-01 3.715960520e+02
-1.639267976e-01 3.758182014e-02 -9.857564782e-01 -4.130054550e+01 3.395838463e-02 9.988967840e-01 3.243567954e-02 -5.446553299e+00 9.858879559e-01 -2.815762132e-02 -1.650220712e-01 3.714813537e+02
-1.610661301e-01 3.877674862e-02 -9.861815918e-01 -4.204305162e+01 3.144243820e-02 9.989222447e-01 3.414243566e-02 -5.424707230e+00 9.864426646e-01 -2.550875679e-02 -1.621117835e-01 3.713508751e+02
-1.570823777e-01 3.925136159e-02 -9.868051329e-01 -4.281840285e+01 2.739608885e-02 9.989985213e-01 3.537537991e-02 -5.398764459e+00 9.872054208e-01 -2.147775108e-02 -1.580004064e-01 3.712241650e+02
-1.508634782e-01 3.851553075e-02 -9.878042116e-01 -4.360674480e+01 2.228428434e-02 9.991192938e-01 3.555333575e-02 -5.369727310e+00 9.883035765e-01 -1.664881092e-02 -1.515888681e-01 3.710963911e+02
-1.435217929e-01 3.629691509e-02 -9.889814227e-01 -4.440499142e+01 1.495332051e-02 9.992926629e-01 3.450531720e-02 -5.345923444e+00 9.895343161e-01 -9.836297457e-03 -1.439630707e-01 3.709686154e+02
-1.340989829e-01 3.520932568e-02 -9.903423792e-01 -4.522599187e+01 1.038136195e-02 9.993636465e-01 3.412435911e-02 -5.315589831e+00 9.909136424e-01 -5.705063081e-03 -1.343792520e-01 3.708541778e+02
-1.237355346e-01 3.764785048e-02 -9.916008808e-01 -4.606024004e+01 6.279311675e-03 9.992897206e-01 3.715622021e-02 -5.283760499e+00 9.922954277e-01 -1.629031081e-03 -1.238840766e-01 3.707360344e+02
-1.135735754e-01 4.175076025e-02 -9.926519724e-01 -4.691401733e+01 7.688197632e-04 9.991200728e-01 4.193484224e-02 -5.256374276e+00 9.935292819e-01 3.999520407e-03 -1.135057367e-01 3.706276981e+02
-1.037011049e-01 4.444654876e-02 -9.936149985e-01 -4.780658331e+01 -3.288458420e-03 9.989802499e-01 4.502975777e-02 -5.226245602e+00 9.946031418e-01 7.937094135e-03 -1.034492113e-01 3.705384650e+02
-9.411204537e-02 4.342313692e-02 -9.946143052e-01 -4.870716073e+01 -5.892920399e-03 9.990065451e-01 4.417249712e-02 -5.189788567e+00 9.955443186e-01 1.001834036e-02 -9.376270637e-02 3.704489997e+02
-8.519914698e-02 4.179408157e-02 -9.954871019e-01 -4.962328958e+01 -3.508918513e-03 9.991010471e-01 4.224612654e-02 -5.149065424e+00 9.963578417e-01 7.092412176e-03 -8.497599281e-02 3.703754240e+02
-7.820184843e-02 4.352257559e-02 -9.959871008e-01 -5.055559778e+01 -1.271645831e-03 9.990414560e-01 4.375588752e-02 -5.107637974e+00 9.969367842e-01 4.688328802e-03 -7.807148970e-02 3.703056548e+02
-7.318147217e-02 4.754229840e-02 -9.961848569e-01 -5.151091426e+01 6.847609088e-04 9.988653013e-01 4.761991768e-02 -5.071984512e+00 9.973184296e-01 2.802749468e-03 -7.313098343e-02 3.702389127e+02
-7.002477796e-02 5.283546532e-02 -9.961452117e-01 -5.248410678e+01 2.000921209e-03 9.986017522e-01 5.282511118e-02 -5.028764402e+00 9.975433842e-01 1.705851873e-03 -7.003259969e-02 3.701710328e+02
-6.781661531e-02 5.569935825e-02 -9.961417519e-01 -5.347246042e+01 4.064211867e-03 9.984475569e-01 5.555159553e-02 -4.981586530e+00 9.976894880e-01 -2.812126446e-04 -6.793771172e-02 3.700992660e+02
-6.638199405e-02 5.555019678e-02 -9.962468544e-01 -5.446375595e+01 3.351024912e-03 9.984558151e-01 5.545009189e-02 -4.930115960e+00 9.977887266e-01 3.424314507e-04 -6.646563272e-02 3.700315095e+02
-6.543749211e-02 5.219962102e-02 -9.964905141e-01 -5.546955937e+01 -1.327050719e-03 9.986253469e-01 5.239860230e-02 -4.881264414e+00 9.978558768e-01 4.751217539e-03 -6.527817708e-02 3.699580327e+02
-6.484830892e-02 4.863726215e-02 -9.967092581e-01 -5.647861024e+01 -3.300172040e-03 9.987956094e-01 4.895379460e-02 -4.835575175e+00 9.978898221e-01 6.463876274e-03 -6.460964053e-02 3.698887335e+02
-6.367325533e-02 4.688817933e-02 -9.968687153e-01 -5.750326870e+01 -4.342231319e-03 9.988731851e-01 4.725981683e-02 -4.789826218e+00 9.979613624e-01 7.337822923e-03 -6.339795707e-02 3.698206770e+02
-6.230644117e-02 4.651878310e-02 -9.969723827e-01 -5.855711648e+01 -5.989550451e-03 9.988777911e-01 4.698201287e-02 -4.746496441e+00 9.980391075e-01 8.898702439e-03 -6.195789990e-02 3.697496662e+02
-6.044040289e-02 4.763512004e-02 -9.970345345e-01 -5.961147347e+01 -5.632002455e-03 9.988284790e-01 4.806224190e-02 -4.707218633e+00 9.981559516e-01 8.520198170e-03 -6.010131146e-02 3.696855634e+02
-5.819820881e-02 4.780092024e-02 -9.971600063e-01 -6.067216560e+01 -7.127510012e-03 9.988076182e-01 4.829589750e-02 -4.663401952e+00 9.982796218e-01 9.918005106e-03 -5.778811323e-02 3.696144359e+02
-5.616170176e-02 4.947410246e-02 -9.971951650e-01 -6.174086722e+01 -9.926338707e-03 9.986945155e-01 5.010753464e-02 -4.617800321e+00 9.983723547e-01 1.271261726e-02 -5.559722272e-02 3.695503611e+02
-5.431787857e-02 5.051493710e-02 -9.972452205e-01 -6.281760274e+01 -1.211710658e-02 9.986126570e-01 5.124419880e-02 -4.571752145e+00 9.984502869e-01 1.486719150e-02 -5.363043204e-02 3.694871951e+02
-5.281545954e-02 5.179224870e-02 -9.972603168e-01 -6.389909570e+01 -1.073001994e-02 9.985670635e-01 5.242837930e-02 -4.526643166e+00 9.985466626e-01 1.346965248e-02 -5.218407145e-02 3.694322805e+02
-5.202843527e-02 5.147144441e-02 -9.973183064e-01 -6.497956489e+01 -1.198964766e-02 9.985667101e-01 5.216135526e-02 -4.484443397e+00 9.985736291e-01 1.467137381e-02 -5.133683663e-02 3.693665141e+02
-5.173435989e-02 4.957347119e-02 -9.974298392e-01 -6.605145983e+01 -1.136068735e-02 9.986733628e-01 5.022453249e-02 -4.441702109e+00 9.985963588e-01 1.392981104e-02 -5.110247996e-02 3.693005801e+02
-5.238313446e-02 4.904168830e-02 -9.974222543e-01 -6.713721752e+01 -1.154945241e-02 9.986968943e-01 4.971092595e-02 -4.394691767e+00 9.985603801e-01 1.412368312e-02 -5.174845094e-02 3.692397040e+02
-5.273077404e-02 5.277595150e-02 -9.972132874e-01 -6.823329989e+01 -1.235155444e-02 9.984916277e-01 5.349673404e-02 -4.346127812e+00 9.985324794e-01 1.513805165e-02 -5.199926632e-02 3.691750587e+02
-5.305744519e-02 5.616008371e-02 -9.970109943e-01 -6.932666049e+01 -1.373200487e-02 9.982819039e-01 5.696244255e-02 -4.299899774e+00 9.984970273e-01 1.671324590e-02 -5.219513642e-02 3.691091033e+02
-5.396077617e-02 5.608289746e-02 -9.969670191e-01 -7.041904271e+01 -1.754779105e-02 9.982140787e-01 5.710283172e-02 -4.249108307e+00 9.983889835e-01 2.057587652e-02 -5.288028520e-02 3.690389422e+02
-5.503736954e-02 5.471830031e-02 -9.969838598e-01 -7.151208224e+01 -1.694992873e-02 9.983022013e-01 5.572635630e-02 -4.201361546e+00 9.983404589e-01 1.996583008e-02 -5.401643553e-02 3.689720083e+02
-5.670483578e-02 5.056892431e-02 -9.971095473e-01 -7.259844361e+01 -1.330268861e-02 9.985895388e-01 5.140049766e-02 -4.154023398e+00 9.983024278e-01 1.617889370e-02 -5.595220009e-02 3.689074575e+02
-5.887390052e-02 4.857044732e-02 -9.970831901e-01 -7.368958050e+01 -1.260119840e-02 9.986999053e-01 4.939325417e-02 -4.109613742e+00 9.981859433e-01 1.547241252e-02 -5.818527642e-02 3.688365852e+02
-6.036555188e-02 5.248940833e-02 -9.967952880e-01 -7.477917771e+01 -1.204780891e-02 9.985054058e-01 5.330906714e-02 -4.070500301e+00 9.981036070e-01 1.522723079e-02 -5.964290753e-02 3.687625569e+02
-6.146677188e-02 5.398260752e-02 -9.966483177e-01 -7.586485614e+01 -1.044108633e-02 9.984469323e-01 5.472396844e-02 -4.024385939e+00 9.980545996e-01 1.376979065e-02 -6.080761588e-02 3.686883249e+02
-6.274211101e-02 5.195934350e-02 -9.966763932e-01 -7.696055516e+01 -1.040721941e-02 9.985555257e-01 5.271245868e-02 -3.978114132e+00 9.979755791e-01 1.367991573e-02 -6.211078990e-02 3.686168400e+02
-6.375574437e-02 5.125562043e-02 -9.966484220e-01 -7.803655354e+01 -1.332780127e-02 9.985474034e-01 5.220586437e-02 -3.935686868e+00 9.978765634e-01 1.661155418e-02 -6.297995011e-02 3.685487646e+02
-6.329332090e-02 5.174223417e-02 -9.966528381e-01 -7.911638266e+01 -1.602570258e-02 9.984736103e-01 5.285449178e-02 -3.894662626e+00 9.978664219e-01 1.931739306e-02 -6.236752530e-02 3.684658158e+02
-6.187265948e-02 5.418109788e-02 -9.966124028e-01 -8.019447996e+01 -1.780405447e-02 9.983066638e-01 5.537854250e-02 -3.853245146e+00 9.979252703e-01 2.117015735e-02 -6.080330891e-02 3.683866453e+02
-6.038595905e-02 5.629911366e-02 -9.965861796e-01 -8.127469018e+01 -1.861393000e-02 9.981709870e-01 5.751651566e-02 -3.806829902e+00 9.980015852e-01 2.202357793e-02 -5.922757316e-02 3.683304577e+02
-5.785499311e-02 5.758529662e-02 -9.966627545e-01 -8.234136668e+01 -1.823026940e-02 9.981076192e-01 5.872702034e-02 -3.759328098e+00 9.981584586e-01 2.156708926e-02 -5.669573505e-02 3.682628080e+02
-5.485941612e-02 5.681311355e-02 -9.968765546e-01 -8.340594445e+01 -1.806429047e-02 9.981600751e-01 5.788036933e-02 -3.711639774e+00 9.983307387e-01 2.118314394e-02 -5.373215740e-02 3.681992774e+02
-5.133487406e-02 5.466268475e-02 -9.971844073e-01 -8.447391346e+01 -1.824591934e-02 9.982829241e-01 5.566219891e-02 -3.666015977e+00 9.985147907e-01 2.105195922e-02 -5.024937014e-02 3.681422277e+02
-4.744189849e-02 5.210404979e-02 -9.975142153e-01 -8.553153352e+01 -2.050225374e-02 9.983774128e-01 5.312423171e-02 -3.622553948e+00 9.986636828e-01 2.297159634e-02 -4.629672758e-02 3.680844697e+02
-4.399219969e-02 5.119995821e-02 -9.977190920e-01 -8.658623846e+01 -2.151226157e-02 9.984057755e-01 5.218373374e-02 -3.580492430e+00 9.988003197e-01 2.375886413e-02 -4.282064089e-02 3.680373356e+02
-4.008325849e-02 5.227391927e-02 -9.978281129e-01 -8.762893403e+01 -2.339978326e-02 9.983076157e-01 5.323902524e-02 -3.534305328e+00 9.989224062e-01 2.548294935e-02 -3.879213441e-02 3.679839466e+02
-3.637112299e-02 5.527293918e-02 -9.978087400e-01 -8.868085500e+01 -2.443716279e-02 9.981214988e-01 5.618102634e-02 -3.495877067e+00 9.990396734e-01 2.642696652e-02 -3.495215983e-02 3.679450541e+02
-3.263999777e-02 5.957726110e-02 -9.976899619e-01 -8.971314543e+01 -2.447641950e-02 9.978747825e-01 6.038905694e-02 -3.451584992e+00 9.991674567e-01 2.639097293e-02 -3.111236395e-02 3.679107969e+02
-2.890720437e-02 6.173444877e-02 -9.976739727e-01 -9.071967430e+01 -2.359185364e-02 9.977708238e-01 6.242400869e-02 -3.409960598e+00 9.993037168e-01 2.534147468e-02 -2.738632892e-02 3.678767725e+02
-2.510138252e-02 6.068338183e-02 -9.978414522e-01 -9.173098041e+01 -2.290728961e-02 9.978588748e-01 6.126069146e-02 -3.361976407e+00 9.994224320e-01 2.439556676e-02 -2.365750079e-02 3.678558192e+02
-2.189890012e-02 5.663559556e-02 -9.981547480e-01 -9.270884009e+01 -2.082728810e-02 9.981516234e-01 5.709235440e-02 -3.322800501e+00 9.995432846e-01 2.203911600e-02 -2.067889338e-02 3.678326048e+02
-1.932555832e-02 5.441300160e-02 -9.983315860e-01 -9.367451988e+01 -1.778122480e-02 9.983413538e-01 5.475774240e-02 -3.280630740e+00 9.996552108e-01 1.880976880e-02 -1.832591246e-02 3.678187867e+02
-1.715444582e-02 5.337389237e-02 -9.984272173e-01 -9.461145548e+01 -1.506173675e-02 9.984470974e-01 5.363373296e-02 -3.246754169e+00 9.997393807e-01 1.595810488e-02 -1.632383358e-02 3.677996253e+02
-1.570860397e-02 5.163980377e-02 -9.985422981e-01 -9.553028062e+01 -1.202663391e-02 9.985834613e-01 5.183113201e-02 -3.215268060e+00 9.998043567e-01 1.282328708e-02 -1.506535113e-02 3.677831675e+02
-1.529798162e-02 4.993911570e-02 -9.986351610e-01 -9.645165156e+01 -9.602130134e-03 9.986985834e-01 5.008938411e-02 -3.180962528e+00 9.998369057e-01 1.035528624e-02 -1.479850715e-02 3.677838078e+02
-1.458202855e-02 5.031927032e-02 -9.986267662e-01 -9.733930511e+01 -7.772362132e-03 9.986970635e-01 5.043630496e-02 -3.149180378e+00 9.998635241e-01 8.497147065e-03 -1.417193941e-02 3.677689888e+02
-1.448483164e-02 5.103981396e-02 -9.985915671e-01 -9.822221402e+01 -4.909233035e-03 9.986806829e-01 5.111558029e-02 -3.123923976e+00 9.998830534e-01 5.642721589e-03 -1.421518524e-02 3.677561938e+02
-1.657535214e-02 4.969904742e-02 -9.986267175e-01 -9.909108314e+01 -2.151534794e-03 9.987598428e-01 4.974138551e-02 -3.096141158e+00 9.998603164e-01 2.973060589e-03 -1.644786609e-02 3.677389365e+02
-2.045157562e-02 4.912764203e-02 -9.985832152e-01 -9.997237839e+01 3.117658984e-03 9.987902794e-01 4.907398554e-02 -3.059995196e+00 9.997860540e-01 -2.109605524e-03 -2.058002685e-02 3.677267688e+02
-2.779548007e-02 5.060737685e-02 -9.983318033e-01 -1.008427150e+02 7.135303145e-03 9.987022062e-01 5.042749850e-02 -3.025316348e+00 9.995882241e-01 -5.721752404e-03 -2.812048287e-02 3.677061249e+02
-3.722201615e-02 5.326177184e-02 -9.978866117e-01 -1.017177472e+02 1.115203066e-02 9.985385686e-01 5.288058991e-02 -2.992636767e+00 9.992447940e-01 -9.160141384e-03 -3.776160232e-02 3.676755722e+02
-4.900118124e-02 5.384319931e-02 -9.973465253e-01 -1.025789926e+02 1.140142781e-02 9.985110197e-01 5.334590451e-02 -2.957603157e+00 9.987337462e-01 -8.757168685e-03 -4.954211960e-02 3.676214388e+02
-6.172618517e-02 5.032345962e-02 -9.968238351e-01 -1.034378775e+02 1.106559381e-02 9.987012419e-01 4.973303547e-02 -2.926654450e+00 9.980319035e-01 -7.960623461e-03 -6.220298348e-02 3.675586832e+02
-7.531153468e-02 4.406042323e-02 -9.961861537e-01 -1.042868788e+02 1.095262306e-02 9.989996349e-01 4.335684012e-02 -2.893335133e+00 9.970999458e-01 -7.645579726e-03 -7.571885749e-02 3.674837762e+02
-8.806968401e-02 3.872632206e-02 -9.953612714e-01 -1.051410312e+02 9.821532983e-03 9.992291849e-01 3.800780363e-02 -2.866388539e+00 9.960659077e-01 -6.428637089e-03 -8.838222958e-02 3.673945448e+02
-9.901522098e-02 3.538900503e-02 -9.944564286e-01 -1.059927983e+02 5.730614807e-03 9.993710960e-01 3.499331621e-02 -2.839070910e+00 9.950693875e-01 -2.233974370e-03 -9.915573535e-02 3.672974244e+02
-1.075650228e-01 3.424046093e-02 -9.936083263e-01 -1.068548967e+02 2.580778577e-03 9.994129964e-01 3.416111107e-02 -2.817498077e+00 9.941947781e-01 1.110253271e-03 -1.075902408e-01 3.671870905e+02
-1.133165618e-01 3.424958426e-02 -9.929684815e-01 -1.077332604e+02 5.413615577e-04 9.994076758e-01 3.440990465e-02 -2.792927564e+00 9.935588084e-01 3.361651883e-03 -1.132679634e-01 3.670824381e+02
-1.167044677e-01 3.338010273e-02 -9.926055939e-01 -1.086159043e+02 -3.581550183e-03 9.994144097e-01 3.403017137e-02 -2.773807229e+00 9.931602124e-01 7.526540119e-03 -1.165166331e-01 3.669695503e+02
-1.171256500e-01 3.166051333e-02 -9.926124640e-01 -1.095009949e+02 -7.254776051e-03 9.994377753e-01 3.273426178e-02 -2.746791761e+00 9.930907544e-01 1.103519624e-02 -1.168300970e-01 3.668468967e+02
-1.166370824e-01 3.040472309e-02 -9.927091602e-01 -1.103996625e+02 -9.474769659e-03 9.994517728e-01 3.172446147e-02 -2.724757143e+00 9.931294263e-01 1.310593901e-02 -1.162851127e-01 3.667370483e+02
-1.147572742e-01 3.069373267e-02 -9.929192728e-01 -1.113004456e+02 -8.470475315e-03 9.994559674e-01 3.187477991e-02 -2.702186517e+00 9.933574368e-01 1.206836097e-02 -1.144348638e-01 3.666329000e+02
-1.126698395e-01 3.458614460e-02 -9.930303650e-01 -1.122214734e+02 -7.709455606e-03 9.993335372e-01 3.568039598e-02 -2.674612323e+00 9.936026017e-01 1.167582627e-02 -1.123280507e-01 3.665232920e+02
-1.107846919e-01 4.377018026e-02 -9.928801624e-01 -1.131565335e+02 -9.427197268e-03 9.989385122e-01 4.508913511e-02 -2.643933028e+00 9.937997491e-01 1.435526801e-02 -1.102544497e-01 3.664131060e+02
-1.077597579e-01 5.873144806e-02 -9.924406854e-01 -1.141136773e+02 -1.384132530e-02 9.980681242e-01 6.056737571e-02 -2.601610396e+00 9.940806789e-01 2.026341606e-02 -1.067387145e-01 3.663031197e+02
-1.029831810e-01 6.342337955e-02 -9.926591166e-01 -1.150845441e+02 -1.684993401e-02 9.977106686e-01 6.549423085e-02 -2.549891634e+00 9.945404597e-01 2.347103280e-02 -1.016786941e-01 3.661989217e+02
-9.711405367e-02 5.513113246e-02 -9.937452976e-01 -1.160470907e+02 -2.548782669e-02 9.979994141e-01 5.785795401e-02 -2.499535467e+00 9.949469472e-01 3.094721877e-02 -9.551451884e-02 3.660909803e+02
-8.983935278e-02 4.349913370e-02 -9.950059934e-01 -1.170177614e+02 -2.784804609e-02 9.985454446e-01 4.616828018e-02 -2.443934172e+00 9.955669884e-01 3.185669035e-02 -8.849726781e-02 3.659896867e+02
-8.448393844e-02 4.475776477e-02 -9.954190871e-01 -1.180471168e+02 -2.896010865e-02 9.984583583e-01 4.735234472e-02 -2.386361133e+00 9.960038588e-01 3.282795777e-02 -8.305747002e-02 3.658996171e+02
-7.840780154e-02 5.571221293e-02 -9.953636315e-01 -1.190965497e+02 -2.565173548e-02 9.979939390e-01 5.788010154e-02 -2.340208423e+00 9.965914855e-01 3.007103596e-02 -7.682135690e-02 3.658177554e+02
-7.316688783e-02 5.907259760e-02 -9.955687439e-01 -1.201545842e+02 -2.287629864e-02 9.978822140e-01 6.089111106e-02 -2.286765609e+00 9.970573699e-01 2.723013858e-02 -7.166056087e-02 3.657423260e+02
-6.903846116e-02 4.880088784e-02 -9.964197524e-01 -1.212116645e+02 -2.156956902e-02 9.984963027e-01 5.039707030e-02 -2.229799117e+00 9.973808912e-01 2.497167495e-02 -6.788202944e-02 3.656720221e+02
-6.560603634e-02 3.951899882e-02 -9.970627206e-01 -1.222883904e+02 -2.459485953e-02 9.988478244e-01 4.120807980e-02 -2.178074896e+00 9.975423919e-01 2.722611702e-02 -6.455848482e-02 3.656004582e+02
-6.162693864e-02 4.093759259e-02 -9.972593556e-01 -1.233815915e+02 -3.175114841e-02 9.985723814e-01 4.295359803e-02 -2.133951073e+00 9.975940647e-01 3.431123231e-02 -6.023922244e-02 3.655198950e+02
-5.619227768e-02 4.682438817e-02 -9.973214395e-01 -1.245024858e+02 -3.739875100e-02 9.980998992e-01 4.896810520e-02 -2.088242311e+00 9.977193762e-01 4.005019726e-02 -5.433428057e-02 3.654244765e+02
-5.132842750e-02 4.218831276e-02 -9.977902760e-01 -1.256122807e+02 -4.106520771e-02 9.981731333e-01 4.431698287e-02 -2.051863597e+00 9.978371241e-01 4.324919180e-02 -4.950214665e-02 3.653693543e+02
-4.557595597e-02 2.969340827e-02 -9.985194408e-01 -1.267384947e+02 -3.739924667e-02 9.988066469e-01 3.140898583e-02 -2.012653620e+00 9.982605252e-01 3.877537083e-02 -4.441108479e-02 3.653104009e+02
-4.059898585e-02 2.307206330e-02 -9.989092159e-01 -1.278766970e+02 -3.029799023e-02 9.992452183e-01 2.431123862e-02 -1.979821929e+00 9.987161329e-01 3.125195031e-02 -3.986935119e-02 3.652738829e+02
-3.503275413e-02 2.961577167e-02 -9.989472875e-01 -1.290393777e+02 -2.490029579e-02 9.992246190e-01 3.049723763e-02 -1.949135197e+00 9.990759241e-01 2.594248067e-02 -3.426808963e-02 3.652409579e+02
-2.931233499e-02 4.190725367e-02 -9.986916260e-01 -1.302284613e+02 -2.202900188e-02 9.988510026e-01 4.256051446e-02 -1.916673899e+00 9.993276773e-01 2.324771356e-02 -2.835536658e-02 3.652114185e+02
-2.276570322e-02 4.800951312e-02 -9.985874815e-01 -1.314051288e+02 -2.233503329e-02 9.985725273e-01 4.851799055e-02 -1.874882250e+00 9.994914033e-01 2.340802353e-02 -2.166091843e-02 3.651704637e+02
-1.790108710e-02 4.710266589e-02 -9.987296426e-01 -1.325848890e+02 -2.359718323e-02 9.985915822e-01 4.751910731e-02 -1.824458850e+00 9.995612823e-01 2.441784708e-02 -1.676441296e-02 3.651486893e+02
-1.376831948e-02 4.511719465e-02 -9.988869113e-01 -1.337654470e+02 -2.338421998e-02 9.986937386e-01 4.543079452e-02 -1.777193185e+00 9.996318417e-01 2.398369154e-02 -1.269527508e-02 3.651233850e+02
-1.081288775e-02 4.320123871e-02 -9.990080083e-01 -1.349433768e+02 -2.016805997e-02 9.988536508e-01 4.341286227e-02 -1.730448227e+00 9.997382299e-01 2.061746297e-02 -9.929173462e-03 3.651077307e+02
-8.722326471e-03 4.363755257e-02 -9.990093487e-01 -1.361203475e+02 -1.782707550e-02 9.988817776e-01 4.378762719e-02 -1.701502174e+00 9.998030285e-01 1.819134267e-02 -7.934604254e-03 3.650986619e+02
-7.841771592e-03 4.699661580e-02 -9.988643411e-01 -1.373072410e+02 -1.869427914e-02 9.987134984e-01 4.713628638e-02 -1.661419078e+00 9.997945602e-01 1.904267825e-02 -6.953096622e-03 3.650772836e+02
-8.031216409e-03 5.118924101e-02 -9.986568310e-01 -1.384851109e+02 -1.902946530e-02 9.985001965e-01 5.133425728e-02 -1.616715978e+00 9.997868322e-01 1.941616994e-02 -7.045091197e-03 3.650629391e+02
-9.032390245e-03 4.899663255e-02 -9.987580876e-01 -1.396650418e+02 -1.670086910e-02 9.986521473e-01 4.914247248e-02 -1.576447134e+00 9.998197588e-01 1.712400140e-02 -8.201929541e-03 3.650492839e+02
-1.135128104e-02 4.056033010e-02 -9.991126151e-01 -1.408199967e+02 -9.768898478e-03 9.991248135e-01 4.067181421e-02 -1.532563411e+00 9.998878913e-01 1.022190413e-02 -1.094512387e-02 3.650285795e+02
-1.711512836e-02 3.515060119e-02 -9.992355678e-01 -1.419926243e+02 -1.338005357e-03 9.993801178e-01 3.517860985e-02 -1.494851486e+00 9.998527606e-01 1.939063981e-03 -1.705746641e-02 3.650208218e+02
-2.484036623e-02 3.884811606e-02 -9.989364181e-01 -1.431620651e+02 5.761828088e-03 9.992336182e-01 3.871639798e-02 -1.471871713e+00 9.996749409e-01 -4.793972418e-03 -2.504517022e-02 3.650123930e+02
-3.193440749e-02 4.568734532e-02 -9.984453947e-01 -1.443279363e+02 8.280721713e-03 9.989325173e-01 4.544479424e-02 -1.444367004e+00 9.994558297e-01 -6.816604459e-03 -3.227863092e-02 3.649823062e+02
-3.875207170e-02 4.650566397e-02 -9.981660918e-01 -1.454809986e+02 4.385204957e-03 9.989146736e-01 4.637029317e-02 -1.406570947e+00 9.992392432e-01 -2.580215799e-03 -3.891390986e-02 3.649270682e+02
-4.332000853e-02 4.418537005e-02 -9.980837909e-01 -1.466416718e+02 -2.176172448e-03 9.990149511e-01 4.432105189e-02 -1.367549244e+00 9.990590108e-01 4.091988138e-03 -4.318115048e-02 3.648523464e+02
-4.802790677e-02 4.020256560e-02 -9.980366891e-01 -1.477932219e+02 -7.280065104e-03 9.991490245e-01 4.059771198e-02 -1.330849436e+00 9.988195591e-01 9.215588324e-03 -4.769437217e-02 3.647884297e+02
-5.093893719e-02 3.855807530e-02 -9.979571916e-01 -1.489463498e+02 -8.947193962e-03 9.991966790e-01 3.906266231e-02 -1.302493333e+00 9.986617392e-01 1.091872236e-02 -5.055312307e-02 3.647201230e+02
-5.358081607e-02 4.006684995e-02 -9.977593322e-01 -1.501074659e+02 -8.442088748e-03 9.991408133e-01 4.057567105e-02 -1.262574908e+00 9.985277975e-01 1.059725164e-02 -5.319649488e-02 3.646643385e+02
-5.530244133e-02 4.707264675e-02 -9.973595184e-01 -1.512740055e+02 -4.312264844e-03 9.988675123e-01 4.738293533e-02 -1.226402704e+00 9.984604511e-01 6.921264045e-03 -5.503684721e-02 3.646038302e+02
-5.715376003e-02 5.397924370e-02 -9.969052002e-01 -1.524241341e+02 -2.435505023e-03 9.985267521e-01 5.420668389e-02 -1.185124730e+00 9.983625136e-01 5.526078612e-03 -5.693804790e-02 3.645376985e+02
-5.838259268e-02 5.597740214e-02 -9.967238336e-01 -1.535639114e+02 -3.412932749e-03 9.984096635e-01 5.627200290e-02 -1.137348970e+00 9.982886528e-01 6.687047334e-03 -5.809877592e-02 3.644649683e+02
-5.855387647e-02 5.032279650e-02 -9.970150953e-01 -1.546977348e+02 -7.499692838e-03 9.986782925e-01 5.084719088e-02 -1.087112800e+00 9.982561425e-01 1.045460704e-02 -5.809904853e-02 3.643883458e+02
-5.898881364e-02 4.197833147e-02 -9.973757151e-01 -1.558255543e+02 -9.449782929e-03 9.990471699e-01 4.260758836e-02 -1.046358798e+00 9.982140072e-01 1.193835329e-02 -5.853593870e-02 3.643137578e+02
-5.908806632e-02 4.177334841e-02 -9.973785205e-01 -1.569593509e+02 -6.178479451e-03 9.990895893e-01 4.221105719e-02 -1.009600604e+00 9.982338394e-01 8.656444671e-03 -5.877622479e-02 3.642431082e+02
-6.107701139e-02 4.612929353e-02 -9.970666734e-01 -1.580975825e+02 -3.404493382e-03 9.989160801e-01 4.642341185e-02 -9.720173669e-01 9.981274256e-01 6.229903571e-03 -6.085375685e-02 3.641719859e+02
-6.411539285e-02 5.176813482e-02 -9.965990160e-01 -1.592391011e+02 5.212662926e-04 9.986551840e-01 5.184141849e-02 -9.283816059e-01 9.979424791e-01 2.804333228e-03 -6.405615946e-02 3.641021485e+02
-6.728946224e-02 5.565402753e-02 -9.961801846e-01 -1.603693950e+02 4.028746990e-03 9.984500469e-01 5.550871413e-02 -8.834630654e-01 9.977254320e-01 -2.782070212e-04 -6.740945951e-02 3.640259753e+02
-6.995574692e-02 5.816556421e-02 -9.958529029e-01 -1.614985395e+02 3.665365038e-03 9.983068705e-01 5.805141523e-02 -8.344788005e-01 9.975433412e-01 4.108668322e-04 -7.005055396e-02 3.639445908e+02
-7.213948930e-02 5.679613327e-02 -9.957762381e-01 -1.626124733e+02 9.568772579e-04 9.983808443e-01 5.687537830e-02 -7.858134089e-01 9.973942167e-01 3.150111231e-03 -7.207709115e-02 3.638528184e+02
-7.506187971e-02 5.438118262e-02 -9.956950321e-01 -1.637335555e+02 -4.125334754e-03 9.984864050e-01 5.484463682e-02 -7.395547541e-01 9.971704378e-01 8.224313574e-03 -7.472393808e-02 3.637567829e+02
-7.775423481e-02 5.006767702e-02 -9.957146340e-01 -1.648388014e+02 -7.172558655e-03 9.986842769e-01 5.077709903e-02 -6.966209695e-01 9.969467959e-01 1.108994772e-02 -7.729281274e-02 3.636609637e+02
-7.919249522e-02 4.650980880e-02 -9.957737597e-01 -1.659499979e+02 -5.803448780e-03 9.988725488e-01 4.711608532e-02 -6.585562585e-01 9.968424422e-01 9.510158597e-03 -7.883324580e-02 3.635625994e+02
-8.038506164e-02 4.603015681e-02 -9.957004584e-01 -1.670611467e+02 -5.049006942e-03 9.989015591e-01 4.658575515e-02 -6.171640589e-01 9.967510372e-01 8.772101769e-03 -8.006439428e-02 3.634660209e+02
-8.242613815e-02 5.133197581e-02 -9.952743263e-01 -1.681671992e+02 -2.928206001e-03 9.986558485e-01 5.174888748e-02 -5.762613546e-01 9.965928857e-01 7.179828445e-03 -8.216504508e-02 3.633755797e+02
-8.339185426e-02 5.826855892e-02 -9.948118599e-01 -1.692599531e+02 -1.066595725e-03 9.982832561e-01 5.856129897e-02 -5.325663620e-01 9.965162998e-01 5.944596329e-03 -8.318660181e-02 3.632836360e+02
-8.392388575e-02 5.999480503e-02 -9.946645584e-01 -1.703539058e+02 -2.114733875e-03 9.981729423e-01 6.038484944e-02 -4.844355603e-01 9.964699758e-01 7.171174581e-03 -8.364368941e-02 3.631821034e+02
-8.344463065e-02 5.774963416e-02 -9.948377907e-01 -1.714459187e+02 -2.491927361e-03 9.983041678e-01 5.815988324e-02 -4.334774853e-01 9.965093979e-01 7.332191360e-03 -8.315931701e-02 3.630830165e+02
-8.351740570e-02 5.427215593e-02 -9.950274004e-01 -1.725289144e+02 -4.276353159e-03 9.984871074e-01 5.481979691e-02 -3.901442353e-01 9.964972316e-01 8.833486985e-03 -8.315885165e-02 3.629839504e+02
-8.374630293e-02 5.411197007e-02 -9.950168761e-01 -1.736063883e+02 -6.767338047e-03 9.984706354e-01 5.486938145e-02 -3.403482336e-01 9.964641655e-01 1.132872147e-02 -8.325195611e-02 3.628830869e+02
-8.396840960e-02 5.667466134e-02 -9.948554415e-01 -1.746860262e+02 -6.628130720e-03 9.983274280e-01 5.743189297e-02 -2.975110326e-01 9.964464474e-01 1.141649802e-02 -8.345230121e-02 3.627822291e+02
-8.405640988e-02 5.453252363e-02 -9.949677353e-01 -1.757626195e+02 -1.832895117e-03 9.984912750e-01 5.488048958e-02 -2.532151215e-01 9.964593443e-01 6.436731947e-03 -8.382963751e-02 3.626947704e+02
-8.453992140e-02 4.623275142e-02 -9.953469594e-01 -1.768407212e+02 -1.520969959e-03 9.989158128e-01 4.652770392e-02 -2.076613333e-01 9.964189240e-01 5.447338522e-03 -8.437791376e-02 3.626090548e+02
-8.437724033e-02 4.315955774e-02 -9.954988550e-01 -1.779028397e+02 2.099289102e-03 9.990669927e-01 4.313632892e-02 -1.698005220e-01 9.964317603e-01 1.549880039e-03 -8.438918940e-02 3.625206464e+02
-8.536690945e-02 4.833252282e-02 -9.951767574e-01 -1.789647447e+02 4.207822459e-03 9.988312951e-01 4.814906858e-02 -1.352915585e-01 9.963408628e-01 -7.719328920e-05 -8.547055716e-02 3.624236958e+02
-8.518234622e-02 5.163378169e-02 -9.950266271e-01 -1.800310611e+02 2.883136093e-03 9.986649183e-01 5.157576319e-02 -9.857073455e-02 9.963612296e-01 1.524544166e-03 -8.521739314e-02 3.623259815e+02
-8.416856759e-02 4.729522290e-02 -9.953286535e-01 -1.811170611e+02 -3.242350356e-04 9.988716245e-01 4.749100250e-02 -6.008280717e-02 9.964516081e-01 4.319962233e-03 -8.405831873e-02 3.622335450e+02
-8.225205794e-02 4.001165596e-02 -9.958080478e-01 -1.822206284e+02 -8.177750584e-03 9.991330388e-01 4.082072055e-02 -1.752047327e-02 9.965779927e-01 1.150105797e-02 -8.185358755e-02 3.621345868e+02
-7.937173130e-02 3.902792399e-02 -9.960808288e-01 -1.833317668e+02 -1.499845527e-02 9.990734268e-01 4.034031842e-02 1.953974197e-02 9.967322908e-01 1.814155533e-02 -7.871288585e-02 3.620427170e+02
-7.616440355e-02 4.243847367e-02 -9.961917734e-01 -1.844480232e+02 -1.880673541e-02 9.988549202e-01 4.398980734e-02 5.299742701e-02 9.969179073e-01 2.208556892e-02 -7.527902515e-02 3.619544517e+02
-7.219061712e-02 4.461172340e-02 -9.963926592e-01 -1.855735463e+02 -1.921440168e-02 9.987515605e-01 4.610946159e-02 9.351275942e-02 9.972057504e-01 2.247375847e-02 -7.124332340e-02 3.618811653e+02
-6.777850793e-02 4.399104134e-02 -9.967301299e-01 -1.866787655e+02 -1.686236775e-02 9.988342336e-01 4.523056080e-02 1.335139608e-01 9.975579532e-01 1.987288069e-02 -6.695768633e-02 3.618128691e+02
-6.305222820e-02 4.279604685e-02 -9.970922600e-01 -1.877619637e+02 -1.412457105e-02 9.989418357e-01 4.376861756e-02 1.719444423e-01 9.979103090e-01 1.684321209e-02 -6.238099277e-02 3.617371439e+02
-5.923605088e-02 4.047053898e-02 -9.974232558e-01 -1.888464842e+02 -9.271273535e-03 9.991124244e-01 4.108968798e-02 2.091147566e-01 9.982009087e-01 1.168137528e-02 -5.880822274e-02 3.616802381e+02
-5.439878399e-02 3.850618474e-02 -9.977765888e-01 -1.899722617e+02 -4.727843338e-03 9.992350145e-01 3.882023404e-02 2.388344569e-01 9.985081397e-01 6.829104639e-03 -5.417507176e-02 3.616058033e+02
-5.014752951e-02 3.754089767e-02 -9.980360459e-01 -1.910728382e+02 -4.834050348e-05 9.992932028e-01 3.759062039e-02 2.690782177e-01 9.987418309e-01 1.933321108e-03 -5.011023167e-02 3.615646856e+02
-4.687374834e-02 4.266114346e-02 -9.979893872e-01 -1.921760294e+02 5.596067956e-03 9.990831435e-01 4.244506042e-02 3.152622798e-01 9.988851221e-01 -3.595259774e-03 -4.706947312e-02 3.615165558e+02
-4.492387368e-02 4.871046192e-02 -9.978022113e-01 -1.932681892e+02 1.171914164e-02 9.987675007e-01 4.822995914e-02 3.538299244e-01 9.989217181e-01 -9.526708728e-03 -4.543935157e-02 3.614723959e+02
-4.360707205e-02 5.033904096e-02 -9.977797825e-01 -1.943179896e+02 1.292175556e-02 9.986746566e-01 4.981945761e-02 4.121354571e-01 9.989652352e-01 -1.072058845e-02 -4.419970748e-02 3.614154227e+02
-4.203152659e-02 4.914385420e-02 -9.979069506e-01 -1.954343209e+02 1.562995993e-02 9.986996676e-01 4.852456960e-02 4.372145513e-01 9.989940138e-01 -1.355768784e-02 -4.274496298e-02 3.613803587e+02
-4.133302316e-02 4.931764002e-02 -9.979276952e-01 -1.965968239e+02 1.243268414e-02 9.987291494e-01 4.884231121e-02 4.786279562e-01 9.990682666e-01 -1.038812654e-02 -4.189365673e-02 3.613345689e+02
-3.864249730e-02 5.182680189e-02 -9.979083414e-01 -1.976823815e+02 7.386724459e-03 9.986416284e-01 5.157885631e-02 5.196855127e-01 9.992259346e-01 -5.378148168e-03 -3.897277063e-02 3.612739672e+02
-3.550120033e-02 5.162028031e-02 -9.980357226e-01 -1.987981341e+02 4.478284569e-04 9.986657933e-01 5.163695227e-02 5.619150091e-01 9.993697184e-01 1.386213671e-03 -3.547689348e-02 3.612140402e+02
-3.146021673e-02 4.893889613e-02 -9.983062269e-01 -1.999003324e+02 -5.520682138e-03 9.987768221e-01 4.913594624e-02 6.058431775e-01 9.994898169e-01 7.057159713e-03 -3.115159456e-02 3.611644508e+02
-2.673520931e-02 4.705305872e-02 -9.985347087e-01 -2.010148325e+02 -9.670935183e-03 9.988326543e-01 4.732604050e-02 6.515999775e-01 9.995959267e-01 1.092203151e-02 -2.624895838e-02 3.611164922e+02
-2.255095236e-02 4.813271761e-02 -9.985864914e-01 -2.021240691e+02 -1.401856815e-02 9.987269101e-01 4.845607226e-02 6.932977080e-01 9.996475393e-01 1.509147620e-02 -2.184744967e-02 3.610879961e+02
-1.810877861e-02 4.934553640e-02 -9.986176156e-01 -2.032468644e+02 -1.487488352e-02 9.986575588e-01 4.961724980e-02 7.385900778e-01 9.997253918e-01 1.575282957e-02 -1.735044334e-02 3.610597707e+02
-1.369847251e-02 5.129638351e-02 -9.985896431e-01 -2.043707725e+02 -1.528892660e-02 9.985557574e-01 5.150437718e-02 7.817068121e-01 9.997894144e-01 1.597288553e-02 -1.289443449e-02 3.610325487e+02
-1.015367157e-02 5.292460684e-02 -9.985468604e-01 -2.055083317e+02 -1.464680931e-02 9.984833575e-01 5.307017496e-02 8.302045663e-01 9.998411879e-01 1.516438468e-02 -9.363093797e-03 3.610166219e+02
-7.789343495e-03 5.442325762e-02 -9.984876991e-01 -2.066426233e+02 -1.304434876e-02 9.984273627e-01 5.452173503e-02 8.802582600e-01 9.998847018e-01 1.344930570e-02 -7.067165294e-03 3.610046690e+02
-5.550784106e-03 5.461070623e-02 -9.984924362e-01 -2.077700058e+02 -1.202970872e-02 9.984318021e-01 5.467426788e-02 9.235380702e-01 9.999123680e-01 1.231504733e-02 -4.885109803e-03 3.609859180e+02
-4.338354229e-03 5.383936663e-02 -9.985402060e-01 -2.089240194e+02 -1.228391599e-02 9.984713922e-01 5.388902633e-02 9.708383017e-01 9.999151937e-01 1.249976947e-02 -3.670385517e-03 3.609856815e+02
-3.348078568e-03 5.537342940e-02 -9.984601014e-01 -2.100560433e+02 -1.171532859e-02 9.983950171e-01 5.540910454e-02 1.017974154e+00 9.999257957e-01 1.188280190e-02 -2.693996753e-03 3.609786645e+02
-1.801619162e-03 5.740266681e-02 -9.983495651e-01 -2.111900925e+02 -1.259274280e-02 9.982706522e-01 5.742086047e-02 1.064963215e+00 9.999191500e-01 1.267540486e-02 -1.075634344e-03 3.609699562e+02
-2.608635870e-04 5.763062167e-02 -9.983380234e-01 -2.123466750e+02 -1.256747872e-02 9.982589635e-01 5.762934926e-02 1.113696496e+00 9.999211050e-01 1.256162062e-02 4.638882645e-04 3.609740915e+02
9.855682800e-04 5.512835773e-02 -9.984788587e-01 -2.134701706e+02 -1.102489974e-02 9.984192076e-01 5.511417921e-02 1.164575738e+00 9.999387679e-01 1.095380776e-02 1.591787271e-03 3.609703318e+02
2.311206127e-03 5.503786830e-02 -9.984817500e-01 -2.145963252e+02 -9.300857629e-03 9.984422714e-01 5.501417874e-02 1.213293654e+00 9.999542327e-01 9.159575855e-03 2.819495907e-03 3.609740166e+02
3.875734179e-03 5.493764215e-02 -9.984822456e-01 -2.157478280e+02 -9.397141967e-03 9.984476493e-01 5.489926241e-02 1.261524463e+00 9.999482953e-01 9.170105033e-03 4.385986592e-03 3.609739351e+02
6.117430241e-03 5.276385128e-02 -9.985882859e-01 -2.168847898e+02 -8.398506779e-03 9.985744305e-01 5.271166960e-02 1.307802916e+00 9.999459950e-01 8.064190506e-03 6.551826202e-03 3.609804447e+02
8.749822136e-03 5.014635675e-02 -9.987036070e-01 -2.180097721e+02 -7.079730502e-03 9.987198850e-01 5.008514866e-02 1.353803764e+00 9.999367200e-01 6.632313292e-03 9.093640651e-03 3.609895467e+02
1.258370086e-02 5.104456575e-02 -9.986171716e-01 -2.191158368e+02 -7.929541364e-03 9.986698508e-01 5.094734405e-02 1.389577841e+00 9.998894566e-01 7.277465025e-03 1.297173026e-02 3.609898146e+02
1.608147472e-02 5.432888646e-02 -9.983937194e-01 -2.202239476e+02 -7.887501436e-03 9.984985445e-01 5.420755267e-02 1.428321424e+00 9.998396640e-01 7.003086559e-03 1.648589910e-02 3.610051018e+02
2.034106590e-02 5.713501728e-02 -9.981593570e-01 -2.213238828e+02 -7.689673066e-03 9.983451783e-01 5.698895245e-02 1.474685260e+00 9.997636719e-01 6.516297419e-03 2.074675077e-02 3.610233592e+02
2.586638109e-02 5.926126913e-02 -9.979073347e-01 -2.224503756e+02 -1.036387512e-02 9.982035726e-01 5.901021984e-02 1.515371437e+00 9.996116863e-01 8.815800026e-03 2.643413184e-02 3.610458592e+02
3.114662368e-02 5.967942769e-02 -9.977317199e-01 -2.235326215e+02 -1.324900843e-02 9.981528285e-01 5.929102486e-02 1.563221206e+00 9.994271414e-01 1.137223348e-02 3.187978917e-02 3.610781732e+02
3.821858019e-02 5.819421945e-02 -9.975735421e-01 -2.246081127e+02 -1.405556573e-02 9.982353612e-01 5.769433841e-02 1.605520029e+00 9.991706665e-01 1.181645719e-02 3.896908441e-02 3.611102892e+02
4.559604229e-02 5.655752235e-02 -9.973577594e-01 -2.256659729e+02 -1.574865757e-02 9.983126264e-01 5.589169754e-02 1.648048691e+00 9.988359752e-01 1.315859406e-02 4.640976009e-02 3.611475760e+02
5.204851485e-02 5.610565373e-02 -9.970672250e-01 -2.267073582e+02 -1.497372451e-02 9.983521657e-01 5.539630373e-02 1.688051520e+00 9.985322714e-01 1.204651307e-02 5.280289358e-02 3.611987902e+02
5.706588704e-02 5.636639102e-02 -9.967779754e-01 -2.277321612e+02 -1.324858157e-02 9.983597907e-01 5.569735150e-02 1.727106433e+00 9.982825109e-01 1.002747293e-02 5.771910569e-02 3.612546928e+02
6.050047998e-02 5.562214785e-02 -9.966173243e-01 -2.287198630e+02 -1.110585786e-02 9.984219156e-01 5.504867662e-02 1.759774106e+00 9.981064889e-01 7.737809224e-03 6.102278180e-02 3.613175082e+02
6.315550719e-02 5.421311130e-02 -9.965302869e-01 -2.297100851e+02 -8.904769564e-03 9.985143424e-01 5.375671145e-02 1.800561393e+00 9.979641376e-01 5.478829898e-03 6.354446235e-02 3.613843696e+02
6.601507092e-02 5.627095564e-02 -9.962306747e-01 -2.306971474e+02 -8.200338334e-03 9.984054706e-01 5.585040072e-02 1.832039823e+00 9.977849195e-01 4.482459720e-03 6.637128053e-02 3.614401123e+02
6.817476581e-02 6.164594840e-02 -9.957671244e-01 -2.316712364e+02 -4.796130994e-03 9.980978891e-01 6.146188429e-02 1.871099623e+00 9.976619400e-01 5.856685499e-04 6.834078330e-02 3.615100044e+02
7.007233132e-02 6.393027736e-02 -9.954912895e-01 -2.326225825e+02 -2.339504705e-03 9.979520368e-01 6.392363587e-02 1.905423917e+00 9.975392470e-01 -2.150325619e-03 7.007839985e-02 3.615766051e+02
7.193599603e-02 5.561562738e-02 -9.958575100e-01 -2.335621837e+02 -1.056608387e-03 9.984478853e-01 5.568397340e-02 1.944051372e+00 9.974087175e-01 -2.953449478e-03 7.188307355e-02 3.616469395e+02
7.474847141e-02 4.528115442e-02 -9.961739327e-01 -2.344605714e+02 -3.938236644e-05 9.989686499e-01 4.540524327e-02 1.975434343e+00 9.972025356e-01 -3.354746709e-03 7.467313843e-02 3.617096407e+02
7.763550398e-02 4.713334218e-02 -9.958671022e-01 -2.353646929e+02 -4.938545282e-03 9.988877760e-01 4.689131639e-02 2.012274445e+00 9.969696624e-01 1.277700913e-03 7.778188612e-02 3.617673090e+02
8.264185106e-02 5.935238172e-02 -9.948104185e-01 -2.362424220e+02 -8.349437444e-03 9.982311804e-01 5.886286266e-02 2.037408490e+00 9.965444030e-01 3.441570054e-03 8.299121767e-02 3.618309195e+02
8.822767946e-02 6.830696777e-02 -9.937556078e-01 -2.371001515e+02 -1.279621039e-02 9.976413963e-01 6.743799110e-02 2.063356668e+00 9.960182344e-01 6.766402793e-03 8.889365508e-02 3.618976835e+02
9.682768684e-02 6.549120511e-02 -9.931441890e-01 -2.379247396e+02 -1.656148416e-02 9.978006821e-01 6.418359370e-02 2.098931946e+00 9.951634022e-01 1.023319153e-02 9.769936074e-02 3.619650642e+02
1.055319060e-01 6.311231337e-02 -9.924111843e-01 -2.387407482e+02 -1.868237570e-02 9.979336384e-01 6.147685102e-02 2.140907956e+00 9.942404284e-01 1.205283178e-02 1.064929251e-01 3.620499554e+02
1.156747445e-01 6.343437015e-02 -9.912595064e-01 -2.395154009e+02 -1.735084093e-02 9.979354543e-01 6.183683968e-02 2.173279339e+00 9.931356207e-01 1.004622536e-02 1.165365646e-01 3.621440324e+02
1.282952059e-01 6.141386598e-02 -9.898327146e-01 -2.402709792e+02 -1.611186513e-02 9.980781332e-01 5.983714834e-02 2.197549405e+00 9.916051679e-01 8.271228080e-03 1.290381472e-01 3.622404462e+02
1.433013853e-01 5.258758443e-02 -9.882809791e-01 -2.409847490e+02 -1.569375042e-02 9.985824885e-01 5.086013511e-02 2.218750466e+00 9.895546964e-01 8.221502554e-03 1.439235535e-01 3.623493828e+02
1.600050349e-01 4.435066021e-02 -9.861194439e-01 -2.416726687e+02 -1.405206335e-02 9.989912535e-01 4.264952505e-02 2.245888109e+00 9.870162725e-01 7.032870469e-03 1.604668867e-01 3.624701953e+02
1.761083612e-01 4.116157878e-02 -9.835097408e-01 -2.423515319e+02 -9.441721923e-03 9.991500606e-01 4.012550415e-02 2.271136600e+00 9.843253958e-01 2.219592380e-03 1.763473253e-01 3.626028791e+02
1.916420262e-01 4.626214071e-02 -9.803740436e-01 -2.430004918e+02 -2.932584904e-03 9.989110258e-01 4.656361751e-02 2.281139086e+00 9.814605584e-01 -6.048518508e-03 1.915689842e-01 3.627438049e+02
2.065148068e-01 5.102067601e-02 -9.771124359e-01 -2.436289105e+02 3.383492048e-03 9.985963062e-01 5.285759296e-02 2.293253534e+00 9.784377182e-01 -1.422192936e-02 2.060523031e-01 3.628906920e+02
2.197032596e-01 5.148816334e-02 -9.742070816e-01 -2.442417353e+02 9.720575910e-03 9.984411614e-01 5.496115310e-02 2.311290015e+00 9.755183308e-01 -2.154499773e-02 2.188602763e-01 3.630440926e+02
2.294524555e-01 4.989286365e-02 -9.720403620e-01 -2.448221316e+02 1.635785227e-02 9.983465827e-01 5.510443315e-02 2.330431734e+00 9.731825398e-01 -2.854434396e-02 2.282568924e-01 3.631956271e+02
2.362569687e-01 4.818342641e-02 -9.704953575e-01 -2.453892849e+02 2.097186334e-02 9.982842993e-01 5.466849880e-02 2.346759936e+00 9.714643962e-01 -3.326891213e-02 2.348411799e-01 3.633380546e+02
2.395862018e-01 4.509634685e-02 -9.698272538e-01 -2.459374158e+02 2.462519058e-02 9.983170442e-01 5.250451934e-02 2.364840892e+00 9.705627893e-01 -3.646154285e-02 2.380724986e-01 3.634861333e+02
2.412301833e-01 4.344270019e-02 -9.694951289e-01 -2.464730034e+02 2.862460803e-02 9.982444090e-01 5.185333281e-02 2.381290176e+00 9.700457123e-01 -4.026000865e-02 2.395631426e-01 3.636237233e+02
2.413436827e-01 4.352530129e-02 -9.694631490e-01 -2.470001528e+02 3.068729030e-02 9.981518144e-01 5.245278941e-02 2.409944503e+00 9.699543648e-01 -4.240934782e-02 2.395619572e-01 3.637543416e+02
2.383295501e-01 4.455759789e-02 -9.701617550e-01 -2.475065902e+02 3.251100454e-02 9.980210695e-01 5.382376896e-02 2.428799632e+00 9.706400936e-01 -4.436872947e-02 2.364093020e-01 3.638772893e+02
2.327167127e-01 4.581536655e-02 -9.714649044e-01 -2.480061898e+02 3.342460785e-02 9.979228532e-01 5.507010403e-02 2.445982707e+00 9.719701604e-01 -4.528656275e-02 2.307019577e-01 3.639979361e+02
2.254836805e-01 4.731829217e-02 -9.730971290e-01 -2.484784150e+02 3.211853284e-02 9.979158665e-01 5.596755979e-02 2.457154153e+00 9.737173460e-01 -4.387422084e-02 2.234939384e-01 3.640968717e+02
2.173646724e-01 4.825934513e-02 -9.748967794e-01 -2.489379549e+02 3.160529535e-02 9.979053615e-01 5.644508648e-02 2.469659874e+00 9.755786677e-01 -4.308106700e-02 2.153841104e-01 3.641898542e+02
2.076861452e-01 4.687664971e-02 -9.770717703e-01 -2.493786757e+02 3.120715676e-02 9.980251686e-01 5.451532191e-02 2.490463527e+00 9.776976893e-01 -4.181371295e-02 2.058131111e-01 3.642731011e+02
1.959314363e-01 4.550876129e-02 -9.795611131e-01 -2.497961700e+02 3.377548626e-02 9.980166898e-01 5.312194651e-02 2.504699812e+00 9.800358404e-01 -4.349342110e-02 1.940057572e-01 3.643497535e+02
1.811728691e-01 4.430943919e-02 -9.824526784e-01 -2.502073581e+02 3.627282565e-02 9.980036990e-01 5.169984267e-02 2.515859704e+00 9.827822048e-01 -4.500294964e-02 1.792039783e-01 3.644142313e+02
1.617980119e-01 4.302202314e-02 -9.858857228e-01 -2.506166385e+02 3.716567950e-02 9.980747572e-01 4.965336176e-02 2.531070988e+00 9.861238842e-01 -4.467493069e-02 1.598875963e-01 3.644650094e+02
1.398618927e-01 4.408766927e-02 -9.891890305e-01 -2.510225938e+02 3.695481369e-02 9.980798199e-01 4.970899024e-02 2.542752458e+00 9.894811805e-01 -4.350769081e-02 1.379641252e-01 3.645048626e+02
1.185739728e-01 4.545406101e-02 -9.919043452e-01 -2.514316440e+02 3.422452435e-02 9.981710011e-01 4.983249513e-02 2.554963238e+00 9.923552474e-01 -3.985628802e-02 1.168014489e-01 3.645272663e+02
9.771154782e-02 4.733422995e-02 -9.940885734e-01 -2.518323351e+02 3.160705961e-02 9.982168416e-01 5.063754578e-02 2.565800985e+00 9.947128111e-01 -3.636809409e-02 9.604124721e-02 3.645409332e+02
7.685739550e-02 4.834349055e-02 -9.958695504e-01 -2.522228227e+02 3.098691454e-02 9.982254852e-01 5.084932772e-02 2.578395591e+00 9.965605955e-01 -3.476707787e-02 7.522299152e-02 3.645601695e+02
5.656701330e-02 4.927791642e-02 -9.971819497e-01 -2.526241820e+02 3.008053392e-02 9.982436432e-01 5.103675885e-02 2.592413910e+00 9.979455828e-01 -3.288276205e-02 5.498535675e-02 3.645627766e+02
3.761114016e-02 4.960646697e-02 -9.980605610e-01 -2.530179217e+02 2.902085626e-02 9.982915918e-01 5.071159104e-02 2.607667452e+00 9.988711484e-01 -3.087189930e-02 3.610731025e-02 3.645566126e+02
1.979895521e-02 4.978873969e-02 -9.985635844e-01 -2.534159144e+02 2.688097345e-02 9.983717463e-01 5.031216291e-02 2.620225917e+00 9.994426026e-01 -2.783849093e-02 1.842836199e-02 3.645411417e+02
4.331693284e-03 4.933732848e-02 -9.987729120e-01 -2.538025625e+02 2.349317019e-02 9.985014338e-01 4.942582241e-02 2.633806423e+00 9.997147424e-01 -2.367844026e-02 3.166102314e-03 3.645273235e+02
-6.981219655e-03 4.786238009e-02 -9.988296591e-01 -2.541978576e+02 1.990607240e-02 9.986625923e-01 4.771525541e-02 2.646131288e+00 9.997775938e-01 -1.954967089e-02 -7.924642658e-03 3.645027705e+02
-1.475545490e-02 4.666950761e-02 -9.988014056e-01 -2.546042592e+02 1.448340838e-02 9.988153060e-01 4.645619193e-02 2.661434803e+00 9.997862089e-01 -1.378056628e-02 -1.541390828e-02 3.644834131e+02
-1.915107740e-02 4.697107978e-02 -9.987127600e-01 -2.550169692e+02 1.023918433e-02 9.988526466e-01 4.678132040e-02 2.676659302e+00 9.997643003e-01 -9.330095076e-03 -1.961003150e-02 3.644607600e+02
-2.120092283e-02 4.780545600e-02 -9.986316821e-01 -2.554392487e+02 7.671179871e-03 9.988345432e-01 4.765231077e-02 2.689986430e+00 9.997458284e-01 -6.650417038e-03 -2.154288531e-02 3.644441983e+02
-2.010436404e-02 4.857428160e-02 -9.986172199e-01 -2.558661017e+02 5.423858100e-03 9.988096679e-01 4.847444972e-02 2.705169736e+00 9.997831381e-01 -4.441807397e-03 -2.034391758e-02 3.644296037e+02
-1.714893900e-02 4.912689438e-02 -9.986453692e-01 -2.562942048e+02 2.067596525e-03 9.987918171e-01 4.909859596e-02 2.719652236e+00 9.998508422e-01 -1.222808562e-03 -1.722982868e-02 3.644168209e+02
-1.370740738e-02 4.911898501e-02 -9.986989276e-01 -2.567235106e+02 8.829678524e-05 9.987927917e-01 4.912238881e-02 2.732703796e+00 9.999061498e-01 5.851532468e-04 -1.369518189e-02 3.644082896e+02
-9.693513982e-03 4.933529153e-02 -9.987351971e-01 -2.571506796e+02 -3.691538345e-03 9.987736140e-01 4.937301676e-02 2.744281324e+00 9.999462192e-01 4.165469426e-03 -9.499478601e-03 3.644034381e+02
-1.923396555e-03 4.829442407e-02 -9.988313853e-01 -2.575814957e+02 -7.954459659e-03 9.988007737e-01 4.830826736e-02 2.762134097e+00 9.999666187e-01 8.038074668e-03 -1.536936761e-03 3.643980874e+02
8.277270621e-03 4.768364539e-02 -9.988283325e-01 -2.580082264e+02 -1.153552424e-02 9.988005015e-01 4.758672523e-02 2.778246373e+00 9.998993501e-01 1.112811140e-02 8.817427168e-03 3.643967612e+02
1.921776284e-02 4.796969773e-02 -9.986639224e-01 -2.584361715e+02 -1.420888574e-02 9.987606237e-01 4.770091228e-02 2.794683703e+00 9.997143731e-01 1.327319509e-02 1.987555752e-02 3.644052791e+02
2.994821200e-02 4.891902681e-02 -9.983537791e-01 -2.588676397e+02 -1.574648333e-02 9.987008062e-01 4.846367995e-02 2.815579056e+00 9.994274746e-01 1.426915640e-02 3.067963180e-02 3.644256549e+02
4.069016775e-02 5.074252025e-02 -9.978825859e-01 -2.592831303e+02 -1.596696795e-02 9.986151435e-01 5.012869369e-02 2.824047263e+00 9.990443138e-01 1.389340425e-02 4.144405657e-02 3.644436363e+02
5.110205949e-02 5.339269816e-02 -9.972652372e-01 -2.597095143e+02 -1.969000704e-02 9.984296526e-01 5.244608641e-02 2.833074834e+00 9.984994236e-01 1.695605029e-02 5.207313645e-02 3.644656129e+02
6.342414282e-02 5.818003635e-02 -9.962894792e-01 -2.601300250e+02 -2.315605992e-02 9.981163113e-01 5.681259820e-02 2.843550845e+00 9.977181079e-01 1.946684023e-02 6.465188322e-02 3.644791803e+02
7.489899937e-02 5.940253108e-02 -9.954202528e-01 -2.605494478e+02 -2.533931502e-02 9.980151973e-01 5.765076136e-02 2.869100764e+00 9.968691504e-01 2.090528161e-02 7.625559687e-02 3.645114608e+02
8.623853363e-02 5.745890265e-02 -9.946162430e-01 -2.609575307e+02 -2.302859520e-02 9.981837009e-01 5.566830221e-02 2.883288135e+00 9.960083701e-01 1.810386354e-02 8.740506248e-02 3.645552662e+02
9.669907433e-02 5.551116716e-02 -9.937645170e-01 -2.613508561e+02 -2.039084911e-02 9.983444350e-01 5.378285254e-02 2.893342012e+00 9.951047981e-01 1.506294513e-02 9.767089089e-02 3.646089588e+02
1.064156289e-01 5.450114846e-02 -9.928270498e-01 -2.617295565e+02 -2.034642060e-02 9.984069670e-01 5.262664319e-02 2.903653380e+00 9.941136005e-01 1.460016829e-02 1.073550346e-01 3.646624201e+02
1.162518323e-01 5.314819010e-02 -9.917968491e-01 -2.620875623e+02 -2.337692706e-02 9.984370730e-01 5.076394071e-02 2.917327066e+00 9.929447320e-01 1.728375722e-02 1.173125580e-01 3.646943328e+02
1.244557642e-01 5.056295167e-02 -9.909359606e-01 -2.624373167e+02 -2.588518377e-02 9.985262760e-01 4.769922494e-02 2.940154486e+00 9.918874657e-01 1.971411794e-02 1.255811660e-01 3.647334567e+02
1.299661750e-01 4.717107122e-02 -9.903958300e-01 -2.627691827e+02 -2.591353697e-02 9.986880901e-01 4.416548111e-02 2.946629905e+00 9.911798594e-01 1.992463144e-02 1.310180716e-01 3.647897516e+02
1.341350333e-01 4.323713104e-02 -9.900193503e-01 -2.630930695e+02 -2.113893924e-02 9.989452202e-01 4.076289113e-02 2.956218181e+00 9.907375639e-01 1.546022833e-02 1.349075273e-01 3.648499315e+02
1.388164091e-01 4.251582450e-02 -9.894050321e-01 -2.634077586e+02 -1.437739944e-02 9.990592165e-01 4.091348238e-02 2.956038962e+00 9.902137323e-01 8.545609269e-03 1.392970961e-01 3.648750819e+02
1.377219317e-01 4.275113457e-02 -9.895478732e-01 -2.637287995e+02 -1.061859940e-02 9.990743793e-01 4.168484627e-02 2.965873076e+00 9.904140494e-01 4.766693302e-03 1.380484502e-01 3.649291812e+02
1.330357531e-01 4.304097898e-02 -9.901762168e-01 -2.640480699e+02 -9.354417199e-03 9.990666546e-01 4.217060800e-02 2.972972036e+00 9.910670969e-01 3.652324971e-03 1.333142084e-01 3.649687298e+02
1.223432174e-01 4.279840382e-02 -9.915646803e-01 -2.643600084e+02 -9.303334180e-03 9.990753313e-01 4.197470098e-02 2.985189329e+00 9.924442783e-01 4.089533912e-03 1.226282848e-01 3.650101743e+02
1.072275588e-01 4.333877082e-02 -9.932895085e-01 -2.646744456e+02 -1.107336339e-02 9.990396116e-01 4.239426282e-02 2.995305290e+00 9.941728560e-01 6.453219674e-03 1.076044712e-01 3.650323062e+02
8.763321092e-02 4.334757550e-02 -9.952093040e-01 -2.649862942e+02 -1.146110666e-02 9.990305133e-01 4.250480808e-02 3.000189533e+00 9.960869390e-01 7.681364904e-03 8.804501579e-02 3.650527419e+02
6.509666197e-02 4.209530552e-02 -9.969907437e-01 -2.652991401e+02 -1.107703294e-02 9.990787677e-01 4.146021165e-02 3.011151757e+00 9.978175468e-01 8.344772062e-03 6.550299682e-02 3.650501753e+02
3.789162687e-02 3.836395877e-02 -9.985452535e-01 -2.656032255e+02 -8.793886131e-03 9.992368680e-01 3.805683465e-02 3.029925522e+00 9.992432292e-01 7.339053957e-03 3.820006485e-02 3.650486917e+02
7.417153527e-03 3.747487240e-02 -9.992701486e-01 -2.659256412e+02 -7.383840487e-03 9.992723298e-01 3.742015355e-02 3.013497885e+00 9.999452813e-01 7.100895783e-03 7.688423650e-03 3.650401518e+02
-2.338250767e-02 3.470322372e-02 -9.991241418e-01 -2.662376715e+02 -7.196009916e-03 9.993655878e-01 3.488002237e-02 3.039414446e+00 9.997007313e-01 8.005286276e-03 -2.311793536e-02 3.649920576e+02
-5.970336603e-02 3.656014221e-02 -9.975465022e-01 -2.665786464e+02 -8.945050130e-03 9.992693638e-01 3.715865152e-02 3.044831537e+00 9.981761209e-01 1.114159787e-02 -5.933277692e-02 3.649459871e+02
-9.906856231e-02 3.817313502e-02 -9.943482717e-01 -2.669271549e+02 -1.063442482e-02 9.991662612e-01 3.941762907e-02 3.066673606e+00 9.950238806e-01 1.447936222e-02 -9.858003377e-02 3.648743419e+02
-1.430409326e-01 4.086542084e-02 -9.888728185e-01 -2.672966621e+02 -8.000788114e-03 9.990668111e-01 4.244401109e-02 3.074426144e+00 9.896845042e-01 1.398298561e-02 -1.425803904e-01 3.648143772e+02
-1.884933878e-01 4.093242042e-02 -9.812212060e-01 -2.676679338e+02 -4.508243958e-03 9.990844271e-01 4.254364472e-02 3.082619155e+00 9.820642237e-01 1.244277362e-02 -1.881362717e-01 3.647257520e+02
-2.354303940e-01 4.209720397e-02 -9.709791203e-01 -2.680369185e+02 -1.069691986e-03 9.990496555e-01 4.357357867e-02 3.088981922e+00 9.718906998e-01 1.129719030e-02 -2.351615128e-01 3.646098872e+02
-2.792666262e-01 4.105340902e-02 -9.593357812e-01 -2.683740030e+02 -3.061108315e-04 9.990817329e-01 4.284340023e-02 3.123285971e+00 9.602137552e-01 1.225838505e-02 -2.789976006e-01 3.644301168e+02
-3.290748667e-01 4.072269118e-02 -9.434256364e-01 -2.687657129e+02 2.228414977e-06 9.990697368e-01 4.312378621e-02 3.139253716e+00 9.443041159e-01 1.418884115e-02 -3.287688525e-01 3.642661057e+02
-3.791376453e-01 3.985412469e-02 -9.244818534e-01 -2.691521434e+02 3.947367949e-03 9.991326534e-01 4.145346013e-02 3.143228482e+00 9.253321238e-01 1.206728938e-02 -3.789661324e-01 3.640764350e+02
-4.316769444e-01 3.569182510e-02 -9.013221113e-01 -2.695631774e+02 6.964859451e-03 9.993189419e-01 3.623672516e-02 3.174259062e+00 9.020016220e-01 9.364970727e-03 -4.316316226e-01 3.638672704e+02
-4.821577081e-01 3.450371084e-02 -8.754049464e-01 -2.699371552e+02 1.269868982e-02 9.993944325e-01 3.239649803e-02 3.193287352e+00 8.759926179e-01 4.503716892e-03 -4.823038676e-01 3.636297757e+02
-5.327402256e-01 3.860792293e-02 -8.453979168e-01 -2.703138208e+02 1.813299845e-02 9.992502213e-01 3.420733118e-02 3.188333408e+00 8.460847611e-01 2.894016272e-03 -5.330408640e-01 3.633506813e+02
-5.830647222e-01 4.320163617e-02 -8.112762838e-01 -2.707062923e+02 2.501319356e-02 9.990663392e-01 3.522473837e-02 3.197532602e+00 8.120406127e-01 2.456919536e-04 -5.836009898e-01 3.630391043e+02
-6.331162883e-01 4.332690010e-02 -7.728431848e-01 -2.710935396e+02 2.645960144e-02 9.990601240e-01 3.433319176e-02 3.229461492e+00 7.736043791e-01 1.287779030e-03 -6.336676765e-01 3.626874457e+02
-6.809464358e-01 4.634472034e-02 -7.308657126e-01 -2.714703669e+02 2.968964682e-02 9.989221505e-01 3.568059408e-02 3.235643343e+00 7.317315208e-01 2.597422053e-03 -6.815883952e-01 3.622946172e+02
-7.264025617e-01 4.749838272e-02 -6.856265494e-01 -2.718335343e+02 3.260601452e-02 9.988673221e-01 3.465370736e-02 3.261321969e+00 6.864959701e-01 2.816986738e-03 -7.271284983e-01 3.618725618e+02
-7.675621737e-01 5.447300675e-02 -6.386561588e-01 -2.721631526e+02 4.006585071e-02 9.985112569e-01 3.701350254e-02 3.255129640e+00 6.397215815e-01 2.821856535e-03 -7.686019960e-01 3.614208669e+02
-8.052856795e-01 5.401519616e-02 -5.904213812e-01 -2.724766314e+02 4.190081663e-02 9.985361828e-01 3.420269335e-02 3.293799360e+00 5.914045786e-01 2.803801046e-03 -8.063701201e-01 3.609236798e+02
-8.396456001e-01 5.577484363e-02 -5.402635975e-01 -2.727828454e+02 4.457134981e-02 9.984340890e-01 3.380457016e-02 3.308215164e+00 5.413030716e-01 4.303577174e-03 -8.408166543e-01 3.603953054e+02
-8.684267196e-01 5.605893227e-02 -4.926384877e-01 -2.730520303e+02 4.578767933e-02 9.984093775e-01 3.289739955e-02 3.335309066e+00 4.936990183e-01 6.012206942e-03 -8.696121746e-01 3.598372439e+02
-8.920159785e-01 5.567411354e-02 -4.485622256e-01 -2.732884089e+02 4.521857702e-02 9.983985102e-01 3.399587407e-02 3.347526326e+00 4.497365226e-01 1.004151619e-02 -8.931049677e-01 3.592613826e+02
-9.125070097e-01 5.519710646e-02 -4.053198750e-01 -2.735545302e+02 4.555408849e-02 9.984031092e-01 3.340703334e-02 3.374310994e+00 4.065165892e-01 1.202017382e-02 -9.135643355e-01 3.586542915e+02
-9.283871202e-01 5.537715230e-02 -3.674655504e-01 -2.737722621e+02 4.634187412e-02 9.983680087e-01 3.337342491e-02 3.396876411e+00 3.687139647e-01 1.395441282e-02 -9.294382455e-01 3.580077472e+02
-9.421205529e-01 5.683575732e-02 -3.304219863e-01 -2.739762179e+02 4.789586398e-02 9.982339590e-01 3.514206772e-02 3.408150387e+00 3.318357781e-01 1.728221616e-02 -9.431789838e-01 3.573356771e+02
-9.538435628e-01 5.771558184e-02 -2.947056839e-01 -2.741859423e+02 4.990490984e-02 9.981763544e-01 3.396220077e-02 3.432220382e+00 2.961283795e-01 1.768736378e-02 -9.549844739e-01 3.566480664e+02
-9.627861326e-01 5.919696036e-02 -2.637017097e-01 -2.743572904e+02 5.284317271e-02 9.981175050e-01 3.112928474e-02 3.449894615e+00 2.650480739e-01 1.603600812e-02 -9.641018899e-01 3.559276462e+02
-9.701176564e-01 6.272083651e-02 -2.343888208e-01 -2.745416086e+02 5.861445462e-02 9.979811876e-01 2.445211246e-02 3.467858122e+00 2.354493150e-01 9.982848628e-03 -9.718354539e-01 3.551759706e+02
-9.759328008e-01 6.483002919e-02 -2.082135428e-01 -2.746932367e+02 6.251898106e-02 9.978873502e-01 1.766823881e-02 3.485325595e+00 2.089190949e-01 4.225712500e-03 -9.779241050e-01 3.544075643e+02
-9.809041426e-01 6.850710060e-02 -1.820273473e-01 -2.748322484e+02 6.696065159e-02 9.976482792e-01 1.463528264e-02 3.496231901e+00 1.826018871e-01 2.167140326e-03 -9.831846005e-01 3.536160706e+02
-9.848132397e-01 7.499247405e-02 -1.565868110e-01 -2.749535967e+02 7.340564022e-02 9.971753914e-01 1.590061939e-02 3.506942728e+00 1.573369410e-01 4.164784694e-03 -9.875364300e-01 3.527998562e+02
-9.880262759e-01 7.946331019e-02 -1.322492005e-01 -2.750558114e+02 7.769273884e-02 9.968056590e-01 1.850308024e-02 3.515056013e+00 1.332970528e-01 8.006726685e-03 -9.910438565e-01 3.519555871e+02
-9.907400313e-01 7.914782824e-02 -1.103179023e-01 -2.751487838e+02 7.731960735e-02 9.967901829e-01 2.075958248e-02 3.527158856e+00 1.116068788e-01 1.203761018e-02 -9.936795777e-01 3.510861852e+02
-9.925718769e-01 7.888324299e-02 -9.262218283e-02 -2.752158399e+02 7.743866313e-02 9.968142887e-01 1.909382752e-02 3.536673236e+00 9.383329624e-02 1.177945497e-02 -9.955183937e-01 3.501995639e+02
-9.941908363e-01 7.174771198e-02 -8.023241207e-02 -2.752697364e+02 7.070244579e-02 9.973723248e-01 1.579754310e-02 3.555276989e+00 8.115503156e-02 1.003314278e-02 -9.966511176e-01 3.492853844e+02
-9.951652256e-01 6.507425782e-02 -7.356211175e-02 -2.753221028e+02 6.437048636e-02 9.978551167e-01 1.190026560e-02 3.561939484e+00 7.417873123e-02 7.107502166e-03 -9.972196696e-01 3.483480061e+02
-9.956487818e-01 6.144913836e-02 -7.005639835e-02 -2.753679331e+02 6.084612307e-02 9.980896809e-01 1.071136932e-02 3.572611675e+00 7.058077424e-02 6.402100839e-03 -9.974857398e-01 3.473961511e+02
-9.955968670e-01 6.350457201e-02 -6.895180824e-02 -2.754282538e+02 6.281418507e-02 9.979514560e-01 1.213725156e-02 3.578273080e+00 6.958132540e-02 7.752656448e-03 -9.975462846e-01 3.464112454e+02
-9.956231690e-01 6.443977503e-02 -6.769156909e-02 -2.754898425e+02 6.371169420e-02 9.978854305e-01 1.286251013e-02 3.593931039e+00 6.837729016e-02 8.493467362e-03 -9.976233914e-01 3.454008160e+02
-9.955850245e-01 6.697270805e-02 -6.576481974e-02 -2.755752638e+02 6.618851326e-02 9.977084354e-01 1.403395742e-02 3.596539289e+00 6.655400467e-02 9.619122869e-03 -9.977364768e-01 3.443798667e+02
-9.957032554e-01 6.651838103e-02 -6.442921331e-02 -2.756359833e+02 6.572389775e-02 9.977342962e-01 1.437539714e-02 3.609866885e+00 6.523946240e-02 1.007908631e-02 -9.978191103e-01 3.433390111e+02
-9.957979202e-01 6.668754125e-02 -6.276638033e-02 -2.756970857e+02 6.581306178e-02 9.977052691e-01 1.590039537e-02 3.620635325e+00 6.368270194e-02 1.170273004e-02 -9.979017500e-01 3.422763863e+02
-9.958825358e-01 6.642301400e-02 -6.169512946e-02 -2.757596886e+02 6.547820108e-02 9.977054874e-01 1.721402632e-02 3.629709295e+00 6.269698271e-02 1.310345949e-02 -9.979467148e-01 3.412047914e+02
-9.960955925e-01 6.470824980e-02 -6.006040169e-02 -2.758199147e+02 6.374427819e-02 9.978069201e-01 1.783161035e-02 3.644366837e+00 6.108253953e-02 1.393347659e-02 -9.980358346e-01 3.401172297e+02
-9.963013900e-01 6.291946076e-02 -5.852050336e-02 -2.758756056e+02 6.182071123e-02 9.978787486e-01 2.040183230e-02 3.662996807e+00 5.968003699e-02 1.670859515e-02 -9.980776960e-01 3.390147506e+02
-9.964603497e-01 6.220748147e-02 -5.654540312e-02 -2.759339760e+02 6.108372576e-02 9.979034105e-01 2.139084474e-02 3.676737719e+00 5.775751819e-02 1.786112301e-02 -9.981710841e-01 3.378959054e+02
-9.966256196e-01 6.120252900e-02 -5.469913492e-02 -2.759783072e+02 6.020758907e-02 9.979923092e-01 1.965732866e-02 3.691782471e+00 5.579238891e-02 1.629769314e-02 -9.983095500e-01 3.367981817e+02
-9.966813140e-01 6.277046706e-02 -5.183178905e-02 -2.760481750e+02 6.193317690e-02 9.979249728e-01 1.760687256e-02 3.703085197e+00 5.282942735e-02 1.433833233e-02 -9.985007560e-01 3.356370335e+02
-9.967643623e-01 6.395026513e-02 -4.869270285e-02 -2.760984476e+02 6.318738927e-02 9.978560132e-01 1.704996653e-02 3.714142633e+00 4.967865460e-02 1.391803568e-02 -9.986682398e-01 3.344948663e+02
-9.968678532e-01 6.394016561e-02 -4.654379190e-02 -2.761358495e+02 6.316970263e-02 9.978432846e-01 1.784183593e-02 3.728959202e+00 4.758421866e-02 1.484579326e-02 -9.987570436e-01 3.333473397e+02
-9.969819476e-01 6.484029970e-02 -4.269473322e-02 -2.761969122e+02 6.400887219e-02 9.977374567e-01 2.056239696e-02 3.740360403e+00 4.393139786e-02 1.776749644e-02 -9.988766985e-01 3.321643004e+02
-9.970090233e-01 6.658793929e-02 -3.923376934e-02 -2.762395764e+02 6.563890821e-02 9.975301980e-01 2.500148473e-02 3.759920690e+00 4.080166851e-02 2.235144247e-02 -9.989173536e-01 3.309794936e+02
-9.970711333e-01 6.799221477e-02 -3.502403975e-02 -2.762791533e+02 6.688343980e-02 9.972502907e-01 3.191309927e-02 3.782587997e+00 3.709757578e-02 2.947709474e-02 -9.988770325e-01 3.297726217e+02
-9.969454352e-01 7.162167970e-02 -3.114469720e-02 -2.763212889e+02 7.052161457e-02 9.968928047e-01 3.509195614e-02 3.804629927e+00 3.356126577e-02 3.278839592e-02 -9.988987127e-01 3.285762663e+02
-9.970698705e-01 7.111075142e-02 -2.819699533e-02 -2.763513703e+02 7.030778948e-02 9.971177411e-01 2.851410741e-02 3.826398430e+00 3.014338728e-02 2.644808889e-02 -9.991955879e-01 3.273812029e+02
-9.972968182e-01 6.855439669e-02 -2.644388227e-02 -2.763784115e+02 6.817778119e-02 9.975620308e-01 1.489124514e-02 3.839989813e+00 2.740027515e-02 1.304810651e-02 -9.995392932e-01 3.261908899e+02
-9.976197864e-01 6.405049286e-02 -2.554116180e-02 -2.763914467e+02 6.397731060e-02 9.979446149e-01 3.673257491e-03 3.840630769e+00 2.572393538e-02 2.030459925e-03 -9.996670674e-01 3.250213975e+02
-9.979159640e-01 6.040182510e-02 -2.270757957e-02 -2.764073573e+02 6.032041444e-02 9.981700182e-01 4.253849266e-03 3.830651406e+00 2.292296508e-02 2.875253256e-03 -9.997331541e-01 3.238271468e+02
-9.980778969e-01 5.903823336e-02 -1.884262135e-02 -2.764235372e+02 5.877069816e-02 9.981669418e-01 1.445047102e-02 3.832384958e+00 1.966121238e-02 1.331530164e-02 -9.997180217e-01 3.226330754e+02
-9.982206680e-01 5.794140818e-02 -1.409447086e-02 -2.764341441e+02 5.758489725e-02 9.980397746e-01 2.450643380e-02 3.836038845e+00 1.548678009e-02 2.365119728e-02 -9.996004693e-01 3.214384197e+02
-9.983587576e-01 5.656001344e-02 -9.005894996e-03 -2.764287237e+02 5.629887125e-02 9.980487346e-01 2.700315110e-02 3.851967509e+00 1.051561895e-02 2.645180726e-02 -9.995949567e-01 3.202506630e+02
-9.983528652e-01 5.729327162e-02 -2.974832683e-03 -2.764380353e+02 5.719771024e-02 9.980288015e-01 2.582475553e-02 3.866474690e+00 4.448552898e-03 2.561206781e-02 -9.996619585e-01 3.190746102e+02
-9.983432167e-01 5.749077970e-02 2.332555152e-03 -2.764281222e+02 5.753033393e-02 9.980533437e-01 2.407985890e-02 3.882590877e+00 -9.436463119e-04 2.417415941e-02 -9.997072703e-01 3.178950753e+02
-9.983288446e-01 5.731051641e-02 7.406906955e-03 -2.764002790e+02 5.747682613e-02 9.980430203e-01 2.462738811e-02 3.889913152e+00 -5.981005794e-03 2.501195914e-02 -9.996692399e-01 3.167122912e+02
-9.982554226e-01 5.750857217e-02 1.338386083e-02 -2.763878806e+02 5.782905697e-02 9.980150236e-01 2.493580450e-02 3.906426295e+00 -1.192326984e-02 2.566627604e-02 -9.995995259e-01 3.155304637e+02
-9.981348088e-01 5.805048498e-02 1.891274496e-02 -2.763516175e+02 5.852277048e-02 9.979614302e-01 2.545658966e-02 3.921009835e+00 -1.739642280e-02 2.651592874e-02 -9.994972995e-01 3.143707641e+02
-9.978794045e-01 6.017685739e-02 2.482077199e-02 -2.763206844e+02 6.084497068e-02 9.977792406e-01 2.710223751e-02 3.928930872e+00 -2.313472444e-02 2.855497699e-02 -9.993248457e-01 3.131883118e+02
-9.976388950e-01 6.163229660e-02 3.030303987e-02 -2.762838290e+02 6.247452499e-02 9.976626639e-01 2.767929840e-02 3.945667608e+00 -2.852627218e-02 2.950711163e-02 -9.991574785e-01 3.120396243e+02
-9.973959967e-01 6.252337089e-02 3.595325448e-02 -2.762317299e+02 6.350632177e-02 9.976193791e-01 2.687959116e-02 3.958094871e+00 -3.418706081e-02 2.909284944e-02 -9.989921973e-01 3.108807780e+02
-9.969911886e-01 6.543725114e-02 4.155282501e-02 -2.761830037e+02 6.655718079e-02 9.974395141e-01 2.616469326e-02 3.975506760e+00 -3.973428237e-02 2.885160647e-02 -9.987936475e-01 3.097200912e+02
-9.967590967e-01 6.522385175e-02 4.709183059e-02 -2.761232629e+02 6.648531412e-02 9.974554712e-01 2.573571356e-02 3.990742426e+00 -4.529342240e-02 2.878321656e-02 -9.985592837e-01 3.085625903e+02
-9.963830641e-01 6.697210476e-02 5.230412611e-02 -2.760650738e+02 6.842653045e-02 9.973033740e-01 2.652801913e-02 3.996150459e+00 -5.038644335e-02 3.001105733e-02 -9.982788158e-01 3.073878722e+02
-9.960399433e-01 6.829899881e-02 5.691878774e-02 -2.759944322e+02 6.979664929e-02 9.972541292e-01 2.475096283e-02 4.006711712e+00 -5.507203011e-02 2.862568671e-02 -9.980719322e-01 3.062402450e+02
-9.954937576e-01 7.204661486e-02 6.165597140e-02 -2.759355081e+02 7.351522902e-02 9.970538446e-01 2.188922632e-02 4.019533776e+00 -5.989728240e-02 2.632324140e-02 -9.978574458e-01 3.050922553e+02
-9.951007781e-01 7.349767776e-02 6.612538276e-02 -2.758528151e+02 7.507077217e-02 9.969437100e-01 2.162456658e-02 4.031193127e+00 -6.433392862e-02 2.648270690e-02 -9.975770521e-01 3.039512864e+02
-9.944963580e-01 7.668672661e-02 7.138820217e-02 -2.757728902e+02 7.853095119e-02 9.966372226e-01 2.339176511e-02 4.035940845e+00 -6.935429972e-02 2.886920872e-02 -9.971743432e-01 3.028132316e+02
-9.938323674e-01 7.986563075e-02 7.693397786e-02 -2.756899729e+02 8.181135734e-02 9.963944106e-01 2.247524345e-02 4.038875908e+00 -7.486158519e-02 2.863069547e-02 -9.967828654e-01 3.016738176e+02
-9.933759821e-01 8.114578432e-02 8.136248699e-02 -2.755900908e+02 8.308193374e-02 9.963278288e-01 2.069487787e-02 4.053768516e+00 -7.938440493e-02 2.731754511e-02 -9.964697844e-01 3.005442582e+02
-9.929260542e-01 8.186418032e-02 8.600227486e-02 -2.754907431e+02 8.408013844e-02 9.962058150e-01 2.246194776e-02 4.066855928e+00 -8.383713264e-02 2.953413222e-02 -9.960417941e-01 2.994099935e+02
-9.923927564e-01 8.376350884e-02 9.022454052e-02 -2.753881017e+02 8.624512622e-02 9.959857867e-01 2.395986774e-02 4.072662357e+00 -8.785539977e-02 3.155902602e-02 -9.956333338e-01 2.982846698e+02
-9.920958255e-01 8.360919290e-02 9.357283082e-02 -2.752698617e+02 8.611232667e-02 9.960191139e-01 2.303333953e-02 4.082462267e+00 -9.127453409e-02 3.090904811e-02 -9.953462074e-01 2.971624808e+02
-9.918322751e-01 8.272391924e-02 9.708454188e-02 -2.751482048e+02 8.512946355e-02 9.961507700e-01 2.089587300e-02 4.087244926e+00 -9.498225348e-02 2.898995625e-02 -9.950566511e-01 2.960200935e+02
-9.916324713e-01 8.156066668e-02 1.000642862e-01 -2.750317347e+02 8.385159682e-02 9.962989824e-01 1.889944896e-02 4.091484703e+00 -9.815250249e-02 2.713185784e-02 -9.948014717e-01 2.949092566e+02
-9.913144265e-01 8.151199219e-02 1.032076857e-01 -2.749074498e+02 8.381370560e-02 9.963159918e-01 1.815776735e-02 4.099757840e+00 -1.013473916e-01 2.665027294e-02 -9.944942128e-01 2.937812308e+02
-9.909236479e-01 8.195075154e-02 1.065572655e-01 -2.747926550e+02 8.435948751e-02 9.962675232e-01 1.829006664e-02 4.105185054e+00 -1.046606598e-01 2.711317479e-02 -9.941384016e-01 2.926251832e+02
-9.904893825e-01 8.267267470e-02 1.099842337e-01 -2.746650429e+02 8.509719289e-02 9.962185013e-01 1.752788660e-02 4.113418968e+00 -1.081192494e-01 2.672052887e-02 -9.937790626e-01 2.914781852e+02
-9.899203374e-01 8.450004952e-02 1.136552224e-01 -2.745356105e+02 8.686119521e-02 9.960923357e-01 1.597652288e-02 4.119616973e+00 -1.118610816e-01 2.568771261e-02 -9.933918321e-01 2.903356914e+02
-9.895477162e-01 8.431523395e-02 1.169884991e-01 -2.743923621e+02 8.666084112e-02 9.961233996e-01 1.510117277e-02 4.125772545e+00 -1.152617250e-01 2.508165159e-02 -9.930184307e-01 2.892036918e+02
-9.891989036e-01 8.379812281e-02 1.202641468e-01 -2.742490389e+02 8.625564482e-02 9.961545366e-01 1.536701597e-02 4.126374832e+00 -1.185139414e-01 2.557449682e-02 -9.926230120e-01 2.880710426e+02
-9.889932293e-01 8.166452734e-02 1.233846716e-01 -2.740917662e+02 8.423621359e-02 9.963211165e-01 1.576313603e-02 4.127053062e+00 -1.216434682e-01 2.598308905e-02 -9.922339827e-01 2.869268514e+02
-9.886394408e-01 8.023758941e-02 1.270990276e-01 -2.739399483e+02 8.287232606e-02 9.964385521e-01 1.557063623e-02 4.133448097e+00 -1.253970211e-01 2.592673557e-02 -9.917679101e-01 2.857805633e+02
-9.883407863e-01 7.891730608e-02 1.302098292e-01 -2.737834395e+02 8.159909698e-02 9.965465141e-01 1.538239654e-02 4.131662093e+00 -1.285462206e-01 2.582805503e-02 -9.913672016e-01 2.846141814e+02
-9.879574000e-01 7.851385065e-02 1.333279642e-01 -2.736181337e+02 8.120138564e-02 9.965873339e-01 1.483239365e-02 4.137452669e+00 -1.317084116e-01 2.548018386e-02 -9.909612689e-01 2.834679525e+02
-9.873676441e-01 7.963603210e-02 1.369809278e-01 -2.734548517e+02 8.233709133e-02 9.965039690e-01 1.415768689e-02 4.146261612e+00 -1.353745714e-01 2.525744926e-02 -9.904727700e-01 2.822999727e+02
-9.868376802e-01 8.029697398e-02 1.403707361e-01 -2.732828901e+02 8.323249372e-02 9.964148759e-01 1.515885421e-02 4.146940394e+00 -1.386502722e-01 2.664273342e-02 -9.899829800e-01 2.811484983e+02
-9.862860412e-01 7.979501997e-02 1.444729204e-01 -2.731169085e+02 8.299857730e-02 9.964167820e-01 1.627463627e-02 4.144572181e+00 -1.426566063e-01 2.804249563e-02 -9.893747979e-01 2.799917602e+02
-9.859055930e-01 7.843141191e-02 1.477799748e-01 -2.729336710e+02 8.181437107e-02 9.965035136e-01 1.694450728e-02 4.148439169e+00 -1.459342823e-01 2.879620828e-02 -9.888752445e-01 2.788380533e+02
-9.854839906e-01 7.688936525e-02 1.513594306e-01 -2.727483218e+02 8.035192322e-02 9.966235061e-01 1.688540791e-02 4.153061057e+00 -1.495500647e-01 2.880231753e-02 -9.883347428e-01 2.776815435e+02
-9.850070035e-01 7.579170658e-02 1.549737770e-01 -2.725719611e+02 7.921981657e-02 9.967278629e-01 1.605671338e-02 4.161711449e+00 -1.532497127e-01 2.809296733e-02 -9.877880353e-01 2.765231543e+02
-9.846562094e-01 7.328194303e-02 1.583742187e-01 -2.723727338e+02 7.649104172e-02 9.969683666e-01 1.425472252e-02 4.167486253e+00 -1.568494775e-01 2.615020604e-02 -9.872765146e-01 2.753647971e+02
-9.842369918e-01 7.141533672e-02 1.617949917e-01 -2.721791943e+02 7.441494130e-02 9.971484052e-01 1.254822082e-02 4.172517965e+00 -1.604374776e-01 2.439038615e-02 -9.867446638e-01 2.741847096e+02
-9.839423186e-01 6.820476704e-02 1.649412002e-01 -2.719666308e+02 7.114969185e-02 9.973934111e-01 1.200555183e-02 4.175308644e+00 -1.636924319e-01 2.354828700e-02 -9.862303184e-01 2.730203209e+02
-9.832568237e-01 6.674446652e-02 1.695614328e-01 -2.717689534e+02 7.010373865e-02 9.974429376e-01 1.389575326e-02 4.170556126e+00 -1.682003875e-01 2.554998445e-02 -9.854216686e-01 2.718385080e+02
-9.827195602e-01 6.532561199e-02 1.731904340e-01 -2.715501936e+02 6.893982189e-02 9.975090877e-01 1.492930751e-02 4.173698929e+00 -1.717837630e-01 2.661103988e-02 -9.847752170e-01 2.706559144e+02
-9.818997815e-01 6.519019304e-02 1.778299412e-01 -2.713331115e+02 6.891190813e-02 9.975125449e-01 1.482618375e-02 4.175249424e+00 -1.764210808e-01 2.681242222e-02 -9.839496873e-01 2.694647726e+02
-9.811231739e-01 6.531353773e-02 1.820210885e-01 -2.711074215e+02 6.892506310e-02 9.975294332e-01 1.357973345e-02 4.176506133e+00 -1.806844554e-01 2.586920354e-02 -9.832009318e-01 2.682847979e+02
-9.801813739e-01 6.654649894e-02 1.865902736e-01 -2.708825426e+02 7.017165071e-02 9.974516978e-01 1.288396089e-02 4.176749014e+00 -1.852574036e-01 2.572196674e-02 -9.823533620e-01 2.670981898e+02
-9.792832438e-01 6.607137058e-02 1.914137498e-01 -2.706444036e+02 7.000115907e-02 9.974510107e-01 1.383386505e-02 4.178396727e+00 -1.900117997e-01 2.694645352e-02 -9.814121188e-01 2.659188635e+02
-9.784276423e-01 6.451633645e-02 1.962582896e-01 -2.704014309e+02 6.915776986e-02 9.974629029e-01 1.688185973e-02 4.178683931e+00 -1.946712056e-01 3.009046043e-02 -9.804070323e-01 2.647398373e+02
-9.774368628e-01 6.345887438e-02 2.014711781e-01 -2.701495226e+02 6.884175300e-02 9.974307681e-01 1.981731197e-02 4.178640230e+00 -1.996959565e-01 3.323979446e-02 -9.792941988e-01 2.635575154e+02
-9.765540056e-01 6.103130360e-02 2.064409803e-01 -2.698807985e+02 6.656147081e-02 9.975830031e-01 1.994303748e-02 4.190232546e+00 -2.047248577e-01 3.321646475e-02 -9.782560416e-01 2.623859959e+02
-9.751566596e-01 6.009781941e-02 2.132082166e-01 -2.696400109e+02 6.562253990e-02 9.976650685e-01 1.892402142e-02 4.194428209e+00 -2.115730918e-01 3.244514914e-02 -9.768235413e-01 2.611719687e+02
-9.738921715e-01 6.056377368e-02 2.187837333e-01 -2.693695805e+02 6.565921143e-02 9.977123937e-01 1.608784792e-02 4.207125493e+00 -2.173089029e-01 3.003299453e-02 -9.756408284e-01 2.599830911e+02
-9.728806110e-01 5.965891030e-02 2.234826058e-01 -2.690900926e+02 6.440076177e-02 9.978261340e-01 1.398325000e-02 4.212966130e+00 -2.221625658e-01 2.799647965e-02 -9.746077783e-01 2.588081337e+02
-9.714769508e-01 6.149836430e-02 2.290210195e-01 -2.688075149e+02 6.616347098e-02 9.977274856e-01 1.273974738e-02 4.214305085e+00 -2.277170808e-01 2.752919530e-02 -9.733381702e-01 2.576132115e+02
-9.702984135e-01 6.126222852e-02 2.340253960e-01 -2.685148617e+02 6.626651866e-02 9.977096358e-01 1.357280174e-02 4.222702420e+00 -2.326578896e-01 2.867771734e-02 -9.721356812e-01 2.564170411e+02
-9.692316531e-01 5.855228769e-02 2.390848880e-01 -2.682035186e+02 6.418548502e-02 9.978123233e-01 1.583712835e-02 4.224334792e+00 -2.376345377e-01 3.069562564e-02 -9.708695817e-01 2.552070463e+02
-9.680204313e-01 5.657039083e-02 2.444108486e-01 -2.679037875e+02 6.293939912e-02 9.978491427e-01 1.832118533e-02 4.229888263e+00 -2.428487351e-01 3.311835092e-02 -9.694988648e-01 2.540017686e+02
-9.668976207e-01 5.485883011e-02 2.491986671e-01 -2.675835618e+02 6.173597262e-02 9.978949063e-01 1.985968276e-02 4.242462821e+00 -2.475846051e-01 3.458679793e-02 -9.682489898e-01 2.527826573e+02
-9.656606683e-01 5.493744296e-02 2.539320800e-01 -2.672639089e+02 6.207201351e-02 9.978679885e-01 2.016358059e-02 4.244645284e+00 -2.522829543e-01 3.523324987e-02 -9.670120252e-01 2.515807073e+02
-9.642177850e-01 5.738185014e-02 2.588271322e-01 -2.669333309e+02 6.424855279e-02 9.977689727e-01 1.814244203e-02 4.252214963e+00 -2.572086362e-01 3.412253119e-02 -9.657533059e-01 2.503688499e+02
-9.623808136e-01 6.182614765e-02 2.645767307e-01 -2.666099432e+02 6.849776707e-02 9.975220530e-01 1.605576227e-02 4.261354992e+00 -2.629284535e-01 3.357467028e-02 -9.642310410e-01 2.491706795e+02
-9.605477528e-01 6.478289401e-02 2.704648233e-01 -2.662723564e+02 7.175438808e-02 9.972946858e-01 1.595726314e-02 4.261578054e+00 -2.686993727e-01 3.473475127e-02 -9.625975074e-01 2.479757244e+02
-9.587920700e-01 6.698909223e-02 2.760980382e-01 -2.659297489e+02 7.432367383e-02 9.971029871e-01 1.617515096e-02 4.261513411e+00 -2.742146183e-01 3.602922868e-02 -9.609933696e-01 2.467816257e+02
-9.572202917e-01 6.724503829e-02 2.814383341e-01 -2.655751293e+02 7.511798293e-02 9.970251252e-01 1.726653829e-02 4.261785549e+00 -2.794399990e-01 3.766895941e-02 -9.594240981e-01 2.456126306e+02
-9.557211101e-01 6.666032896e-02 2.866248515e-01 -2.652198305e+02 7.550798693e-02 9.969463354e-01 1.991384214e-02 4.265449448e+00 -2.844221400e-01 4.067454186e-02 -9.578361279e-01 2.444123007e+02
-9.544137479e-01 6.658771252e-02 2.909653833e-01 -2.648543620e+02 7.585084046e-02 9.969050908e-01 2.066033951e-02 4.274172272e+00 -2.886891476e-01 4.178847937e-02 -9.565106701e-01 2.432328445e+02
-9.532642404e-01 6.799736808e-02 2.943871522e-01 -2.644845332e+02 7.672208902e-02 9.968868264e-01 1.817585327e-02 4.281319552e+00 -2.922347649e-01 3.991238490e-02 -9.555134632e-01 2.420460718e+02
-9.519259007e-01 7.137945652e-02 2.978965727e-01 -2.641120407e+02 7.895761237e-02 9.967869864e-01 1.346663136e-02 4.286224909e+00 -2.959781783e-01 3.634043356e-02 -9.545032546e-01 2.408624718e+02
-9.508818761e-01 7.215372558e-02 3.010283320e-01 -2.637337334e+02 7.855728025e-02 9.968670839e-01 9.205111560e-03 4.284087177e+00 -2.994210803e-01 3.240093834e-02 -9.535710223e-01 2.396930162e+02
-9.497479590e-01 7.393863227e-02 3.041580481e-01 -2.633698750e+02 8.048155523e-02 9.967153288e-01 9.013122114e-03 4.266721656e+00 -3.024926029e-01 3.303930497e-02 -9.525790804e-01 2.385364702e+02
-9.484991160e-01 7.345791345e-02 3.081456810e-01 -2.629835982e+02 8.150481051e-02 9.965841348e-01 1.330616883e-02 4.263332509e+00 -3.061156247e-01 3.773624114e-02 -9.512462809e-01 2.373469394e+02
-9.475513110e-01 7.270542588e-02 3.112240351e-01 -2.625925907e+02 8.183813747e-02 9.965112288e-01 1.636783215e-02 4.265900325e+00 -3.089482147e-01 4.097935705e-02 -9.501955761e-01 2.361618942e+02
-9.464324676e-01 7.183170174e-02 3.148105078e-01 -2.621948797e+02 8.123190876e-02 9.965532307e-01 1.682412904e-02 4.272100866e+00 -3.125169302e-01 4.149556321e-02 -9.490054069e-01 2.349827087e+02
-9.453280687e-01 7.215255169e-02 3.180395311e-01 -2.617973706e+02 8.137958743e-02 9.965578856e-01 1.580368978e-02 4.275352468e+00 -3.158045194e-01 4.082159373e-02 -9.479458091e-01 2.338206091e+02
-9.441444269e-01 7.190218617e-02 3.215927044e-01 -2.613877185e+02 8.117297200e-02 9.965795759e-01 1.549393493e-02 4.276924069e+00 -3.193786604e-01 4.073314135e-02 -9.467516554e-01 2.326443741e+02
-9.426836280e-01 7.303837309e-02 3.255966289e-01 -2.609824931e+02 8.198534683e-02 9.965376478e-01 1.382308069e-02 4.275648268e+00 -3.234596966e-01 3.972494157e-02 -9.454078496e-01 2.314745356e+02
-9.409100604e-01 7.461318397e-02 3.303353376e-01 -2.605608983e+02 8.287322735e-02 9.964996955e-01 1.097132824e-02 4.273874649e+00 -3.283604645e-01 3.769898292e-02 -9.437999595e-01 2.303071464e+02
-9.389943197e-01 7.759731402e-02 3.350647523e-01 -2.601635603e+02 8.537048538e-02 9.963129577e-01 8.509387141e-03 4.265954538e+00 -3.331690449e-01 3.659490541e-02 -9.421567713e-01 2.291713622e+02
-9.371136703e-01 7.827110042e-02 3.401349998e-01 -2.597397979e+02 8.616677912e-02 9.962474109e-01 8.145824493e-03 4.265469463e+00 -3.382210420e-01 3.694190061e-02 -9.403414735e-01 2.280058800e+02
-9.354725701e-01 7.729914189e-02 3.448428903e-01 -2.593011872e+02 8.624551158e-02 9.962169511e-01 1.065285798e-02 4.266963179e+00 -3.427148753e-01 3.970659956e-02 -9.386003318e-01 2.268430096e+02
-9.333967997e-01 7.697495663e-02 3.504931004e-01 -2.588870785e+02 8.795035378e-02 9.960046078e-01 1.547864731e-02 4.259817017e+00 -3.479012706e-01 4.527370975e-02 -9.364374550e-01 2.256813814e+02
-9.316298005e-01 7.829874296e-02 3.548737525e-01 -2.584442890e+02 9.046729044e-02 9.957403625e-01 1.780012929e-02 4.264241006e+00 -3.519683947e-01 4.868759586e-02 -9.347448808e-01 2.245403747e+02
-9.297175759e-01 8.032499488e-02 3.594070984e-01 -2.580066496e+02 9.284661925e-02 9.955233957e-01 1.768385469e-02 4.266903217e+00 -3.563777073e-01 4.981071689e-02 -9.330134306e-01 2.233721142e+02
-9.281141961e-01 8.251027233e-02 3.630377429e-01 -2.575535420e+02 9.465459083e-02 9.953854346e-01 1.575793810e-02 4.268427369e+00 -3.600623037e-01 4.898835058e-02 -9.316413514e-01 2.222249579e+02
-9.269517161e-01 8.461545608e-02 3.655146167e-01 -2.570795719e+02 9.569455322e-02 9.953351388e-01 1.226621658e-02 4.258990272e+00 -3.627716471e-01 4.634794896e-02 -9.307249032e-01 2.210742999e+02
-9.255771607e-01 8.429111471e-02 3.690555005e-01 -2.566446973e+02 9.410025722e-02 9.955253368e-01 8.625022343e-03 4.259996330e+00 -3.666770886e-01 4.271133975e-02 -9.293674080e-01 2.199396035e+02
-9.246641849e-01 8.213587316e-02 3.718199183e-01 -2.561769664e+02 9.174487019e-02 9.957488665e-01 8.193451843e-03 4.253531147e+00 -3.695662707e-01 4.168876052e-02 -9.282687441e-01 2.188015701e+02
-9.238593111e-01 7.854841106e-02 3.745856882e-01 -2.557075208e+02 8.884624263e-02 9.959923663e-01 1.027214678e-02 4.251223346e+00 -3.722776271e-01 4.277054557e-02 -9.271355614e-01 2.176367764e+02
-9.230825519e-01 7.604355758e-02 3.770093682e-01 -2.552318711e+02 8.699248568e-02 9.961358201e-01 1.207270861e-02 4.249042184e+00 -3.746344874e-01 4.394108452e-02 -9.261307595e-01 2.164987779e+02
-9.223316385e-01 7.508206763e-02 3.790346807e-01 -2.547615403e+02 8.613430779e-02 9.962081240e-01 1.226016299e-02 4.242468891e+00 -3.766769009e-01 4.395582348e-02 -9.253013014e-01 2.153652508e+02
-9.214815931e-01 7.566294302e-02 3.809818425e-01 -2.542851734e+02 8.614762070e-02 9.962268956e-01 1.051486842e-02 4.244757734e+00 -3.787487785e-01 4.250993252e-02 -9.245229277e-01 2.142408041e+02
-9.204775137e-01 7.529625858e-02 3.834733230e-01 -2.538126659e+02 8.521424644e-02 9.963227614e-01 8.914358679e-03 4.236507451e+00 -3.813919983e-01 4.088285377e-02 -9.235090225e-01 2.131027810e+02
-9.198306194e-01 7.553941954e-02 3.849752064e-01 -2.533287713e+02 8.551824297e-02 9.962974178e-01 8.838372039e-03 4.234080882e+00 -3.828821322e-01 4.105220451e-02 -9.228848367e-01 2.119814770e+02
-9.188076882e-01 7.456294491e-02 3.875985333e-01 -2.528520363e+02 8.577884952e-02 9.962456109e-01 1.169062414e-02 4.231990857e+00 -3.852716455e-01 4.398919493e-02 -9.217541286e-01 2.108356648e+02
-9.178064049e-01 7.323858404e-02 3.902150454e-01 -2.523688556e+02 8.581889091e-02 9.961996658e-01 1.487605109e-02 4.229373221e+00 -3.876426053e-01 4.714115397e-02 -9.206036185e-01 2.097060550e+02
-9.165700112e-01 7.414886993e-02 3.929395750e-01 -2.518853295e+02 8.629361455e-02 9.961808726e-01 1.330597454e-02 4.228757765e+00 -3.904522599e-01 4.610403128e-02 -9.194680643e-01 2.085873399e+02
-9.152104275e-01 7.457810226e-02 3.960156056e-01 -2.513962899e+02 8.553363213e-02 9.962845986e-01 1.005072951e-02 4.229171265e+00 -3.937946798e-01 4.307118553e-02 -9.181889890e-01 2.074642726e+02
-9.140772541e-01 7.430158964e-02 3.986755435e-01 -2.508931513e+02 8.450156813e-02 9.963908527e-01 8.045452762e-03 4.225331608e+00 -3.966388710e-01 4.104287253e-02 -9.170569109e-01 2.063468055e+02
-9.122128124e-01 7.509798239e-02 4.027752944e-01 -2.504010643e+02 8.542663477e-02 9.963146276e-01 7.711635617e-03 4.220181331e+00 -4.007118117e-01 4.144238811e-02 -9.152662819e-01 2.051921265e+02
-9.109174528e-01 7.458979669e-02 4.057906055e-01 -2.498976157e+02 8.550581585e-02 9.962987402e-01 8.809972915e-03 4.211894780e+00 -4.036315083e-01 4.272261192e-02 -9.139236883e-01 2.040823412e+02
-9.089736291e-01 7.414771949e-02 4.102065062e-01 -2.493974556e+02 8.643305778e-02 9.961917962e-01 1.145767129e-02 4.205034833e+00 -4.077947640e-01 4.587012008e-02 -9.119208541e-01 2.029476512e+02
-9.076547927e-01 7.181110714e-02 4.135286793e-01 -2.488800235e+02 8.466172171e-02 9.963274351e-01 1.280743057e-02 4.202603160e+00 -4.110902833e-01 4.663477710e-02 -9.104011128e-01 2.018354151e+02
-9.060455718e-01 6.869440945e-02 4.175673417e-01 -2.483664319e+02 8.141859729e-02 9.965989044e-01 1.271218046e-02 4.203039125e+00 -4.152739215e-01 4.551556467e-02 -9.085571123e-01 2.007276682e+02
-9.046621130e-01 6.519520922e-02 4.211136480e-01 -2.478413131e+02 7.717919429e-02 9.969514305e-01 1.145678893e-02 4.198823099e+00 -4.190829176e-01 4.286573176e-02 -9.069358496e-01 1.996253061e+02
-9.032801763e-01 6.275802918e-02 4.244366094e-01 -2.473128338e+02 7.358946931e-02 9.972465827e-01 9.157275520e-03 4.193433944e+00 -4.226932660e-01 3.950565156e-02 -9.054114885e-01 1.985103157e+02
-9.017047194e-01 5.999402198e-02 4.281701160e-01 -2.467790887e+02 6.976056865e-02 9.975382350e-01 7.139894556e-03 4.188716432e+00 -4.266876883e-01 3.630746173e-02 -9.036701223e-01 1.974071716e+02
-8.998051281e-01 6.010654726e-02 4.321321481e-01 -2.462521425e+02 6.965698017e-02 9.975511884e-01 6.290536588e-03 4.188134186e+00 -4.306958277e-01 3.576127845e-02 -9.017885676e-01 1.963058054e+02
-8.974734341e-01 5.977986564e-02 4.369985812e-01 -2.457185169e+02 7.058214825e-02 9.974697132e-01 8.505759735e-03 4.184929416e+00 -4.353843959e-01 3.847799479e-02 -8.994220055e-01 1.952143393e+02
-8.951296213e-01 5.765137148e-02 4.420629253e-01 -2.451745097e+02 7.030145285e-02 9.974503105e-01 1.227091467e-02 4.178355695e+00 -4.402283708e-01 4.206171795e-02 -8.969003248e-01 1.941235988e+02
-8.927376523e-01 5.618048786e-02 4.470608117e-01 -2.446273379e+02 7.010955245e-02 9.974315773e-01 1.465849137e-02 4.177532172e+00 -4.450890545e-01 4.442942102e-02 -8.943835319e-01 1.930376424e+02
-8.905918255e-01 5.508136538e-02 4.514559792e-01 -2.440766788e+02 6.904044654e-02 9.975085840e-01 1.449246829e-02 4.173209995e+00 -4.495329249e-01 4.407559441e-02 -8.921757716e-01 1.919788781e+02
-8.882694124e-01 5.535316045e-02 4.559758992e-01 -2.435259949e+02 6.886202676e-02 9.975408323e-01 1.305106252e-02 4.175769139e+00 -4.541321535e-01 4.299227685e-02 -8.898967342e-01 1.909144591e+02
-8.860613606e-01 5.531672552e-02 4.602560835e-01 -2.429590794e+02 6.856843346e-02 9.975729141e-01 1.210924806e-02 4.173589020e+00 -4.584691591e-01 4.228857407e-02 -8.877038521e-01 1.898342135e+02
-8.838683600e-01 5.499009898e-02 4.644921481e-01 -2.423944557e+02 6.827368104e-02 9.975966793e-01 1.181289877e-02 4.169336956e+00 -4.627262286e-01 4.215363544e-02 -8.854984392e-01 1.887726798e+02
-8.816550407e-01 5.525855235e-02 4.686483112e-01 -2.418322598e+02 6.816396355e-02 9.976177795e-01 1.060534492e-02 4.165756007e+00 -4.669458372e-01 4.129518136e-02 -8.833213471e-01 1.877048135e+02
-8.797690257e-01 5.376160743e-02 4.723516797e-01 -2.412636456e+02 6.624508651e-02 9.977550566e-01 9.822055032e-03 4.157759502e+00 -4.707632183e-01 3.993212155e-02 -8.813555090e-01 1.866582413e+02
-8.782700961e-01 5.275450155e-02 4.752458611e-01 -2.406725798e+02 6.522049883e-02 9.978230826e-01 9.766633254e-03 4.156385736e+00 -4.736960684e-01 3.957351028e-02 -8.797989524e-01 1.855994450e+02
-8.765639848e-01 5.072951241e-02 4.786048721e-01 -2.400998051e+02 6.398096922e-02 9.978858999e-01 1.141051618e-02 4.152654713e+00 -4.770141946e-01 4.062364329e-02 -8.779564771e-01 1.845667970e+02
-8.742645623e-01 5.074292975e-02 4.827906214e-01 -2.395237080e+02 6.562063056e-02 9.977469240e-01 1.396295196e-02 4.149103460e+00 -4.809943288e-01 4.388833744e-02 -8.756246665e-01 1.835026918e+02
-8.723185399e-01 5.275289041e-02 4.860838755e-01 -2.389381462e+02 6.862943429e-02 9.975308951e-01 1.490296030e-02 4.151819545e+00 -4.840975291e-01 4.635979139e-02 -8.737851062e-01 1.824603294e+02
-8.701431599e-01 5.510886809e-02 4.897083878e-01 -2.383468852e+02 7.150239003e-02 9.973304071e-01 1.481605928e-02 4.146528027e+00 -4.875845684e-01 4.790740564e-02 -8.717605560e-01 1.814110715e+02
-8.680243726e-01 5.707454843e-02 4.932303149e-01 -2.377545649e+02 7.384997627e-02 9.971627987e-01 1.457932516e-02 4.147747158e+00 -4.909988026e-01 4.908025707e-02 -8.697765041e-01 1.803733653e+02
-8.657570962e-01 5.874853971e-02 4.970042628e-01 -2.371595923e+02 7.669464709e-02 9.969301302e-01 1.575589132e-02 4.149143961e+00 -4.945528738e-01 5.175834218e-02 -8.676050695e-01 1.793259816e+02
-8.637208319e-01 5.887309410e-02 5.005198311e-01 -2.365600659e+02 7.776301639e-02 9.968279464e-01 1.694078183e-02 4.151502020e+00 -4.979347974e-01 5.355404336e-02 -8.655592732e-01 1.782915324e+02
-8.617717159e-01 6.136106262e-02 5.035719682e-01 -2.359590161e+02 7.970803796e-02 9.967060306e-01 1.495548842e-02 4.146108908e+00 -5.009955380e-01 5.302694723e-02 -8.638240393e-01 1.772660093e+02
-8.594957620e-01 6.265911053e-02 5.072877011e-01 -2.353565753e+02 7.908468545e-02 9.968086226e-01 1.086919701e-02 4.151599178e+00 -5.049876966e-01 4.946071424e-02 -8.617081690e-01 1.762398687e+02
-8.574906038e-01 6.264994660e-02 5.106711624e-01 -2.347396449e+02 7.861685144e-02 9.968575708e-01 9.712972102e-03 4.149800839e+00 -5.084578842e-01 4.847613671e-02 -8.597213311e-01 1.752150810e+02
-8.556177458e-01 6.003110559e-02 5.141152407e-01 -2.341156199e+02 7.745203171e-02 9.969177935e-01 1.249380448e-02 4.148615565e+00 -5.117806172e-01 5.050919015e-02 -8.576301786e-01 1.741846196e+02
-8.536367961e-01 5.780857304e-02 5.176511954e-01 -2.334787119e+02 7.489702267e-02 9.971171661e-01 1.215667866e-02 4.147559776e+00 -5.154561447e-01 4.914791597e-02 -8.555056252e-01 1.731456121e+02
-8.517985896e-01 5.805927215e-02 5.206426656e-01 -2.328482836e+02 7.403384025e-02 9.972063660e-01 9.920096780e-03 4.150368925e+00 -5.186122239e-01 4.699509768e-02 -8.537173294e-01 1.721206615e+02
-8.495617717e-01 5.658284903e-02 5.244454910e-01 -2.322088317e+02 7.177521662e-02 9.973832057e-01 8.661898497e-03 4.144010163e+00 -5.225830349e-01 4.500101046e-02 -8.513999811e-01 1.710885347e+02
-8.471849319e-01 5.759584959e-02 5.281671965e-01 -2.315670754e+02 7.203043684e-02 9.973794339e-01 6.774694610e-03 4.142571470e+00 -5.263928599e-01 4.378352753e-02 -8.491134287e-01 1.700567705e+02
-8.449799207e-01 6.182723010e-02 5.312123329e-01 -2.309200581e+02 7.517269049e-02 9.971643174e-01 3.515546284e-03 4.135737242e+00 -5.294886466e-01 4.290322775e-02 -8.472315285e-01 1.690332245e+02
-8.425708964e-01 6.418191630e-02 5.347480157e-01 -2.302690207e+02 7.725860993e-02 9.970089517e-01 2.068051676e-03 4.127573082e+00 -5.330158363e-01 4.305636537e-02 -8.450093578e-01 1.680129268e+02
-8.397532848e-01 6.637281896e-02 5.388965674e-01 -2.296071594e+02 8.104215852e-02 9.967044139e-01 3.528177023e-03 4.117477787e+00 -5.368864218e-01 4.663613771e-02 -8.423648001e-01 1.669832866e+02
-8.368275427e-01 6.899411122e-02 5.431022170e-01 -2.289471128e+02 8.448844830e-02 9.964179421e-01 3.600185699e-03 4.107083661e+00 -5.409084153e-01 4.889859245e-02 -8.396591957e-01 1.659415165e+02
-8.338567852e-01 7.076062790e-02 5.474266275e-01 -2.282736451e+02 8.635801945e-02 9.962603274e-01 2.766045432e-03 4.094300745e+00 -5.451837232e-01 4.958116610e-02 -8.368490743e-01 1.649070287e+02
-8.317669680e-01 7.131141422e-02 5.505255871e-01 -2.275875300e+02 8.528290989e-02 9.963567385e-01 -2.108947467e-04 4.083307187e+00 -5.485349173e-01 4.677500822e-02 -8.348182265e-01 1.638815804e+02
-8.291831492e-01 7.121383528e-02 5.544223766e-01 -2.268981760e+02 8.548650609e-02 9.963393065e-01 -1.247863962e-04 4.070234969e+00 -5.524017020e-01 4.729215915e-02 -8.322355845e-01 1.628510313e+02
-8.268165416e-01 6.768501207e-02 5.583844305e-01 -2.261944106e+02 8.324460150e-02 9.965261034e-01 2.468064393e-03 4.057393383e+00 -5.562775927e-01 4.852312323e-02 -8.295786227e-01 1.618202954e+02
-8.241685549e-01 6.704015517e-02 5.623627970e-01 -2.254912022e+02 8.468458922e-02 9.963935364e-01 5.327503388e-03 4.046367724e+00 -5.599775166e-01 5.201422377e-02 -8.268734983e-01 1.607907201e+02
-8.217366474e-01 6.491090966e-02 5.661589200e-01 -2.247791621e+02 8.184269979e-02 9.966350243e-01 4.522838063e-03 4.038404321e+00 -5.639601717e-01 5.005254724e-02 -8.242839591e-01 1.597631532e+02
-8.196115567e-01 6.300378134e-02 5.694451471e-01 -2.240588893e+02 7.843440238e-02 9.969159002e-01 2.592447626e-03 4.031700188e+00 -5.675255936e-01 4.678889010e-02 -8.220254380e-01 1.587472432e+02
-8.175906193e-01 5.977099920e-02 5.726895067e-01 -2.233463058e+02 7.389087390e-02 9.972653188e-01 1.405518126e-03 4.017458232e+00 -5.710394300e-01 4.346566485e-02 -8.197713627e-01 1.577532368e+02
-8.156472929e-01 5.615080715e-02 5.758181885e-01 -2.226335727e+02 7.091499495e-02 9.974773143e-01 3.182382421e-03 3.999926720e+00 -5.741868887e-01 4.342984955e-02 -8.175715804e-01 1.567637199e+02
-8.132127906e-01 5.540124980e-02 5.793239084e-01 -2.219199793e+02 7.114370315e-02 9.974560125e-01 4.478730596e-03 3.986984405e+00 -5.776020222e-01 4.485740435e-02 -8.150854028e-01 1.557560942e+02
-8.109985082e-01 5.402818466e-02 5.825486854e-01 -2.211994952e+02 6.974456273e-02 9.975543995e-01 4.577583911e-03 3.975305135e+00 -5.808766547e-01 4.434201231e-02 -8.127833249e-01 1.547711466e+02
-8.083857124e-01 5.438137738e-02 5.861361592e-01 -2.204788611e+02 7.051061931e-02 9.974999718e-01 4.699145537e-03 3.967579740e+00 -5.844152211e-01 4.512753971e-02 -8.101991071e-01 1.537642852e+02
-8.063314065e-01 5.180898116e-02 5.891905834e-01 -2.197529318e+02 6.895581695e-02 9.975975775e-01 6.647637175e-03 3.960226780e+00 -5.874307219e-01 4.598832100e-02 -8.079668185e-01 1.527845784e+02
-8.044393648e-01 4.818829891e-02 5.920769936e-01 -2.190114170e+02 6.537985561e-02 9.978313600e-01 7.617821607e-03 3.949236565e+00 -5.904259165e-01 4.483798419e-02 -8.058454389e-01 1.517879115e+02
-8.026497092e-01 4.573682695e-02 5.946946326e-01 -2.182713948e+02 6.173953367e-02 9.980706903e-01 6.569131353e-03 3.943446455e+00 -5.932468600e-01 4.198887988e-02 -8.039249586e-01 1.508148818e+02
-8.005690803e-01 4.476403674e-02 5.975664540e-01 -2.175359339e+02 6.131607334e-02 9.980910993e-01 7.378518448e-03 3.934630464e+00 -5.960955330e-01 4.254743993e-02 -8.017856307e-01 1.498312575e+02
-7.983090024e-01 4.447544024e-02 6.006041676e-01 -2.167984105e+02 6.176829080e-02 9.980568811e-01 8.193646663e-03 3.923515648e+00 -5.990726942e-01 4.363934662e-02 -7.995049576e-01 1.488640738e+02
-7.955781988e-01 4.815340587e-02 6.039344705e-01 -2.160604398e+02 6.299807273e-02 9.980077778e-01 3.414952864e-03 3.915282788e+00 -6.025668765e-01 4.076356782e-02 -7.970267634e-01 1.478844970e+02
-7.935952623e-01 4.989813819e-02 6.063966232e-01 -2.153241670e+02 6.183585114e-02 9.980856295e-01 -1.203793131e-03 3.900774882e+00 -6.052958044e-01 3.654172559e-02 -7.951615167e-01 1.469307106e+02
-7.917023175e-01 4.899632180e-02 6.089394950e-01 -2.145810478e+02 5.984640473e-02 9.982044412e-01 -2.508998464e-03 3.888137266e+00 -6.079690505e-01 3.445645650e-02 -7.932129161e-01 1.459847692e+02
-7.898091484e-01 4.618165609e-02 6.116116350e-01 -2.138291518e+02 5.942439129e-02 9.982318925e-01 1.363482967e-03 3.869346233e+00 -6.104672582e-01 3.742154074e-02 -7.911569930e-01 1.450146184e+02
-7.873778521e-01 4.493008192e-02 6.148316105e-01 -2.130858670e+02 6.018953424e-02 9.981783816e-01 4.137157096e-03 3.856101259e+00 -6.135257466e-01 4.026393358e-02 -7.886478569e-01 1.440655523e+02
-7.846621848e-01 4.606107003e-02 6.182101403e-01 -2.123398324e+02 6.190548634e-02 9.980731606e-01 4.209849579e-03 3.840262398e+00 -6.168250018e-01 4.157390424e-02 -7.860016030e-01 1.431205129e+02
-7.811366777e-01 4.741594016e-02 6.225574484e-01 -2.115946055e+02 6.256182047e-02 9.980380218e-01 2.483951807e-03 3.830908009e+00 -6.212182199e-01 4.088862623e-02 -7.825704231e-01 1.421818610e+02
-7.778737778e-01 4.801901014e-02 6.265834788e-01 -2.108380372e+02 6.350496467e-02 9.979787437e-01 2.357044195e-03 3.813590784e+00 -6.252038616e-01 4.162464286e-02 -7.793509598e-01 1.412494972e+02
-7.749319178e-01 4.405839242e-02 6.305076780e-01 -2.100706908e+02 6.051439906e-02 9.981566250e-01 4.626978398e-03 3.804283040e+00 -6.291415410e-01 4.174037876e-02 -7.761695714e-01 1.403131172e+02
-7.724407300e-01 4.211946246e-02 6.336889255e-01 -2.093020947e+02 6.072183663e-02 9.981251992e-01 7.674913975e-03 3.796964827e+00 -6.321776195e-01 4.440716386e-02 -7.735501382e-01 1.393859030e+02
-7.693245748e-01 4.229782432e-02 6.374565036e-01 -2.085413609e+02 6.266392508e-02 9.979903797e-01 9.406244377e-03 3.791781772e+00 -6.357775973e-01 4.718198018e-02 -7.704289763e-01 1.384580565e+02
-7.656938498e-01 4.733131015e-02 6.414616228e-01 -2.077698462e+02 6.826933551e-02 9.976358119e-01 7.878859110e-03 3.790767930e+00 -6.395721576e-01 4.982494672e-02 -7.671148677e-01 1.375291190e+02
-7.621474200e-01 4.911436811e-02 6.455379118e-01 -2.069944497e+02 7.017442342e-02 9.975104511e-01 6.957224326e-03 3.785810234e+00 -6.435891440e-01 5.060267917e-02 -7.636965512e-01 1.366084596e+02
-7.586872632e-01 4.799446810e-02 6.496846740e-01 -2.062032828e+02 7.067683035e-02 9.974600046e-01 8.848980643e-03 3.781283727e+00 -6.476097906e-01 5.263126256e-02 -7.601523952e-01 1.356830189e+02
-7.554520562e-01 4.449951918e-02 6.536914494e-01 -2.054054256e+02 6.835265574e-02 9.975996596e-01 1.108233420e-02 3.777551544e+00 -6.516292302e-01 5.305371437e-02 -7.566804319e-01 1.347775561e+02
-7.526645777e-01 4.246915165e-02 6.570329855e-01 -2.045947516e+02 6.595572800e-02 9.977612123e-01 1.106256434e-02 3.776993554e+00 -6.550922626e-01 5.166149001e-02 -7.537806875e-01 1.338431019e+02
-7.495480293e-01 4.540225488e-02 6.603912875e-01 -2.037907676e+02 6.804705659e-02 9.976446751e-01 8.645187949e-03 3.777621176e+00 -6.584433337e-01 5.141766422e-02 -7.508720590e-01 1.329396549e+02
-7.464778102e-01 4.891018656e-02 6.636103705e-01 -2.029904772e+02 6.961694931e-02 9.975622966e-01 4.786757579e-03 3.773733390e+00 -6.617586051e-01 4.977173920e-02 -7.480631511e-01 1.320374892e+02
-7.433007011e-01 5.244761833e-02 6.668983874e-01 -2.021886385e+02 7.276829995e-02 9.973452768e-01 2.669576795e-03 3.761618876e+00 -6.649879394e-01 5.051335853e-02 -7.451440126e-01 1.311218074e+02
-7.407073680e-01 5.308166095e-02 6.697274930e-01 -2.013712620e+02 7.344762379e-02 9.972966959e-01 2.187505859e-03 3.758032081e+00 -6.678009079e-01 5.081019115e-02 -7.426037459e-01 1.302263541e+02
-7.379612451e-01 5.259279893e-02 6.727905805e-01 -2.005346293e+02 7.364817126e-02 9.972802929e-01 2.823671890e-03 3.751079035e+00 -6.708122800e-01 5.163355846e-02 -7.398276399e-01 1.293029486e+02
-7.354505064e-01 5.230715240e-02 6.755565071e-01 -1.996974299e+02 7.405546725e-02 9.972483346e-01 3.405944924e-03 3.741441971e+00 -6.735193940e-01 5.253355929e-02 -7.373003257e-01 1.283845275e+02
-7.331786101e-01 5.175329146e-02 6.780641508e-01 -1.988565523e+02 7.479490455e-02 9.971875648e-01 4.763964151e-03 3.734520126e+00 -6.759105929e-01 5.420857821e-02 -7.349874457e-01 1.274835072e+02
-7.299465855e-01 5.207326074e-02 6.815176780e-01 -1.980217582e+02 7.622725530e-02 9.970755115e-01 5.459658876e-03 3.726174702e+00 -6.792403153e-01 5.593547937e-02 -7.317813299e-01 1.265798730e+02
-7.271020601e-01 5.513886734e-02 6.843118245e-01 -1.971736365e+02 7.883405471e-02 9.968818286e-01 3.439162772e-03 3.719581630e+00 -6.819884328e-01 5.644769609e-02 -7.291816805e-01 1.256701339e+02
-7.234730343e-01 5.896037000e-02 6.878304141e-01 -1.963274544e+02 8.011776138e-02 9.967847401e-01 -1.174376764e-03 3.705574577e+00 -6.856880876e-01 5.425780077e-02 -7.258706500e-01 1.247729436e+02
-7.204758056e-01 5.895508141e-02 6.909697192e-01 -1.954590161e+02 7.834595055e-02 9.969205321e-01 -3.367992427e-03 3.696446237e+00 -6.890404787e-01 5.170812191e-02 -7.228759490e-01 1.238613993e+02
-7.174792880e-01 5.763636432e-02 6.941912660e-01 -1.945890554e+02 7.663180884e-02 9.970530303e-01 -3.579374961e-03 3.673900085e+00 -6.923518295e-01 5.062900215e-02 -7.197817181e-01 1.229658288e+02
-7.150317536e-01 5.414741210e-02 6.969918817e-01 -1.937077136e+02 7.219926540e-02 9.973843548e-01 -3.416123525e-03 3.656089185e+00 -6.953537571e-01 4.787966229e-02 -7.170708777e-01 1.220741244e+02
-7.122234193e-01 5.392615027e-02 6.998784349e-01 -1.928305124e+02 7.028907370e-02 9.975124407e-01 -5.330181527e-03 3.642885003e+00 -6.984248816e-01 4.539752626e-02 -7.142421796e-01 1.211823603e+02
-7.093394960e-01 5.241730782e-02 7.029153366e-01 -1.919478758e+02 6.903298991e-02 9.976031498e-01 -4.728666170e-03 3.627635046e+00 -7.014784490e-01 4.517011815e-02 -7.112577692e-01 1.203016331e+02
-7.060659864e-01 5.135133102e-02 7.062817373e-01 -1.910595505e+02 6.935066297e-02 9.975871839e-01 -3.201677933e-03 3.607449078e+00 -7.047420911e-01 4.672051529e-02 -7.079236775e-01 1.194140910e+02
-7.033127025e-01 4.964697564e-02 7.091449425e-01 -1.901600766e+02 6.938099584e-02 9.975896767e-01 -1.030508363e-03 3.590645282e+00 -7.074868370e-01 4.847640646e-02 -7.050621218e-01 1.185335401e+02
-6.998956813e-01 4.944750283e-02 7.125316439e-01 -1.892555876e+02 6.861901783e-02 9.976412549e-01 -1.831118180e-03 3.572140199e+00 -7.109414544e-01 4.761162689e-02 -7.016378191e-01 1.176324575e+02
-6.969030883e-01 4.987851248e-02 7.154288815e-01 -1.883510246e+02 6.908985900e-02 9.976078928e-01 -2.250778344e-03 3.555279040e+00 -7.138298042e-01 4.786031032e-02 -6.986821318e-01 1.167559581e+02
-6.934663238e-01 4.833179907e-02 7.188663773e-01 -1.874367683e+02 6.798200572e-02 9.976854204e-01 -1.497798074e-03 3.542118456e+00 -7.172748893e-01 4.783130241e-02 -6.951469118e-01 1.158710398e+02
-6.899670580e-01 4.739514131e-02 7.222875137e-01 -1.865097835e+02 6.878877424e-02 9.976312056e-01 2.479751487e-04 3.525433996e+00 -7.205648552e-01 4.985636563e-02 -6.915929096e-01 1.149776857e+02
-6.865031241e-01 4.821817861e-02 7.255263602e-01 -1.855798542e+02 6.746567037e-02 9.977185529e-01 -2.471008384e-03 3.508432133e+00 -7.239902542e-01 4.725176546e-02 -6.881899611e-01 1.141011967e+02
-6.831497142e-01 5.081099088e-02 7.285089231e-01 -1.846421931e+02 6.917179211e-02 9.975936543e-01 -4.713802792e-03 3.487895123e+00 -7.269953790e-01 4.717203191e-02 -6.850204746e-01 1.132252091e+02
-6.796638630e-01 5.216304739e-02 7.316664992e-01 -1.837089399e+02 7.048472823e-02 9.974969338e-01 -5.639935465e-03 3.466587584e+00 -7.301293147e-01 4.773805510e-02 -6.816393330e-01 1.123402371e+02
-6.763167335e-01 5.129651720e-02 7.348226570e-01 -1.827576404e+02 7.144881264e-02 9.974367712e-01 -3.868966897e-03 3.454509357e+00 -7.331375935e-01 4.988555426e-02 -6.782482962e-01 1.114599625e+02
-6.731523251e-01 4.767467684e-02 7.379655155e-01 -1.817953582e+02 6.981041888e-02 9.975599630e-01 -7.660275815e-04 3.437062846e+00 -7.362013395e-01 5.100202686e-02 -6.748380561e-01 1.105894786e+02
-6.706304245e-01 4.420442658e-02 7.404733061e-01 -1.808457634e+02 6.699216952e-02 9.977528989e-01 1.109959624e-03 3.417489066e+00 -7.387603175e-01 5.035028374e-02 -6.720848472e-01 1.097322420e+02
-6.679303448e-01 4.209098993e-02 7.430328066e-01 -1.798769901e+02 6.170694751e-02 9.980937489e-01 -1.069699877e-03 3.404732913e+00 -7.416614359e-01 4.513579551e-02 -6.692544761e-01 1.088686465e+02
-6.662479894e-01 4.059730663e-02 7.446245001e-01 -1.789087466e+02 5.712046447e-02 9.983617820e-01 -3.323030110e-03 3.386073216e+00 -7.435395056e-01 4.031933173e-02 -6.674753893e-01 1.080226589e+02
-6.639636730e-01 3.919963190e-02 7.467367501e-01 -1.779269921e+02 5.351244794e-02 9.985554838e-01 -4.837971268e-03 3.367928399e+00 -7.458477008e-01 3.674747265e-02 -6.651022846e-01 1.071583999e+02
-6.621294623e-01 3.855047141e-02 7.483971608e-01 -1.769376025e+02 5.347889145e-02 9.985604527e-01 -4.122172499e-03 3.347497852e+00 -7.474787705e-01 3.729404067e-02 -6.632380010e-01 1.062912632e+02
-6.600919762e-01 3.826279322e-02 7.502098252e-01 -1.759517005e+02 5.350158484e-02 9.985603294e-01 -3.854587320e-03 3.330148265e+00 -7.492772453e-01 3.759302995e-02 -6.611888591e-01 1.054275502e+02
-6.587123743e-01 3.900690603e-02 7.513830469e-01 -1.749618186e+02 5.578282253e-02 9.984386530e-01 -2.929489114e-03 3.308973889e+00 -7.503240995e-01 3.998457399e-02 -6.598597597e-01 1.045620174e+02
-6.576032864e-01 3.870687301e-02 7.523696907e-01 -1.739729548e+02 5.624393467e-02 9.984145920e-01 -2.205467522e-03 3.295701075e+00 -7.512622699e-01 4.086590753e-02 -6.587377879e-01 1.037147681e+02
-6.561015334e-01 3.775394704e-02 7.537277422e-01 -1.729747009e+02 5.625385679e-02 9.984159602e-01 -1.042692341e-03 3.275310380e+00 -7.525731795e-01 4.171597523e-02 -6.571859324e-01 1.028380337e+02
-6.548422166e-01 3.456735644e-02 7.549749295e-01 -1.719781273e+02 5.197009115e-02 9.986484479e-01 -6.469618120e-04 3.261141698e+00 -7.539769083e-01 3.881245458e-02 -6.557536285e-01 1.019878402e+02
-6.540724178e-01 3.403638656e-02 7.556658170e-01 -1.709744226e+02 5.064156312e-02 9.987162358e-01 -1.150562461e-03 3.246682470e+00 -7.547349019e-01 3.751554909e-02 -6.549563941e-01 1.011283860e+02
-6.534712239e-01 3.301880839e-02 7.562309129e-01 -1.699686296e+02 4.551400723e-02 9.989544987e-01 -4.287311277e-03 3.229450727e+00 -7.555818535e-01 3.161746347e-02 -6.542907992e-01 1.002738485e+02
-6.524666607e-01 3.123742381e-02 7.571734293e-01 -1.689730510e+02 4.408436740e-02 9.990226037e-01 -3.226888361e-03 3.208033196e+00 -7.565341326e-01 3.127407194e-02 -6.532060022e-01 9.941851487e+01
-6.518293040e-01 2.707534442e-02 7.578823099e-01 -1.679684832e+02 4.264676388e-02 9.990896996e-01 9.865804263e-04 3.188970816e+00 -7.571656873e-01 3.296430956e-02 -6.523906257e-01 9.856903419e+01
-6.516522270e-01 2.258463038e-02 7.581817715e-01 -1.669529487e+02 3.966308248e-02 9.992037188e-01 4.325985348e-03 3.177584697e+00 -7.574803574e-01 3.289086146e-02 -6.520290587e-01 9.770262552e+01
-6.521643071e-01 1.840656959e-02 7.578543967e-01 -1.659410598e+02 3.618399550e-02 9.993215733e-01 6.866519747e-03 3.170779915e+00 -7.572138532e-01 3.190029818e-02 -6.523878646e-01 9.684747338e+01
-6.532722054e-01 1.680157941e-02 7.569371068e-01 -1.649346909e+02 3.411896116e-02 9.993913822e-01 7.262957784e-03 3.163429527e+00 -7.563543965e-01 3.057059311e-02 -6.534478046e-01 9.599597583e+01
-6.547572816e-01 2.225845095e-02 7.555117115e-01 -1.639386524e+02 3.952673281e-02 9.992068772e-01 4.817408409e-03 3.156475863e+00 -7.548052694e-01 3.301714139e-02 -6.551178886e-01 9.513822455e+01
-6.557732708e-01 2.925854939e-02 7.543907332e-01 -1.629414525e+02 4.666056263e-02 9.989091364e-01 1.818843117e-03 3.149365452e+00 -7.535145914e-01 3.639304555e-02 -6.564231169e-01 9.426557787e+01
-6.560987734e-01 3.685635008e-02 7.537747616e-01 -1.619444104e+02 5.842690824e-02 9.982895825e-01 2.043716344e-03 3.136384506e+00 -7.524102186e-01 4.538160889e-02 -6.571300070e-01 9.338159313e+01
-6.563567183e-01 4.106639859e-02 7.533323202e-01 -1.609544840e+02 6.612190531e-02 9.978063416e-01 3.216689702e-03 3.126161681e+00 -7.515476850e-01 5.192305789e-02 -6.576323717e-01 9.250275332e+01
-6.575989250e-01 4.452288255e-02 7.520513819e-01 -1.599644295e+02 7.117835230e-02 9.974585068e-01 3.187397054e-03 3.115815805e+00 -7.499981675e-01 5.562580970e-02 -6.590968011e-01 9.162087397e+01
-6.586062620e-01 4.723605444e-02 7.510040925e-01 -1.589719186e+02 7.343646608e-02 9.972984949e-01 1.674091983e-03 3.106675473e+00 -7.488961640e-01 5.625365237e-02 -6.602959435e-01 9.074143247e+01
-6.597560286e-01 4.449964012e-02 7.501612419e-01 -1.579831467e+02 7.020599094e-02 9.975292042e-01 2.571627255e-03 3.095386123e+00 -7.481933119e-01 5.436245888e-02 -6.612501406e-01 8.987801042e+01
-6.616245340e-01 4.086553438e-02 7.487209117e-01 -1.570122755e+02 6.756150630e-02 9.977013371e-01 5.247283729e-03 3.079231269e+00 -7.467854269e-01 5.405644108e-02 -6.628645849e-01 8.903173150e+01
-6.626829740e-01 4.011234820e-02 7.478251672e-01 -1.560178663e+02 6.414523436e-02 9.979350531e-01 3.314182145e-03 3.067493247e+00 -7.461480251e-01 5.016567263e-02 -6.638875845e-01 8.816432901e+01
-6.639646874e-01 3.991044901e-02 7.466982511e-01 -1.550302705e+02 6.107798058e-02 9.981325610e-01 9.611578212e-04 3.061743226e+00 -7.452654501e-01 4.624499456e-02 -6.651624588e-01 8.729770736e+01
-6.642528660e-01 3.946954659e-02 7.464651437e-01 -1.540570217e+02 5.848820620e-02 9.982878479e-01 -7.381559918e-04 3.044652225e+00 -7.452162293e-01 4.316908230e-02 -6.654240285e-01 8.644135162e+01
-6.644663127e-01 4.205428942e-02 7.461340243e-01 -1.530719059e+02 6.051738450e-02 9.981643240e-01 -2.365966409e-03 3.028409278e+00 -7.448638762e-01 4.358197225e-02 -6.657915456e-01 8.556425375e+01
-6.644378422e-01 4.550949354e-02 7.459567489e-01 -1.520903574e+02 6.153440957e-02 9.980864607e-01 -6.081614237e-03 3.010203867e+00 -7.448060364e-01 4.186115257e-02 -6.659668354e-01 8.468963973e+01
-6.646310352e-01 4.866188359e-02 7.455857059e-01 -1.511321996e+02 6.477613754e-02 9.978724824e-01 -7.384987002e-03 2.978417338e+00 -7.443588086e-01 4.338786732e-02 -6.663691755e-01 8.382917232e+01
-6.638735711e-01 5.090849614e-02 7.461101181e-01 -1.501613927e+02 6.857911399e-02 9.976207527e-01 -7.049247029e-03 2.953953250e+00 -7.446938596e-01 4.648776465e-02 -6.657853666e-01 8.295399158e+01
-6.633152277e-01 5.157988862e-02 7.465605958e-01 -1.491852539e+02 7.285669628e-02 9.973336827e-01 -4.173018351e-03 2.931547131e+00 -7.447852904e-01 5.162390750e-02 -6.653046230e-01 8.207981807e+01
-6.624782346e-01 5.200722116e-02 7.472737277e-01 -1.482092076e+02 7.643313446e-02 9.970733797e-01 -1.632245887e-03 2.911676404e+00 -7.451716091e-01 5.603514512e-02 -6.645144001e-01 8.120845018e+01
-6.614183828e-01 5.405391635e-02 7.480666960e-01 -1.472304854e+02 7.909639700e-02 9.968647420e-01 -2.096901096e-03 2.893009019e+00 -7.458346623e-01 5.778244837e-02 -6.636201445e-01 8.032942248e+01
-6.605668923e-01 5.552466969e-02 7.487112746e-01 -1.462542276e+02 7.938084717e-02 9.968367632e-01 -3.890253586e-03 2.880348061e+00 -7.465589561e-01 5.686356767e-02 -6.628850516e-01 7.947402790e+01
-6.598513083e-01 5.406430903e-02 7.494486517e-01 -1.452789323e+02 7.778026868e-02 9.969645754e-01 -3.438252052e-03 2.858939521e+00 -7.473596792e-01 5.602358456e-02 -6.620535384e-01 7.861800556e+01
-6.598948087e-01 5.097084623e-02 7.496272580e-01 -1.442928144e+02 7.501865577e-02 9.971805672e-01 -1.764506221e-03 2.842967374e+00 -7.476036640e-01 5.507163843e-02 -6.618580541e-01 7.776346913e+01
-6.596955491e-01 4.695821767e-02 7.500646606e-01 -1.433085421e+02 7.274314443e-02 9.973495286e-01 1.539287309e-03 2.826167776e+00 -7.480043308e-01 5.557751970e-02 -6.613629724e-01 7.690733181e+01
-6.593379058e-01 4.551702341e-02 7.504677894e-01 -1.423189569e+02 7.095997644e-02 9.974774310e-01 1.844698038e-03 2.811845975e+00 -7.484907432e-01 5.446945667e-02 -6.609045016e-01 7.604483585e+01
-6.594462234e-01 4.587253676e-02 7.503510036e-01 -1.413207651e+02 7.008920408e-02 9.975405112e-01 6.134951978e-04 2.799793843e+00 -7.484773802e-01 5.299607180e-02 -6.610394838e-01 7.518286140e+01
-6.591438823e-01 4.816983471e-02 7.504725815e-01 -1.403553655e+02 7.151341256e-02 9.974389220e-01 -1.211023554e-03 2.783649694e+00 -7.486088604e-01 5.287061876e-02 -6.609006184e-01 7.432124426e+01
-6.594407589e-01 4.922707692e-02 7.501431880e-01 -1.393686317e+02 7.124715160e-02 9.974546655e-01 -2.824141867e-03 2.767983317e+00 -7.483728773e-01 5.158321202e-02 -6.612695771e-01 7.346344269e+01
-6.595184965e-01 5.016683963e-02 7.500125072e-01 -1.383802543e+02 7.195939773e-02 9.974016539e-01 -3.437194140e-03 2.756446601e+00 -7.482361554e-01 5.170356091e-02 -6.614147805e-01 7.258563786e+01
-6.593823812e-01 4.882570502e-02 7.502206219e-01 -1.373981017e+02 7.209449492e-02 9.973966136e-01 -1.547218783e-03 2.737939091e+00 -7.483430496e-01 5.306656163e-02 -6.611857674e-01 7.172706304e+01
-6.594351008e-01 4.741445706e-02 7.502648962e-01 -1.364057056e+02 7.147229906e-02 9.974425870e-01 -2.157374191e-04 2.715214095e+00 -7.483563144e-01 5.348089143e-02 -6.611374845e-01 7.085403222e+01
-6.598293837e-01 4.774123610e-02 7.498976255e-01 -1.354187186e+02 7.071905072e-02 9.974954285e-01 -1.279070429e-03 2.699966401e+00 -7.480805400e-01 5.218807219e-02 -6.615530472e-01 6.998966682e+01
-6.597603066e-01 4.927311988e-02 7.498593417e-01 -1.344311856e+02 6.991378658e-02 9.975448494e-01 -4.035197998e-03 2.680926294e+00 -7.482171627e-01 4.976324210e-02 -6.615853445e-01 6.911516147e+01
-6.604509878e-01 5.006495605e-02 7.491982039e-01 -1.334512740e+02 6.725903015e-02 9.977082498e-01 -7.379787273e-03 2.661102266e+00 -7.478506904e-01 4.551635703e-02 -6.623047768e-01 6.826532640e+01
-6.607568765e-01 5.122410789e-02 7.488503993e-01 -1.324694602e+02 6.785394905e-02 9.976601545e-01 -8.371902650e-03 2.638375815e+00 -7.475269991e-01 4.528066370e-02 -6.626865446e-01 6.740340312e+01
-6.605277642e-01 4.986133209e-02 7.491442252e-01 -1.314785935e+02 6.702817304e-02 9.977243372e-01 -7.306865200e-03 2.609050876e+00 -7.478037176e-01 4.538738130e-02 -6.623668124e-01 6.653212982e+01
-6.603458194e-01 4.888688306e-02 7.493686721e-01 -1.304837698e+02 6.734658438e-02 9.977131250e-01 -5.742229009e-03 2.587000382e+00 -7.479356751e-01 4.667556306e-02 -6.621280889e-01 6.563722808e+01
-6.604951044e-01 4.631167578e-02 7.494007594e-01 -1.294974674e+02 6.608072734e-02 9.978084190e-01 -3.421650326e-03 2.567662446e+00 -7.479168796e-01 4.726096501e-02 -6.621078594e-01 6.477569507e+01
-6.604318182e-01 4.334659183e-02 7.496339930e-01 -1.285095702e+02 6.509906999e-02 9.978787368e-01 -3.483737392e-04 2.541163486e+00 -7.480588870e-01 4.857039644e-02 -6.618526979e-01 6.390810363e+01
-6.611365415e-01 3.876336546e-02 7.492637888e-01 -1.275444573e+02 6.178945648e-02 9.980850365e-01 2.885662598e-03 2.527993588e+00 -7.477171334e-01 4.820441558e-02 -6.622657263e-01 6.306164228e+01
-6.617506684e-01 3.503008621e-02 7.489051755e-01 -1.265651001e+02 5.759991085e-02 9.983308893e-01 4.199674288e-03 2.511357557e+00 -7.475081059e-01 4.591600823e-02 -6.626639091e-01 6.221446541e+01
-6.618295407e-01 3.385495662e-02 7.488895300e-01 -1.255780126e+02 5.374379536e-02 9.985519825e-01 2.354544482e-03 2.502482050e+00 -7.477254290e-01 4.180647480e-02 -6.626907164e-01 6.134576673e+01
-6.621942109e-01 3.332170905e-02 7.485913425e-01 -1.246045239e+02 4.993254635e-02 9.987525371e-01 -2.873557878e-04 2.489129467e+00 -7.476670959e-01 3.718878491e-02 -6.630320150e-01 6.050494400e+01
-6.621782186e-01 3.314734401e-02 7.486128950e-01 -1.236282492e+02 4.732705155e-02 9.988766690e-01 -2.365934364e-03 2.476803817e+00 -7.478503569e-01 3.386297088e-02 -6.630030463e-01 5.963940219e+01
-6.621936383e-01 3.224540943e-02 7.486386785e-01 -1.226458856e+02 4.475044494e-02 9.989922805e-01 -3.445525029e-03 2.459467632e+00 -7.479953547e-01 3.122031239e-02 -6.629693494e-01 5.878761413e+01
-6.619459029e-01 3.164666960e-02 7.488833022e-01 -1.216651760e+02 4.410333486e-02 9.990217535e-01 -3.233735067e-03 2.432326556e+00 -7.482530465e-01 3.088769052e-02 -6.626940764e-01 5.792135622e+01
-6.621094295e-01 3.047866094e-02 7.487871868e-01 -1.206851895e+02 4.326985217e-02 9.990605461e-01 -2.404756010e-03 2.419742025e+00 -7.481570076e-01 3.080770124e-02 -6.628062560e-01 5.706283437e+01
-6.621391614e-01 2.760415707e-02 7.488722541e-01 -1.197137584e+02 4.234308460e-02 9.991029663e-01 6.110833942e-04 2.396863086e+00 -7.481836388e-01 3.211418577e-02 -6.627140839e-01 5.621224034e+01
-6.618566295e-01 2.707928643e-02 7.491411452e-01 -1.187366294e+02 4.291292902e-02 9.990771675e-01 1.799279439e-03 2.384236268e+00 -7.484010844e-01 3.333870603e-02 -6.624079108e-01 5.534892938e+01
-6.618769268e-01 2.860290881e-02 7.490666794e-01 -1.177673547e+02 4.324047735e-02 9.990646883e-01 5.836284323e-05 2.367423703e+00 -7.483643646e-01 3.242862925e-02 -6.624946538e-01 5.450428582e+01
-6.616093610e-01 3.158210770e-02 7.491831848e-01 -1.167992520e+02 4.521532662e-02 9.989748880e-01 -2.182164761e-03 2.349502614e+00 -7.484840960e-01 3.243081713e-02 -6.623591014e-01 5.365806355e+01
-6.610187545e-01 3.495693151e-02 7.495547928e-01 -1.158266086e+02 4.866294508e-02 9.988085368e-01 -3.666399709e-03 2.332199411e+00 -7.487899095e-01 3.405198063e-02 -6.619323064e-01 5.278418152e+01
-6.610750957e-01 3.825299396e-02 7.493438761e-01 -1.148546234e+02 5.239274577e-02 9.986152549e-01 -4.756800148e-03 2.309391224e+00 -7.484881991e-01 3.611558139e-02 -6.621638341e-01 5.193460971e+01
-6.599016822e-01 4.047306787e-02 7.502612694e-01 -1.138726566e+02 5.349646709e-02 9.985448156e-01 -6.813316044e-03 2.292811401e+00 -7.494452610e-01 3.564020974e-02 -6.611065617e-01 5.105760182e+01
-6.597560475e-01 3.924842961e-02 7.504545418e-01 -1.128879733e+02 5.477076706e-02 9.984906551e-01 -4.069348286e-03 2.271533861e+00 -7.494815928e-01 3.841819449e-02 -6.609099546e-01 5.019981597e+01
-6.595366567e-01 3.379703364e-02 7.509121776e-01 -1.119018761e+02 5.307411261e-02 9.985891778e-01 1.671257616e-03 2.258770507e+00 -7.497962997e-01 4.095625362e-02 -6.603998828e-01 4.932933823e+01
-6.593850208e-01 3.150305336e-02 7.511452999e-01 -1.109183731e+02 5.338726775e-02 9.985614587e-01 4.985748280e-03 2.251166608e+00 -7.499076341e-01 4.338912137e-02 -6.601183149e-01 4.847328165e+01
-6.591015522e-01 3.267741777e-02 7.513435639e-01 -1.099374918e+02 5.527921394e-02 9.984580931e-01 5.067702986e-03 2.236480703e+00 -7.500194423e-01 4.487381367e-02 -6.598916414e-01 4.761887555e+01
-6.589109424e-01 3.740408016e-02 7.512903574e-01 -1.089564019e+02 5.791619866e-02 9.983208531e-01 1.091919417e-03 2.229207129e+00 -7.499879942e-01 4.423136197e-02 -6.599708910e-01 4.676421229e+01
-6.579542219e-01 3.990215087e-02 7.520000608e-01 -1.079707603e+02 5.958112030e-02 9.982230901e-01 -8.372380984e-04 2.217755520e+00 -7.506972730e-01 4.425414062e-02 -6.591624787e-01 4.588384013e+01
-6.577142304e-01 4.013530299e-02 7.521975159e-01 -1.069872703e+02 6.121250748e-02 9.981247317e-01 2.662935188e-04 2.205155276e+00 -7.507762297e-01 4.621903930e-02 -6.589375863e-01 4.502560549e+01
-6.574484254e-01 3.902728656e-02 7.524881482e-01 -1.059848419e+02 6.362551374e-02 9.979665142e-01 3.830714440e-03 2.193842614e+00 -7.508084325e-01 5.039594227e-02 -6.585945573e-01 4.415818347e+01
-6.567351379e-01 3.862724130e-02 7.531312622e-01 -1.050055005e+02 6.631580470e-02 9.977765293e-01 6.652986920e-03 2.184266264e+00 -7.511996831e-01 5.431375702e-02 -6.578365143e-01 4.329741207e+01
-6.558938246e-01 4.095235556e-02 7.537413553e-01 -1.040155857e+02 6.924419915e-02 9.975813934e-01 6.054519495e-03 2.175037235e+00 -7.516703916e-01 5.616334122e-02 -6.571431488e-01 4.242790331e+01
-6.554060085e-01 4.609089700e-02 7.538694582e-01 -1.030268544e+02 6.967416183e-02 9.975697382e-01 -4.165689215e-04 2.168298223e+00 -7.520565459e-01 5.225220110e-02 -6.570245417e-01 4.157189908e+01
-6.554504328e-01 5.017161576e-02 7.535698512e-01 -1.020457700e+02 6.898705594e-02 9.975969432e-01 -6.414076881e-03 2.153937456e+00 -7.520807890e-01 4.778245872e-02 -6.573365770e-01 4.071882333e+01
-6.556192233e-01 4.878341394e-02 7.535143345e-01 -1.010502501e+02 6.500162051e-02 9.978527437e-01 -8.045444705e-03 2.135984906e+00 -7.522888264e-01 4.370490388e-02 -6.573824604e-01 3.986412918e+01
-6.561714083e-01 4.543812561e-02 7.532426288e-01 -1.000537366e+02 6.439876499e-02 9.979158166e-01 -4.098009660e-03 2.111049107e+00 -7.518589679e-01 4.581890173e-02 -6.577300373e-01 3.900203873e+01
-6.566670729e-01 4.315738087e-02 7.529450105e-01 -9.905365834e+01 6.491965022e-02 9.978903430e-01 -5.787273832e-04 2.092734464e+00 -7.513815268e-01 4.850089067e-02 -6.580833999e-01 3.814187887e+01
-6.564519783e-01 4.636958896e-02 7.529414246e-01 -9.807931311e+01 6.788728095e-02 9.976904555e-01 -2.254834063e-03 2.073650319e+00 -7.513069878e-01 4.963495343e-02 -6.580838105e-01 3.727810401e+01
-6.561071306e-01 5.112287493e-02 7.529344871e-01 -9.708965119e+01 7.096541567e-02 9.974613930e-01 -5.886566547e-03 2.056704222e+00 -7.513240020e-01 4.957008943e-02 -6.580694111e-01 3.640762984e+01
-6.558925122e-01 5.385810482e-02 7.529305759e-01 -9.609837564e+01 7.358016861e-02 9.972630124e-01 -7.238410813e-03 2.033155046e+00 -7.512596810e-01 5.065314248e-02 -6.580602393e-01 3.553633809e+01
-6.561270938e-01 5.271938797e-02 7.528068294e-01 -9.509913569e+01 7.191923772e-02 9.973847058e-01 -7.164334599e-03 2.008377461e+00 -7.512157437e-01 4.944057666e-02 -6.582026595e-01 3.466720676e+01
-6.567479970e-01 5.095194669e-02 7.523869392e-01 -9.410182953e+01 6.995441083e-02 9.975290882e-01 -6.490855146e-03 1.978286764e+00 -7.508585361e-01 4.836992515e-02 -6.586894994e-01 3.380577532e+01
-6.574171257e-01 4.670145609e-02 7.520784279e-01 -9.310022521e+01 6.832495033e-02 9.976606329e-01 -2.226129263e-03 1.953985622e+00 -7.504229622e-01 4.992222026e-02 -6.590700843e-01 3.294400318e+01
-6.574074683e-01 4.319560806e-02 7.522962813e-01 -9.207950304e+01 6.796248774e-02 9.976856814e-01 2.104761580e-03 1.939502599e+00 -7.504642885e-01 5.251160895e-02 -6.588216138e-01 3.205342043e+01
-6.573561175e-01 4.330025302e-02 7.523351447e-01 -9.109471831e+01 6.780296234e-02 9.976970941e-01 1.821196319e-03 1.927964717e+00 -7.505236766e-01 5.220772481e-02 -6.587781386e-01 3.118437403e+01
-6.574129198e-01 4.590548111e-02 7.521311684e-01 -9.009591073e+01 6.728784193e-02 9.977314074e-01 -2.081360729e-03 1.916350607e+00 -7.505204802e-01 4.924096953e-02 -6.590104264e-01 3.032100622e+01
-6.571085077e-01 4.629384441e-02 7.523732798e-01 -8.909477686e+01 6.582638624e-02 9.978234769e-01 -3.904996865e-03 1.894643898e+00 -7.509164456e-01 4.696000749e-02 -6.587255724e-01 2.944660426e+01
-6.568265463e-01 4.516390749e-02 7.526883222e-01 -8.808518657e+01 6.442861457e-02 9.979156079e-01 -3.655378956e-03 1.882036666e+00 -7.512845277e-01 4.609371202e-02 -6.583674222e-01 2.857330950e+01
-6.568841840e-01 4.464765447e-02 7.526684009e-01 -8.709211261e+01 6.523729246e-02 9.978672408e-01 -2.257415575e-03 1.861936950e+00 -7.511639323e-01 4.761918827e-02 -6.583959249e-01 2.771857236e+01
-6.561880830e-01 4.438658663e-02 7.532911112e-01 -8.608649163e+01 6.601297210e-02 9.978179105e-01 -1.291428633e-03 1.846520585e+00 -7.517046936e-01 4.887956382e-02 -6.576863508e-01 2.684308142e+01
-6.562719279e-01 4.238369647e-02 7.533330432e-01 -8.507746302e+01 6.499958022e-02 9.978851574e-01 4.823144642e-04 1.817562813e+00 -7.517194397e-01 4.928286154e-02 -6.576389615e-01 2.599188951e+01
-6.560814530e-01 4.223202126e-02 7.535076899e-01 -8.410084658e+01 6.462214257e-02 9.979097489e-01 3.366066291e-04 1.800954294e+00 -7.519184265e-01 4.891412076e-02 -6.574392775e-01 2.512355860e+01
-6.559494879e-01 4.158215304e-02 7.536586904e-01 -8.309287514e+01 6.295715185e-02 9.980162129e-01 -2.692964344e-04 1.782134298e+00 -7.521747810e-01 4.727155921e-02 -6.572660955e-01 2.425763611e+01
-6.553620347e-01 4.025334767e-02 7.542414457e-01 -8.210071651e+01 6.041702214e-02 9.981729301e-01 -7.753133046e-04 1.762529180e+00 -7.528945897e-01 4.506091145e-02 -6.565966596e-01 2.338978960e+01
-6.556080798e-01 3.837657897e-02 7.541257721e-01 -8.109390841e+01 5.823088723e-02 9.983031200e-01 -1.787878610e-04 1.742329268e+00 -7.528529582e-01 4.379619430e-02 -6.567303152e-01 2.253392807e+01
-6.557217190e-01 3.562024505e-02 7.541618911e-01 -8.009422579e+01 5.634008495e-02 9.984099597e-01 1.829594394e-03 1.722505377e+00 -7.528975696e-01 4.368925039e-02 -6.566859701e-01 2.167069350e+01
-6.557024433e-01 3.319988030e-02 7.542891079e-01 -7.909275055e+01 5.408921359e-02 9.985313943e-01 3.069521757e-03 1.709422883e+00 -7.530794361e-01 4.281159524e-02 -6.565351867e-01 2.080885495e+01
-6.557924061e-01 3.160234521e-02 7.542797504e-01 -7.810674427e+01 5.394197415e-02 9.985312435e-01 5.062842610e-03 1.697369741e+00 -7.530118651e-01 4.400751037e-02 -6.565339746e-01 1.996233343e+01
-6.555223653e-01 2.957204361e-02 7.545967109e-01 -7.711906303e+01 5.174571011e-02 9.986433398e-01 5.815742842e-03 1.684010506e+00 -7.534010049e-01 4.285949194e-02 -6.561632557e-01 1.911595543e+01
-6.554790550e-01 2.849882500e-02 7.546756851e-01 -7.611984683e+01 4.997746393e-02 9.987340981e-01 5.693075016e-03 1.675275337e+00 -7.535581414e-01 4.144846795e-02 -6.560736085e-01 1.825697965e+01
-6.558797031e-01 2.760841771e-02 7.543604980e-01 -7.513054864e+01 4.927941841e-02 9.987652183e-01 6.292800092e-03 1.667125694e+00 -7.532553038e-01 4.130176504e-02 -6.564302735e-01 1.740945180e+01
-6.562495156e-01 2.674655013e-02 7.540699939e-01 -7.413823417e+01 4.915102691e-02 9.987643359e-01 7.349222485e-03 1.655733607e+00 -7.529416335e-01 4.188623571e-02 -6.567532731e-01 1.655053238e+01
-6.569331770e-01 2.830886834e-02 7.534175298e-01 -7.315512513e+01 5.108980067e-02 9.986693537e-01 7.023160558e-03 1.650525690e+00 -7.522162092e-01 4.310569511e-02 -6.575053015e-01 1.569608725e+01
-6.575003197e-01 3.142643227e-02 7.527988187e-01 -7.218896853e+01 5.417786204e-02 9.985154011e-01 5.635207363e-03 1.641145598e+00 -7.515041082e-01 4.449017543e-02 -6.582267759e-01 1.484813231e+01
-6.583649961e-01 3.545750555e-02 7.518635045e-01 -7.121856307e+01 5.896276851e-02 9.982497759e-01 4.553434384e-03 1.634121018e+00 -7.503861603e-01 4.732977635e-02 -6.593034075e-01 1.398301918e+01
-6.589660967e-01 3.844479280e-02 7.511897831e-01 -7.025372063e+01 6.176116464e-02 9.980861548e-01 3.098135616e-03 1.622173589e+00 -7.496329951e-01 4.843592058e-02 -6.600793934e-01 1.313320532e+01
-6.599327197e-01 4.058351112e-02 7.502279720e-01 -6.927803897e+01 6.468404479e-02 9.979015331e-01 2.917463477e-03 1.606453324e+00 -7.485352074e-01 5.045310580e-02 -6.611729797e-01 1.227775144e+01
-6.609316949e-01 4.128411410e-02 7.493096586e-01 -6.830926365e+01 6.794432451e-02 9.976767932e-01 4.962373188e-03 1.595061041e+00 -7.473640071e-01 5.419112686e-02 -6.622012845e-01 1.142426064e+01
-6.622588927e-01 3.886540169e-02 7.482665126e-01 -6.734153562e+01 6.786224255e-02 9.976606467e-01 8.242894441e-03 1.579878786e+00 -7.461957467e-01 5.623797585e-02 -6.633471767e-01 1.057914242e+01
-6.633972459e-01 3.971822913e-02 7.472125402e-01 -6.638420808e+01 6.987872531e-02 9.975147549e-01 9.017293234e-03 1.571573556e+00 -7.449973948e-01 5.819630869e-02 -6.645239825e-01 9.739101503e+00
-6.647842143e-01 4.240895285e-02 7.458306787e-01 -6.543612396e+01 7.033775149e-02 9.975053587e-01 5.974912589e-03 1.565605837e+00 -7.437167412e-01 5.643208187e-02 -6.661088324e-01 8.898781214e+00
-6.655651790e-01 4.824355280e-02 7.447791918e-01 -6.447566827e+01 7.173663542e-02 9.974235022e-01 -5.019736385e-04 1.560036046e+00 -7.428845052e-01 5.309385604e-02 -6.673111625e-01 8.043925460e+00
-6.660043250e-01 5.175561386e-02 7.441502795e-01 -6.354263399e+01 7.332877621e-02 9.973008082e-01 -3.733969637e-03 1.541636735e+00 -7.423349274e-01 5.208079169e-02 -6.680019225e-01 7.209032021e+00
-6.669039513e-01 5.215773177e-02 7.433162342e-01 -6.260316168e+01 7.507532198e-02 9.971744202e-01 -2.613076107e-03 1.523207914e+00 -7.413522550e-01 5.406203464e-02 -6.689353077e-01 6.371499281e+00
-6.668408362e-01 5.107723870e-02 7.434477274e-01 -6.166480134e+01 7.694525113e-02 9.970351885e-01 5.170882506e-04 1.508236980e+00 -7.412171161e-01 5.754958781e-02 -6.687939400e-01 5.517924581e+00
-6.670443650e-01 5.046122847e-02 7.433073080e-01 -6.072966018e+01 7.699120795e-02 9.970307667e-01 1.406064724e-03 1.489191586e+00 -7.410293273e-01 5.816603620e-02 -6.689488472e-01 4.679275211e+00
-6.675098574e-01 5.010268306e-02 7.429135090e-01 -5.979068049e+01 7.691341655e-02 9.970360558e-01 1.865999921e-03 1.475091313e+00 -7.406180519e-01 5.838558597e-02 -6.693848633e-01 3.837091363e+00
-6.682188648e-01 4.832082946e-02 7.423939110e-01 -5.885486050e+01 7.655094120e-02 9.970576398e-01 4.006134216e-03 1.459156052e+00 -7.400159374e-01 5.950792929e-02 -6.699517886e-01 3.013659451e+00
-6.679680602e-01 4.564053969e-02 7.427891072e-01 -5.794123354e+01 7.469107977e-02 9.971892696e-01 5.895339184e-03 1.438965884e+00 -7.404323078e-01 5.941761995e-02 -6.694995409e-01 2.176064532e+00
-6.685043789e-01 4.470371527e-02 7.423634490e-01 -5.702801713e+01 7.309916544e-02 9.973079752e-01 5.770404702e-03 1.430434070e+00 -7.401070298e-01 5.812368720e-02 -6.699725330e-01 1.374659928e+00
-6.681300827e-01 4.451171704e-02 7.427120059e-01 -5.612569338e+01 7.207598316e-02 9.973862800e-01 5.063536981e-03 1.418361447e+00 -7.405454271e-01 5.691479982e-02 -6.695920798e-01 5.530918471e-01
-6.678002114e-01 4.292368169e-02 7.431020563e-01 -5.523612153e+01 6.942159269e-02 9.975760278e-01 4.763960254e-03 1.406211200e+00 -7.410962996e-01 5.476869928e-02 -6.691612849e-01 -2.323392234e-01
-6.669141182e-01 4.039287385e-02 7.440390467e-01 -5.435054086e+01 6.752583793e-02 9.976972426e-01 6.362663932e-03 1.389659715e+00 -7.420687226e-01 5.448520984e-02 -6.681059810e-01 -1.012004125e+00
-6.659403544e-01 3.721134098e-02 7.450764363e-01 -5.348066598e+01 6.570284922e-02 9.977996090e-01 8.891318805e-03 1.380038555e+00 -7.431061260e-01 5.487473269e-02 -6.669199681e-01 -1.797588103e+00
-6.652532400e-01 3.426576621e-02 7.458311786e-01 -5.262692951e+01 6.257079824e-02 9.979908467e-01 9.960028127e-03 1.370868378e+00 -7.439913530e-01 5.329319216e-02 -6.660606934e-01 -2.536445566e+00
-6.633350146e-01 3.383612547e-02 7.475575408e-01 -5.176419950e+01 5.972624710e-02 9.981842130e-01 7.817212952e-03 1.359633223e+00 -7.459356114e-01 4.983423412e-02 -6.641514370e-01 -3.308353747e+00
-6.622825631e-01 3.573761996e-02 7.484013762e-01 -5.092180604e+01 5.851949883e-02 9.982777925e-01 4.115933606e-03 1.338322007e+00 -7.469653647e-01 4.652198566e-02 -6.632333319e-01 -4.065164424e+00
-6.614217823e-01 3.699386346e-02 7.491014641e-01 -5.007910848e+01 5.728120626e-02 9.983572980e-01 1.273437285e-03 1.330511650e+00 -7.478238003e-01 4.375171320e-02 -6.624543087e-01 -4.799150464e+00
-6.598385253e-01 3.767410513e-02 7.504623139e-01 -4.922996965e+01 5.829816308e-02 9.982985797e-01 1.142459169e-03 1.315799364e+00 -7.491423985e-01 4.450441264e-02 -6.609122268e-01 -5.555656320e+00
-6.585765755e-01 3.879588593e-02 7.515129204e-01 -4.840660753e+01 6.079554059e-02 9.981487171e-01 1.749079727e-03 1.301392903e+00 -7.500537982e-01 4.684053572e-02 -6.597159630e-01 -6.271689238e+00
-6.568916870e-01 4.136585303e-02 7.528495050e-01 -4.759497624e+01 6.458225059e-02 9.979112232e-01 1.519675068e-03 1.291307460e+00 -7.512140777e-01 4.961897621e-02 -6.581911118e-01 -6.985461786e+00
-6.555558201e-01 4.445910582e-02 7.538367696e-01 -4.678845194e+01 6.963045198e-02 9.975713897e-01 1.718570808e-03 1.276892187e+00 -7.519295740e-01 5.361661620e-02 -6.570594806e-01 -7.693866008e+00
-6.542851784e-01 4.502594829e-02 7.549063448e-01 -4.599702615e+01 7.134715302e-02 9.974487736e-01 2.345069181e-03 1.259926307e+00 -7.528748293e-01 5.539476515e-02 -6.558284107e-01 -8.377916343e+00
-6.531595963e-01 4.483832111e-02 7.558918891e-01 -4.520897927e+01 7.138447651e-02 9.974457290e-01 2.515766380e-03 1.241655093e+00 -7.538483412e-01 5.560213963e-02 -6.546920018e-01 -9.050208034e+00
-6.503690388e-01 4.609054960e-02 7.582190392e-01 -4.448892130e+01 7.147612487e-02 9.974420838e-01 6.768419790e-04 1.232188967e+00 -7.562483722e-01 5.463475233e-02 -6.519997811e-01 -9.696671481e+00
-6.480363328e-01 4.462585462e-02 7.603010934e-01 -4.374580112e+01 7.012849676e-02 9.975372159e-01 1.223003194e-03 1.216845121e+00 -7.583740410e-01 5.411131855e-02 -6.495698848e-01 -1.032611781e+01
-6.448173311e-01 4.130192298e-02 7.632200496e-01 -4.302203211e+01 6.836918409e-02 9.976529657e-01 3.774330034e-03 1.197415470e+00 -7.612728770e-01 5.461448728e-02 -6.461277360e-01 -1.093417274e+01
-6.411602977e-01 3.745698276e-02 7.664923038e-01 -4.230098297e+01 6.490368784e-02 9.978762388e-01 5.526779755e-03 1.188517065e+00 -7.646574022e-01 5.329172860e-02 -6.422297534e-01 -1.153367311e+01
-6.368154738e-01 3.571188803e-02 7.701886966e-01 -4.158773595e+01 6.360691709e-02 9.979550395e-01 6.319250143e-03 1.175250595e+00 -7.683880343e-01 5.301352571e-02 -6.377847572e-01 -1.211934048e+01
-6.325834928e-01 3.501885285e-02 7.737001537e-01 -4.090300215e+01 6.150996177e-02 9.980933626e-01 5.115807074e-03 1.160921682e+00 -7.720457955e-01 5.082644412e-02 -6.335314187e-01 -1.265563708e+01
-6.259579467e-01 3.574277553e-02 7.790374330e-01 -4.023296750e+01 6.082154756e-02 9.981439363e-01 3.074678740e-03 1.146754392e+00 -7.774816217e-01 4.930688488e-02 -6.269701191e-01 -1.318996930e+01
-6.167143581e-01 3.664337395e-02 7.863336453e-01 -3.954937223e+01 5.957597042e-02 9.982237552e-01 2.073813040e-04 1.140008123e+00 -7.849292965e-01 4.697448148e-02 -6.178020825e-01 -1.373307376e+01
-6.058874566e-01 3.689370315e-02 7.946945853e-01 -3.889584948e+01 5.818975111e-02 9.983035583e-01 -1.981496860e-03 1.128580360e+00 -7.934195113e-01 4.504251161e-02 -6.070064223e-01 -1.421878959e+01
-5.925544524e-01 3.506095198e-02 8.047669994e-01 -3.823547492e+01 5.702947087e-02 9.983713706e-01 -1.504511275e-03 1.109819841e+00 -8.035091063e-01 4.500392922e-02 -5.935889180e-01 -1.469593326e+01
-5.766952142e-01 3.335024256e-02 8.162783079e-01 -3.755766627e+01 5.648431438e-02 9.984031205e-01 -8.854148863e-04 1.097514908e+00 -8.150042864e-01 4.559630517e-02 -5.776580250e-01 -1.517909678e+01
-5.586966696e-01 3.170952013e-02 8.287658403e-01 -3.689646353e+01 5.436025555e-02 9.985201682e-01 -1.558591908e-03 1.077980246e+00 -8.275888302e-01 4.418114002e-02 -5.595935904e-01 -1.561181464e+01
-5.388690915e-01 2.976000933e-02 8.418637004e-01 -3.623223721e+01 5.021566314e-02 9.987334008e-01 -3.162800490e-03 1.070323782e+00 -8.408915194e-01 4.057040698e-02 -5.396810185e-01 -1.600904909e+01
-5.147474624e-01 2.853136930e-02 8.568670067e-01 -3.557194442e+01 4.883752497e-02 9.987990326e-01 -3.919061907e-03 1.059320534e+00 -8.559497791e-01 3.982993907e-02 -5.155225863e-01 -1.641436144e+01
-4.879158709e-01 2.670137391e-02 8.724823935e-01 -3.490158575e+01 4.622266333e-02 9.989200016e-01 -4.721899601e-03 1.051447182e+00 -8.716661897e-01 3.802457174e-02 -4.886231360e-01 -1.678046759e+01
-4.589668246e-01 2.431074311e-02 8.881210367e-01 -3.422015204e+01 4.331031791e-02 9.990493061e-01 -4.965137335e-03 1.039327511e+00 -8.873974494e-01 3.618597249e-02 -4.595834371e-01 -1.710970513e+01
-4.258690312e-01 2.222548895e-02 9.045119409e-01 -3.353216203e+01 3.939280627e-02 9.992057643e-01 -6.005077115e-03 1.019750869e+00 -9.039269686e-01 3.307388808e-02 -4.264063030e-01 -1.742026515e+01
-3.879987478e-01 2.111646602e-02 9.214181760e-01 -3.286528241e+01 3.431204572e-02 9.993753800e-01 -8.454631380e-03 1.004039614e+00 -9.210211959e-01 2.833535660e-02 -3.884810379e-01 -1.770701400e+01
-3.473280644e-01 1.948106701e-02 9.375414783e-01 -3.216172454e+01 3.210287348e-02 9.994451889e-01 -8.874312443e-03 9.956152850e-01 -9.371941839e-01 2.701547839e-02 -3.477607598e-01 -1.795723332e+01
-3.047790728e-01 1.621744611e-02 9.522850185e-01 -3.146365475e+01 2.604213034e-02 9.996230575e-01 -8.688826704e-03 9.779502699e-01 -9.520670301e-01 2.215135962e-02 -3.050865369e-01 -1.815701220e+01
-2.612378774e-01 1.421434414e-02 9.651698106e-01 -3.077851756e+01 1.877376180e-02 9.997772817e-01 -9.642614734e-03 9.662936985e-01 -9.650918917e-01 1.560085315e-02 -2.614465411e-01 -1.832230434e+01
-2.157786295e-01 1.279330189e-02 9.763585286e-01 -3.007735417e+01 1.378079386e-02 9.998544795e-01 -1.005556825e-02 9.507650182e-01 -9.763451035e-01 1.128521903e-02 -2.159235573e-01 -1.845246902e+01
-1.665228005e-01 1.271036084e-02 9.859557261e-01 -2.935287262e+01 1.424136995e-02 9.998436477e-01 -1.048410364e-02 9.361950800e-01 -9.859347967e-01 1.229551867e-02 -1.666777623e-01 -1.857343664e+01
-1.159752268e-01 1.115365643e-02 9.931894797e-01 -2.865625780e+01 1.350147853e-02 9.998622801e-01 -9.652019343e-03 9.242804396e-01 -9.931603256e-01 1.229013017e-02 -1.161097863e-01 -1.864056135e+01
-6.401732796e-02 7.488548506e-03 9.979206800e-01 -2.795621577e+01 1.060773974e-02 9.999204462e-01 -6.823061326e-03 9.108774366e-01 -9.978923883e-01 1.014888858e-02 -6.409169342e-02 -1.865798772e+01
-1.104639420e-02 5.288025634e-03 9.999250398e-01 -2.726127652e+01 9.101651072e-03 9.999451035e-01 -5.187584958e-03 9.005890179e-01 -9.998975685e-01 9.043665161e-03 -1.109388467e-02 -1.864129393e+01
4.201242156e-02 6.713679322e-03 9.990944582e-01 -2.663962630e+01 9.027594924e-03 9.999340588e-01 -7.098935105e-03 8.743053181e-01 -9.990762651e-01 9.317662211e-03 4.194901477e-02 -1.859301200e+01
9.538844626e-02 8.749559185e-03 9.954016465e-01 -2.596415391e+01 6.586217509e-03 9.999339497e-01 -9.420548031e-03 8.620242670e-01 -9.954183332e-01 7.454543920e-03 9.532450912e-02 -1.850691398e+01
1.478286470e-01 1.162975084e-02 9.889446251e-01 -2.530135852e+01 4.883574705e-03 9.999100925e-01 -1.248870367e-02 8.503103065e-01 -9.890009701e-01 6.675774713e-03 1.477586009e-01 -1.837565330e+01
2.011209891e-01 1.408118376e-02 9.794652644e-01 -2.464977570e+01 3.943877112e-03 9.998769610e-01 -1.518445550e-02 8.420837737e-01 -9.795585030e-01 6.916805742e-03 2.010407296e-01 -1.824328619e+01
2.523065858e-01 1.378790001e-02 9.675492167e-01 -2.402492078e+01 1.272686076e-03 9.998929097e-01 -1.458068570e-02 8.270629012e-01 -9.676465903e-01 4.910191285e-03 2.522620309e-01 -1.804480621e+01
3.032363999e-01 1.353440889e-02 9.528192570e-01 -2.339401815e+01 -3.694949429e-03 9.999082863e-01 -1.302736683e-02 8.178529300e-01 -9.529081696e-01 4.297539482e-04 3.032586258e-01 -1.783208317e+01
3.514360286e-01 1.232380227e-02 9.361308450e-01 -2.277731981e+01 -7.878345770e-03 9.999168998e-01 -1.020588273e-02 8.033481104e-01 -9.361788342e-01 -3.788445201e-03 3.515039274e-01 -1.757721649e+01
3.960555519e-01 1.090885028e-02 9.181618199e-01 -2.218497740e+01 -1.157586093e-02 9.999092601e-01 -6.886775692e-03 7.832446819e-01 -9.181536707e-01 -7.900964070e-03 3.961458831e-01 -1.729459941e+01
4.373834706e-01 1.207602277e-02 8.991941082e-01 -2.161168000e+01 -1.393081776e-02 9.998808060e-01 -6.652037531e-03 7.705546770e-01 -8.991672624e-01 -9.617013952e-03 4.374995731e-01 -1.700358345e+01
4.734249571e-01 1.702343836e-02 8.806696460e-01 -2.105033217e+01 -2.002919507e-02 9.997627590e-01 -8.558350456e-03 7.604204197e-01 -8.806064308e-01 -1.358736483e-02 4.736535857e-01 -1.667914962e+01
5.020535441e-01 2.445411444e-02 8.644906794e-01 -2.050528390e+01 -2.692957681e-02 9.995574715e-01 -1.263541877e-02 7.490637911e-01 -8.644171524e-01 -1.693671281e-02 5.024899066e-01 -1.633819980e+01
5.232598438e-01 3.227001276e-02 8.515619856e-01 -1.996777929e+01 -3.427591204e-02 9.992711152e-01 -1.680591617e-02 7.383553344e-01 -8.514836183e-01 -2.039419702e-02 5.239845431e-01 -1.597837146e+01
5.387116842e-01 3.709456793e-02 8.416732723e-01 -1.942796370e+01 -3.788791337e-02 9.990861647e-01 -1.978203099e-02 7.298379317e-01 -8.416379407e-01 -2.123242646e-02 5.396248002e-01 -1.561247224e+01
5.495944430e-01 3.790232297e-02 8.345714040e-01 -1.888835933e+01 -3.823520282e-02 9.990647336e-01 -2.019361998e-02 7.098470879e-01 -8.345562341e-01 -2.081170086e-02 5.505295596e-01 -1.526247928e+01
5.561917643e-01 3.725636964e-02 8.302184775e-01 -1.833706863e+01 -3.696821398e-02 9.991148959e-01 -2.006938829e-02 7.004641214e-01 -8.302313503e-01 -1.952926446e-02 5.570767742e-01 -1.490709429e+01
5.597800834e-01 3.595363185e-02 8.278608421e-01 -1.780615444e+01 -3.600565922e-02 9.991700788e-01 -1.904733172e-02 6.808412240e-01 -8.278585770e-01 -1.914535981e-02 5.606100272e-01 -1.455202269e+01
5.608988631e-01 3.404607038e-02 8.271840329e-01 -1.728128291e+01 -3.352211262e-02 9.992686342e-01 -1.839814683e-02 6.628519230e-01 -8.272054472e-01 -1.740945297e-02 5.616299093e-01 -1.419916832e+01
5.615129605e-01 3.258045334e-02 8.268263705e-01 -1.674693523e+01 -3.174537801e-02 9.993371095e-01 -1.781923456e-02 6.428856310e-01 -8.268588524e-01 -1.624217795e-02 5.621750224e-01 -1.385159580e+01
5.612156595e-01 3.082692021e-02 8.270953547e-01 -1.622511554e+01 -2.912486549e-02 9.994228162e-01 -1.748745664e-02 6.257989294e-01 -8.271570297e-01 -1.427480357e-02 5.617895874e-01 -1.350751931e+01
5.592353942e-01 2.909967960e-02 8.284980850e-01 -1.571867288e+01 -2.695263746e-02 9.994936318e-01 -1.691262068e-02 6.086659238e-01 -8.285707457e-01 -1.287206859e-02 5.597365218e-01 -1.317554189e+01
5.553545346e-01 2.798465047e-02 8.311426683e-01 -1.518510733e+01 -2.521207970e-02 9.995408013e-01 -1.680837045e-02 5.896645538e-01 -8.312313689e-01 -1.162022993e-02 5.558050905e-01 -1.283564393e+01
5.500438994e-01 2.669593977e-02 8.347090250e-01 -1.467988831e+01 -2.375948936e-02 9.995846154e-01 -1.631237360e-02 5.728674208e-01 -8.347977745e-01 -1.085973519e-02 5.504497092e-01 -1.251538851e+01
5.437849884e-01 2.441207833e-02 8.388694551e-01 -1.417281461e+01 -2.087649555e-02 9.996609878e-01 -1.555841298e-02 5.503381319e-01 -8.389649178e-01 -9.052222863e-03 5.441103032e-01 -1.220275625e+01
5.379061459e-01 2.246801845e-02 8.427053719e-01 -1.367379507e+01 -1.666812803e-02 9.997328267e-01 -1.601523644e-02 5.348121433e-01 -8.428399950e-01 -5.431623444e-03 5.381369278e-01 -1.189891723e+01
5.323744266e-01 2.168320106e-02 8.462312365e-01 -1.317793231e+01 -1.364878580e-02 9.997617912e-01 -1.703053654e-02 5.172282695e-01 -8.463989421e-01 -2.483405179e-03 5.325436217e-01 -1.160187732e+01
5.265594428e-01 2.113614051e-02 8.498754932e-01 -1.269881683e+01 -1.121057587e-02 9.997766111e-01 -1.791837141e-02 5.055571908e-01 -8.500644086e-01 -9.250847747e-05 5.266787477e-01 -1.132275001e+01
5.206974832e-01 2.147067585e-02 8.534712615e-01 -1.222173524e+01 -1.034467760e-02 9.997690220e-01 -1.883984966e-02 4.839456010e-01 -8.536786209e-01 9.809771742e-04 5.207992844e-01 -1.104631944e+01
5.152774369e-01 2.129423735e-02 8.567589069e-01 -1.177016697e+01 -8.945116401e-03 9.997704283e-01 -1.946887647e-02 4.695580605e-01 -8.569768573e-01 2.368066252e-03 5.153495931e-01 -1.079021575e+01
5.098601248e-01 2.080276864e-02 8.600057754e-01 -1.131304115e+01 -7.330360516e-03 9.997763435e-01 -1.983783920e-02 4.524403074e-01 -8.602261062e-01 3.810374560e-03 5.098985779e-01 -1.052898651e+01
5.041983002e-01 1.857010149e-02 8.633882684e-01 -1.086520721e+01 -3.629423163e-03 9.998054985e-01 -1.938472108e-02 4.361282314e-01 -8.635803243e-01 6.640142978e-03 5.041675988e-01 -1.028682247e+01
4.988672864e-01 1.641982168e-02 8.665228813e-01 -1.044048660e+01 -1.410452250e-03 9.998345764e-01 -1.813394171e-02 4.182723212e-01 -8.666773266e-01 7.824245275e-03 4.988079646e-01 -1.005851485e+01
4.937948158e-01 1.466648357e-02 8.694547634e-01 -1.003092689e+01 2.274971276e-04 9.998555670e-01 -1.699536495e-02 4.035451133e-01 -8.695784089e-01 8.590022407e-03 4.937201660e-01 -9.840431153e+00
4.892401210e-01 1.441115655e-02 8.720300940e-01 -9.631552980e+00 -1.650503139e-03 9.998770004e-01 -1.559796174e-02 3.898976447e-01 -8.721476429e-01 6.191859320e-03 4.892037108e-01 -9.631212588e+00
4.839845840e-01 1.364664547e-02 8.749701892e-01 -9.245700328e+00 -1.963446499e-03 9.998928251e-01 -1.450895712e-02 3.758569641e-01 -8.750744037e-01 5.304157643e-03 4.839595274e-01 -9.424718868e+00
4.792731781e-01 1.322486142e-02 8.775661536e-01 -8.861295010e+00 -1.302719358e-03 9.998960951e-01 -1.435689957e-02 3.623000815e-01 -8.776648334e-01 5.737654782e-03 4.792406047e-01 -9.224999246e+00
4.754242793e-01 1.211477623e-02 8.796732719e-01 -8.510824077e+00 1.107486488e-03 9.998961219e-01 -1.436902118e-02 3.500558369e-01 -8.797559692e-01 7.805610843e-03 4.753615057e-01 -9.053697902e+00
4.718869166e-01 1.125621086e-02 8.815872927e-01 -8.177300873e+00 2.648800919e-03 9.998958705e-01 -1.418461270e-02 3.380546371e-01 -8.816551428e-01 9.028683290e-03 4.718079788e-01 -8.893142398e+00
4.680920709e-01 1.126927718e-02 8.836079548e-01 -7.855890994e+00 4.040902717e-03 9.998809513e-01 -1.489286066e-02 3.339394160e-01 -8.836705838e-01 1.054180522e-02 4.679907834e-01 -8.736466563e+00
4.649866064e-01 1.195967235e-02 8.852369070e-01 -7.565424319e+00 4.567293277e-03 9.998630203e-01 -1.590733998e-02 3.248488719e-01 -8.853059413e-01 1.143983833e-02 4.648682914e-01 -8.596034927e+00
4.624510131e-01 1.405178418e-02 8.865334198e-01 -7.290701556e+00 3.732051510e-03 9.998347202e-01 -1.779442315e-02 3.177963820e-01 -8.866369531e-01 1.153763736e-02 4.623221625e-01 -8.467642081e+00
4.607222370e-01 1.591561218e-02 8.874016933e-01 -7.039973159e+00 3.513447027e-03 9.997986657e-01 -1.975557606e-02 3.038506191e-01 -8.875374402e-01 1.221967075e-02 4.605735267e-01 -8.348264726e+00
4.601809449e-01 1.873743878e-02 8.876274323e-01 -6.801287133e+00 4.120758635e-03 9.997214394e-01 -2.324006021e-02 2.961020687e-01 -8.878156401e-01 1.435233241e-02 4.599755203e-01 -8.238142362e+00
4.609331700e-01 2.109393097e-02 8.871842045e-01 -6.567358387e+00 6.391727415e-03 9.996125926e-01 -2.708785838e-02 2.868780814e-01 -8.874118800e-01 1.815633480e-02 4.606197675e-01 -8.126951473e+00
4.635974472e-01 2.159566135e-02 8.857827623e-01 -6.331465743e+00 8.899506793e-03 9.995390330e-01 -2.902686291e-02 2.784988202e-01 -8.860012877e-01 2.133981131e-02 4.631915821e-01 -8.018322670e+00
4.681857234e-01 2.111719825e-02 8.833778210e-01 -6.097815635e+00 9.628443201e-03 9.995331197e-01 -2.899692561e-02 2.717787807e-01 -8.835777042e-01 2.208150159e-02 4.677638060e-01 -7.899253603e+00
4.760913810e-01 2.007988996e-02 8.791666164e-01 -5.865110157e+00 9.359954807e-03 9.995669241e-01 -2.789845505e-02 2.600817573e-01 -8.793460919e-01 2.151117686e-02 4.756972833e-01 -7.782994337e+00
4.859491836e-01 2.306915531e-02 8.736826261e-01 -5.640688969e+00 6.559149553e-03 9.995271798e-01 -3.004027027e-02 2.503261690e-01 -8.739625092e-01 2.032866024e-02 4.855680938e-01 -7.661597722e+00
4.965708482e-01 2.753723286e-02 8.675592380e-01 -5.436763483e+00 4.928114851e-03 9.993910524e-01 -3.454245057e-02 2.384765301e-01 -8.679821816e-01 2.142820585e-02 4.961327863e-01 -7.533695103e+00
5.091578800e-01 3.023897660e-02 8.601418235e-01 -5.241140886e+00 4.806862066e-03 9.992670842e-01 -3.797544620e-02 2.292392550e-01 -8.606597398e-01 2.347008471e-02 5.086393929e-01 -7.405941912e+00
5.245659986e-01 3.167624595e-02 8.507803949e-01 -5.030952805e+00 4.802081468e-03 9.991816261e-01 -4.016234541e-02 2.206883263e-01 -8.513562950e-01 2.515331841e-02 5.239845914e-01 -7.289649930e+00
5.410189507e-01 3.186052189e-02 8.404067160e-01 -4.829074777e+00 3.937683816e-03 9.991752336e-01 -4.041448812e-02 2.165396733e-01 -8.410012299e-01 2.517425898e-02 5.404472497e-01 -7.157308595e+00
5.580704371e-01 3.293486065e-02 8.291398286e-01 -4.639396098e+00 1.606936786e-03 9.991672356e-01 -4.077022726e-02 2.097663610e-01 -8.297921232e-01 2.408503878e-02 5.575528085e-01 -7.019149664e+00
5.765707324e-01 3.399126639e-02 8.163399562e-01 -4.444497785e+00 1.096359457e-03 9.991011246e-01 -4.237553661e-02 2.034640237e-01 -8.170465929e-01 2.532750138e-02 5.760151822e-01 -6.876699506e+00
5.975315184e-01 3.648847890e-02 8.010148012e-01 -4.235263440e+00 1.091540378e-03 9.989261363e-01 -4.631815377e-02 1.986897979e-01 -8.018447117e-01 2.855089794e-02 5.968500427e-01 -6.727387457e+00
6.182258854e-01 3.677521140e-02 7.851397180e-01 -4.029515949e+00 2.791767431e-03 9.987958336e-01 -4.898092677e-02 1.818211609e-01 -7.859955657e-01 3.247320841e-02 6.173787563e-01 -6.555994114e+00
6.392769444e-01 3.600068397e-02 7.681334075e-01 -3.819328862e+00 2.783117626e-03 9.987886326e-01 -4.912721888e-02 1.664067191e-01 -7.689715225e-01 3.354370214e-02 6.384023441e-01 -6.372635998e+00
6.603591012e-01 3.746596653e-02 7.500147372e-01 -3.611426066e+00 -2.088807708e-03 9.988424332e-01 -4.805670103e-02 1.657273721e-01 -7.509470395e-01 3.016804428e-02 6.596729647e-01 -6.164849717e+00
6.820220297e-01 3.658082005e-02 7.304161786e-01 -3.396583272e+00 -7.915443662e-03 9.990589846e-01 -4.264402823e-02 1.509451539e-01 -7.312887947e-01 2.330260095e-02 6.816697508e-01 -5.940016103e+00
7.041961788e-01 3.240851313e-02 7.092655207e-01 -3.162436880e+00 -1.021350993e-02 9.993167457e-01 -3.552133460e-02 1.290298390e-01 -7.099320421e-01 1.776990205e-02 7.040460149e-01 -5.694478895e+00
7.258279606e-01 2.713772885e-02 6.873407836e-01 -2.925049251e+00 -7.774590421e-03 9.994813221e-01 -3.125180401e-02 1.201405311e-01 -6.878323697e-01 1.733964241e-02 7.256624764e-01 -5.441356683e+00
7.475794375e-01 2.505380310e-02 6.636997181e-01 -2.683254393e+00 -7.414809918e-03 9.995408261e-01 -2.937946221e-02 1.110482920e-01 -6.641309883e-01 1.704227670e-02 7.474219553e-01 -5.170028610e+00
7.690058463e-01 2.517852233e-02 6.387457681e-01 -2.457906666e+00 -8.750856508e-03 9.995450067e-01 -2.886533124e-02 1.104132787e-01 -6.391819121e-01 1.660803593e-02 7.688762574e-01 -4.881436595e+00
7.893510713e-01 2.496829049e-02 6.134341572e-01 -2.273225815e+00 -1.232800042e-02 9.996158091e-01 -2.482349379e-02 8.459959095e-02 -6.138183319e-01 1.203203594e-02 7.893556274e-01 -4.589948883e+00
8.095757177e-01 2.346555187e-02 5.865462871e-01 -2.057397436e+00 -1.280450226e-02 9.996688807e-01 -2.231975230e-02 7.545008238e-02 -5.868757935e-01 1.055909767e-02 8.096081176e-01 -4.268176303e+00
8.294637664e-01 2.168144589e-02 5.581395867e-01 -1.844494177e+00 -1.118845011e-02 9.996908122e-01 -2.220650133e-02 6.586444552e-02 -5.584484526e-01 1.217477070e-02 8.294498744e-01 -3.935141023e+00
8.492140367e-01 1.765320259e-02 5.277537538e-01 -1.627540161e+00 -5.911703857e-03 9.996962570e-01 -2.392695254e-02 5.883880609e-02 -5.280157920e-01 1.719918088e-02 8.490603883e-01 -3.574908474e+00
8.680835767e-01 1.545634124e-02 4.961774296e-01 -1.425270260e+00 -4.118530594e-03 9.997050357e-01 -2.393610226e-02 5.627923609e-02 -4.964009917e-01 1.873501694e-02 8.678911625e-01 -3.198403440e+00
8.857973790e-01 1.253958931e-02 4.639027603e-01 -1.233948603e+00 -3.221741579e-03 9.997769309e-01 -2.087287204e-02 4.919038138e-02 -4.640610208e-01 1.699456200e-02 8.856402315e-01 -2.798660947e+00
9.025723628e-01 1.381185186e-02 4.303166242e-01 -1.051597310e+00 -6.702847743e-03 9.998149288e-01 -1.803205062e-02 4.523731990e-02 -4.304860570e-01 1.339088450e-02 9.024979325e-01 -2.356921200e+00
9.186223134e-01 1.437943464e-02 3.948749911e-01 -8.676471683e-01 -8.903291518e-03 9.998371777e-01 -1.569694377e-02 4.140499861e-02 -3.950364103e-01 1.090387488e-02 9.186007775e-01 -1.894193956e+00
9.330813649e-01 9.281508524e-03 3.595456273e-01 -6.928951488e-01 -5.386908828e-03 9.999154809e-01 -1.183243396e-02 3.708017372e-02 -3.596250604e-01 9.103784133e-03 9.330524843e-01 -1.406113496e+00
9.467533722e-01 -1.560125509e-04 3.219596948e-01 -5.119255329e-01 2.421021799e-03 9.999750731e-01 -6.634688005e-03 1.124199723e-02 -3.219506412e-01 7.060884605e-03 9.467301054e-01 -9.638166219e-01
9.586093055e-01 -9.328889889e-03 2.845718726e-01 -3.682796043e-01 1.109470123e-02 9.999278867e-01 -4.593801433e-03 2.540412165e-03 -2.845085150e-01 7.560900405e-03 9.586437129e-01 -4.556958471e-01
9.694998536e-01 -1.442974035e-02 2.446668680e-01 -2.352893838e-01 1.603280357e-02 9.998610664e-01 -4.561568900e-03 -2.815311092e-04 -2.445670459e-01 8.345135164e-03 9.695964525e-01 1.411407396e-01
9.785879342e-01 -1.625564332e-02 2.051861915e-01 -1.324264496e-01 1.765933380e-02 9.998315005e-01 -5.011577229e-03 -1.266559924e-02 -2.050701519e-01 8.527720521e-03 9.787101277e-01 6.837206584e-01
9.858136603e-01 -1.491700120e-02 1.671793806e-01 -6.914215344e-02 1.612998020e-02 9.998524751e-01 -5.899975824e-03 -2.628386129e-02 -1.670667075e-01 8.512877971e-03 9.859088428e-01 1.296781312e+00
9.911450193e-01 -1.459966488e-02 1.319787206e-01 2.497183436e-03 1.575450490e-02 9.998461437e-01 -7.710176471e-03 -2.818742822e-02 -1.318458503e-01 9.721161818e-03 9.912225518e-01 1.903266914e+00
9.948026330e-01 -1.607881764e-02 1.005447349e-01 5.633808117e-02 1.703773979e-02 9.998171443e-01 -8.685807508e-03 -3.581238283e-02 -1.003866952e-01 1.035371886e-02 9.948946277e-01 2.568364852e+00
9.971937396e-01 -1.853760372e-02 7.253313298e-02 8.325183887e-02 1.922666899e-02 9.997763323e-01 -8.813331303e-03 -5.182061201e-02 -7.235353115e-02 1.018316895e-02 9.973270832e-01 3.249663624e+00
9.987013489e-01 -1.933600463e-02 4.713535275e-02 1.011839536e-01 1.978295049e-02 9.997634599e-01 -9.034154208e-03 -6.296967999e-02 -4.694951789e-02 9.954897790e-03 9.988476315e-01 3.935498537e+00
9.995462469e-01 -1.885564386e-02 2.349005144e-02 1.082107055e-01 1.910337360e-02 9.997637921e-01 -1.036678821e-02 -7.423254721e-02 -2.328902948e-02 1.081082335e-02 9.996703109e-01 4.647759631e+00
9.998414945e-01 -1.755409444e-02 2.967582857e-03 8.755682559e-02 1.758145382e-02 9.998007056e-01 -9.459842027e-03 -8.982807212e-02 -2.800933030e-03 9.510517290e-03 9.999508714e-01 5.383977028e+00
9.997515580e-01 -1.577919416e-02 -1.574446620e-02 5.500209078e-02 1.566877224e-02 9.998519604e-01 -7.112323847e-03 -1.048446508e-01 1.585436127e-02 6.863860336e-03 9.998507803e-01 6.140057408e+00
9.994504237e-01 -1.459970150e-02 -2.976054625e-02 8.421525161e-03 1.447408368e-02 9.998854100e-01 -4.431990341e-03 -1.217444098e-01 2.982184365e-02 3.998799189e-03 9.995472517e-01 6.918222151e+00
9.992029716e-01 -9.349639207e-03 -3.880747937e-02 -4.605578790e-02 9.222796877e-03 9.999515272e-01 -3.446238446e-03 -1.416420299e-01 3.883782014e-02 3.085577993e-03 9.992407741e-01 7.715997365e+00
9.990423668e-01 -4.843367938e-03 -4.348490936e-02 -9.537646240e-02 4.583578219e-03 9.999710783e-01 -6.071971270e-03 -1.481239536e-01 4.351305875e-02 5.866839570e-03 9.990356461e-01 8.518905561e+00
9.989905211e-01 -4.599686012e-03 -4.468479524e-02 -1.518724227e-01 4.284761269e-03 9.999652969e-01 -7.140907605e-03 -1.613341203e-01 4.471609365e-02 6.942236206e-03 9.989756408e-01 9.339004885e+00
9.989273295e-01 -6.603293963e-03 -4.583258505e-02 -1.974824201e-01 6.249002387e-03 9.999495270e-01 -7.869095020e-03 -1.739156955e-01 4.588223432e-02 7.574246285e-03 9.989181523e-01 1.018356951e+01
9.989089272e-01 -7.658886868e-03 -4.606810825e-02 -2.426665950e-01 7.396991612e-03 9.999555137e-01 -5.852737536e-03 -1.919667887e-01 4.611088557e-02 5.505586710e-03 9.989211660e-01 1.105739691e+01
9.988884910e-01 -5.986925585e-03 -4.675404003e-02 -2.991366581e-01 5.684404668e-03 9.999620686e-01 -6.600762498e-03 -2.097629236e-01 4.679178256e-02 6.327656190e-03 9.988846025e-01 1.193218288e+01
9.988657079e-01 -4.455767905e-03 -4.740693616e-02 -3.593793411e-01 4.016145895e-03 9.999480923e-01 -9.364574956e-03 -2.319400433e-01 4.744620105e-02 9.163559813e-03 9.988317435e-01 1.282071082e+01
9.988552907e-01 -6.876264067e-04 -4.782915973e-02 -4.135910529e-01 1.363491675e-04 9.999335675e-01 -1.152827962e-02 -2.431556632e-01 4.783390679e-02 1.150856110e-02 9.987889958e-01 1.373038311e+01
9.988104257e-01 2.901682861e-03 -4.867529333e-02 -4.762804205e-01 -3.490222098e-03 9.999217746e-01 -1.201048056e-02 -2.637789124e-01 4.863663629e-02 1.216608052e-02 9.987424257e-01 1.466702115e+01
9.987537326e-01 3.426443313e-03 -4.979245337e-02 -5.356754763e-01 -3.938106194e-03 9.999404399e-01 -1.018144622e-02 -2.846870642e-01 4.975459972e-02 1.036484424e-02 9.987076823e-01 1.561141315e+01
9.986803386e-01 1.205390757e-03 -5.134336747e-02 -5.910648547e-01 -1.614790478e-03 9.999672114e-01 -7.933015058e-03 -3.094575782e-01 5.133212218e-02 8.005455440e-03 9.986495796e-01 1.655618321e+01
9.985834217e-01 1.468237943e-03 -5.318877296e-02 -6.647403154e-01 -1.826844708e-03 9.999759227e-01 -6.694171636e-03 -3.289391642e-01 5.317766595e-02 6.781856698e-03 9.985620582e-01 1.750273236e+01
9.983607429e-01 3.532591106e-04 -5.723326954e-02 -7.256793475e-01 -8.085186114e-04 9.999682280e-01 -7.931504635e-03 -3.506479003e-01 5.722865214e-02 7.964776991e-03 9.983293343e-01 1.848224013e+01
9.981030976e-01 -2.420050237e-03 -6.151731810e-02 -7.915121666e-01 1.876039447e-03 9.999586606e-01 -8.899432747e-03 -3.779132246e-01 6.153630995e-02 8.767142009e-03 9.980663429e-01 1.944706187e+01
9.978515866e-01 -3.616784257e-03 -6.541491795e-02 -8.621991020e-01 3.057537375e-03 9.999579638e-01 -8.647315191e-03 -3.956570744e-01 6.544344327e-02 8.428727160e-03 9.978206691e-01 2.042619060e+01
9.975561508e-01 -3.596117742e-03 -6.977685620e-02 -9.458639993e-01 3.179718246e-03 9.999764631e-01 -6.077752261e-03 -4.167618952e-01 6.979707055e-02 5.841028107e-03 9.975440972e-01 2.143465647e+01
9.972653027e-01 -4.259308360e-03 -7.378152999e-02 -1.023127435e+00 4.087241457e-03 9.999885578e-01 -2.482947441e-03 -4.350015547e-01 7.379126474e-02 2.174594992e-03 9.972713570e-01 2.243834144e+01
9.969943540e-01 -3.351300105e-03 -7.740188769e-02 -1.118616391e+00 3.492427241e-03 9.999924757e-01 1.688004123e-03 -4.538523277e-01 7.739564981e-02 -1.953252510e-03 9.969985727e-01 2.345952856e+01
9.967309284e-01 -2.878605359e-03 -8.074141591e-02 -1.214354427e+00 3.155209530e-03 9.999896105e-01 3.298431041e-03 -4.665414722e-01 8.073108155e-02 -3.542404565e-03 9.967296283e-01 2.450765504e+01
9.965516398e-01 -1.771413787e-03 -8.295594895e-02 -1.315335178e+00 1.779720134e-03 9.999983878e-01 2.618211999e-05 -4.838763181e-01 8.295577026e-02 -1.737297347e-04 9.965532235e-01 2.555087070e+01
9.964023506e-01 -6.688204842e-04 -8.474636545e-02 -1.422858980e+00 2.172514560e-04 9.999857587e-01 -5.337588784e-03 -4.991220900e-01 8.474872153e-02 5.299974644e-03 9.963882749e-01 2.659264393e+01
9.962663437e-01 -1.891751556e-03 -8.631214826e-02 -1.529210117e+00 1.246935684e-03 9.999709047e-01 -7.524036205e-03 -5.155623553e-01 8.632387766e-02 7.388319759e-03 9.962397512e-01 2.766225593e+01
9.961213157e-01 -1.417470675e-03 -8.797884176e-02 -1.631796789e+00 1.207401279e-03 9.999962708e-01 -2.440892094e-03 -5.431348641e-01 8.798197570e-02 2.325199288e-03 9.961193368e-01 2.873891873e+01
9.959822179e-01 -2.653959984e-03 -8.951168894e-02 -1.741606394e+00 3.007315051e-03 9.999882211e-01 3.812952903e-03 -5.611328961e-01 8.950051529e-02 -4.066823689e-03 9.959784480e-01 2.981527867e+01
9.958067358e-01 -7.492676330e-03 -9.117459037e-02 -1.843728130e+00 7.933088747e-03 9.999585502e-01 4.468984553e-03 -5.762349840e-01 9.113732964e-02 -5.173541102e-03 9.958248954e-01 3.088993600e+01
9.956910469e-01 -1.046299105e-02 -9.214067059e-02 -1.951291984e+00 1.065311758e-02 9.999420061e-01 1.571821443e-03 -5.887484553e-01 9.211888117e-02 -2.546634275e-03 9.957447333e-01 3.195994977e+01
9.956342320e-01 -9.599284231e-03 -9.284541501e-02 -2.065407378e+00 9.332215926e-03 9.999509973e-01 -3.310236209e-03 -6.065465110e-01 9.287263266e-02 2.429330213e-03 9.956750070e-01 3.304280152e+01
9.956198473e-01 -7.828064319e-03 -9.316550497e-02 -2.182045574e+00 7.393773844e-03 9.999601419e-01 -5.005765722e-03 -6.237311481e-01 9.320097008e-02 4.294995285e-03 9.956380418e-01 3.413056144e+01
9.957780691e-01 -3.374386430e-03 -9.173163132e-02 -2.306661593e+00 3.066968613e-03 9.999892264e-01 -3.492033326e-03 -6.519705879e-01 9.174242286e-02 3.195951663e-03 9.957776152e-01 3.520637209e+01
9.958662468e-01 -7.826243029e-05 -9.083157879e-02 -2.413094602e+00 -8.453364895e-05 9.999984234e-01 -1.788427387e-03 -6.674823593e-01 9.083157101e-02 1.788712544e-03 9.958646475e-01 3.629958741e+01
9.959472796e-01 5.681851441e-04 -8.993737230e-02 -2.524578827e+00 -5.263690954e-04 9.999997653e-01 4.886614385e-04 -6.888428318e-01 8.993762199e-02 -4.393397749e-04 9.959472883e-01 3.739246715e+01
9.960676806e-01 8.750692188e-04 -8.859127772e-02 -2.631682156e+00 -6.243953992e-04 9.999957076e-01 2.857218265e-03 -7.063927329e-01 8.859340051e-02 -2.790666393e-03 9.960639677e-01 3.849455579e+01
9.961420278e-01 7.665119654e-03 -8.742011597e-02 -2.746920123e+00 -7.133447566e-03 9.999541104e-01 6.392587184e-03 -7.247709082e-01 8.746510687e-02 -5.744319921e-03 9.961510055e-01 3.959054244e+01
9.963212712e-01 1.041659085e-02 -8.506143096e-02 -2.861762699e+00 -9.898972237e-03 9.999298734e-01 6.504752114e-03 -7.389395401e-01 8.512321545e-02 -5.638804417e-03 9.963544466e-01 4.069611731e+01
9.964661565e-01 1.162313227e-02 -8.318678821e-02 -2.970429974e+00 -1.135377861e-02 9.999286801e-01 3.710285333e-03 -7.451516659e-01 8.322397751e-02 -2.752690221e-03 9.965270664e-01 4.182033024e+01
9.966213415e-01 1.461497858e-02 -8.082252315e-02 -3.082889352e+00 -1.464378344e-02 9.998927196e-01 2.363612114e-04 -7.588772057e-01 8.081730919e-02 9.479863254e-04 9.967285077e-01 4.293369610e+01
9.967607364e-01 1.421502253e-02 -7.915766997e-02 -3.184444411e+00 -1.423038854e-02 9.998986518e-01 3.700050934e-04 -7.809841260e-01 7.915490980e-02 7.576365423e-04 9.968620631e-01 4.405171280e+01
9.969224337e-01 1.351384085e-02 -7.722094547e-02 -3.282027140e+00 -1.339146165e-02 9.999080957e-01 2.102420791e-03 -7.969063460e-01 7.724226279e-02 -1.061849693e-03 9.970118028e-01 4.518026190e+01
9.970834719e-01 1.414320194e-02 -7.499684408e-02 -3.391633687e+00 -1.407009219e-02 9.998999020e-01 1.503117408e-03 -8.198405724e-01 7.501059512e-02 -4.435203838e-04 9.971826658e-01 4.630535681e+01
9.971341415e-01 1.562272315e-02 -7.402328764e-02 -3.479724474e+00 -1.589032588e-02 9.998691460e-01 -3.027541990e-03 -8.377998515e-01 7.396630512e-02 4.195119812e-03 9.972519121e-01 4.742226857e+01
9.971851634e-01 1.516365652e-02 -7.342905446e-02 -3.583198449e+00 -1.571398351e-02 9.998525536e-01 -6.922738623e-03 -8.584986154e-01 7.331325376e-02 8.057116675e-03 9.972764348e-01 4.854669993e+01
9.971813694e-01 1.378841095e-02 -7.375060253e-02 -3.681723464e+00 -1.423301696e-02 9.998835536e-01 -5.506310720e-03 -8.838719646e-01 7.366609194e-02 6.540484595e-03 9.972615114e-01 4.968427698e+01
9.971960082e-01 1.073831658e-02 -7.405934658e-02 -3.759424909e+00 -1.095077085e-02 9.999369753e-01 -2.463238199e-03 -9.048937033e-01 7.402822962e-02 3.267340020e-03 9.972508026e-01 5.081939940e+01
9.972595383e-01 7.076223734e-03 -7.364324656e-02 -3.861084145e+00 -7.185498585e-03 9.999734412e-01 -1.219014678e-03 -9.284427416e-01 7.363266618e-02 1.744836039e-03 9.972838817e-01 5.195964578e+01
9.973148146e-01 1.762489570e-03 -7.321269954e-02 -3.944306135e+00 -1.912121564e-03 9.999962406e-01 -1.973766243e-03 -9.506513847e-01 7.320894191e-02 2.108458352e-03 9.973144072e-01 5.309492149e+01
9.973330590e-01 1.005908425e-03 -7.297772990e-02 -4.039750426e+00 -1.157331497e-03 9.999972813e-01 -2.032670598e-03 -9.708706503e-01 7.297548635e-02 2.111708155e-03 9.973314821e-01 5.423243171e+01
9.973761740e-01 -3.912826231e-03 -7.228761268e-02 -4.130298175e+00 4.015617809e-03 9.999911039e-01 1.276714116e-03 -9.896799017e-01 7.228197285e-02 -1.563642967e-03 9.973829935e-01 5.538555232e+01
9.974270895e-01 -3.507340073e-03 -7.160268464e-02 -4.220545556e+00 4.052175856e-03 9.999639252e-01 7.465321422e-03 -1.006154286e+00 7.157391782e-02 -7.736260189e-03 9.974052901e-01 5.654005426e+01
9.974755733e-01 -3.936499054e-03 -7.090147646e-02 -4.312373848e+00 4.544755903e-03 9.999542213e-01 8.419628355e-03 -1.016989780e+00 7.086508832e-02 -8.720604904e-03 9.974477908e-01 5.770977058e+01
9.974633988e-01 -2.575923078e-03 -7.113461175e-02 -4.407857580e+00 2.775261596e-03 9.999924883e-01 2.703578302e-03 -1.036871596e+00 7.112711389e-02 -2.894138046e-03 9.974630772e-01 5.886071308e+01
9.974788503e-01 4.009994081e-04 -7.096335073e-02 -4.505870536e+00 -7.882630321e-04 9.999849544e-01 -5.429307952e-03 -1.059857479e+00 7.096010712e-02 5.471556619e-03 9.974641422e-01 6.001832336e+01
9.974875201e-01 5.748233135e-03 -7.060879022e-02 -4.615773314e+00 -6.393707231e-03 9.999397749e-01 -8.918950193e-03 -1.084725640e+00 7.055327015e-02 9.347993317e-03 9.974642268e-01 6.118093863e+01
9.974821402e-01 6.984595447e-03 -7.057355882e-02 -4.702364919e+00 -7.495120437e-03 9.999475915e-01 -6.971730740e-03 -1.124388948e+00 7.052116527e-02 7.483135067e-03 9.974822204e-01 6.235429203e+01
9.974632444e-01 9.539784411e-03 -7.054102005e-02 -4.805723310e+00 -9.946801125e-03 9.999358351e-01 -5.420919078e-03 -1.153443019e+00 7.048477986e-02 6.108825239e-03 9.974941388e-01 6.353638601e+01
9.974182775e-01 9.834588281e-03 -7.113373627e-02 -4.901735478e+00 -9.997335616e-03 9.999481797e-01 -1.932240124e-03 -1.175137503e+00 7.111104936e-02 2.638399105e-03 9.974649391e-01 6.471941281e+01
9.973834354e-01 8.911775939e-03 -7.174122921e-02 -5.000054419e+00 -8.936740055e-03 9.999600735e-01 -2.699917145e-05 -1.202806602e+00 7.173812617e-02 6.680603567e-04 9.974232549e-01 6.590465118e+01
9.973566628e-01 8.301999712e-03 -7.218589219e-02 -5.081584571e+00 -8.203581002e-03 9.999649450e-01 1.659782440e-03 -1.228928235e+00 7.219714228e-02 -1.063211481e-03 9.973898433e-01 6.708077584e+01
9.973410114e-01 9.853047104e-03 -7.220704040e-02 -5.196059007e+00 -9.495799637e-03 9.999408988e-01 5.289169982e-03 -1.247290756e+00 7.225489026e-02 -4.589442868e-03 9.973756334e-01 6.827852918e+01
9.973090197e-01 1.204815212e-02 -7.231571528e-02 -5.282573832e+00 -1.147955073e-02 9.998998968e-01 8.273262651e-03 -1.256296701e+00 7.240815133e-02 -7.420847150e-03 9.973474656e-01 6.947229488e+01
9.972707709e-01 1.328328523e-02 -7.262630785e-02 -5.388480605e+00 -1.308158694e-02 9.999091370e-01 3.252172718e-03 -1.281139334e+00 7.266291024e-02 -2.293229112e-03 9.973539343e-01 7.064549397e+01
9.972572229e-01 1.292984375e-02 -7.287566815e-02 -5.487124811e+00 -1.342256939e-02 9.998902277e-01 -6.275482507e-03 -1.304809557e+00 7.278652700e-02 7.236448405e-03 9.973212881e-01 7.180979796e+01
9.972409291e-01 1.286265014e-02 -7.311025390e-02 -5.580228067e+00 -1.365354395e-02 9.998534167e-01 -1.032833980e-02 -1.323348173e+00 7.296669087e-02 1.129805768e-02 9.972704083e-01 7.297688295e+01
9.972465942e-01 9.017937018e-03 -7.360659186e-02 -5.676856525e+00 -9.815924971e-03 9.998968140e-01 -1.048670035e-02 -1.363339746e+00 7.350442805e-02 1.118034306e-02 9.972322097e-01 7.415379631e+01
9.973165276e-01 1.895540137e-03 -7.318561652e-02 -5.770673201e+00 -2.894628200e-03 9.999040402e-01 -1.354777578e-02 -1.403521869e+00 7.315291564e-02 1.372326553e-02 9.972263320e-01 7.531649040e+01
9.973120078e-01 2.848445125e-03 -7.321661234e-02 -5.874647977e+00 -3.937568155e-03 9.998836538e-01 -1.473531238e-02 -1.437161949e+00 7.316612056e-02 1.498399946e-02 9.972072023e-01 7.648282241e+01
9.973123480e-01 -2.625481099e-03 -7.322023872e-02 -5.952963304e+00 1.954965335e-03 9.999554953e-01 -9.227697088e-03 -1.464615906e+00 7.324120911e-02 9.059753663e-03 9.972731274e-01 7.765645099e+01
9.973299287e-01 -3.510847487e-03 -7.294334215e-02 -6.048866643e+00 3.346228990e-03 9.999915545e-01 -2.378882223e-03 -1.496433096e+00 7.295107553e-02 2.128445231e-03 9.973332274e-01 7.883415901e+01
9.973690253e-01 -9.729191691e-04 -7.248488376e-02 -6.137002587e+00 1.122988155e-03 9.999973111e-01 2.029620722e-03 -1.516497221e+00 7.248271459e-02 -2.105680617e-03 9.973674192e-01 8.001018190e+01
9.974007425e-01 1.358327845e-03 -7.204112332e-02 -6.243024958e+00 -9.939508484e-04 9.999865268e-01 5.093517936e-03 -1.537100408e+00 7.204707225e-02 -5.008673938e-03 9.973886392e-01 8.116705103e+01
9.974405033e-01 5.500404653e-03 -7.128908033e-02 -6.340820929e+00 -4.992574873e-03 9.999608791e-01 7.299771435e-03 -1.550774271e+00 7.132644663e-02 -6.925172673e-03 9.974289555e-01 8.232951665e+01
9.974962904e-01 9.433940086e-03 -7.008689027e-02 -6.431763585e+00 -9.062027730e-03 9.999431253e-01 5.622515143e-03 -1.554795719e+00 7.013594732e-02 -4.973309109e-03 9.975250233e-01 8.350379247e+01
9.975010066e-01 1.329622946e-02 -6.938955011e-02 -6.519378902e+00 -1.335212034e-02 9.999107969e-01 -3.416829024e-04 -1.574345573e+00 6.937881521e-02 1.267325335e-03 9.975896112e-01 8.461254813e+01
9.974744040e-01 1.573413497e-02 -6.926253780e-02 -6.610804922e+00 -1.618154842e-02 9.998516709e-01 -5.903333690e-03 -1.586502491e+00 6.915937464e-02 7.009197915e-03 9.975809815e-01 8.574228749e+01
9.975912290e-01 1.228301149e-02 -6.827019421e-02 -6.692621265e+00 -1.268698123e-02 9.999044668e-01 -5.486765118e-03 -1.607908564e+00 6.819627657e-02 6.339692008e-03 9.976517922e-01 8.686811309e+01
9.976319968e-01 1.190242842e-02 -6.774004118e-02 -6.766470749e+00 -1.196769091e-02 9.999282534e-01 -5.576825912e-04 -1.626980011e+00 6.772854232e-02 1.367053283e-03 9.977028304e-01 8.799073677e+01
9.977569614e-01 7.463406961e-03 -6.652329955e-02 -6.839312481e+00 -7.120683110e-03 9.999601308e-01 5.387572073e-03 -1.639452277e+00 6.656085552e-02 -4.901796300e-03 9.977703160e-01 8.911860073e+01
9.978016362e-01 2.682465597e-03 -6.621676786e-02 -6.912665542e+00 -2.129629557e-03 9.999622955e-01 8.418050748e-03 -1.641309831e+00 6.623685373e-02 -8.258528407e-03 9.977697414e-01 9.025037118e+01
9.978607227e-01 -1.789662327e-03 -6.535088753e-02 -6.981215976e+00 2.253825495e-03 9.999727804e-01 7.029589351e-03 -1.645917218e+00 6.533652447e-02 -7.161841911e-03 9.978375568e-01 9.137755774e+01
9.979256052e-01 -4.709746306e-03 -6.420542059e-02 -7.062122633e+00 4.994923384e-03 9.999783504e-01 4.281839017e-03 -1.652947729e+00 6.418386534e-02 -4.593656584e-03 9.979275010e-01 9.249989001e+01
9.979265592e-01 -7.344661124e-03 -6.394291515e-02 -7.136629415e+00 7.340373129e-03 9.999729967e-01 -3.019871458e-04 -1.662115224e+00 6.394340547e-02 -1.680027401e-04 9.979534955e-01 9.361779593e+01
9.979661727e-01 -8.927238346e-03 -6.311766584e-02 -7.206047985e+00 8.674828843e-03 9.999532691e-01 -4.271950966e-03 -1.674139515e+00 6.315284906e-02 3.715726437e-03 9.979969333e-01 9.472982563e+01
