1341847980.722988 0.000000000 0.000000000 0.000000000 -0.000000000 -0.000000000 -0.000000000 1.000000000
1341847980.754743 -0.001870953 0.002235449 0.000617442 -0.000084438 0.000445432 -0.000259545 0.999999881
1341847980.786856 -0.006061408 -0.003314266 0.000755674 -0.001023821 0.000894790 -0.001081675 0.999998510
1341847980.822978 -0.002855503 0.000006631 0.000024585 0.000597628 0.000172246 -0.001728090 0.999998331
1341847980.854676 -0.004678383 0.000009019 -0.000487544 0.000603192 0.000789671 -0.002277467 0.999996960
1341847980.890728 -0.007456464 -0.000354020 -0.000953271 0.000641322 0.001330725 -0.002271730 0.999996364
1341847980.922978 -0.007006306 0.000993645 -0.001112481 0.001298679 0.000835897 -0.002628323 0.999995351
1341847980.954645 -0.006647882 0.001811988 -0.002767236 0.001241228 0.001152870 -0.003275326 0.999993205
1341847980.990699 -0.008131574 0.000400725 -0.002744004 0.000780425 0.001628636 -0.003138729 0.999993443
1341847981.022715 -0.011003600 0.000610123 -0.003482052 0.001060796 0.001944360 -0.003161204 0.999992549
1341847981.054711 -0.010798564 -0.000387402 -0.002706414 0.000690784 0.001797096 -0.003286810 0.999992788
1341847981.090715 -0.010274009 -0.000894755 -0.004104375 0.000822213 0.002234807 -0.003402292 0.999991357
1341847981.122985 -0.015375136 0.002556977 -0.004087597 0.001812850 0.003662393 -0.003047288 0.999987006
1341847981.158632 -0.016596824 0.003133537 -0.004441370 0.001571205 0.003869454 -0.001966533 0.999989390
1341847981.190636 -0.020440096 0.000533663 -0.005072588 0.000716469 0.004283284 -0.000162042 0.999990582
1341847981.222978 -0.024129706 0.001553312 -0.005919196 0.001801964 0.004509930 0.001710417 0.999986768
1341847981.258722 -0.025864897 0.001608263 -0.006070893 0.001791540 0.004013824 0.002842740 0.999986351
1341847981.290787 -0.025455803 0.000139971 -0.006578618 0.001447898 0.003813566 0.002997104 0.999987185
1341847981.322892 -0.026635312 0.001670032 -0.009357313 0.002175856 0.004848114 0.003120888 0.999981046
1341847981.358690 -0.032559548 0.000199254 -0.010172583 0.002025587 0.006364766 0.003615077 0.999971151
1341847981.390810 -0.039080642 0.000071930 -0.008750771 0.002125859 0.007091302 0.004638314 0.999961853
1341847981.426707 -0.044262875 0.001155227 -0.010555379 0.003028932 0.007130692 0.005849722 0.999952912
1341847981.458797 -0.047413442 0.001157335 -0.013553798 0.002952453 0.006909028 0.006389022 0.999951363
1341847981.490701 -0.048704818 0.000082534 -0.014471244 0.002573457 0.006966813 0.006481045 0.999951422
1341847981.527039 -0.052495804 0.002349663 -0.017324885 0.003553837 0.007542565 0.006084876 0.999946773
1341847981.558722 -0.055917546 0.002342052 -0.018542964 0.003239632 0.008223007 0.005535640 0.999945641
1341847981.594855 -0.066665992 0.001937452 -0.018602729 0.003729701 0.010728718 0.004780838 0.999924064
1341847981.626675 -0.074723840 0.007950425 -0.021842953 0.005922698 0.012109816 0.005654403 0.999893188
1341847981.658738 -0.077411093 0.009589707 -0.025157595 0.004682977 0.012153314 0.005086775 0.999902248
1341847981.694720 -0.082443535 0.006400522 -0.024072310 0.004009232 0.013051423 0.004751023 0.999895513
1341847981.726650 -0.086666249 0.015566403 -0.026492305 0.005224571 0.013457075 0.005769823 0.999879181
1341847981.758846 -0.096440516 0.014583169 -0.027011814 0.003725843 0.014445062 0.005875376 0.999871492
1341847981.794659 -0.100338414 0.021199174 -0.027807234 0.003559464 0.014440729 0.005611606 0.999873638
1341847981.826678 -0.103209883 0.023495754 -0.028880028 0.002027552 0.014699730 0.005455496 0.999875069
1341847981.862719 -0.114288405 0.017723976 -0.027294034 0.000929827 0.015721936 0.004722823 0.999864817
1341847981.894631 -0.122120313 0.024764687 -0.033586029 0.001705263 0.015270174 0.005125896 0.999868810
1341847981.926602 -0.122308560 0.025801696 -0.032220904 -0.001233370 0.013843941 0.004954122 0.999891162
1341847981.994808 -0.130180255 0.023567719 -0.030741153 -0.002522715 0.013837217 0.004130714 0.999892592
1341847982.062739 -0.144152775 0.022065712 -0.030869903 -0.000316686 0.014310588 0.001880452 0.999895811
1341847982.094786 -0.147559449 0.025341412 -0.033492502 0.000869682 0.013676110 0.000904787 0.999905705
1341847982.130710 -0.154844463 0.016004506 -0.030891085 0.000509443 0.013736941 -0.000127201 0.999905527
1341847982.162730 -0.158551261 0.022262486 -0.034957908 0.004966908 0.012009680 0.001400857 0.999914587
1341847982.194674 -0.151445091 0.020030478 -0.040057845 0.002884168 0.010011467 0.001521820 0.999944568
1341847982.230594 -0.149599358 0.013864304 -0.039056454 0.000317113 0.011269513 0.001118444 0.999935806
1341847982.262666 -0.154574305 0.011014233 -0.038703859 0.000955513 0.013854630 0.000188892 0.999903560
1341847982.294994 -0.160670251 0.009958827 -0.037835263 0.001311859 0.016935641 -0.000515149 0.999855638
1341847982.330655 -0.171180591 0.012161536 -0.036046293 0.003763429 0.019727187 0.002164252 0.999795973
1341847982.398909 -0.177682176 0.011202103 -0.038900919 0.008561340 0.016626194 0.007513647 0.999796867
1341847982.430770 -0.174864635 0.000783678 -0.043215998 0.007366913 0.016117526 0.007999293 0.999810994
1341847982.462624 -0.177301139 0.003620714 -0.043219659 0.008777003 0.019370114 0.008508429 0.999737680
1341847982.498616 -0.182754800 0.007952968 -0.043517843 0.009261533 0.022622706 0.008804200 0.999662399
1341847982.530757 -0.187320262 0.006576629 -0.040910568 0.007683471 0.024484050 0.009696152 0.999623716
1341847982.566660 -0.187969387 0.007647875 -0.042998601 0.006271170 0.025681345 0.010755859 0.999592662
1341847982.598726 -0.194215938 0.005135152 -0.040271141 0.003207821 0.028857656 0.012242579 0.999503493
1341847982.630723 -0.201183632 0.004199463 -0.037647590 0.002347945 0.032263458 0.012233347 0.999401808
1341847982.666620 -0.204123020 0.005120935 -0.037793051 0.001314280 0.034673642 0.012803526 0.999315858
1341847982.698638 -0.207415044 0.004796641 -0.037983123 -0.000150294 0.037770528 0.012993060 0.999201953
1341847982.730674 -0.218557477 0.005424572 -0.034112811 -0.000692696 0.042546324 0.013181722 0.999007285
1341847982.766706 -0.228915006 0.006286841 -0.031370308 0.000011096 0.045602027 0.014708518 0.998851478
1341847982.798737 -0.236606836 0.005233639 -0.029434664 0.000018152 0.047645099 0.016278177 0.998731732
1341847982.834747 -0.252944142 0.002086283 -0.026161725 0.000634423 0.050865293 0.016417759 0.998570383
1341847982.866670 -0.268671185 -0.002163128 -0.024482178 0.002609355 0.052870575 0.017907582 0.998437405
1341847982.898700 -0.274915665 0.007286393 -0.026535595 0.006121596 0.051637508 0.019901535 0.998448849
1341847982.934803 -0.289788067 0.015774282 -0.026006669 0.006820464 0.050650306 0.021889126 0.998453259
1341847982.966708 -0.291848302 0.007755323 -0.028345358 0.003702994 0.048196629 0.022146974 0.998585463
1341847982.998783 -0.296618015 0.005345067 -0.029447079 0.002152482 0.048952758 0.020442329 0.998589635
1341847983.034693 -0.310485572 0.013043388 -0.027743015 0.002383668 0.051275838 0.020882288 0.998463333
1341847983.066707 -0.335781127 0.010233914 -0.021884196 0.000732454 0.054263685 0.021958742 0.998284936
1341847983.102757 -0.341470599 0.004643244 -0.020173186 -0.001327654 0.053608205 0.022511192 0.998307467
1341847983.134717 -0.354414791 0.002328106 -0.019330522 -0.000865690 0.054128423 0.024021495 0.998244703
1341847983.166651 -0.369292498 0.006377013 -0.018946789 0.001188475 0.054116461 0.024999341 0.998220921
1341847983.202653 -0.371012002 0.007331598 -0.020952797 0.001313692 0.051264428 0.026060892 0.998344243
1341847983.234717 -0.377628028 0.004606093 -0.022937063 -0.000090376 0.050378695 0.026457394 0.998379707
1341847983.266753 -0.381197751 0.001339913 -0.027531343 -0.003215271 0.050236706 0.025392381 0.998409390
1341847983.302701 -0.393447518 -0.003956526 -0.027792092 -0.006799282 0.052875776 0.024240056 0.998283744
1341847983.334718 -0.409274429 -0.005195749 -0.021205833 -0.007943236 0.057076544 0.023364009 0.998064756
1341847983.370887 -0.419809014 -0.008970167 -0.018166652 -0.008338606 0.060035408 0.023449682 0.997885942
1341847983.402670 -0.429601729 -0.005701475 -0.018937102 -0.006392495 0.060456220 0.024963208 0.997838199
1341847983.434705 -0.440542579 0.000628312 -0.017945807 -0.006377279 0.059246611 0.028040752 0.997829080
1341847983.470674 -0.448014438 -0.013688804 -0.017493384 -0.009474432 0.058942437 0.026869556 0.997854769
1341847983.502767 -0.451496094 -0.023806147 -0.023104168 -0.010073939 0.060850479 0.023401987 0.997821689
1341847983.534806 -0.463920683 -0.013289260 -0.025628839 -0.007509982 0.065341063 0.022364303 0.997584105
1341847983.570684 -0.480322540 -0.009713367 -0.023203766 -0.007204818 0.068551704 0.022756763 0.997362018
1341847983.602741 -0.496385247 -0.013620505 -0.021843217 -0.006754180 0.069997571 0.023522330 0.997246921
1341847983.638729 -0.507273853 -0.009512062 -0.025437551 -0.004549342 0.071136452 0.023800261 0.997172236
1341847983.702857 -0.548394740 -0.006045464 -0.022721892 0.001438717 0.076836355 0.025757654 0.996709883
1341847983.738736 -0.553419411 -0.005883504 -0.029607885 0.002295805 0.074849851 0.027842889 0.996803403
1341847983.770707 -0.568338931 -0.006866724 -0.030072756 0.003099918 0.075125992 0.028602231 0.996758997
1341847983.806672 -0.575877368 -0.015442292 -0.035393510 0.003035825 0.075544506 0.027799722 0.996750236
1341847983.838719 -0.599349558 -0.007505783 -0.032577638 0.008310989 0.078385480 0.028237248 0.996488512
1341847983.870712 -0.616581380 0.001647222 -0.034961339 0.011361880 0.077735066 0.031890981 0.996399164
1341847983.906692 -0.638178527 0.001697439 -0.033871733 0.011854009 0.076858744 0.034758382 0.996365428
1341847983.938757 -0.634460449 -0.000003563 -0.046185452 0.011063173 0.072722852 0.035627738 0.996654272
1341847983.970809 -0.651136816 -0.006658440 -0.046470445 0.008034643 0.075319834 0.034237713 0.996539116
1341847984.006722 -0.663309336 -0.002238434 -0.046784133 0.007677951 0.077460632 0.033390135 0.996406615
1341847984.038718 -0.677119493 -0.002582485 -0.047032900 0.005884510 0.079932690 0.033407155 0.996222913
1341847984.074737 -0.692291379 0.005123317 -0.051644213 0.004392534 0.082979530 0.032207873 0.996021032
1341847984.106759 -0.716033459 0.012082246 -0.034344524 0.001394923 0.088078029 0.030591510 0.995642781
1341847984.138698 -0.727751672 0.013322267 -0.030938471 0.000827360 0.089393310 0.030034300 0.995543182
1341847984.174831 -0.736560524 0.020205915 -0.035009503 -0.000877441 0.089536175 0.028109683 0.995586455
1341847984.206711 -0.758055806 0.021848625 -0.026428489 -0.005070954 0.092458449 0.027090127 0.995335102
1341847984.238670 -0.768647850 0.026134212 -0.020154465 -0.005102679 0.091097444 0.028245779 0.995428264
1341847984.274795 -0.780522406 0.025770681 -0.019399503 -0.007636378 0.089976735 0.028858507 0.995496392
1341847984.306662 -0.795602202 0.028501363 -0.013453508 -0.009745205 0.090940997 0.028562633 0.995398879
1341847984.343094 -0.805937767 0.029490989 -0.005552383 -0.011383285 0.090675905 0.028861389 0.995397151
1341847984.406718 -0.825252950 0.034129638 0.005193821 -0.014243162 0.086882256 0.032222029 0.995595515
1341847984.442894 -0.830790341 0.028797446 0.014004104 -0.016716769 0.086039178 0.033215676 0.995597661
1341847984.474640 -0.841991484 0.027723564 0.021730913 -0.016523611 0.086699858 0.032788564 0.995557725
1341847984.506747 -0.849908471 0.027096622 0.031102283 -0.017307393 0.087240443 0.031901062 0.995525956
1341847984.542747 -0.856224954 0.023068767 0.037328709 -0.018223912 0.088986337 0.031873263 0.995355964
1341847984.574807 -0.866254628 0.025166586 0.048573259 -0.019048767 0.092135072 0.032764670 0.995025039
1341847984.610792 -0.877897561 0.017817132 0.062829547 -0.018893559 0.092785120 0.032689098 0.994970143
1341847984.642667 -0.888546407 0.017581547 0.073399842 -0.015523014 0.091995895 0.033732384 0.995066822
1341847984.674804 -0.900279999 0.018300531 0.084843546 -0.014339575 0.092600092 0.034665644 0.994996428
1341847984.710651 -0.911604643 0.010871985 0.100538187 -0.013439948 0.092920475 0.035268322 0.994957924
1341847984.743352 -0.917826355 0.006865537 0.112218916 -0.010759372 0.092144854 0.034470789 0.995090663
1341847984.778881 -0.924139202 0.006015991 0.121766381 -0.009682859 0.092513390 0.035052281 0.995047212
1341847984.810639 -0.935830772 0.002406799 0.139466882 -0.008392657 0.094025292 0.037388798 0.994832098
1341847984.842655 -0.943852365 -0.009269853 0.151739761 -0.006793807 0.094554491 0.038998287 0.994732380
1341847984.878779 -0.948315680 -0.010212682 0.159368291 -0.004171059 0.094401829 0.040236469 0.994711995
1341847984.910613 -0.956977844 -0.005190134 0.168457210 -0.002373584 0.094331324 0.043355327 0.994593561
1341847984.943053 -0.965002894 -0.017976575 0.183473274 -0.005257755 0.093119889 0.046842877 0.994538546
1341847984.979236 -0.974040687 -0.026606554 0.193992689 -0.007049382 0.092148423 0.049617887 0.994483292
1341847985.010633 -0.973655105 -0.033561163 0.203192860 -0.010059963 0.091665968 0.049890034 0.994488358
1341847985.046612 -0.976216316 -0.045270350 0.213925093 -0.014399952 0.094552934 0.050691940 0.994124115
1341847985.078667 -0.981235683 -0.048877753 0.227228045 -0.014970532 0.098275520 0.050126716 0.993783236
1341847985.110771 -0.985497296 -0.049524419 0.239005908 -0.015098939 0.101043105 0.051996216 0.993407667
1341847985.146824 -0.985048354 -0.064509548 0.248336077 -0.017873958 0.103036903 0.053259440 0.993089855
1341847985.178699 -0.991482735 -0.068631321 0.262584239 -0.017570393 0.106843516 0.054488666 0.992626250
1341847985.210840 -0.998390377 -0.075314656 0.276904076 -0.016444158 0.110064469 0.054392476 0.992298841
1341847985.246735 -0.998893619 -0.072782405 0.284034669 -0.014266381 0.112243742 0.055136062 0.992047369
1341847985.278902 -1.004827499 -0.079462066 0.296738207 -0.014614432 0.115988366 0.055383977 0.991597652
1341847985.314648 -1.008579135 -0.091961749 0.306607246 -0.014293117 0.118964426 0.055634558 0.991235614
1341847985.346842 -1.015848160 -0.090754807 0.316236109 -0.012207594 0.121512972 0.055330504 0.990971327
1341847985.378830 -1.018693566 -0.096276246 0.324963063 -0.013561417 0.122750841 0.055326264 0.990801334
1341847985.414650 -1.022136688 -0.102924235 0.335783154 -0.014455904 0.125562012 0.055894274 0.990404487
1341847985.446854 -1.026428342 -0.105421953 0.347544611 -0.012789564 0.128153414 0.056117035 0.990082860
1341847985.478685 -1.032757878 -0.109651491 0.357959390 -0.012430172 0.130174756 0.057294525 0.989756227
1341847985.514673 -1.034673452 -0.114958636 0.369402498 -0.013307878 0.131601110 0.057837389 0.989524603
1341847985.546814 -1.040119648 -0.123165101 0.381634444 -0.014519912 0.135071561 0.058643073 0.988992393
1341847985.582581 -1.044939995 -0.129254207 0.394630104 -0.013909739 0.138187513 0.059500042 0.988519371
1341847985.614773 -1.052213669 -0.134404242 0.409613848 -0.012064671 0.141049281 0.061475214 0.988018394
1341847985.647097 -1.055202365 -0.143658981 0.421048820 -0.011037193 0.143145785 0.063504905 0.987600505
1341847985.682842 -1.059555173 -0.142637655 0.431996375 -0.007320106 0.145350382 0.065615296 0.987174928
1341847985.714719 -1.074699283 -0.149209648 0.453593940 -0.003796434 0.149309427 0.068676002 0.986395419
1341847985.746954 -1.079971313 -0.161117673 0.461491436 -0.001792453 0.150636941 0.071133465 0.986025035
1341847985.782765 -1.080266476 -0.158913359 0.472218186 0.003011768 0.151970387 0.073623925 0.985634565
1341847985.814703 -1.091561675 -0.176670611 0.486038506 0.007090710 0.155993894 0.075786225 0.984820843
1341847985.850739 -1.096019030 -0.170922011 0.492237687 0.016740125 0.156542197 0.079323702 0.984338403
1341847985.882782 -1.097929239 -0.178864345 0.494297534 0.015156060 0.156178862 0.082350738 0.984173179
1341847985.914968 -1.103244424 -0.196680948 0.504853487 0.009864942 0.159437194 0.084776506 0.983511746
1341847985.950751 -1.106317878 -0.201255724 0.514295638 0.009620389 0.163944051 0.084289543 0.982814908
1341847985.982712 -1.116456389 -0.208534658 0.531471550 0.009649477 0.170266315 0.083727628 0.981787145
1341847986.018756 -1.123502493 -0.209370717 0.545674741 0.011295634 0.173692465 0.085750811 0.980994523
1341847986.051991 -1.125163555 -0.216773912 0.555149376 0.010308759 0.174638599 0.089058161 0.980542600
1341847986.082612 -1.127111912 -0.224075913 0.564151525 0.009799661 0.175527170 0.090106592 0.980293334
1341847986.118719 -1.131708264 -0.231900081 0.570897877 0.008031225 0.178622141 0.089907423 0.979768515
1341847986.150636 -1.135744691 -0.240232602 0.581359744 0.004879897 0.183426827 0.090464845 0.978849828
1341847986.182648 -1.136024237 -0.243945375 0.596455276 0.004800208 0.187000170 0.091449879 0.978082180
1341847986.218674 -1.140060663 -0.248784289 0.607280254 0.006871476 0.190173283 0.091688968 0.977435470
1341847986.250584 -1.142462850 -0.258853734 0.616936386 0.007333426 0.192810223 0.093950108 0.976700544
1341847986.286733 -1.146284580 -0.268130690 0.628341615 0.007805881 0.196446911 0.095056467 0.975864708
1341847986.326156 -1.152154684 -0.271788269 0.641523659 0.010934678 0.200875580 0.096167617 0.974823713
1341847986.359210 -1.153124094 -0.278033853 0.650330484 0.013053181 0.203770682 0.098117575 0.974002123
1341847986.394467 -1.154664040 -0.279321790 0.660871506 0.014225133 0.206262454 0.100113690 0.973257840
1341847986.425858 -1.155038595 -0.289388627 0.673989594 0.013103123 0.209351853 0.101356395 0.972485006
1341847986.457691 -1.156605244 -0.292999238 0.684152126 0.012762853 0.212622747 0.102357246 0.971674681
1341847986.493735 -1.160537481 -0.294226974 0.700362623 0.013148109 0.216284156 0.103705391 0.970718026
1341847986.525772 -1.161907673 -0.306461811 0.713453948 0.012326349 0.218488276 0.105199099 0.970074296
1341847986.561706 -1.162704825 -0.313273937 0.723971486 0.010930942 0.220437810 0.105475076 0.969619870
1341847986.593712 -1.164130330 -0.319774359 0.739456773 0.009065632 0.224155083 0.105498388 0.968784034
1341847986.625740 -1.164343953 -0.323883027 0.752149940 0.010878259 0.227343142 0.106329910 0.967931211
1341847986.661920 -1.168868303 -0.324110389 0.765395105 0.013567230 0.230069786 0.109333694 0.966917753
1341847986.693739 -1.171952367 -0.329975784 0.778610706 0.013652862 0.231535062 0.113717392 0.966060817
1341847986.725896 -1.170485854 -0.330965757 0.788268805 0.015189529 0.230967253 0.118899040 0.965549827
1341847986.762616 -1.171511173 -0.339262366 0.799757361 0.013219390 0.231289178 0.122618243 0.965036452
1341847986.793794 -1.171642303 -0.348354757 0.807017565 0.008410062 0.233037323 0.124748349 0.964396596
1341847986.829823 -1.172519207 -0.351921320 0.823078215 0.006712936 0.236346215 0.126692280 0.963350654
1341847986.886746 -1.176681042 -0.358182549 0.845095038 0.005339017 0.237989172 0.132304236 0.962199748
1341847986.922699 -1.178056479 -0.363795042 0.857134938 0.003049060 0.238618121 0.135714337 0.961578786
1341847986.954690 -1.179856181 -0.370375991 0.869289696 0.000787958 0.240458742 0.136966676 0.960946977
1341847986.990631 -1.181558371 -0.377788514 0.882021248 -0.001457272 0.243294612 0.137711927 0.960125566
1341847987.022895 -1.183476686 -0.378839970 0.891827166 -0.000674815 0.245325387 0.140662298 0.959181488
1341847987.054629 -1.185804725 -0.383437634 0.902449548 -0.002596325 0.246665731 0.142862841 0.958509028
1341847987.091223 -1.187401295 -0.391275555 0.914748192 -0.005483433 0.248110980 0.144275367 0.957912087
1341847987.123199 -1.187392235 -0.404819459 0.926590145 -0.009553188 0.251724988 0.142976165 0.957131743
1341847987.190716 -1.190278530 -0.405077130 0.947443068 -0.011638409 0.261697680 0.141164914 0.954699636
1341847987.259261 -1.195235252 -0.412147582 0.969114065 -0.013924511 0.268265396 0.144271120 0.952378988
1341847987.290653 -1.196615815 -0.419392556 0.975962281 -0.016265234 0.272713542 0.143211409 0.951237798
1341847987.322780 -1.199351788 -0.421796948 0.987061381 -0.016031859 0.279404402 0.141751722 0.949517131
1341847987.390720 -1.205991983 -0.426245719 1.009140730 -0.010937210 0.291457146 0.136705309 0.946702063
1341847987.422820 -1.210651398 -0.429778576 1.017877698 -0.008997889 0.298036844 0.134739012 0.944954276
1341847987.458620 -1.214560390 -0.424571931 1.032898545 -0.003553147 0.303894460 0.135483652 0.943016350
1341847987.490754 -1.220427513 -0.425238341 1.044371963 0.002005971 0.307842910 0.136888519 0.941536129
1341847987.526761 -1.225772977 -0.422800422 1.043964624 0.003455337 0.309373885 0.139960155 0.940578043
1341847987.558679 -1.228500009 -0.427996248 1.062517047 0.002018649 0.314910561 0.140932605 0.938597560
1341847987.590776 -1.233828783 -0.424031794 1.070850730 0.007977135 0.319416910 0.144102037 0.936559618
1341847987.626925 -1.238614678 -0.419941962 1.075686336 0.010774130 0.321252167 0.147876099 0.935314775
1341847987.658922 -1.244533300 -0.420591474 1.090826154 0.010394039 0.324537009 0.150641456 0.933742464
1341847987.691638 -1.249343634 -0.417595446 1.100194931 0.011678156 0.326208293 0.152766705 0.932799101
1341847987.726721 -1.252788544 -0.417550296 1.113969803 0.012301024 0.326685071 0.154647678 0.932314157
1341847987.758741 -1.257574201 -0.418620408 1.121339917 0.013450608 0.327203184 0.158986479 0.931386352
1341847987.794708 -1.261785269 -0.416501582 1.132942677 0.014506082 0.327575922 0.162853673 0.930570960
1341847987.826748 -1.266514540 -0.419315964 1.149132848 0.015142673 0.328527838 0.166332588 0.929609418
1341847987.865879 -1.271366119 -0.423652798 1.160151958 0.014033076 0.328564048 0.167732343 0.929362476
1341847987.897796 -1.275284529 -0.422617108 1.171402216 0.016491052 0.328615218 0.170135885 0.928867042
1341847987.933722 -1.280644178 -0.426046997 1.181131959 0.017606555 0.327904433 0.170744434 0.928986073
1341847987.965806 -1.285556555 -0.431374699 1.192552686 0.018449267 0.328823119 0.167831659 0.929175735
1341847987.997794 -1.291609645 -0.430325270 1.197453380 0.020634588 0.329251617 0.165283218 0.929434836
1341847988.033757 -1.296055317 -0.436828017 1.211128592 0.020532800 0.331561655 0.162177250 0.929163039
1341847988.065746 -1.300337553 -0.437222630 1.222054601 0.024417605 0.332801759 0.158806100 0.929207981
1341847988.098165 -1.304810762 -0.439476997 1.226772189 0.026173839 0.333197653 0.153975084 0.929831147
1341847988.133763 -1.310067177 -0.441861480 1.236986399 0.027495142 0.336333156 0.150516555 0.929230273
1341847988.165801 -1.315148115 -0.436426550 1.244330645 0.032110341 0.337578565 0.151646540 0.928446531
1341847988.201710 -1.320167661 -0.433729619 1.251080513 0.032661770 0.336118221 0.155470893 0.928324580
1341847988.233777 -1.322056770 -0.441098511 1.260555983 0.028056754 0.335794002 0.157064483 0.928324342
1341847988.265702 -1.322704077 -0.446673512 1.270073056 0.026279306 0.337803960 0.156379387 0.927762568
1341847988.301776 -1.326638699 -0.442102134 1.275519133 0.028278710 0.339263201 0.157584012 0.926967204
1341847988.333739 -1.329403162 -0.439660668 1.283486366 0.027253719 0.339292437 0.161426917 0.926325679
1341847988.369715 -1.329719543 -0.442899793 1.292776585 0.025261236 0.340081125 0.163267165 0.925770283
1341847988.401745 -1.332769036 -0.438306302 1.300274134 0.028276751 0.340171188 0.167782485 0.924842238
1341847988.433996 -1.335116386 -0.442071259 1.308690786 0.026788633 0.340069890 0.170449749 0.924435914
1341847988.469742 -1.336625814 -0.447607547 1.315829873 0.025864959 0.342441589 0.169126600 0.923829556
1341847988.502496 -1.340529680 -0.442620724 1.317450404 0.028566001 0.344599277 0.169820115 0.922819853
1341847988.537778 -1.345563650 -0.435863525 1.322260737 0.030651234 0.345089376 0.174977809 0.921605468
1341847988.569700 -1.349028111 -0.436602473 1.326831102 0.028440839 0.343639523 0.176925883 0.921846151
1341847988.601796 -1.351639986 -0.441857129 1.329545259 0.023903118 0.344224423 0.176208720 0.921894073
1341847988.637768 -1.355166435 -0.443140417 1.334785104 0.020412639 0.346893907 0.174125835 0.921373010
1341847988.669807 -1.359427691 -0.442125767 1.340664387 0.019442949 0.348873258 0.173320144 0.920798361
1341847988.706192 -1.365718603 -0.442400336 1.343207479 0.017994005 0.350356877 0.173545212 0.920221984
1341847988.737940 -1.370402217 -0.442990035 1.349553108 0.017975828 0.352196008 0.175947219 0.919063389
1341847988.769740 -1.376395464 -0.443685889 1.352591753 0.019023929 0.352654874 0.179714084 0.918137014
1341847988.806051 -1.381849527 -0.448799103 1.356220603 0.018605830 0.353273690 0.181755930 0.917505562
1341847988.837897 -1.388357401 -0.451503098 1.355590940 0.017233675 0.354324877 0.183501571 0.916779220
1341847988.873917 -1.392768860 -0.456876248 1.359490037 0.013478772 0.357349008 0.182658508 0.915836215
1341847988.937824 -1.407712340 -0.458076894 1.361916423 0.013548839 0.360868424 0.185404778 0.913901329
1341847988.998737 -1.424566746 -0.460695684 1.369847655 0.013038339 0.363726735 0.191680118 0.911477745
1341847989.034678 -1.434465170 -0.461511731 1.368980646 0.011819819 0.363190502 0.193848535 0.911249518
1341847989.066658 -1.441666007 -0.470850646 1.375018954 0.007181389 0.365148723 0.193280488 0.910635829
1341847989.098821 -1.449324608 -0.474817455 1.381785631 0.008983477 0.366701871 0.192251697 0.910213351
1341847989.134676 -1.460213423 -0.481397301 1.382655859 0.011490550 0.366203874 0.192892283 0.910250187
1341847989.166672 -1.468610048 -0.484867096 1.385392427 0.014559955 0.365812868 0.193810403 0.910168409
1341847989.202743 -1.480551481 -0.487970084 1.388649702 0.018105382 0.364815354 0.194232762 0.910415053
1341847989.234728 -1.490257740 -0.492422163 1.391425133 0.020252781 0.362384945 0.194699094 0.911240518
1341847989.266651 -1.500175953 -0.498897910 1.390965819 0.020253090 0.360524088 0.192650676 0.912413299
1341847989.302773 -1.513240814 -0.502647161 1.391461968 0.019898223 0.359326273 0.188742369 0.913709581
1341847989.334871 -1.524416327 -0.507926464 1.394184113 0.017913474 0.358279586 0.184764832 0.914973736
1341847989.366685 -1.533018827 -0.514085054 1.394607306 0.013390481 0.357570142 0.179075912 0.916458488
1341847989.402777 -1.540681362 -0.524506211 1.398031950 0.008581639 0.359307051 0.173782393 0.916855812
1341847989.434824 -1.551339149 -0.526270866 1.400372624 0.010933395 0.359942257 0.170539469 0.917190492
1341847989.470712 -1.560466409 -0.529659629 1.398601055 0.009833288 0.359354973 0.168309718 0.917844892
1341847989.502614 -1.568861485 -0.535972536 1.401881933 0.006410221 0.360900134 0.168051898 0.917315960
1341847989.534687 -1.578149319 -0.537107110 1.403983831 0.009001105 0.360740244 0.170489192 0.916907310
1341847989.570705 -1.585283279 -0.540208578 1.401149631 0.008109539 0.359672695 0.169840679 0.917455137
1341847989.602804 -1.590978265 -0.547779202 1.404685736 0.005051439 0.362295002 0.168768466 0.916642845
1341847989.634745 -1.599006176 -0.550673008 1.403764367 0.006198782 0.365620017 0.165331617 0.915941656
1341847989.670627 -1.608893156 -0.549957752 1.402672172 0.006882948 0.368141502 0.164664000 0.915046632
1341847989.702606 -1.616668463 -0.552321017 1.404388785 0.005572338 0.369407028 0.165136784 0.914460123
1341847989.738929 -1.624149561 -0.556345940 1.405981779 0.004321821 0.371777356 0.163729444 0.913759112
1341847989.770735 -1.634713888 -0.556611717 1.405575633 0.003735666 0.373866677 0.163725331 0.912909567
1341847989.802890 -1.644333839 -0.559164047 1.407460690 0.002028745 0.375307977 0.164147571 0.912247479
1341847989.838780 -1.653432608 -0.561030328 1.410042524 0.001977182 0.376896024 0.165261492 0.911391318
1341847989.870960 -1.663771629 -0.567089200 1.413093448 0.001102010 0.379835308 0.163465410 0.910496056
1341847989.902718 -1.676671982 -0.566336870 1.412279725 0.004003278 0.381888062 0.164039344 0.909525514
1341847989.938921 -1.688638330 -0.564777970 1.413590550 0.006842567 0.381231219 0.168187574 0.909026444
1341847989.970730 -1.700926065 -0.570691645 1.414736152 0.007200053 0.380154759 0.169578925 0.909215927
1341847990.006923 -1.712292910 -0.579303324 1.415602684 0.004718376 0.381965369 0.167848319 0.908794343
1341847990.039001 -1.724954605 -0.576793671 1.416727781 0.006590585 0.383974880 0.168037966 0.907900453
1341847990.070686 -1.737451196 -0.579455256 1.419346213 0.007323530 0.384407192 0.167247713 0.907857776
1341847990.106701 -1.750622153 -0.581958115 1.417154789 0.007457037 0.384476840 0.167040467 0.907865345
1341847990.139194 -1.761054993 -0.583841980 1.419793248 0.008360695 0.385507464 0.168359667 0.907176495
1341847990.171055 -1.774909139 -0.587044597 1.421289802 0.010884412 0.384977937 0.169591174 0.907145143
1341847990.207022 -1.788173914 -0.588100195 1.420757055 0.013530288 0.382949769 0.170785025 0.907743871
1341847990.238920 -1.799821973 -0.588999093 1.419335604 0.013834311 0.381778300 0.172323018 0.907942057
1341847990.274709 -1.811044693 -0.592387259 1.422780633 0.015018574 0.381575286 0.173281968 0.907826066
1341847990.306743 -1.824371099 -0.594295263 1.421398997 0.015684282 0.380540282 0.172233403 0.908448577
1341847990.339079 -1.834514141 -0.596970916 1.423166037 0.013799536 0.380677521 0.172067210 0.908453166
1341847990.374663 -1.845424652 -0.597077131 1.427787185 0.014831493 0.380989879 0.172234058 0.908274293
1341847990.406760 -1.858063579 -0.600420952 1.424900055 0.013702416 0.379681319 0.171774283 0.908926845
1341847990.442575 -1.867393017 -0.602524996 1.430624247 0.010922107 0.379874527 0.174255311 0.908411324
1341847990.474644 -1.875515938 -0.604606748 1.435268641 0.010917807 0.379817933 0.174319893 0.908422649
1341847990.506783 -1.885369301 -0.605924487 1.435473442 0.010182005 0.379973263 0.173775986 0.908470452
1341847990.542835 -1.894797564 -0.605967343 1.438527703 0.009286709 0.381201267 0.177155420 0.907312155
1341847990.574711 -1.902675629 -0.605454385 1.441805959 0.010665355 0.380981594 0.180785969 0.906672895
1341847990.642783 -1.917898536 -0.611897707 1.444720626 0.007499111 0.383325994 0.181604668 0.905552208
1341847990.674787 -1.927236795 -0.610136926 1.448201656 0.008467605 0.385477722 0.184407726 0.904062510
1341847990.710795 -1.936081648 -0.609552205 1.450853825 0.010865335 0.385441571 0.188077748 0.903295934
1341847990.742712 -1.944063187 -0.612063050 1.453986406 0.010002474 0.385502905 0.192056865 0.902442038
1341847990.774671 -1.949771404 -0.616156459 1.457468271 0.009204503 0.386225641 0.195087954 0.901490867
1341847990.810771 -1.958886027 -0.618959367 1.458414078 0.010825062 0.388456017 0.195334777 0.900460482
1341847990.842713 -1.966988325 -0.618227601 1.459263325 0.011269143 0.389772445 0.196968317 0.899529934
1341847990.874745 -1.972034097 -0.622659743 1.466649413 0.009609632 0.391810626 0.198024735 0.898431063
1341847990.910825 -1.978716612 -0.624464095 1.469310760 0.009501892 0.393823564 0.198144734 0.897525132
1341847990.942685 -1.984686017 -0.628832817 1.472106218 0.007077078 0.396367610 0.197725341 0.896519601
1341847990.978824 -1.990190983 -0.629690051 1.476110339 0.006787607 0.398848325 0.198485598 0.895252705
1341847991.010797 -1.996131778 -0.632378340 1.482252002 0.008071923 0.401138127 0.198339596 0.894250810
1341847991.042752 -2.003702641 -0.634777069 1.479557872 0.008194369 0.402396709 0.199092224 0.893516660
1341847991.078680 -2.007893085 -0.637216032 1.484989405 0.009103364 0.404371291 0.201192409 0.892144978
1341847991.111319 -2.014239550 -0.639525056 1.488769412 0.011116834 0.405507267 0.203211933 0.891148269
1341847991.142784 -2.019843102 -0.644371510 1.493728399 0.010575291 0.407152981 0.203473538 0.890344441
1341847991.178778 -2.026640415 -0.646697998 1.498015165 0.010849389 0.409480870 0.204141185 0.889119864
1341847991.210687 -2.033479929 -0.651087880 1.504640341 0.012335382 0.411779732 0.204831988 0.887879074
1341847991.246842 -2.040798187 -0.654097199 1.509992599 0.012557123 0.413329005 0.204147577 0.887313485
1341847991.278726 -2.046722889 -0.658867359 1.518118501 0.012439638 0.415982306 0.205132544 0.885846853
1341847991.310807 -2.055856228 -0.657087266 1.526199460 0.017061980 0.418198377 0.207284510 0.884224117
1341847991.346722 -2.067254543 -0.662525117 1.531870604 0.019368604 0.417207450 0.211641580 0.883612275
1341847991.378800 -2.073886395 -0.666090906 1.536490560 0.018878033 0.415039301 0.218139216 0.883063614
1341847991.414715 -2.077323198 -0.674200416 1.544778585 0.015378021 0.415727079 0.221897289 0.881870806
1341847991.446744 -2.083107948 -0.675878286 1.549764752 0.013630347 0.417945296 0.222004190 0.880823553
1341847991.478824 -2.088102341 -0.680759192 1.556121707 0.011138176 0.420970529 0.222565010 0.879275024
1341847991.514709 -2.094844580 -0.681890726 1.562430739 0.011304461 0.423677325 0.224796847 0.877403140
1341847991.546725 -2.099235535 -0.684189677 1.569123745 0.012099982 0.425451517 0.228021860 0.875700116
1341847991.578804 -2.104463577 -0.688576400 1.573211908 0.012192616 0.426937282 0.233065352 0.873645544
1341847991.614853 -2.108943939 -0.691445172 1.576067090 0.012958214 0.428714097 0.237717777 0.871508241
1341847991.646714 -2.110438824 -0.698227882 1.579578161 0.013530402 0.432628244 0.241756678 0.868448853
1341847991.689872 -2.115307808 -0.703628957 1.582369089 0.013648975 0.438328415 0.243718579 0.865033627
1341847991.746823 -2.123278618 -0.705736756 1.584394693 0.016648004 0.444308251 0.248095572 0.860675097
1341847991.782657 -2.125504494 -0.713546157 1.588483810 0.014322021 0.447241753 0.250656337 0.858452797
1341847991.814748 -2.126339436 -0.718666077 1.593236566 0.013412311 0.451018065 0.251051813 0.856373668
1341847991.846729 -2.128682137 -0.724261999 1.597164989 0.013262597 0.455638975 0.249162555 0.854479551
1341847991.882784 -2.135612726 -0.726668954 1.600993633 0.013708694 0.459763557 0.250164717 0.851966679
1341847991.915817 -2.138012648 -0.731513381 1.606427908 0.014228161 0.461448193 0.252503365 0.850355983
1341847991.950761 -2.141624212 -0.738610744 1.611536980 0.013376049 0.463481963 0.252035022 0.849402070
1341847991.982826 -2.143906116 -0.745482385 1.616139412 0.011170953 0.466619492 0.250293016 0.848230481
1341847992.014724 -2.149207115 -0.747383356 1.621199608 0.011616805 0.470578253 0.249678314 0.846216261
1341847992.050647 -2.157727242 -0.749027491 1.624265194 0.012060719 0.472774178 0.250039101 0.844878495
1341847992.082793 -2.160288811 -0.755870104 1.633972764 0.010122109 0.474430293 0.249913990 0.844012201
1341847992.114842 -2.166115761 -0.761041403 1.639796257 0.009215026 0.476835877 0.249339893 0.842835844
1341847992.150789 -2.172031879 -0.762957692 1.647035599 0.010145925 0.479466498 0.249737278 0.841213584
1341847992.182813 -2.179867268 -0.767565727 1.653538227 0.010274158 0.481032223 0.250554413 0.840074480
1341847992.218736 -2.183593273 -0.773041964 1.661563396 0.009820865 0.482643247 0.251424462 0.838895023
1341847992.250652 -2.190020561 -0.778719783 1.666936755 0.009487035 0.485841393 0.251476556 0.837035179
1341847992.318683 -2.204686642 -0.786303461 1.680813432 0.010646219 0.492749631 0.252801448 0.832571864
1341847992.350695 -2.212358475 -0.790802479 1.686063528 0.010674727 0.494997561 0.254058927 0.830853522
1341847992.382858 -2.220369339 -0.794963777 1.693245411 0.011403997 0.497327119 0.256647319 0.828654289
1341847992.418855 -2.226907492 -0.799232900 1.699627519 0.013249209 0.499832034 0.259238899 0.826309681
1341847992.450822 -2.237864971 -0.803069472 1.704850674 0.014306046 0.502337873 0.261353403 0.824103475
1341847992.486713 -2.245470524 -0.807255149 1.712632895 0.014993805 0.504546523 0.264740020 0.821657300
1341847992.518735 -2.252995491 -0.812040687 1.719886303 0.015987728 0.506264150 0.266538113 0.819999039
1341847992.550596 -2.263113260 -0.815826654 1.724907160 0.016577536 0.507943094 0.266717166 0.818890154
1341847992.586730 -2.272669315 -0.820778906 1.733326077 0.015605086 0.509704530 0.268303603 0.817294896
1341847992.618832 -2.280263662 -0.825241685 1.740294218 0.014864849 0.510991812 0.269770682 0.816021025
1341847992.654692 -2.289369583 -0.828606129 1.748639345 0.014459482 0.512177050 0.271382123 0.814749897
1341847992.686829 -2.296820164 -0.833504081 1.756654739 0.013773673 0.513385057 0.271904916 0.813826740
1341847992.718718 -2.304621220 -0.838340998 1.762145758 0.014257641 0.515225947 0.271528631 0.812779963
1341847992.754765 -2.315144062 -0.840885162 1.768788576 0.015322099 0.516795874 0.272514939 0.811432660
1341847992.786631 -2.321624279 -0.843995154 1.776470661 0.015714537 0.516777456 0.273611039 0.811067939
1341847992.818723 -2.326457024 -0.848714471 1.782721043 0.014200255 0.517801523 0.272687495 0.810753584
1341847992.854856 -2.334427357 -0.851933241 1.787361741 0.011688408 0.519553185 0.272265553 0.809814453
1341847992.886610 -2.339596748 -0.855268598 1.795617342 0.009805747 0.521144152 0.273890376 0.808267713
1341847992.922713 -2.344147682 -0.860510111 1.803914309 0.008851889 0.522091389 0.274721980 0.807384670
1341847992.954645 -2.347491264 -0.864657760 1.808876276 0.007560719 0.523141861 0.275088578 0.806592703
1341847992.986720 -2.350885391 -0.867917538 1.816662431 0.008222695 0.525032461 0.276134789 0.804998755
1341847993.022736 -2.357616425 -0.870559096 1.823423028 0.009269294 0.526198566 0.277227789 0.803849518
1341847993.054757 -2.360964298 -0.873787761 1.831659555 0.008207871 0.527137220 0.277890980 0.803016543
1341847993.086751 -2.365236044 -0.878316164 1.838947773 0.006662646 0.528524160 0.277893096 0.802118063
1341847993.122668 -2.368700981 -0.881454110 1.848068476 0.004428319 0.530263543 0.277570933 0.801096380
1341847993.154688 -2.370669842 -0.885887086 1.855836630 0.002007593 0.532086194 0.277194470 0.800027251
1341847993.190779 -2.371001959 -0.891183078 1.865098834 0.001689579 0.534875453 0.277679116 0.797997355
1341847993.222703 -2.377668858 -0.892628312 1.871973515 0.005108876 0.537040651 0.279060066 0.796044469
1341847993.261799 -2.381380081 -0.897194266 1.879933596 0.008192240 0.537918389 0.281478107 0.794573367
1341847993.322794 -2.386015892 -0.911609232 1.892372966 0.010547117 0.540729225 0.283484787 0.791919947
1341847993.354702 -2.389980316 -0.914007425 1.902838349 0.011176628 0.543289483 0.283740193 0.790065348
1341847993.390722 -2.391705513 -0.921009183 1.912059426 0.010139936 0.545610189 0.284429491 0.788230121
1341847993.422745 -2.393447161 -0.925068021 1.921942472 0.009721233 0.548586786 0.285153240 0.785904408
1341847993.458848 -2.394482613 -0.928117394 1.933684945 0.011021399 0.551512420 0.286200166 0.783455253
1341847993.490680 -2.397444963 -0.931501865 1.944823980 0.013262670 0.553524137 0.288273841 0.781238377
1341847993.522707 -2.402484894 -0.934279740 1.953009248 0.015271156 0.554209590 0.291278869 0.779599428
1341847993.558719 -2.407072306 -0.937813938 1.963031769 0.015766041 0.554757953 0.295224547 0.777713001
1341847993.590981 -2.410909414 -0.943424225 1.973374605 0.014890025 0.554901123 0.298050791 0.776549339
1341847993.626764 -2.413186073 -0.949278116 1.983433485 0.012677887 0.555125475 0.299699306 0.775793374
1341847993.658928 -2.416868210 -0.950560987 1.995191813 0.010360657 0.555522323 0.301915258 0.774683714
1341847993.690739 -2.417779684 -0.955203474 2.007566452 0.005974880 0.555343330 0.304305345 0.773922801
1341847993.727062 -2.413052797 -0.963821232 2.014448166 0.001474664 0.556145668 0.304043472 0.773471057
1341847993.790887 -2.419308186 -0.970254481 2.033683062 -0.000559545 0.562483609 0.302978724 0.769295752
1341847993.826735 -2.421647549 -0.974880278 2.043822527 -0.000394057 0.562622130 0.304230571 0.768700242
1341847993.858891 -2.422588110 -0.982536554 2.052331448 -0.002996459 0.563322306 0.303910613 0.768308163
1341847993.901726 -2.421516657 -0.987361908 2.061147213 -0.005499613 0.564609945 0.304201454 0.767233312
1341847993.933661 -2.422398567 -0.995706201 2.070145130 -0.005374689 0.566311061 0.304420441 0.765892446
1341847993.965821 -2.426844835 -1.002710938 2.073975563 -0.007576938 0.566861868 0.303265214 0.765924633
1341847994.001991 -2.424447060 -1.010105729 2.080661058 -0.011145558 0.569779098 0.302759260 0.763913870
1341847994.034008 -2.421421289 -1.016556025 2.090195656 -0.009427716 0.573449910 0.302411914 0.761323512
1341847994.065706 -2.425704718 -1.021582007 2.097014427 -0.007952933 0.575319529 0.302144736 0.760034800
1341847994.101772 -2.426166058 -1.028123379 2.103288174 -0.008422239 0.577224374 0.302738577 0.758347273
1341847994.133885 -2.426031113 -1.035498619 2.111242771 -0.006741105 0.580059171 0.302264273 0.756387651
1341847994.169705 -2.431076050 -1.038014054 2.116166592 -0.003462052 0.582220376 0.301848114 0.754914105
1341847994.201675 -2.434787273 -1.042134285 2.122255325 -0.001655789 0.583785653 0.304087847 0.752809584
1341847994.233618 -2.432973623 -1.053325653 2.129900932 0.001783898 0.585692704 0.306399226 0.750386894
1341847994.269680 -2.442506552 -1.056378722 2.135790586 0.005408426 0.588186741 0.305286884 0.748870611
1341847994.301751 -2.446284294 -1.061065316 2.143540859 0.004823173 0.590275049 0.305471838 0.747153997
1341847994.333755 -2.445565462 -1.071289897 2.153135538 0.006014894 0.593284726 0.306177765 0.744467795
1341847994.369712 -2.454344749 -1.076728225 2.161749840 0.008722498 0.595902681 0.304955393 0.742850065
1341847994.401655 -2.458295822 -1.083437324 2.170417070 0.010215609 0.597621799 0.305748254 0.741122127
1341847994.433802 -2.462755919 -1.090680957 2.179800510 0.013478927 0.599021375 0.307671577 0.739141345
1341847994.469690 -2.469947100 -1.096028805 2.190227747 0.016255459 0.600375175 0.307982773 0.737856388
1341847994.501736 -2.476453781 -1.102274060 2.199900389 0.017353965 0.601385534 0.309733242 0.736274242
1341847994.537738 -2.479983568 -1.109143019 2.210790157 0.018870860 0.603049576 0.311005324 0.734337032
1341847994.569734 -2.486557722 -1.113966584 2.221855164 0.020431656 0.604386091 0.312482566 0.732567191
1341847994.601688 -2.492581367 -1.117550135 2.231622696 0.019818896 0.605680108 0.314397097 0.730693817
1341847994.637836 -2.494050980 -1.124099970 2.243517637 0.018906331 0.607111931 0.316779196 0.728497505
1341847994.669750 -2.499294043 -1.130624294 2.254618645 0.019277621 0.608370483 0.317912698 0.726942420
1341847994.701643 -2.505451441 -1.135804296 2.264824867 0.016950989 0.609443188 0.319620162 0.725351393
1341847994.769803 -2.508231640 -1.149001479 2.287198305 0.015017916 0.614291430 0.320598453 0.720858693
1341847994.831306 -2.523489237 -1.153418899 2.307119370 0.009869947 0.618389606 0.326303840 0.714858532
1341847994.866828 -2.522639751 -1.158378363 2.318249464 0.008440690 0.618297219 0.329752415 0.713372767
1341847994.898727 -2.525569677 -1.162548661 2.327508211 0.007346452 0.618745625 0.331464916 0.712201476
1341847994.930711 -2.530153275 -1.167644143 2.337246895 0.003867638 0.620679915 0.331315339 0.710613668
1341847994.966673 -2.528290510 -1.171242952 2.345608234 0.002185113 0.622785389 0.332506448 0.708218277
1341847994.998679 -2.530092716 -1.176727533 2.352796555 0.003325590 0.625142336 0.334126562 0.705369115
1341847995.030768 -2.533598185 -1.177780509 2.362584591 0.003498391 0.628027260 0.336294115 0.701766253
1341847995.066673 -2.530469894 -1.182136059 2.369828939 0.003840779 0.630282462 0.338063359 0.698886693
1341847995.098711 -2.531543493 -1.188340664 2.377207279 0.005533279 0.633981824 0.338728577 0.695197403
1341847995.134939 -2.536421776 -1.190442204 2.383957624 0.005953900 0.637336373 0.339422703 0.691779792
1341847995.166644 -2.533600092 -1.195636630 2.391257763 0.007024392 0.639739156 0.341053724 0.688742936
1341847995.198787 -2.537842274 -1.201188207 2.396556139 0.008590672 0.642256975 0.340681136 0.686562836
1341847995.234663 -2.540738821 -1.203610182 2.403161526 0.008885853 0.644221246 0.341208279 0.684453785
1341847995.266776 -2.536038399 -1.210043430 2.409820318 0.009072621 0.645539641 0.342923790 0.682348609
1341847995.298812 -2.536908150 -1.215601206 2.418077946 0.011834901 0.648305178 0.343302488 0.679487944
1341847995.334686 -2.543189764 -1.220649123 2.423552513 0.011388455 0.649702966 0.343651354 0.677982450
1341847995.366701 -2.540471792 -1.224033594 2.432456493 0.009897714 0.651541829 0.344276398 0.675920963
1341847995.402793 -2.540577173 -1.228638411 2.441234827 0.010067880 0.653416932 0.344018310 0.674237669
1341847995.434743 -2.542026520 -1.232237101 2.449567556 0.008831943 0.654319644 0.344166130 0.673303485
1341847995.466776 -2.539050817 -1.236267209 2.458041906 0.008095178 0.655964375 0.344409794 0.671585619
1341847995.502702 -2.539747000 -1.239898086 2.468266487 0.010283581 0.657331288 0.344536245 0.670152783
1341847995.534752 -2.541840315 -1.245750189 2.476552725 0.013144565 0.656658471 0.346431524 0.669785202
1341847995.566681 -2.542818308 -1.248115540 2.484899759 0.016526021 0.655571461 0.350832611 0.668483019
1341847995.602698 -2.542894363 -1.248908758 2.496354818 0.018381845 0.654331386 0.355183423 0.667350948
1341847995.634814 -2.539200306 -1.253669858 2.501552820 0.016587587 0.653222740 0.357918084 0.667022943
1341847995.670769 -2.538172960 -1.256181717 2.509924412 0.014408013 0.654072642 0.359486938 0.665395141
1341847995.702780 -2.535117388 -1.258787870 2.514839411 0.012742341 0.654368103 0.363298029 0.663064539
1341847995.734774 -2.529773712 -1.262272120 2.524329185 0.012726725 0.654957712 0.365945488 0.661023736
1341847995.770704 -2.529857159 -1.264100313 2.531089783 0.012848148 0.655502915 0.366276145 0.660297513
1341847995.802752 -2.527854919 -1.266322136 2.537595987 0.012421636 0.656472802 0.367894739 0.658439517
1341847995.838779 -2.525637865 -1.268973589 2.544706345 0.012915044 0.657571912 0.368247956 0.657134533
1341847995.870641 -2.526848078 -1.271218538 2.549624443 0.013119681 0.658419490 0.367433101 0.656737804
1341847995.902803 -2.529213190 -1.274860382 2.553684950 0.010742225 0.659709692 0.367750257 0.655307174
1341847995.938733 -2.523879528 -1.276966453 2.557916641 0.010156915 0.661146700 0.368787885 0.653282106
1341847995.970733 -2.523936272 -1.281605244 2.561766624 0.011064894 0.663484037 0.368837565 0.650865138
1341847996.002709 -2.526919127 -1.284310341 2.564752340 0.009074654 0.665418148 0.368536383 0.649089694
1341847996.038762 -2.521664858 -1.286551952 2.568256140 0.008721037 0.667355180 0.369179487 0.646736085
1341847996.070721 -2.521160603 -1.290202379 2.572026253 0.010933406 0.669634700 0.368785769 0.644567192
1341847996.106729 -2.525604725 -1.292651772 2.574069738 0.010883306 0.671246469 0.367639303 0.643545806
1341847996.138845 -2.521619320 -1.294790268 2.576269627 0.010240280 0.673432410 0.367654711 0.641259730
1341847996.170714 -2.519798279 -1.298553705 2.578823566 0.012584731 0.676502824 0.367518544 0.638056278
1341847996.206643 -2.524917126 -1.301000595 2.582034588 0.012354883 0.678992510 0.365290254 0.636694312
1341847996.239003 -2.528086424 -1.303801894 2.585446119 0.011642368 0.680959344 0.365936011 0.634231627
1341847996.270754 -2.526056528 -1.306594014 2.589012623 0.012328087 0.682141900 0.368084460 0.631699622
1341847996.338944 -2.529173136 -1.310430527 2.596812725 0.012849564 0.684766054 0.369125932 0.628232777
1341847996.374711 -2.529170275 -1.311354637 2.600411892 0.012390684 0.686671078 0.369887471 0.625709653
1341847996.406705 -2.528419018 -1.315452695 2.604285479 0.013878464 0.688665569 0.371468157 0.622542024
1341847996.438632 -2.533142567 -1.317443371 2.608184338 0.015180968 0.690311491 0.372812688 0.619879305
1341847996.474783 -2.530338526 -1.319609761 2.614109278 0.015073941 0.691835046 0.373806804 0.617580414
1341847996.506707 -2.529373407 -1.322334051 2.618641615 0.018077206 0.693410218 0.374579132 0.615260899
1341847996.538771 -2.537412643 -1.324954629 2.624836922 0.019931784 0.695072711 0.374160886 0.613579929
1341847996.574796 -2.541397572 -1.326086998 2.632067204 0.018646481 0.695759356 0.375287205 0.612152636
1341847996.607104 -2.537265062 -1.329986095 2.637607813 0.018721731 0.696563423 0.376906335 0.610238075
1341847996.642752 -2.545814276 -1.329858899 2.650316715 0.018791789 0.698052168 0.377071142 0.608430386
1341847996.674774 -2.545850039 -1.330783606 2.658939362 0.015408316 0.698036134 0.379181057 0.607231319
1341847996.706896 -2.543449879 -1.333884239 2.665307522 0.012588821 0.700445116 0.379433870 0.604357719
1341847996.742663 -2.547726870 -1.338328123 2.671297550 0.007281234 0.703488767 0.379920483 0.600592196
1341847996.774747 -2.544932365 -1.338671684 2.679834843 0.004105999 0.705438018 0.381691068 0.597203732
1341847996.806787 -2.546259880 -1.341114521 2.686955929 0.005240292 0.707075775 0.383964658 0.593790889
1341847996.842763 -2.547242403 -1.343464375 2.696503401 0.005206792 0.708495140 0.385500491 0.591098130
1341847996.874766 -2.547514200 -1.347670078 2.704393387 0.005759251 0.708643317 0.387888610 0.589350522
1341847996.910785 -2.549964428 -1.353643179 2.714474678 0.008225002 0.709436178 0.388636589 0.587872803
1341847996.942686 -2.553386450 -1.357744217 2.724328279 0.010576388 0.709666908 0.389743567 0.586822927
1341847996.974782 -2.553523779 -1.363320470 2.733720779 0.012254233 0.710131049 0.389928758 0.586105287
1341847997.010744 -2.559557676 -1.369063616 2.744686842 0.014483302 0.711559176 0.389043093 0.584909737
1341847997.042675 -2.562984943 -1.372733831 2.754384518 0.015494600 0.711703837 0.388827682 0.584850967
1341847997.078725 -2.563773155 -1.380622745 2.764590025 0.015859593 0.712185919 0.388554156 0.584435999
1341847997.142993 -2.567955732 -1.391700268 2.786272526 0.014207617 0.713098526 0.386608988 0.584655583
1341847997.178794 -2.566856146 -1.394174933 2.797922611 0.014737750 0.713645577 0.384567916 0.585320771
1341847997.210888 -2.574516773 -1.400000811 2.809441566 0.014414145 0.714067578 0.383298755 0.585646451
1341847997.242959 -2.575120926 -1.405027628 2.819871902 0.012807962 0.714356065 0.383229375 0.585377395
1341847997.278756 -2.575535774 -1.408638477 2.828176975 0.012432889 0.714099526 0.384067565 0.585149050
1341847997.311412 -2.576844215 -1.414617538 2.834604979 0.011007576 0.714085877 0.384413213 0.584967315
1341847997.346642 -2.571894646 -1.421856642 2.839744568 0.009808983 0.715313077 0.384906083 0.583162427
1341847997.378668 -2.574282408 -1.427352190 2.848085880 0.009850973 0.717611730 0.383943617 0.580967963
1341847997.410817 -2.570958853 -1.432657242 2.854543447 0.009376602 0.719335198 0.384108067 0.578731418
1341847997.446693 -2.565885544 -1.439655304 2.860734463 0.010257790 0.721461952 0.383046746 0.576769233
1341847997.478752 -2.568214655 -1.442160487 2.871251583 0.011490099 0.724976718 0.380661190 0.573910952
1341847997.510941 -2.568159819 -1.448616982 2.878327847 0.010637786 0.727243900 0.381102473 0.570757449
1341847997.546599 -2.562808990 -1.454564095 2.885870934 0.010353771 0.729173779 0.380544573 0.568668842
1341847997.578740 -2.559769869 -1.459918499 2.894149780 0.009892304 0.731485009 0.379035443 0.566713393
1341847997.614736 -2.557344437 -1.465866566 2.900542259 0.008248877 0.734158218 0.377653152 0.564200163
1341847997.646995 -2.549201727 -1.472529769 2.909756660 0.007771292 0.736498654 0.376752228 0.561753690
1341847997.678842 -2.543496132 -1.479519367 2.921622753 0.010221678 0.737976134 0.375836313 0.560387194
1341847997.714639 -2.539854527 -1.484954953 2.931436539 0.011156445 0.739325702 0.374354333 0.559581876
1341847997.746602 -2.535933733 -1.491691470 2.941908360 0.011490108 0.741958082 0.372550279 0.557290316
1341847997.778734 -2.529011250 -1.496585011 2.951396704 0.013225760 0.744442344 0.370776713 0.555117369
1341847997.846906 -2.521644831 -1.510520458 2.972027302 0.016666677 0.746542990 0.370937854 0.552087724
1341847997.882641 -2.520108938 -1.515589356 2.982718468 0.018506516 0.747545719 0.372825742 0.549394131
1341847997.915169 -2.511427402 -1.520706177 2.992130041 0.020055443 0.747921526 0.375368983 0.547091722
1341847997.946999 -2.506140232 -1.526675344 3.002607346 0.022104461 0.748260021 0.377597392 0.545012355
1341847997.982715 -2.499937057 -1.533282757 3.011200905 0.022950260 0.747935593 0.379584849 0.544041336
1341847998.014866 -2.493828058 -1.539808750 3.019566536 0.023837611 0.748456836 0.380223483 0.542839110
1341847998.050805 -2.491550207 -1.546622753 3.028012037 0.025218414 0.748813510 0.380890071 0.541816533
1341847998.082631 -2.486209869 -1.553343058 3.040318966 0.027032578 0.748337090 0.382257938 0.541423738
1341847998.122275 -2.483605623 -1.560130358 3.048723698 0.028629402 0.746048033 0.384898394 0.542628825
1341847998.154051 -2.477740526 -1.561625004 3.058491707 0.027835716 0.745576978 0.385379970 0.542975664
1341847998.185663 -2.471958637 -1.568330288 3.065412045 0.026035324 0.744716346 0.385657847 0.544047594
1341847998.253760 -2.463029146 -1.579324126 3.083330631 0.023274979 0.744295835 0.385489732 0.544866621
1341847998.318804 -2.452882051 -1.591012001 3.100972652 0.022628553 0.743287802 0.383761704 0.547483504
1341847998.351206 -2.450745583 -1.598080397 3.112046242 0.021175155 0.742484033 0.384165615 0.548348308
1341847998.382723 -2.444316387 -1.604689717 3.121616364 0.019828299 0.741162360 0.384216249 0.550148368
1341847998.419237 -2.441381693 -1.605706215 3.129880428 0.017821969 0.740696907 0.382260025 0.552202642
1341847998.450786 -2.436730385 -1.610915184 3.143759727 0.014177782 0.740626991 0.381231129 0.553112507
1341847998.484037 -2.432147503 -1.615861177 3.155176640 0.012884800 0.739190757 0.381379217 0.554960370
1341847998.518722 -2.430301666 -1.620000362 3.168108225 0.010205953 0.738514960 0.380357027 0.556614757
1341847998.550746 -2.425014257 -1.625292063 3.176699638 0.007368729 0.737864316 0.380104601 0.557693958
1341847998.586740 -2.421741962 -1.630390048 3.187951565 0.006152620 0.737750947 0.379815966 0.558055162
1341847998.618771 -2.417634726 -1.635546207 3.199665546 0.004832176 0.737266719 0.379708260 0.558780909
1341847998.650736 -2.420874834 -1.640351176 3.211738110 0.002204756 0.737420261 0.379328191 0.558852971
1341847998.686862 -2.415348768 -1.646710634 3.221982002 -0.000157922 0.737695873 0.380453289 0.557727635
1341847998.718741 -2.408388615 -1.653608561 3.232836246 0.000502714 0.737801909 0.381098628 0.557146311
1341847998.750838 -2.411686659 -1.657677293 3.246644974 0.001652285 0.737630010 0.381554395 0.557059765
1341847998.786762 -2.407680750 -1.660701394 3.258965969 0.000830038 0.737561584 0.382643640 0.556404591
1341847998.818756 -2.405995607 -1.664446473 3.270303726 0.001219842 0.739157319 0.382461756 0.554407775
1341847998.854711 -2.405151844 -1.668956399 3.283234596 -0.000648070 0.740419984 0.381886184 0.553119302
1341847998.886699 -2.402610779 -1.677803993 3.294463873 -0.001451072 0.740339756 0.383482993 0.552119315
1341847998.918666 -2.402368546 -1.681549072 3.311507702 0.000276432 0.739911079 0.386304468 0.550727248
1341847998.954799 -2.401612759 -1.683502674 3.326153040 -0.000252072 0.739345074 0.388664782 0.549825966
1341847998.986722 -2.394906998 -1.687280178 3.335809708 -0.000997180 0.737919807 0.391394705 0.549803317
1341847999.018809 -2.394325972 -1.688686967 3.340126038 -0.000949864 0.736931622 0.392604172 0.550266206
1341847999.054894 -2.393073559 -1.693433046 3.355551004 -0.001373987 0.737774253 0.394133151 0.548038661
1341847999.086763 -2.389871120 -1.696929932 3.370018482 -0.003866389 0.737005711 0.395385176 0.548159063
1341847999.122718 -2.386587381 -1.701776266 3.378029346 -0.004610328 0.736235619 0.397307277 0.547798097
1341847999.154891 -2.385230541 -1.702211857 3.388042688 -0.005566900 0.737757921 0.397408992 0.545663297
1341847999.186738 -2.381052017 -1.708339214 3.395944595 -0.006168186 0.739631832 0.398702621 0.542165101
1341847999.222717 -2.375240564 -1.710035086 3.401768684 -0.006512522 0.742069006 0.397285730 0.539865971
1341847999.290995 -2.368917465 -1.718356609 3.418737411 -0.001082025 0.749640942 0.396323919 0.530061066
1341847999.322701 -2.361225605 -1.725270271 3.425101757 0.003590110 0.750527442 0.399050087 0.526739717
1341847999.354861 -2.359980583 -1.728647351 3.434002161 0.008040939 0.751444817 0.399791002 0.524817348
1341847999.390790 -2.360691071 -1.732533455 3.442062378 0.010691205 0.753778160 0.399984211 0.521264732
1341847999.423935 -2.355711222 -1.736442566 3.446244717 0.010586650 0.756170034 0.400046587 0.517742753
1341847999.454933 -2.350141048 -1.739968300 3.454766273 0.011747598 0.759993851 0.398674607 0.513156831
1341847999.490878 -2.348822117 -1.742791414 3.460518122 0.012198975 0.763678551 0.397515863 0.508554339
1341847999.522673 -2.340881348 -1.748155713 3.469177246 0.016460994 0.767920613 0.401779771 0.498598099
1341847999.558926 -2.332914352 -1.750460744 3.470206976 0.021049421 0.769124210 0.405037016 0.493912935
1341847999.590686 -2.330494642 -1.751925349 3.476965427 0.022634836 0.771204054 0.405311167 0.490362018
1341847999.622896 -2.326306820 -1.756631851 3.485216618 0.022152394 0.774324596 0.406240344 0.484664291
1341847999.658843 -2.314729691 -1.758203149 3.489043236 0.023400176 0.776777864 0.407385886 0.479692936
1341847999.691111 -2.308462858 -1.759599328 3.494799614 0.025303740 0.779284000 0.407313138 0.475575775
1341847999.722697 -2.299112558 -1.762563705 3.500388384 0.024617581 0.780922949 0.408914000 0.471532255
1341847999.758778 -2.287164450 -1.764333844 3.502331972 0.025018189 0.782902181 0.409359604 0.467827946
1341847999.791003 -2.277967215 -1.766389012 3.505716085 0.027817335 0.785483658 0.409532219 0.463168353
1341847999.826747 -2.271653175 -1.765896082 3.512996435 0.028419003 0.787530124 0.409848690 0.459361225
1341847999.858757 -2.262906790 -1.767343521 3.516774654 0.030054528 0.789312363 0.413197547 0.453156203
1341847999.897730 -2.255472183 -1.769255161 3.519675970 0.031954464 0.790357649 0.417700678 0.447034508
1341847999.958786 -2.236785650 -1.765849590 3.526101112 0.032716278 0.791834533 0.426345050 0.436070800
1341847999.990848 -2.226130009 -1.765694976 3.527991533 0.033192243 0.792061985 0.431688547 0.430326730
1341848000.026656 -2.216728687 -1.764113665 3.529629230 0.033731937 0.792522967 0.434618354 0.426469773
1341848000.058724 -2.208522797 -1.765541792 3.535375357 0.031886928 0.793510497 0.437378466 0.421929359
1341848000.094780 -2.201730251 -1.763534904 3.539053202 0.030070942 0.794288993 0.440581858 0.417238981
1341848000.126737 -2.191570759 -1.759510398 3.538119078 0.028481115 0.795273900 0.443616062 0.412229329
1341848000.158633 -2.184596300 -1.758692145 3.539974213 0.025299281 0.796235025 0.446779847 0.407133251
1341848000.194808 -2.174630880 -1.758298516 3.540628195 0.024175735 0.796642482 0.450119644 0.402701706
1341848000.227063 -2.167060614 -1.759121180 3.541391611 0.023409726 0.796866715 0.453065157 0.398983091
1341848000.266975 -2.157789230 -1.756696463 3.542492151 0.021666285 0.797213614 0.455605656 0.395480216
1341848000.327132 -2.144045353 -1.756324410 3.544935703 0.020894405 0.798088729 0.460381508 0.388158113
1341848000.362696 -2.132196903 -1.754262567 3.545040607 0.019156078 0.797289014 0.463279039 0.386440098
1341848000.394654 -2.124452591 -1.751018524 3.546601057 0.020010430 0.797950625 0.464585721 0.383450717
1341848000.426772 -2.117852688 -1.750240445 3.545661211 0.020332692 0.798101783 0.466395497 0.380913943
1341848000.462696 -2.110594511 -1.748156548 3.545624018 0.019105285 0.798029602 0.468028367 0.379121631
1341848000.494711 -2.100929976 -1.745997667 3.548200369 0.017774289 0.799799025 0.467476755 0.376126528
1341848000.530849 -2.092469692 -1.744950771 3.547785997 0.018564167 0.800794303 0.467908412 0.373424262
1341848000.562770 -2.083742142 -1.742793798 3.545529366 0.019072890 0.801129162 0.468081653 0.372462094
1341848000.594838 -2.073832989 -1.743866920 3.549273252 0.019159140 0.803483367 0.467202812 0.368468434
1341848000.630641 -2.063489914 -1.744639635 3.548711538 0.019989520 0.805158019 0.467161357 0.364803225
1341848000.662663 -2.053995132 -1.746980190 3.549908161 0.020105332 0.807462335 0.466016263 0.361149907
1341848000.695377 -2.045732498 -1.744542122 3.546066523 0.021264043 0.808963895 0.465976894 0.357758224
1341848000.730805 -2.035514116 -1.745971203 3.549927950 0.021864980 0.811132789 0.465451330 0.353469491
1341848000.762655 -2.024076939 -1.746705770 3.549756050 0.023437573 0.812756538 0.465621859 0.349390775
1341848000.798741 -2.014879704 -1.748713255 3.548071384 0.026359558 0.813842475 0.466266662 0.345775992
1341848000.830729 -2.003726006 -1.748935461 3.547894478 0.028528504 0.814852059 0.466446638 0.342972100
1341848000.862750 -1.994775414 -1.752641201 3.552765131 0.029549608 0.817622602 0.464682877 0.338659137
1341848000.898723 -1.986528516 -1.755832911 3.552578449 0.031071777 0.818763912 0.465606481 0.334471136
1341848000.930722 -1.976197839 -1.756785870 3.557758570 0.034118477 0.819419444 0.466466397 0.331356049
1341848000.963197 -1.968235493 -1.757758141 3.559363365 0.035185635 0.820027471 0.466569692 0.329590291
1341848000.998783 -1.957152963 -1.760699511 3.561527967 0.034803443 0.821137428 0.466407359 0.327087581
1341848001.030740 -1.945720315 -1.758243799 3.563528776 0.036563665 0.822170019 0.466339767 0.324386895
1341848001.067042 -1.936197758 -1.760815144 3.566053152 0.038601290 0.822377920 0.467560381 0.321856946
1341848001.098800 -1.926169753 -1.761590481 3.567663670 0.040039118 0.822687685 0.468290061 0.319822341
1341848001.130714 -1.915549874 -1.759361506 3.569760561 0.041162021 0.823843479 0.467919588 0.317236334
1341848001.205951 -1.895208716 -1.758759975 3.575736284 0.039600931 0.826629817 0.466650337 0.312013447
1341848001.266775 -1.873616338 -1.755425453 3.580412149 0.032188844 0.830386281 0.464360535 0.306254476
1341848001.299150 -1.863872170 -1.753827095 3.587605476 0.030265987 0.833045363 0.462622911 0.301826954
1341848001.334803 -1.849285007 -1.756715775 3.585134268 0.028074490 0.834370077 0.464492559 0.295440406
1341848001.366701 -1.839311242 -1.752846003 3.585597277 0.024550866 0.836573899 0.463502079 0.291045010
1341848001.399276 -1.830849648 -1.752437353 3.583135605 0.022529557 0.837815046 0.464387387 0.286186665
1341848001.434718 -1.820501685 -1.748993874 3.579872847 0.022690048 0.839430690 0.465220451 0.280020207
1341848001.466720 -1.809812069 -1.746743679 3.579355001 0.020313807 0.841335475 0.465600252 0.273785472
1341848001.502686 -1.801914454 -1.743895054 3.580725670 0.016598297 0.843165040 0.466015130 0.267632544
1341848001.534905 -1.791115284 -1.739541769 3.573765516 0.016038623 0.844670892 0.466821074 0.261442274
1341848001.567011 -1.784282446 -1.734064817 3.574247122 0.015630273 0.848670781 0.463623554 0.254100263
1341848001.602899 -1.778713703 -1.731479406 3.574348927 0.013362539 0.850883126 0.463827372 0.246340126
1341848001.634657 -1.767771602 -1.727981806 3.570576191 0.012834975 0.852388740 0.465066284 0.238709211
1341848001.666646 -1.757625103 -1.725822449 3.568469763 0.014409290 0.854803085 0.463758290 0.232448727
1341848001.734859 -1.740998864 -1.720532417 3.563499212 0.012140159 0.857371449 0.463649958 0.223149225
1341848001.770725 -1.731804013 -1.716906786 3.560124874 0.014957819 0.859636068 0.461850792 0.217935979
1341848001.802763 -1.723335624 -1.718077183 3.557520390 0.014693292 0.860987067 0.461657166 0.212974444
1341848001.834761 -1.718062401 -1.717924118 3.555282593 0.014270835 0.861026585 0.464378506 0.206838384
1341848001.870724 -1.705296159 -1.713185549 3.549383402 0.015420585 0.862074316 0.464659154 0.201697692
1341848001.902749 -1.697777390 -1.715071440 3.546371222 0.013050115 0.863067091 0.464399904 0.198186010
1341848001.934732 -1.691602588 -1.713757992 3.545725584 0.014251040 0.862842083 0.467223048 0.192362010
1341848001.970708 -1.679576874 -1.708485842 3.539638042 0.018781012 0.863087475 0.468285233 0.188245237
1341848002.002731 -1.671533585 -1.710895538 3.537107229 0.019681735 0.863776088 0.468624294 0.184105724
1341848002.038858 -1.662411332 -1.709409714 3.532963276 0.021513620 0.863476753 0.470834494 0.179610789
1341848002.070767 -1.652439833 -1.708102465 3.527060747 0.022694396 0.864272237 0.471254617 0.174463809
1341848002.102720 -1.643470645 -1.706121445 3.527236462 0.025046227 0.865240037 0.470727593 0.170727670
1341848002.138653 -1.632652998 -1.704738855 3.520245075 0.023230460 0.865183532 0.471551955 0.168987140
1341848002.171849 -1.624745131 -1.702460051 3.517648458 0.023349509 0.865617692 0.472641647 0.163617849
1341848002.202698 -1.617398977 -1.699840784 3.514985323 0.026167592 0.865943313 0.473381877 0.159270599
1341848002.238731 -1.607275128 -1.698281765 3.511398077 0.024520358 0.866353393 0.473534822 0.156829014
1341848002.270763 -1.599652171 -1.696720362 3.509200573 0.020919422 0.866627574 0.474344254 0.153351367
1341848002.306708 -1.590287805 -1.693082571 3.507948399 0.018586043 0.866782546 0.475377351 0.149529472
1341848002.338850 -1.583851933 -1.690676451 3.505890131 0.017732263 0.866466522 0.477255553 0.145425528
1341848002.370786 -1.575584292 -1.686843872 3.503527403 0.016203927 0.866068959 0.479728818 0.139722198
1341848002.406793 -1.566037416 -1.678416252 3.501536131 0.017809300 0.866118848 0.480624199 0.136093736
1341848002.438766 -1.559455395 -1.677107096 3.496972322 0.016623093 0.866476536 0.480726391 0.133582890
1341848002.474697 -1.555080414 -1.672856092 3.499073505 0.016817348 0.866191447 0.482174069 0.130145386
1341848002.506756 -1.544528723 -1.665679216 3.493366480 0.016211092 0.865460694 0.484090030 0.127952889
1341848002.538812 -1.537757397 -1.663879395 3.491450310 0.014574921 0.865549624 0.484924704 0.124336131
1341848002.574707 -1.532656908 -1.660630941 3.493235350 0.013480564 0.864672244 0.487336874 0.121091098
1341848002.606780 -1.522286773 -1.653229952 3.489823818 0.011822735 0.864010096 0.488987923 0.119321778
1341848002.639359 -1.515726686 -1.650230169 3.488413334 0.008946151 0.864038467 0.489340425 0.117912769
1341848002.674651 -1.509295106 -1.649595499 3.492305994 0.005792062 0.863048434 0.491506517 0.116341002
1341848002.713789 -1.498971105 -1.640018702 3.488721609 0.006373080 0.861808896 0.493862122 0.115521036
1341848002.774760 -1.485167265 -1.633036137 3.490669489 0.003167358 0.860150933 0.497253448 0.113443837
1341848002.806780 -1.476368904 -1.626693964 3.487108231 0.004897270 0.859332204 0.499075890 0.111568056
1341848002.842833 -1.465129852 -1.619925737 3.487085581 0.006782017 0.860583663 0.496948808 0.111317880
1341848002.875238 -1.457536817 -1.619832516 3.487298965 0.007082488 0.860761046 0.496289432 0.112858884
1341848002.906656 -1.447723866 -1.615125895 3.485506535 0.008792020 0.861074269 0.495699614 0.112941675
1341848002.943323 -1.437493443 -1.612801075 3.487915039 0.009985976 0.861963809 0.493206084 0.116903968
1341848002.974597 -1.430158615 -1.614933252 3.486093760 0.008212979 0.861186922 0.493199944 0.122652382
1341848003.010885 -1.420656681 -1.610334396 3.482899427 0.007232994 0.861386478 0.492407292 0.124483511
1341848003.042638 -1.411640882 -1.609032154 3.482500792 0.008673573 0.862854362 0.489684612 0.124964662
1341848003.074988 -1.402908564 -1.610661745 3.486666203 0.007024581 0.863508523 0.487920523 0.127425566
1341848003.110641 -1.393654823 -1.607604265 3.483911514 0.005465198 0.862618983 0.488980919 0.129446238
1341848003.142626 -1.384629965 -1.605795860 3.481636286 0.003640809 0.863192439 0.487923652 0.129677385
1341848003.242926 -1.361792326 -1.601703405 3.482505798 -0.005135723 0.864533007 0.485531509 0.129674450
1341848003.278886 -1.350863576 -1.597785950 3.480521917 -0.007296462 0.864333987 0.485275447 0.131838113
1341848003.310739 -1.343861818 -1.594242334 3.481924295 -0.010256040 0.864991546 0.483716816 0.133050591
1341848003.342708 -1.335050106 -1.590801954 3.481992006 -0.011900743 0.865531802 0.482289493 0.134572759
1341848003.378999 -1.324778080 -1.588964939 3.481281281 -0.015890375 0.866208434 0.479980499 0.138019025
1341848003.410779 -1.315864563 -1.587612391 3.484747171 -0.018348875 0.866647482 0.477923304 0.142038226
1341848003.442728 -1.304557800 -1.583206654 3.484441519 -0.018544039 0.866205871 0.477316409 0.146671534
1341848003.478703 -1.293017149 -1.583690882 3.486041069 -0.019158691 0.865733862 0.476789713 0.151027665
1341848003.510700 -1.286679149 -1.578047752 3.485042095 -0.020687846 0.864203274 0.475610882 0.162846774
1341848003.546854 -1.276681781 -1.574003220 3.483067513 -0.021212198 0.863472819 0.475682467 0.166405976
1341848003.578749 -1.267731667 -1.573393106 3.483636618 -0.019442974 0.863152206 0.475018591 0.170139924
1341848003.617886 -1.259902239 -1.572223663 3.483647823 -0.019399473 0.862540305 0.473581582 0.177111328
1341848003.649972 -1.251538277 -1.569050789 3.481937408 -0.019901335 0.861731827 0.472430944 0.183932751
1341848003.685816 -1.242921114 -1.565582752 3.478699207 -0.020289967 0.861540079 0.470868826 0.188731760
1341848003.717853 -1.233491898 -1.564073324 3.476594687 -0.023748497 0.861328959 0.468982100 0.193918094
1341848003.753761 -1.227346063 -1.561057091 3.475411892 -0.026242178 0.860387743 0.468095571 0.199827477
1341848003.785807 -1.218837142 -1.558047533 3.470407009 -0.024516141 0.858927011 0.468895078 0.204403713
1341848003.817941 -1.210397840 -1.555147648 3.470201731 -0.025802247 0.858262539 0.467845082 0.209381625
1341848003.853971 -1.202664137 -1.549090147 3.464788437 -0.027468095 0.856972754 0.468210459 0.213593528
1341848003.885751 -1.195368052 -1.546131134 3.459415197 -0.029100986 0.856294751 0.468337089 0.215807289
1341848003.921688 -1.184980989 -1.546812296 3.453896999 -0.029852057 0.854543924 0.469598293 0.219866097
1341848003.953824 -1.179716349 -1.537620068 3.453374147 -0.029950138 0.854385018 0.467421204 0.225048244
1341848003.985789 -1.172360182 -1.533009768 3.447019100 -0.029447952 0.853102684 0.468776792 0.227149442
1341848004.021643 -1.163762331 -1.531539559 3.441406012 -0.027700100 0.852371216 0.468434304 0.230792791
1341848004.053778 -1.156422257 -1.524419308 3.442111492 -0.029662995 0.852898002 0.466094285 0.233326599
1341848004.089723 -1.149239779 -1.521349072 3.431174994 -0.027733125 0.850204706 0.469890058 0.235767290
1341848004.121698 -1.141018152 -1.516475916 3.425043821 -0.026932864 0.849414647 0.469095647 0.240247190
1341848004.153695 -1.132347107 -1.512350798 3.422512054 -0.027328778 0.848732710 0.468502522 0.243744448
1341848004.189785 -1.124195337 -1.507692814 3.418466330 -0.025716018 0.847430825 0.469035476 0.247397229
1341848004.221773 -1.116420150 -1.501020312 3.415899277 -0.027005199 0.846443295 0.468276352 0.252035350
1341848004.257760 -1.110231400 -1.493574977 3.409053564 -0.028387604 0.844805598 0.467819631 0.258152008
1341848004.289843 -1.100038171 -1.493431449 3.405884504 -0.029418154 0.843176544 0.469215512 0.260815650
1341848004.321820 -1.091434479 -1.488684177 3.405398846 -0.030866267 0.841350377 0.468598634 0.267566979
1341848004.357934 -1.085199475 -1.479640722 3.404368162 -0.031587508 0.840065479 0.466390282 0.275267720
1341848004.389781 -1.077942133 -1.474505901 3.403792858 -0.034814011 0.838496268 0.465460807 0.281172931
1341848004.421857 -1.068290472 -1.471505523 3.401023865 -0.037943568 0.836178243 0.466003031 0.286718279
1341848004.457752 -1.061344385 -1.465204120 3.402029037 -0.040685203 0.834806919 0.464192122 0.293202788
1341848004.489793 -1.053408146 -1.459708929 3.399073839 -0.042702328 0.832141578 0.465275526 0.298723459
1341848004.525726 -1.045744181 -1.455996156 3.397134066 -0.043841820 0.829351842 0.467429072 0.302925050
1341848004.557784 -1.039222479 -1.452022314 3.392993689 -0.043089569 0.825616241 0.470721155 0.308095425
1341848004.589761 -1.032258987 -1.445155144 3.397835970 -0.046238482 0.824593067 0.470159590 0.311220616
1341848004.625757 -1.026828051 -1.441648364 3.393197298 -0.046970606 0.821342647 0.472403735 0.316267073
1341848004.657882 -1.021811485 -1.437481523 3.395445585 -0.049455132 0.819766164 0.472364515 0.320014745
1341848004.689871 -1.013879538 -1.434549689 3.395452976 -0.051900398 0.816758752 0.475932419 0.322024554
1341848004.725815 -1.007990837 -1.430938840 3.394331694 -0.052043781 0.814412892 0.477149993 0.326115191
1341848004.757723 -1.005330801 -1.424827695 3.396706820 -0.053868737 0.813445687 0.475190282 0.331056654
1341848004.789709 -1.000832796 -1.423645139 3.396019459 -0.056326259 0.810935855 0.477556199 0.333392411
1341848004.825782 -0.994507551 -1.423228145 3.393455982 -0.055870276 0.808382869 0.479922950 0.336258292
1341848004.857706 -0.994458914 -1.419017792 3.395668030 -0.055564515 0.807137728 0.479082704 0.340471834
1341848004.889791 -0.988354206 -1.416812658 3.392881393 -0.056748431 0.804570913 0.481437176 0.343021154
1341848004.925788 -0.985997438 -1.414338231 3.395853519 -0.056987282 0.803770185 0.480541319 0.346101224
1341848004.957758 -0.980995178 -1.415063262 3.393297434 -0.056905206 0.801014483 0.483246028 0.348727673
1341848004.993849 -0.979784727 -1.412564993 3.393580914 -0.056486972 0.799028397 0.483497232 0.352977902
1341848005.025661 -0.977421761 -1.409606338 3.394254923 -0.057333063 0.797912359 0.482908577 0.356157511
1341848005.057739 -0.973563433 -1.410396457 3.393412113 -0.059695158 0.796504438 0.482017100 0.360106617
1341848005.093879 -0.973174810 -1.408179760 3.397544384 -0.059757944 0.796577871 0.479966372 0.362663686
1341848005.125700 -0.967613697 -1.410365462 3.396623135 -0.060698383 0.793860555 0.482876420 0.364597768
1341848005.157668 -0.964100361 -1.408110499 3.398405313 -0.057852868 0.792857945 0.481792003 0.368654072
1341848005.193749 -0.964257002 -1.406193614 3.398609877 -0.057035670 0.791244984 0.480982661 0.373274773
1341848005.225713 -0.962082148 -1.405166507 3.398976803 -0.057951026 0.790217996 0.480396003 0.376054585
1341848005.257748 -0.955591202 -1.407647371 3.400568008 -0.059697744 0.789303720 0.480062515 0.378121436
1341848005.293718 -0.956764936 -1.403717279 3.402481318 -0.058121387 0.788198292 0.477288336 0.384137005
1341848005.325870 -0.954005957 -1.402546763 3.403040886 -0.059231564 0.786412299 0.478119463 0.386586607
1341848005.357655 -0.945899487 -1.406162262 3.403564930 -0.060012493 0.784536958 0.479322255 0.388780773
1341848005.393694 -0.943344116 -1.405241251 3.406583071 -0.058919694 0.783410966 0.477354139 0.393609971
1341848005.425692 -0.945073128 -1.400487423 3.408259153 -0.057007313 0.781786561 0.476559728 0.398058772
1341848005.461850 -0.937362671 -1.400913596 3.408803225 -0.058672491 0.780147493 0.477185190 0.400277138
1341848005.493689 -0.935628414 -1.400280356 3.414068222 -0.058565192 0.779413819 0.474877834 0.404444516
1341848005.525844 -0.933092356 -1.399291635 3.411620140 -0.058130506 0.776322067 0.477270097 0.407625020
1341848005.561789 -0.927456617 -1.399076104 3.413767338 -0.059407059 0.775325239 0.476034820 0.410770625
1341848005.593673 -0.924225807 -1.399324417 3.415459633 -0.059939645 0.774094462 0.475167543 0.414005876
1341848005.629831 -0.921860456 -1.400083899 3.416566372 -0.060542516 0.772619367 0.474175036 0.417794168
1341848005.661802 -0.918534756 -1.401412249 3.416705847 -0.060832672 0.771110177 0.473999918 0.420728683
1341848005.693760 -0.909694195 -1.401756525 3.421721458 -0.062813461 0.770976245 0.471637040 0.423330367
1341848005.729741 -0.908504009 -1.402517557 3.423041105 -0.062389862 0.770032227 0.469289243 0.427697986
1341848005.761746 -0.904459715 -1.404048681 3.421946049 -0.062457517 0.768854618 0.468765855 0.430372119
1341848005.797852 -0.899416685 -1.406471014 3.423322439 -0.060310077 0.767694235 0.468222618 0.433331132
1341848005.829917 -0.899415970 -1.405505180 3.427838802 -0.058952238 0.766935289 0.465271443 0.438015372
1341848005.861699 -0.895285606 -1.404340267 3.428548813 -0.059188653 0.765410244 0.464587957 0.441363722
1341848005.897793 -0.889481544 -1.408949137 3.430071592 -0.058993362 0.764653206 0.463885933 0.443435639
1341848005.929656 -0.890402079 -1.408509493 3.433898926 -0.056968719 0.763775945 0.461312890 0.447874248
1341848005.965681 -0.887240648 -1.408442974 3.434666634 -0.057303239 0.762209237 0.460561067 0.451261520
1341848005.997804 -0.879975557 -1.412206054 3.436907768 -0.057826899 0.761683822 0.459780961 0.452874541
1341848006.029768 -0.877927542 -1.413383245 3.438924313 -0.055555038 0.760832310 0.456333458 0.458047718
1341848006.065849 -0.878238678 -1.411407828 3.438633680 -0.053496111 0.759093583 0.454390466 0.463081479
1341848006.097854 -0.871578455 -1.417132139 3.435396194 -0.053650010 0.757629395 0.454126000 0.465713441
1341848006.133683 -0.868914127 -1.416035891 3.441659927 -0.051091567 0.760063946 0.447326094 0.468606383
1341848006.165815 -0.866758347 -1.414926529 3.445580006 -0.046875648 0.760130405 0.444507301 0.471611828
1341848006.197589 -0.864134789 -1.414859533 3.446788788 -0.043184754 0.759289086 0.443251401 0.474492878
1341848006.233778 -0.857462406 -1.423188329 3.447093487 -0.041794032 0.758004963 0.442490697 0.477371633
1341848006.265787 -0.857698917 -1.419275522 3.451971292 -0.039902370 0.758626938 0.436780095 0.481784433
1341848006.301762 -0.853685856 -1.421950698 3.453129292 -0.037256699 0.757293344 0.436785251 0.484084189
1341848006.333717 -0.848993778 -1.425567746 3.454806805 -0.034237545 0.755234063 0.436796665 0.487501800
1341848006.366035 -0.851212978 -1.420598149 3.460863352 -0.035188068 0.754861355 0.431015909 0.493124187
1341848006.401760 -0.844157219 -1.421419621 3.461833715 -0.036820319 0.754068136 0.431228071 0.494032264
1341848006.433710 -0.840056896 -1.425641179 3.464406013 -0.034969918 0.753097355 0.431608081 0.495314062
1341848006.469715 -0.839155674 -1.420728683 3.468312025 -0.034158260 0.751864493 0.429742455 0.498853147
1341848006.501659 -0.833650112 -1.425872803 3.469114542 -0.034640439 0.750266373 0.432375312 0.498950928
1341848006.533741 -0.829342842 -1.430044174 3.470716476 -0.034422930 0.749269366 0.432151854 0.500654876
1341848006.569740 -0.828093052 -1.429201722 3.476226807 -0.034418538 0.749697089 0.429722160 0.502104163
1341848006.601774 -0.821339607 -1.431016445 3.478920937 -0.034649178 0.748979330 0.430867523 0.502177954
1341848006.637780 -0.816203117 -1.436329126 3.478632450 -0.032620396 0.748120308 0.431993455 0.502626777
1341848006.670119 -0.817918777 -1.435045958 3.488214731 -0.032950327 0.749275863 0.428042263 0.504261613
1341848006.701798 -0.811240673 -1.437313080 3.489641190 -0.033967447 0.748862267 0.429300398 0.503738821
1341848006.737817 -0.806223392 -1.441991806 3.492615700 -0.032331329 0.749243617 0.429294169 0.503284514
1341848006.769742 -0.801944256 -1.444483757 3.496218204 -0.030095583 0.749023080 0.430170864 0.503002703
1341848006.801940 -0.799057961 -1.449013352 3.501040936 -0.028629286 0.749640048 0.429818928 0.502469778
1341848006.837619 -0.795591354 -1.449073195 3.503805161 -0.026772674 0.750026047 0.429757923 0.502048135
1341848006.870724 -0.791399956 -1.454045296 3.508269787 -0.025037786 0.751080990 0.429344952 0.500912488
1341848006.901756 -0.788619518 -1.459391475 3.513718605 -0.024372552 0.752431750 0.428569376 0.499580681
1341848006.937738 -0.784639359 -1.463637948 3.516407251 -0.023040345 0.753995001 0.428228438 0.497575223
1341848006.969708 -0.782720089 -1.465076923 3.521790981 -0.021243947 0.756461263 0.426791936 0.495140195
1341848007.005802 -0.779584885 -1.471211553 3.526121855 -0.018315690 0.757898510 0.428854913 0.491261482
1341848007.037835 -0.778846264 -1.475627542 3.531861067 -0.015523636 0.759538054 0.429735899 0.488045216
1341848007.069678 -0.777690411 -1.479386806 3.536808491 -0.014971419 0.761069715 0.431303978 0.484278560
1341848007.105687 -0.773945332 -1.483918071 3.542262077 -0.015578850 0.763121128 0.432587504 0.479866236
1341848007.137866 -0.771290779 -1.489874959 3.546390533 -0.014577974 0.764701247 0.433896273 0.476186484
1341848007.169651 -0.771180153 -1.494819760 3.555324078 -0.014287102 0.766705215 0.434525192 0.472384363
1341848007.205747 -0.768210888 -1.499794960 3.560786009 -0.014262498 0.767970860 0.436770946 0.468239784
1341848007.237921 -0.765324593 -1.507800102 3.566497326 -0.012063043 0.768857896 0.439577848 0.464201868
1341848007.298875 -0.761566162 -1.517581940 3.576107740 -0.008997700 0.768763661 0.444680244 0.459544331
1341848007.331423 -0.759514332 -1.522399545 3.582769632 -0.008453847 0.770718575 0.443339467 0.457571387
1341848007.366699 -0.756411076 -1.528485417 3.587380171 -0.009498016 0.772088408 0.442142963 0.456397742
1341848007.398700 -0.753828526 -1.534434319 3.592866182 -0.008615005 0.773103416 0.441665471 0.455157638
1341848007.434791 -0.749388218 -1.542051315 3.597396135 -0.007333826 0.773691356 0.441290438 0.454544544
1341848007.466689 -0.751052380 -1.544497490 3.608318090 -0.007341758 0.775647759 0.437946945 0.454443842
1341848007.498756 -0.748384476 -1.549953938 3.614531994 -0.007874405 0.776419699 0.439952433 0.451167792
1341848007.534834 -0.741493225 -1.559947252 3.618723869 -0.006100403 0.776312888 0.442956001 0.448431760
1341848007.566719 -0.742198467 -1.561154842 3.627078295 -0.005217968 0.777194917 0.441053957 0.448789835
1341848007.598725 -0.739192009 -1.561331749 3.631369352 -0.007719964 0.778768599 0.440286547 0.446774662
1341848007.634799 -0.732704163 -1.569546461 3.633774757 -0.007956637 0.780418098 0.442074418 0.442102313
1341848007.666675 -0.731293678 -1.574970007 3.644944668 -0.004769672 0.781922281 0.444312990 0.437219292
1341848007.702797 -0.727344513 -1.578439236 3.648189783 -0.002747332 0.781395614 0.450922579 0.431372464
1341848007.734605 -0.717521191 -1.587420702 3.642026901 -0.001145209 0.780983925 0.455562890 0.427229792
1341848007.766913 -0.716769695 -1.587863088 3.651174068 0.000798214 0.785541654 0.450889528 0.423818767
1341848007.802889 -0.714925289 -1.591375351 3.659857750 -0.000846809 0.787350595 0.451463521 0.419832081
1341848007.834962 -0.707382202 -1.598113418 3.660583496 0.001257429 0.787546277 0.456103712 0.414413691
1341848007.866745 -0.704753876 -1.598404169 3.668683767 0.001127817 0.790135682 0.455112904 0.410556287
1341848007.902779 -0.701281071 -1.598291516 3.677213669 -0.002647190 0.793230653 0.455399841 0.404214144
1341848007.934851 -0.688840389 -1.614458323 3.673946857 -0.000764967 0.793240547 0.464078158 0.394208491
1341848007.970690 -0.682336330 -1.620956540 3.681507587 0.004423392 0.794206500 0.465424716 0.390635818
1341848008.002709 -0.684691429 -1.619007707 3.688926220 0.006566096 0.795622408 0.464550883 0.388759971
1341848008.034820 -0.677211285 -1.623096347 3.692461967 0.006048681 0.796779037 0.467792809 0.382461190
1341848008.070825 -0.670652151 -1.628554225 3.696993828 0.006880882 0.797559857 0.470031261 0.378049642
1341848008.103209 -0.667305946 -1.627025366 3.702661991 0.006664726 0.798634052 0.470146000 0.375635445
1341848008.138809 -0.660505533 -1.631250024 3.704759121 0.005694612 0.799935758 0.471741229 0.370851099
1341848008.171058 -0.653863907 -1.636455059 3.711075306 0.005707905 0.801612556 0.472572237 0.366142333
1341848008.202734 -0.644932032 -1.640003443 3.719060183 0.007124766 0.802869976 0.474738449 0.360517085
1341848008.238657 -0.639571428 -1.640773773 3.726047993 0.007883003 0.803409517 0.476856589 0.356481224
1341848008.270710 -0.632212162 -1.643489003 3.730923653 0.007522030 0.803709090 0.479903430 0.351692826
1341848008.302748 -0.625236511 -1.645975709 3.734234810 0.008320367 0.803883672 0.483254641 0.346650928
1341848008.338769 -0.618386745 -1.648827434 3.736030102 0.009026397 0.803516150 0.486310333 0.343194574
1341848008.370731 -0.612229824 -1.653848886 3.744706631 0.007559790 0.804785371 0.486924320 0.339364409
1341848008.438870 -0.597618341 -1.663033366 3.750136614 0.009361709 0.805914998 0.491239280 0.330298811
1341848008.470807 -0.592067719 -1.666326165 3.758627415 0.009936940 0.807264984 0.491498053 0.326579571
1341848008.506855 -0.589525700 -1.663731098 3.760363817 0.011524923 0.807890117 0.492570668 0.323349535
1341848008.538786 -0.579329729 -1.675789237 3.760684967 0.012588701 0.808165312 0.496175349 0.317049474
1341848008.570727 -0.574012518 -1.679546356 3.768897057 0.014766400 0.809181273 0.496402025 0.313994706
1341848008.606698 -0.568667889 -1.682725787 3.770977736 0.017010156 0.808986843 0.499372989 0.309641153
1341848008.638714 -0.563574791 -1.687976956 3.771719456 0.019346502 0.809321940 0.501203597 0.305644780
1341848008.674639 -0.558702230 -1.690172195 3.776288033 0.020690978 0.810257673 0.501362503 0.302803606
1341848008.706785 -0.554898739 -1.688967824 3.777416706 0.021106184 0.811562240 0.500940502 0.299966544
1341848008.738678 -0.547000647 -1.697595954 3.780375957 0.020507997 0.812976718 0.501638293 0.294970214
1341848008.775071 -0.541595697 -1.701129556 3.785454750 0.019248515 0.813931525 0.501373589 0.292864472
1341848008.806865 -0.537024975 -1.702293992 3.786586285 0.018437518 0.815147698 0.500701845 0.290675044
1341848008.838798 -0.531873465 -1.705116034 3.791764259 0.017069457 0.816660166 0.500024557 0.287663698
1341848008.874631 -0.526439190 -1.712833762 3.796218872 0.016454527 0.817097366 0.501546085 0.283782929
1341848008.906680 -0.520753622 -1.714699626 3.798646450 0.017228732 0.817656815 0.502547860 0.280332357
1341848008.943051 -0.518316269 -1.714749455 3.802633047 0.016085282 0.819362164 0.501677811 0.276959240
1341848008.974723 -0.510750532 -1.721495390 3.802385092 0.014651677 0.819795370 0.503503263 0.272406757
1341848009.006825 -0.503405333 -1.725603580 3.808413506 0.015563617 0.820348918 0.504181623 0.269418538
1341848009.042740 -0.499175072 -1.725604773 3.818470001 0.013956947 0.821503520 0.503739536 0.266802818
1341848009.110807 -0.487291098 -1.727200747 3.820048809 0.012317359 0.822693884 0.505284011 0.260213852
1341848009.142732 -0.483472109 -1.724441290 3.825627089 0.009433662 0.825406969 0.502837241 0.256455004
1341848009.174693 -0.477584600 -1.726742506 3.827182531 0.008484625 0.827367485 0.503079593 0.249603644
1341848009.210697 -0.472862482 -1.728713274 3.833819866 0.010469735 0.828461826 0.505087852 0.241718262
1341848009.242869 -0.465280533 -1.727861643 3.839643240 0.012362830 0.828243673 0.509176433 0.233664408
1341848009.274683 -0.463210583 -1.724943399 3.839006424 0.013787543 0.828277409 0.511904180 0.227421746
1341848009.310898 -0.456408024 -1.726670504 3.843375683 0.011276010 0.829958797 0.512980103 0.218843922
1341848009.342882 -0.451062202 -1.727390766 3.840358257 0.012646955 0.828805685 0.517453551 0.212516040
1341848009.378700 -0.445588589 -1.726311445 3.845327139 0.013293957 0.829493105 0.518244743 0.207814738
1341848009.442927 -0.431839705 -1.728968382 3.851602793 0.011922506 0.829679608 0.522086382 0.197270006
1341848009.479022 -0.423294544 -1.728310347 3.859367132 0.010663263 0.830975115 0.521797836 0.192597464
1341848009.510631 -0.412962914 -1.730504274 3.858818054 0.009257747 0.829670429 0.525206983 0.188994631
1341848009.542815 -0.410058498 -1.727553606 3.859063387 0.009489710 0.830359995 0.524245679 0.188623354
1341848009.578814 -0.403958797 -1.725433826 3.865810394 0.008477992 0.831440210 0.523155689 0.186931998
1341848009.610955 -0.393718958 -1.726992369 3.863437414 0.007147833 0.830484152 0.525292158 0.185238466
1341848009.646873 -0.384442806 -1.726940155 3.864784479 0.006245252 0.831717730 0.523298681 0.185378179
1341848009.678666 -0.376506805 -1.724807739 3.869503736 0.004153729 0.833325744 0.520556509 0.185935244
1341848009.710835 -0.367964506 -1.722823858 3.870705366 0.001988975 0.833913803 0.519536734 0.186186627
1341848009.746819 -0.356787920 -1.723987341 3.864946842 0.001735734 0.833526492 0.520099759 0.186351418
1341848009.778767 -0.349231482 -1.719513655 3.871091604 0.001609969 0.835518539 0.516258121 0.188106075
1341848009.810661 -0.344079256 -1.716945171 3.872145653 0.002382484 0.835521400 0.516190886 0.188269392
1341848009.846800 -0.330636978 -1.719920158 3.869618416 0.004109152 0.834037185 0.519518018 0.185650781
1341848009.878688 -0.326688051 -1.711768389 3.869699478 0.006157978 0.834502518 0.517847836 0.188152596
1341848009.914782 -0.321754456 -1.707639456 3.870211601 0.004461976 0.834408760 0.517646968 0.189166233
1341848009.946990 -0.311191797 -1.708105803 3.863744020 0.003451463 0.833558440 0.519448698 0.187993601
1341848009.978905 -0.294244289 -1.709946632 3.864023924 0.001761606 0.834434450 0.518189669 0.187604710
1341848010.014819 -0.292697668 -1.703559637 3.864187479 0.003132418 0.834869623 0.516677678 0.189808279
1341848010.046835 -0.284902096 -1.699283838 3.861212969 0.003170275 0.834635973 0.517600775 0.188314021
1341848010.082650 -0.279095173 -1.694209099 3.854742527 0.003862340 0.834181190 0.518380463 0.188171491
1341848010.114748 -0.270143270 -1.689266682 3.854293585 0.002559324 0.834820569 0.518226802 0.185766175
1341848010.146752 -0.261310101 -1.686376333 3.846600056 0.002389059 0.833002627 0.522114635 0.183022767
1341848010.182709 -0.253872633 -1.681385517 3.837383032 0.002908914 0.832354963 0.523697972 0.181431085
1341848010.214739 -0.250346184 -1.675116301 3.828246832 0.003705886 0.832558692 0.523589373 0.180793807
1341848010.246831 -0.240720510 -1.672173738 3.820789337 0.003418920 0.832486451 0.524994254 0.177018791
1341848010.282749 -0.234244585 -1.668630600 3.814473152 0.004330175 0.832485497 0.525722086 0.174829826
1341848010.314754 -0.227294922 -1.664402485 3.804861546 0.005145663 0.831723452 0.527898908 0.171850145
1341848010.351054 -0.223719120 -1.658684492 3.795127153 0.005833312 0.831659436 0.528300405 0.170901388
1341848010.382819 -0.216658592 -1.656219006 3.787985325 0.005979986 0.831648350 0.529295564 0.167843878
1341848010.414692 -0.213509798 -1.654165983 3.779410124 0.007576784 0.830315292 0.531917870 0.166079804
1341848010.450872 -0.209501743 -1.650155783 3.768589735 0.007847494 0.829749346 0.533553839 0.163630113
1341848010.483088 -0.207129717 -1.644885302 3.760736704 0.008467646 0.830255747 0.533474684 0.161271304
1341848010.514760 -0.202193499 -1.641382933 3.757195950 0.008435516 0.830231965 0.534822106 0.156873122
1341848010.550631 -0.196851730 -1.641568184 3.740959406 0.008911599 0.827522159 0.539839566 0.153951406
1341848010.582861 -0.196120501 -1.636043310 3.739424467 0.009383705 0.829796374 0.536943257 0.151795819
1341848010.618690 -0.192625523 -1.634156227 3.736026764 0.006946905 0.829384267 0.538692236 0.147933081
1341848010.650956 -0.185835242 -1.634451389 3.723309040 0.007623650 0.828209758 0.541526020 0.144083783
1341848010.682633 -0.187690496 -1.629431248 3.722442627 0.008754704 0.829775274 0.539295912 0.143374711
1341848010.718753 -0.185022950 -1.629517794 3.717318296 0.007063022 0.829438508 0.540756106 0.139874190
1341848010.750922 -0.182814837 -1.628409863 3.707293749 0.006760305 0.828498006 0.542973220 0.136841148
1341848010.782711 -0.181709886 -1.629268408 3.699510813 0.007666979 0.828958571 0.543278873 0.132728890
1341848010.818844 -0.180075407 -1.627098799 3.696645975 0.008998375 0.831006289 0.541139722 0.128512532
1341848010.850765 -0.181028962 -1.624879599 3.693128347 0.010268909 0.831551969 0.541005075 0.125416860
1341848010.886687 -0.176978707 -1.624943972 3.687009811 0.010961811 0.832102656 0.541039407 0.121496402
1341848010.918833 -0.180610180 -1.622056961 3.681981087 0.012534773 0.832462370 0.540769696 0.120072491
1341848010.950793 -0.178597569 -1.620764256 3.676863909 0.012045412 0.832698643 0.541255534 0.116234623
1341848010.986761 -0.174050808 -1.618647337 3.676478863 0.010865261 0.834033072 0.539878249 0.113147616
1341848011.018704 -0.170018315 -1.616461992 3.673394203 0.010803406 0.834083796 0.540303648 0.110722847
1341848011.051016 -0.170255661 -1.616487026 3.668271542 0.011895032 0.833453298 0.541653514 0.108745806
1341848011.086749 -0.168360949 -1.613790035 3.665463209 0.012346341 0.833997428 0.541301072 0.106250145
1341848011.118701 -0.168024182 -1.613207579 3.664303303 0.013177622 0.834189236 0.541408539 0.104074568
1341848011.154630 -0.163922787 -1.612405539 3.663312674 0.013625072 0.834462106 0.541613460 0.100709073
1341848011.186671 -0.165412426 -1.610450506 3.662007093 0.014552577 0.834301472 0.542008698 0.099779293
1341848011.219095 -0.166204333 -1.608713627 3.658488035 0.012709328 0.833752275 0.543252647 0.097837910
1341848011.254693 -0.160307646 -1.608155966 3.654474735 0.010016459 0.834320486 0.543283701 0.093015268
1341848011.286627 -0.158488989 -1.607218504 3.652925491 0.009160410 0.834838092 0.542996645 0.090089209
1341848011.322712 -0.155161023 -1.605774403 3.649577379 0.008884156 0.835273981 0.543173552 0.084859110
1341848011.354750 -0.150121570 -1.606754780 3.643380642 0.009267911 0.835406005 0.543691874 0.080062516
1341848011.386749 -0.149617314 -1.603678703 3.647524595 0.010810217 0.837507904 0.540974379 0.076225750
1341848011.422722 -0.145815134 -1.602123499 3.642025232 0.010699869 0.836498082 0.543142974 0.071779154
1341848011.454654 -0.147859812 -1.600174904 3.637366295 0.012579883 0.837151647 0.542504668 0.068611346
1341848011.486754 -0.144516468 -1.597918034 3.640041351 0.011192120 0.838406444 0.541237056 0.063338667
1341848011.522854 -0.139966607 -1.595432043 3.638547897 0.011445452 0.838004291 0.542520285 0.057355516
1341848011.554674 -0.139163196 -1.594113827 3.631273508 0.013222510 0.836999238 0.544387043 0.053853564
1341848011.590867 -0.140012681 -1.591559649 3.631160021 0.012509016 0.837621391 0.543594003 0.052341525
1341848011.622723 -0.136515141 -1.588425398 3.631570816 0.011031472 0.837786138 0.543860316 0.046997182
1341848011.654892 -0.133562088 -1.587386847 3.624972820 0.011884144 0.836595058 0.545964301 0.043480504
1341848011.690778 -0.135947585 -1.583397865 3.625738621 0.012804299 0.836761177 0.545774281 0.042394005
1341848011.722610 -0.136016816 -1.580415010 3.622953653 0.011429558 0.835945368 0.547349393 0.038384032
1341848011.754796 -0.132440031 -1.576606035 3.618658304 0.008643086 0.835073650 0.549042702 0.033607114
1341848011.790831 -0.134517893 -1.570651293 3.616339207 0.009916773 0.835016549 0.549287617 0.030530917
1341848011.822705 -0.134087667 -1.567125320 3.611168623 0.011037100 0.833701432 0.551515698 0.025506973
1341848011.858763 -0.134468034 -1.563970327 3.604141474 0.013295790 0.832631946 0.553260207 0.021223841
1341848011.890689 -0.135791510 -1.560780287 3.601027012 0.014632637 0.832367897 0.553713799 0.018723959
1341848011.922914 -0.136113852 -1.556697845 3.595827818 0.015679209 0.831268549 0.555430770 0.015604330
1341848011.958828 -0.136095405 -1.553591490 3.591123581 0.016414300 0.831438899 0.555219412 0.013089661
1341848011.990755 -0.138991192 -1.548913240 3.590913534 0.015295898 0.832247019 0.554052889 0.012502238
1341848012.022737 -0.139216095 -1.545634747 3.583416224 0.013425289 0.830451310 0.556818545 0.011118138
1341848012.058861 -0.138716847 -1.541043043 3.577916622 0.011955257 0.829687774 0.558017254 0.009597406
1341848012.090822 -0.139934614 -1.536368608 3.571078062 0.010104773 0.828794718 0.559391916 0.008834407
1341848012.126859 -0.140338451 -1.529521942 3.564422131 0.008683032 0.828634024 0.559667587 0.007905416
1341848012.190967 -0.136950180 -1.520756006 3.552979231 0.008358601 0.827030897 0.562031388 0.008409807
1341848012.226750 -0.137333572 -1.514485121 3.545276642 0.007825295 0.825473487 0.564298570 0.009967632
1341848012.258713 -0.135972276 -1.509087563 3.538766861 0.006278969 0.824650824 0.565481365 0.011934911
1341848012.295247 -0.138117358 -1.501444817 3.533909559 0.004367288 0.824039578 0.566295624 0.015781481
1341848012.326868 -0.138810456 -1.496120214 3.524578094 0.001167272 0.822234333 0.568845809 0.018543953
1341848012.358782 -0.139472961 -1.488705397 3.517410517 -0.002276915 0.822055697 0.568991959 0.021619480
1341848012.394721 -0.136717111 -1.482101917 3.513800144 -0.006141194 0.821559310 0.569597960 0.023678500
1341848012.426830 -0.137853831 -1.477182865 3.505031586 -0.008401584 0.819366336 0.572576880 0.026906405
1341848012.458805 -0.138786003 -1.471799135 3.493717670 -0.010032364 0.817897379 0.574535787 0.029186593
1341848012.494697 -0.137221798 -1.465386629 3.488627672 -0.012939136 0.818140745 0.574045241 0.030830454
1341848012.526756 -0.133690044 -1.459757566 3.482029915 -0.015995502 0.816896498 0.575674653 0.031984769
1341848012.562690 -0.131819665 -1.454647541 3.472014666 -0.017488688 0.815985799 0.576732993 0.035218831
1341848012.594669 -0.132580429 -1.449800730 3.467285633 -0.020501051 0.816441953 0.575691044 0.039776258
1341848012.626774 -0.129014313 -1.445418835 3.461301565 -0.024733746 0.815723479 0.576383054 0.042024754
1341848012.662763 -0.123695493 -1.440498829 3.456436872 -0.026924649 0.815647960 0.576171160 0.044947602
1341848012.695339 -0.124230325 -1.435104132 3.452527523 -0.027236851 0.815254807 0.576237857 0.050673690
1341848012.726854 -0.123620212 -1.432581425 3.446823120 -0.031004313 0.813935339 0.577402651 0.056162581
1341848012.762672 -0.118682444 -1.429703474 3.441123962 -0.034021363 0.812977254 0.578245699 0.059519075
1341848012.794727 -0.113358259 -1.424767971 3.440177917 -0.036013726 0.813319385 0.576900542 0.066336311
1341848012.830669 -0.114995897 -1.419692755 3.436454773 -0.037738577 0.812501609 0.576796889 0.075646617
1341848012.862795 -0.112086177 -1.416887045 3.426896572 -0.043617129 0.811688781 0.576527655 0.082914121
1341848012.894740 -0.109996080 -1.413674593 3.429461002 -0.047846884 0.814261556 0.571686506 0.088676192
1341848012.930848 -0.108082891 -1.409739733 3.425048113 -0.050204348 0.813297749 0.571738839 0.095608883
1341848012.962752 -0.109729528 -1.406403780 3.422063589 -0.053054519 0.813626289 0.569718778 0.103044100
1341848012.994842 -0.107113361 -1.402022123 3.423723459 -0.057499208 0.815031648 0.566390336 0.107793242
1341848013.030944 -0.104390621 -1.399428606 3.422435760 -0.059198663 0.814011455 0.566638947 0.113142371
1341848013.062714 -0.102849007 -1.396744013 3.418108463 -0.060561042 0.812907279 0.566761971 0.119562022
1341848013.098784 -0.100809932 -1.394496202 3.417787790 -0.061673649 0.813371062 0.564606786 0.125869483
1341848013.130817 -0.096350908 -1.394850254 3.420195103 -0.062977478 0.813255906 0.563472927 0.130946487
1341848013.162759 -0.092094541 -1.392638445 3.420943499 -0.062313296 0.812398255 0.563328147 0.137067825
1341848013.198719 -0.091489434 -1.390885592 3.418896437 -0.058998730 0.810080707 0.564934790 0.145386383
1341848013.230855 -0.091915369 -1.387143850 3.420870543 -0.057266749 0.809996963 0.563604832 0.151575595
1341848013.262723 -0.084969521 -1.384324551 3.425834656 -0.058223352 0.809810340 0.562777996 0.155236036
1341848013.298709 -0.087170124 -1.383514643 3.421866179 -0.055128485 0.805906713 0.565772951 0.165457815
1341848013.330754 -0.087233067 -1.380771160 3.422480345 -0.056748513 0.804992974 0.564766347 0.172640935
1341848013.366705 -0.082158804 -1.379591942 3.426733255 -0.061832126 0.804585397 0.562990367 0.178496644
1341848013.398748 -0.076558113 -1.377278805 3.433125496 -0.063522473 0.803758860 0.562368989 0.183514804
1341848013.430850 -0.070095301 -1.375959873 3.438413143 -0.063781865 0.801083446 0.564025819 0.189926654
1341848013.466959 -0.072160721 -1.377797842 3.429733753 -0.062883414 0.794348061 0.569416404 0.202044234
1341848013.498782 -0.067980289 -1.375355482 3.431262255 -0.066881910 0.793671906 0.567435205 0.208875895
1341848013.534779 -0.062298059 -1.374471426 3.435480118 -0.071616963 0.793493629 0.564670444 0.215374693
1341848013.566664 -0.056515217 -1.373877883 3.438026428 -0.074336886 0.791789293 0.563169420 0.224463955
1341848013.598764 -0.055804014 -1.374351621 3.441447735 -0.073876813 0.790787220 0.560893774 0.233657971
1341848013.634812 -0.050647020 -1.375490189 3.442112923 -0.075020209 0.788266361 0.561637044 0.239941806
1341848013.666669 -0.043718815 -1.374782443 3.439093113 -0.075962350 0.786386311 0.560538948 0.248238549
1341848013.698821 -0.042145014 -1.375197411 3.441607952 -0.077042080 0.787260950 0.555030763 0.257343411
1341848013.734623 -0.038070917 -1.373932958 3.443945408 -0.078811005 0.788004875 0.550311923 0.264563650
1341848013.766827 -0.034653902 -1.373738170 3.447180986 -0.078574881 0.789142191 0.545709252 0.270706594
1341848013.802717 -0.028192759 -1.375858426 3.450289965 -0.078877024 0.788483381 0.544361532 0.275214225
1341848013.834802 -0.025968075 -1.375735521 3.449899912 -0.078776129 0.786067903 0.544128954 0.282516092
1341848013.866791 -0.023676395 -1.373336792 3.449222088 -0.079176255 0.785274148 0.541570246 0.289443165
1341848013.902735 -0.020843267 -1.370773435 3.453852415 -0.080777578 0.786302328 0.536773741 0.295089155
1341848013.966740 -0.011127234 -1.368653178 3.458039522 -0.082145937 0.783114851 0.535073280 0.306071669
1341848014.002717 -0.006525755 -1.367584825 3.459598064 -0.082516737 0.781623781 0.533919632 0.311745256
1341848014.034942 -0.000696659 -1.367678285 3.461495399 -0.083485454 0.779266179 0.533018470 0.318850607
1341848014.070990 0.000290871 -1.364110589 3.460518837 -0.083880968 0.776110590 0.531436861 0.328924447
1341848014.102686 0.003523350 -1.359818935 3.462041855 -0.087991655 0.774442911 0.528398097 0.336587399
1341848014.134725 0.012410164 -1.359170914 3.466386080 -0.092877723 0.772933483 0.526151001 0.342217237
1341848014.170724 0.021853924 -1.362595081 3.467756271 -0.095036007 0.769000113 0.528041065 0.347533613
1341848014.202658 0.029658794 -1.360969782 3.465288877 -0.097623467 0.764728546 0.528790176 0.355022401
1341848014.234751 0.040937901 -1.360911489 3.468237638 -0.099519439 0.763795257 0.525997579 0.360609710
1341848014.270714 0.045407772 -1.357807755 3.475280285 -0.101328842 0.762219727 0.521243215 0.370214820
1341848014.302738 0.055080891 -1.359354019 3.475048780 -0.101275057 0.758837700 0.522227466 0.375748843
1341848014.338694 0.062316895 -1.356019616 3.479301214 -0.100677006 0.757192135 0.518821001 0.383860737
1341848014.370553 0.068364143 -1.354828119 3.482616186 -0.101065628 0.753421307 0.516022444 0.394794822
1341848014.438848 0.085032940 -1.352729559 3.490419626 -0.104439497 0.749227881 0.508056700 0.411859810
1341848014.470783 0.094241142 -1.353968382 3.493225574 -0.106176861 0.745858967 0.504292488 0.422030777
1341848014.506633 0.102615356 -1.352747679 3.501189947 -0.108068228 0.744716763 0.498251736 0.430654734
1341848014.538728 0.110608578 -1.354080796 3.498279572 -0.109343179 0.739118516 0.496067375 0.442340553
1341848014.570790 0.116819859 -1.356859446 3.505339146 -0.109869666 0.739619970 0.488678902 0.449537545
1341848014.606858 0.122681141 -1.354232192 3.514506340 -0.109147966 0.738870919 0.482423276 0.457628936
1341848014.638688 0.129343987 -1.357218862 3.516214371 -0.107820734 0.734977424 0.481560796 0.465061516
1341848014.670828 0.138227940 -1.359446526 3.515028954 -0.105488360 0.731855094 0.479754001 0.472330898
1341848014.706765 0.147215843 -1.363222837 3.519675732 -0.106321126 0.730816782 0.474607438 0.478905469
1341848014.738691 0.152128696 -1.362098336 3.520799637 -0.103945948 0.730291367 0.469635010 0.485090405
1341848014.774750 0.161782742 -1.362419248 3.529191017 -0.100998074 0.730330467 0.465697229 0.489431232
1341848014.806669 0.165266991 -1.364980459 3.529575825 -0.094836198 0.726330340 0.465810806 0.496458232
1341848014.838740 0.171500206 -1.364688277 3.529939175 -0.091722101 0.723483503 0.464352608 0.502529025
1341848014.874686 0.183584690 -1.364506245 3.540325642 -0.092135318 0.722941339 0.460085243 0.507137656
1341848014.906647 0.180573463 -1.363662243 3.537848949 -0.086936161 0.718575776 0.457097769 0.516868114
1341848014.938697 0.188065052 -1.363661289 3.541277409 -0.085395634 0.715851665 0.458093703 0.520013750
1341848014.974705 0.198295593 -1.361301780 3.548845768 -0.083882533 0.713424265 0.457828075 0.523815930
1341848015.006657 0.191337109 -1.356615543 3.544273376 -0.080603346 0.707099140 0.457203537 0.533365607
1341848015.042593 0.196644783 -1.355240107 3.544031143 -0.086963795 0.701119602 0.460499167 0.537409842
1341848015.074864 0.207551479 -1.354286909 3.550372124 -0.097526282 0.697976410 0.459467471 0.540561914
1341848015.106838 0.212153912 -1.352057219 3.550676584 -0.104216166 0.693755329 0.457941145 0.546015143
1341848015.142691 0.215974808 -1.349233866 3.552749157 -0.107789263 0.690265834 0.457944006 0.549728930
1341848015.174708 0.221947193 -1.343709230 3.555889130 -0.108071238 0.686785042 0.459024161 0.553121865
1341848015.207238 0.226301193 -1.343155384 3.555782318 -0.110004850 0.681542575 0.458805114 0.559371650
1341848015.243495 0.233090878 -1.341306210 3.555230141 -0.114114672 0.677109003 0.457770437 0.564754307
1341848015.274780 0.237480640 -1.338504553 3.558428526 -0.113841332 0.673799515 0.455596000 0.570496857
1341848015.310598 0.239542484 -1.336012483 3.559101343 -0.111152746 0.668530643 0.453287840 0.579000890
1341848015.342895 0.244632721 -1.336255670 3.557611942 -0.112177953 0.662701845 0.452195525 0.586311936
1341848015.374733 0.246631145 -1.334470391 3.560457706 -0.109198660 0.657655776 0.451562941 0.593005538
1341848015.410655 0.252671719 -1.332659364 3.558900833 -0.108096182 0.650556326 0.450624973 0.601688445
1341848015.442783 0.252030373 -1.329899430 3.556092739 -0.104858622 0.643707275 0.449302822 0.610551178
1341848015.474959 0.257874489 -1.329707265 3.557970047 -0.107363418 0.638083994 0.446020693 0.618374884
1341848015.510927 0.260820866 -1.328126311 3.557926655 -0.107167177 0.632825136 0.441207439 0.627202988
1341848015.542834 0.258954048 -1.326651573 3.556252956 -0.103064470 0.625743628 0.439716756 0.635981023
1341848015.581753 0.265733719 -1.328054190 3.557793140 -0.106336765 0.617729723 0.438657939 0.643957853
1341848015.617769 0.265188694 -1.326109409 3.558381319 -0.105307288 0.612298250 0.431317419 0.654191613
1341848015.650094 0.267055511 -1.324820757 3.556593418 -0.106049754 0.605033755 0.427393466 0.663341880
1341848015.685811 0.273206234 -1.326406956 3.561036348 -0.110007152 0.600268245 0.423596621 0.669434369
1341848015.718057 0.274357557 -1.324758887 3.561658144 -0.107425556 0.595795155 0.417061150 0.677899659
1341848015.749815 0.273152828 -1.326288223 3.561890602 -0.104257733 0.591123343 0.413329184 0.684735417
1341848015.785761 0.277653456 -1.327890158 3.562839270 -0.102497056 0.585641146 0.411766231 0.690628290
1341848015.817883 0.278445959 -1.327481270 3.562173843 -0.100409649 0.581780493 0.405568570 0.697827697
1341848015.853811 0.278200150 -1.329185009 3.560937643 -0.098241769 0.576831162 0.402109176 0.704217792
1341848015.885654 0.281545162 -1.332943201 3.560088158 -0.101083435 0.571870148 0.396250248 0.711148679
1341848015.917793 0.281082630 -1.332693577 3.561393261 -0.102009177 0.569961369 0.388325781 0.716896951
1341848015.954005 0.280586958 -1.333257675 3.564026117 -0.099713184 0.568887830 0.380414844 0.722293854
1341848015.986663 0.278852940 -1.334659815 3.562005520 -0.096727639 0.565131545 0.375225723 0.728337765
1341848016.021677 0.279608250 -1.335940361 3.563165188 -0.094551489 0.561869621 0.372984648 0.732287586
1341848016.053936 0.278615475 -1.335270882 3.563189268 -0.091274045 0.559613883 0.366246849 0.737810731
1341848016.085724 0.279954910 -1.341703892 3.563017607 -0.093358278 0.557168007 0.362987459 0.741004884
1341848016.121844 0.280360460 -1.341923475 3.561187983 -0.093949899 0.553116739 0.361935645 0.744471550
1341848016.153821 0.281278849 -1.343109846 3.562613010 -0.096508093 0.552179456 0.359278500 0.746125340
1341848016.185769 0.280015707 -1.343761444 3.562302828 -0.097979151 0.550785959 0.356792539 0.748153806
1341848016.221734 0.278667212 -1.344227076 3.562580824 -0.099192739 0.549195766 0.356945068 0.749089539
1341848016.253686 0.278480530 -1.343231201 3.566282988 -0.098109864 0.550387800 0.354777068 0.749387085
1341848016.289960 0.280214548 -1.348069906 3.564380169 -0.103028975 0.549376070 0.354119271 0.749780297
1341848016.322013 0.279822588 -1.349851370 3.566125870 -0.106015101 0.551849782 0.357822448 0.745778680
1341848016.353746 0.276876450 -1.346625566 3.569079876 -0.097827747 0.555885255 0.359615386 0.743033111
1341848016.389789 0.274417639 -1.352216840 3.567327976 -0.097489223 0.555836439 0.363485396 0.741228819
1341848016.421705 0.273741961 -1.352919817 3.569474936 -0.094500877 0.557383716 0.367945045 0.738247573
1341848016.453901 0.271968126 -1.353068590 3.572391748 -0.089507908 0.560250521 0.370423704 0.735455036
1341848016.490058 0.270372629 -1.354907513 3.573493481 -0.085804455 0.561747968 0.370532840 0.734698832
1341848016.521813 0.269476414 -1.358107924 3.575660706 -0.085636511 0.564404130 0.370348573 0.732773066
1341848016.554210 0.264746189 -1.357628703 3.580778122 -0.078500919 0.568971395 0.370542318 0.729936719
1341848016.589825 0.263847828 -1.361580849 3.580862284 -0.076985799 0.567288578 0.370067537 0.731646776
1341848016.621860 0.262264252 -1.365281343 3.584130287 -0.075381696 0.568828821 0.373751372 0.728739500
1341848016.657837 0.257840633 -1.362026691 3.586089373 -0.065915339 0.568405330 0.374810338 0.729443491
1341848016.689891 0.256091595 -1.370002389 3.589423418 -0.066151418 0.567007899 0.377230287 0.729262233
1341848016.757848 0.253655195 -1.373515844 3.600986481 -0.064820036 0.570998013 0.375034273 0.727398753
1341848016.818817 0.247191429 -1.384272099 3.605620146 -0.065377980 0.568859160 0.377069205 0.727972448
1341848016.850754 0.244635820 -1.388313055 3.611042261 -0.065469384 0.568898618 0.376619846 0.728165984
1341848016.882757 0.239162445 -1.391889572 3.617847443 -0.065440245 0.570802689 0.376705825 0.726632357
1341848016.918907 0.235587597 -1.394882679 3.624657393 -0.064685561 0.571194112 0.378791153 0.725307107
1341848016.950706 0.232267857 -1.398350239 3.629175186 -0.065282486 0.570434093 0.378612101 0.725944996
1341848016.986658 0.227907181 -1.403370619 3.631824732 -0.068069726 0.570732057 0.377897471 0.725827157
1341848017.018678 0.222573757 -1.405745029 3.639213800 -0.067074262 0.573421180 0.378911197 0.723267317
1341848017.050760 0.217750549 -1.409974575 3.642991543 -0.067035049 0.574012458 0.379604846 0.722437680
1341848017.086845 0.213713884 -1.412900448 3.647730827 -0.068505943 0.576396883 0.379690558 0.720353246
1341848017.118641 0.210054874 -1.416999340 3.652148724 -0.069068812 0.580036700 0.380194992 0.717104435
1341848017.150678 0.204318762 -1.422482252 3.654862165 -0.068019412 0.583531737 0.382992327 0.712868154
1341848017.186855 0.200662136 -1.428076982 3.655945301 -0.068064176 0.585359633 0.386413097 0.709511399
1341848017.218765 0.195324898 -1.431061864 3.661387920 -0.065357529 0.591268718 0.386228979 0.704951763
1341848017.254693 0.187273264 -1.436069250 3.662712097 -0.063431099 0.595375121 0.385994405 0.701792955
1341848017.286638 0.179048300 -1.437424421 3.667306662 -0.057573341 0.600458384 0.387314409 0.697225034
1341848017.318695 0.180477619 -1.441416740 3.673516512 -0.053296905 0.605498016 0.386738271 0.693516493
1341848017.354737 0.172874212 -1.453917265 3.669300318 -0.051141050 0.608265162 0.386656910 0.691299140
1341848017.386825 0.160623789 -1.453955889 3.672032595 -0.046721455 0.613156021 0.385870695 0.687721312
1341848017.418824 0.153614283 -1.458132267 3.675684214 -0.040349592 0.617954254 0.387261063 0.683032513
1341848017.454792 0.143120289 -1.461361408 3.675060511 -0.038242605 0.619152009 0.388634622 0.681286573
1341848017.486699 0.141840935 -1.465762615 3.678904533 -0.037860692 0.622812986 0.390588284 0.676839232
1341848017.522694 0.136351109 -1.470685482 3.681315422 -0.037984785 0.626199245 0.389759690 0.674180269
1341848017.554797 0.129540443 -1.473652840 3.683207035 -0.036263045 0.630236208 0.389356405 0.670737565
1341848017.587838 0.124773502 -1.475657344 3.685904503 -0.034764349 0.633297920 0.389878362 0.667622745
1341848017.622714 0.120966911 -1.479781389 3.686706066 -0.033070263 0.636472583 0.389159679 0.665104330
1341848017.654814 0.114124775 -1.482100606 3.687516689 -0.030694427 0.639251888 0.390715897 0.661631286
1341848017.686820 0.115825653 -1.486423731 3.687561035 -0.028321596 0.641827941 0.390645325 0.659280717
1341848017.722837 0.103724957 -1.490584493 3.689090014 -0.023997799 0.645789325 0.388757139 0.656694829
1341848017.754780 0.104729652 -1.491787195 3.691935301 -0.020783355 0.647817075 0.391311228 0.653281391
1341848017.790699 0.103143692 -1.497432351 3.692806005 -0.018475931 0.649782598 0.389926285 0.652225971
1341848017.822756 0.095261097 -1.499945641 3.694193840 -0.015380187 0.652793229 0.388027251 0.650430143
1341848017.854726 0.091876030 -1.502803802 3.696376562 -0.014284141 0.654041588 0.388248622 0.649067521
1341848017.890737 0.087816715 -1.506159067 3.698432207 -0.012970069 0.655287862 0.388345361 0.647778869
1341848017.922823 0.081525803 -1.507966280 3.702050924 -0.012985243 0.657531977 0.387682676 0.645898879
1341848017.958643 0.081842422 -1.509643555 3.705097675 -0.014211705 0.659054637 0.388188064 0.644014835
1341848017.990683 0.075108528 -1.512588382 3.707395792 -0.013353002 0.660539567 0.387537718 0.642902672
1341848018.022671 0.074107647 -1.512616515 3.711243153 -0.013975786 0.661659122 0.390024811 0.640228570
1341848018.058766 0.075139046 -1.515481710 3.711652517 -0.016822828 0.663069904 0.390607744 0.638342321
1341848018.090894 0.069168568 -1.516956568 3.715169907 -0.016241068 0.666635334 0.389875025 0.635083616
1341848018.122747 0.066256523 -1.518655777 3.717694521 -0.015068991 0.667754412 0.393950254 0.631411254
1341848018.159145 0.068069935 -1.521060944 3.719962358 -0.013648238 0.668834090 0.397031814 0.628363311
1341848018.190824 0.064916611 -1.523445606 3.723230362 -0.014600811 0.671729684 0.396293014 0.625714004
1341848018.226660 0.065485001 -1.525887728 3.726232052 -0.015415286 0.674066484 0.398124874 0.622007549
1341848018.258766 0.064294815 -1.529836893 3.731127977 -0.012811398 0.676190197 0.400843441 0.618002713
1341848018.290747 0.061916828 -1.532799602 3.735493660 -0.011547939 0.677268624 0.403549880 0.615078390
1341848018.333905 0.064763546 -1.536120176 3.740037203 -0.014734332 0.679270327 0.404831350 0.611952901
1341848018.367205 0.066557407 -1.539835691 3.745167971 -0.016040865 0.683178246 0.404394418 0.607844830
1341848018.397728 0.061710358 -1.544765711 3.752577305 -0.014401073 0.686479867 0.404804140 0.603880465
1341848018.433770 0.060483456 -1.548299074 3.760316849 -0.010222632 0.687972009 0.410134345 0.598648429
1341848018.465663 0.061788082 -1.551972985 3.767449617 -0.007342208 0.688724637 0.415348679 0.594213843
1341848018.501822 0.061677933 -1.555836678 3.774145126 -0.007302516 0.690985441 0.416763633 0.590587854
1341848018.534507 0.059167385 -1.560238361 3.782160282 -0.006270420 0.693935573 0.418097228 0.586181521
1341848018.565849 0.058703423 -1.563267827 3.791245461 -0.005458251 0.696040511 0.420329481 0.582083285
1341848018.601739 0.060936928 -1.567128897 3.799060822 -0.007091837 0.698481619 0.420541376 0.578980327
1341848018.633687 0.056103706 -1.572401762 3.807109356 -0.007008949 0.702065170 0.420793086 0.574446261
1341848018.669811 0.056492329 -1.578160763 3.817439556 -0.006732365 0.704113483 0.423502147 0.569934130
1341848018.701756 0.054958820 -1.582757473 3.826649427 -0.007019207 0.705517232 0.425829858 0.566449642
1341848018.733853 0.056593418 -1.589312553 3.833824158 -0.008694406 0.707282901 0.427343130 0.563074708
1341848018.769715 0.053915024 -1.596323729 3.842592716 -0.008711634 0.709448636 0.427148312 0.560491860
1341848018.802234 0.055481434 -1.602506161 3.852309227 -0.008975706 0.710748553 0.428130448 0.558086276
1341848018.833759 0.057656765 -1.608244061 3.858336926 -0.009474204 0.711852372 0.427787036 0.556933343
1341848018.869787 0.058012962 -1.614914179 3.866827726 -0.009209218 0.714872122 0.425245374 0.555013001
1341848018.901964 0.054078579 -1.621105194 3.876580000 -0.006840296 0.716838002 0.424904853 0.552767932
1341848018.933795 0.057147026 -1.626436710 3.884288788 -0.003592570 0.716908813 0.427920789 0.550375044
1341848018.969688 0.051967621 -1.635278583 3.889184952 -0.002017519 0.717217267 0.428191811 0.549770057
1341848019.002336 0.051188946 -1.639863968 3.895961285 -0.003411510 0.718745887 0.428388983 0.547609091
1341848019.069833 0.050980568 -1.651643038 3.907517433 -0.003081142 0.722135901 0.427017689 0.544211626
1341848019.130792 0.049190521 -1.664350390 3.919977188 -0.006149693 0.726252377 0.427415252 0.538364053
1341848019.162652 0.046765804 -1.668601036 3.927526474 -0.005454521 0.728241801 0.428366214 0.534917295
1341848019.198644 0.045242310 -1.673244238 3.933882952 -0.006145905 0.729865015 0.430583984 0.530901790
1341848019.231114 0.046836376 -1.678495288 3.939817429 -0.007997514 0.732611001 0.431961626 0.525952756
1341848019.262728 0.045239925 -1.684105277 3.948606491 -0.008146105 0.735743165 0.431537211 0.521911204
1341848019.298715 0.039716244 -1.688908100 3.958279610 -0.009186840 0.738029897 0.432511091 0.517843246
1341848019.330680 0.043093681 -1.695097208 3.965760946 -0.010858193 0.740180552 0.435274065 0.512397647
1341848019.362697 0.040471077 -1.700527310 3.976014137 -0.011582752 0.743690431 0.433893949 0.508454978
1341848019.398715 0.035712242 -1.706388712 3.986736298 -0.013104454 0.746244371 0.434897423 0.503797472
1341848019.431028 0.038989544 -1.713321209 3.996416807 -0.013932320 0.748657346 0.436495245 0.498788476
1341848019.467021 0.033896923 -1.720399499 4.005949020 -0.014449740 0.751753092 0.434915245 0.495486945
1341848019.498756 0.033401489 -1.727958322 4.016481400 -0.013923081 0.755129576 0.435305387 0.489994764
1341848019.530821 0.033230305 -1.734542489 4.029891491 -0.010798024 0.758083165 0.435341835 0.485459328
1341848019.567087 0.030483723 -1.740601301 4.044054031 -0.008616366 0.759792864 0.437056184 0.481271774
1341848019.598737 0.032788754 -1.747445703 4.053322315 -0.008342111 0.760867298 0.438117266 0.478606969
1341848019.630654 0.029647827 -1.753070951 4.066212177 -0.008407800 0.763608575 0.436912984 0.475329727
1341848019.666875 0.030815601 -1.759518981 4.080703735 -0.008006518 0.764873922 0.438862085 0.471491158
1341848019.698668 0.031593323 -1.762726068 4.089828968 -0.007166451 0.764721215 0.440877944 0.469868869
1341848019.734756 0.029263496 -1.768675208 4.098292351 -0.008550217 0.766306400 0.441134274 0.467013925
1341848019.766703 0.031074524 -1.775830746 4.108425140 -0.009561691 0.768518329 0.441369534 0.463121027
1341848019.798719 0.031288624 -1.781828761 4.119464397 -0.009255901 0.770147979 0.441921264 0.459882557
1341848019.834660 0.031132698 -1.786710143 4.125843525 -0.008375470 0.771279573 0.443195611 0.456766218
1341848019.898833 0.032562733 -1.794743657 4.139595985 -0.006805108 0.775862038 0.444041342 0.448128462
1341848019.934782 0.034004211 -1.797708273 4.147650242 -0.004398581 0.777706325 0.446276009 0.442709059
1341848019.966705 0.035109520 -1.800338984 4.152851582 -0.002644151 0.778942287 0.448999614 0.437768549
1341848020.002811 0.035249710 -1.805733323 4.157336235 -0.002416179 0.781362295 0.450163037 0.432227224
1341848020.034693 0.033942699 -1.811109900 4.165222645 -0.002712341 0.784524083 0.450271666 0.426344991
1341848020.066696 0.038460732 -1.813318491 4.172312260 -0.001217566 0.786439002 0.452473074 0.420452625
1341848020.102776 0.039317131 -1.818551302 4.177438259 -0.000013904 0.787677348 0.453911632 0.416567653
1341848020.134758 0.041154385 -1.818135977 4.182982922 -0.002116272 0.790303111 0.453273565 0.412261605
1341848020.170835 0.044901371 -1.824105024 4.188979626 -0.003320553 0.793358326 0.453305811 0.406307191
1341848020.202706 0.048164368 -1.825742841 4.196604729 -0.003533510 0.795581102 0.453128248 0.402135611
1341848020.234873 0.050251007 -1.831359982 4.202844143 -0.004184488 0.797573686 0.454395413 0.396715939
1341848020.271152 0.055928707 -1.833974361 4.206234455 -0.004196991 0.800189018 0.454547375 0.391237378
1341848020.302754 0.057692051 -1.839658618 4.214380264 -0.003976862 0.803108513 0.453881413 0.385995716
1341848020.334861 0.061982632 -1.843783617 4.220199108 -0.003596122 0.805345058 0.454564005 0.380497098
1341848020.370812 0.067685127 -1.848021507 4.223970890 -0.001942468 0.807626426 0.455719441 0.374240160
1341848020.438816 0.079093456 -1.852071404 4.235593319 -0.001852280 0.813715458 0.453566313 0.363512576
1341848020.471200 0.087310791 -1.855725050 4.240138531 -0.001101445 0.817770123 0.452015817 0.356275916
1341848020.502691 0.088200092 -1.862764835 4.247999668 0.001634219 0.821234465 0.450472832 0.350208014
1341848020.538748 0.093754768 -1.865342379 4.255699158 0.004049536 0.823567152 0.451506227 0.343311697
1341848020.570790 0.100948811 -1.868534207 4.262297630 0.007257597 0.825379252 0.453009427 0.336866379
1341848020.602764 0.103212357 -1.872448802 4.270560741 0.008670054 0.826984525 0.453912199 0.331640035
1341848020.638929 0.109447956 -1.876577497 4.277862549 0.010877269 0.827272952 0.458417743 0.324583352
1341848020.670809 0.119376659 -1.876407623 4.281862259 0.011916365 0.828062594 0.460100144 0.320122361
1341848020.706669 0.118541718 -1.882057905 4.290386677 0.010755849 0.829600573 0.459500819 0.317027152
1341848020.738994 0.123488903 -1.888361573 4.295026779 0.010762072 0.829648972 0.463171363 0.311510980
1341848020.770817 0.134958744 -1.891301870 4.299670696 0.013292504 0.829652965 0.466071576 0.307045013
1341848020.807216 0.138619900 -1.892948151 4.306439400 0.013381590 0.830105841 0.466703087 0.304850101
1341848020.839066 0.145108223 -1.896881104 4.308561325 0.012330301 0.830405354 0.468603373 0.301140934
1341848020.870955 0.152222633 -1.902490258 4.312087536 0.012279132 0.831274867 0.468710452 0.298566401
1341848020.906582 0.154711723 -1.906857848 4.320783138 0.013515770 0.832293451 0.468549520 0.295916110
1341848020.938790 0.164047241 -1.910551310 4.323260307 0.013972597 0.832262754 0.470817000 0.292360991
1341848020.974874 0.169236183 -1.915713906 4.325836182 0.013441472 0.833653033 0.469946951 0.289813459
1341848021.006632 0.172884941 -1.920036435 4.332587242 0.013034235 0.835193336 0.469002306 0.286913127
1341848021.039636 0.181759357 -1.921439052 4.338634014 0.012922320 0.835983872 0.470283687 0.282484293
1341848021.074762 0.189148903 -1.928241491 4.341250420 0.014808349 0.836191654 0.472426027 0.278168708
1341848021.106691 0.193031788 -1.928065777 4.345830917 0.013024190 0.837467492 0.471713930 0.275616556
1341848021.142795 0.199920177 -1.930197120 4.350594521 0.011918047 0.838855207 0.472097516 0.270746976
1341848021.175038 0.210151196 -1.933946490 4.354027748 0.012591228 0.839803755 0.473041028 0.266088933
1341848021.206698 0.216173172 -1.937597513 4.361049652 0.013061190 0.840777338 0.473597854 0.261969447
1341848021.242671 0.225968838 -1.936416268 4.362348557 0.011064673 0.842659354 0.472859919 0.257305890
1341848021.274899 0.233525753 -1.943253994 4.370381355 0.010805247 0.845366418 0.471603483 0.250657320
1341848021.307283 0.242312431 -1.947099566 4.374031067 0.012201766 0.847059786 0.471332163 0.245330259
1341848021.343359 0.251840115 -1.946196318 4.376423836 0.012669290 0.849835813 0.469391108 0.239354759
1341848021.384830 0.259555817 -1.955087662 4.379733086 0.012816311 0.853496194 0.466357976 0.232142881
1341848021.414272 0.267345905 -1.957859874 4.387585163 0.014963071 0.857003868 0.463435382 0.224829376
1341848021.455728 0.276741028 -1.965417147 4.392837524 0.019099861 0.859232545 0.463020355 0.216718093
1341848021.487906 0.281930685 -1.971288085 4.399461746 0.022925060 0.862074316 0.460555494 0.210216522
1341848021.514696 0.291703463 -1.977293015 4.406598568 0.025393285 0.864167690 0.459658951 0.203182295
1341848021.550755 0.302072763 -1.980080366 4.413152695 0.027852446 0.865306497 0.459811360 0.197591484
1341848021.617752 0.319011927 -1.987765312 4.423071861 0.022993913 0.867707193 0.458366126 0.190934673
1341848021.678764 0.341896057 -1.988909245 4.430480003 0.015129640 0.870478392 0.456780672 0.182728931
1341848021.710743 0.348970652 -1.994009018 4.437874317 0.015602824 0.871287882 0.456332147 0.179930538
1341848021.742811 0.359337568 -1.998414516 4.444687366 0.015900970 0.871131599 0.458489060 0.175113350
1341848021.778676 0.370204926 -2.000260353 4.446874142 0.016065912 0.871687889 0.459278822 0.170191318
1341848021.810867 0.376469851 -2.001242638 4.450970650 0.014356409 0.871963620 0.460042268 0.166837081
1341848021.844563 0.387668610 -2.000936270 4.449638367 0.011688285 0.872154593 0.461629659 0.161579296
1341848021.878887 0.399971724 -2.002263069 4.452396393 0.010868268 0.873368859 0.461114824 0.156466991
1341848021.910628 0.407674074 -2.005059481 4.453175545 0.010820898 0.873799324 0.461159527 0.153914317
1341848021.946714 0.421356440 -2.003434658 4.453306675 0.008972037 0.875112474 0.460083336 0.149736837
1341848021.978747 0.433643579 -2.005642653 4.455201149 0.007922112 0.876871824 0.457951784 0.145990327
1341848022.010782 0.442274570 -2.007793427 4.457708359 0.006731089 0.878156126 0.456464231 0.142957762
1341848022.046709 0.452966452 -2.008580685 4.457370758 0.006967465 0.879141927 0.455975294 0.138374224
1341848022.078665 0.463622570 -2.010417938 4.459248543 0.005689785 0.880268276 0.455019444 0.134360388
1341848022.110954 0.473900557 -2.010599136 4.457671165 0.004340081 0.881023884 0.454900235 0.129783884
1341848022.146749 0.486402988 -2.010611296 4.454638481 0.003910607 0.881918550 0.454584002 0.124730706
1341848022.178988 0.498428822 -2.009506464 4.452136040 0.003037881 0.883367419 0.452964723 0.120315678
1341848022.214773 0.511082649 -2.008503199 4.448503971 0.001619385 0.884662926 0.451769620 0.115209036
1341848022.246774 0.517776489 -2.013063192 4.446115494 0.002706321 0.886361361 0.449760973 0.109869443
1341848022.278764 0.529122114 -2.013493776 4.446358681 0.006066271 0.887789845 0.448578566 0.102808774
1341848022.314757 0.541198969 -2.014788628 4.441190720 0.011683777 0.887834549 0.449989080 0.095515452
1341848022.354110 0.549968243 -2.013156652 4.432485580 0.012892825 0.889091551 0.448586702 0.090111002
1341848022.387191 0.559429169 -2.018440723 4.436632156 0.012891988 0.890827954 0.446492493 0.083089724
1341848022.417848 0.571939230 -2.015382051 4.427615166 0.016111428 0.891258657 0.446664840 0.076739267
1341848022.454164 0.580372095 -2.019773245 4.422560215 0.017699633 0.892821729 0.444185764 0.072492711
1341848022.485638 0.587313294 -2.024044275 4.421509266 0.016554706 0.894071579 0.442464828 0.067727007
1341848022.521730 0.599829555 -2.024870634 4.417370796 0.018257715 0.894909441 0.441625625 0.061404716
1341848022.554231 0.608425140 -2.025972843 4.413122177 0.020730633 0.895800233 0.440208316 0.057696193
1341848022.586067 0.612394810 -2.029762030 4.411158085 0.019404404 0.896745920 0.438751072 0.054477546
1341848022.621801 0.625272751 -2.030580044 4.405168533 0.018447353 0.897261322 0.438561022 0.047392581
1341848022.654208 0.635061026 -2.032595158 4.398008347 0.020876184 0.898367822 0.436672807 0.042619299
1341848022.690287 0.639957786 -2.035991192 4.401715755 0.021657903 0.899187982 0.435363322 0.038088117
1341848022.721700 0.646423459 -2.035672665 4.397089005 0.021940745 0.898111045 0.438182503 0.030187594
1341848022.782985 0.667571902 -2.036643028 4.390533924 0.022220112 0.897986472 0.439067870 0.018601039
1341848022.814772 0.673142374 -2.035009384 4.386698246 0.020513061 0.895976901 0.443517745 0.009834910
1341848022.850799 0.689981937 -2.029524803 4.375586510 0.017829273 0.895066261 0.445571125 0.002253490
1341848022.882710 0.692394614 -2.029790163 4.380036354 -0.016680406 -0.894861579 -0.446028292 0.001846486
1341848022.918835 0.694703817 -2.025553226 4.381659031 -0.012789999 -0.890391290 -0.454845697 0.012456164
1341848022.950815 0.713718414 -2.029789209 4.352778912 -0.007091996 -0.886519790 -0.462068558 0.022915019
1341848022.982728 0.715897202 -2.026327848 4.358041286 0.000144705 -0.890764713 -0.453597516 0.028062042
1341848023.018822 0.720402002 -2.029122591 4.361284256 0.003244162 -0.888634443 -0.456906289 0.039433252
1341848023.050766 0.748895228 -2.016911268 4.342628002 0.003311543 -0.885546982 -0.461304396 0.054715570
1341848023.082738 0.759930253 -2.010688782 4.338154793 -0.000564135 -0.886050940 -0.459537297 0.061146758
1341848023.118789 0.762934566 -2.011078596 4.342719078 -0.001465975 -0.885716617 -0.459255159 0.067739151
1341848023.150992 0.778607368 -2.002601385 4.327708721 -0.000318788 -0.883874536 -0.460977316 0.079155736
1341848023.186687 0.791373074 -2.004140854 4.331569672 -0.001520282 -0.884137571 -0.458927631 0.087657548
1341848023.218702 0.797963798 -2.006607771 4.334960461 -0.004943181 -0.881259859 -0.462862283 0.095473461
1341848023.286758 0.821301937 -1.993547916 4.326654911 -0.002850164 -0.875491381 -0.470699489 0.109310463
1341848023.318763 0.830323815 -1.990334272 4.320276260 0.003750144 -0.872573674 -0.474885315 0.114390098
1341848023.354762 0.840399802 -1.981052399 4.317611217 0.007881795 -0.870590687 -0.476619095 0.121836156
1341848023.386908 0.853877962 -1.975589037 4.313641548 0.009320319 -0.868817031 -0.478230774 0.127927586
1341848023.418717 0.859872878 -1.972569942 4.312879086 0.008286111 -0.867284358 -0.479894608 0.132099941
1341848023.454710 0.871147096 -1.964880466 4.306564331 0.007720693 -0.864480197 -0.482964516 0.139139116
1341848023.487092 0.879355073 -1.959254265 4.301154137 0.006288431 -0.863226116 -0.483881205 0.143736377
1341848023.518675 0.884485602 -1.959271193 4.295262337 0.008484324 -0.861678004 -0.485596508 0.147089109
1341848023.555068 0.890315413 -1.953616858 4.291234493 0.010294392 -0.861165345 -0.484674305 0.152902499
1341848023.586796 0.902127981 -1.943861485 4.284324169 0.011044076 -0.861235440 -0.482668996 0.158689097
1341848023.622845 0.906692028 -1.944710732 4.278067589 0.009763180 -0.860866964 -0.482143819 0.162327364
1341848023.687172 0.918458581 -1.942101955 4.266362190 0.010470639 -0.860096753 -0.479852259 0.172817424
1341848023.722693 0.926503420 -1.934375286 4.259972572 0.008561388 -0.860499799 -0.477020323 0.178657413
1341848023.754690 0.928957105 -1.934201956 4.256308556 0.006860853 -0.860022247 -0.476794541 0.181608722
1341848023.786854 0.933575392 -1.932149410 4.245759964 0.008749687 -0.858499944 -0.477654278 0.186407596
1341848023.822788 0.939943910 -1.925167322 4.239625931 0.010453599 -0.858711541 -0.475034148 0.191958010
1341848023.854825 0.942758441 -1.923428297 4.231223583 0.009923408 -0.857356608 -0.476011366 0.195587590
1341848023.890666 0.948444605 -1.916420937 4.220792770 0.010531470 -0.856482983 -0.475329340 0.200967982
1341848023.922784 0.952173352 -1.914953947 4.210618973 0.011984227 -0.855827630 -0.474650770 0.205236688
1341848023.954826 0.954371095 -1.911318779 4.201077461 0.011468157 -0.855785668 -0.472364187 0.210645571
1341848023.990739 0.959091187 -1.907004595 4.194442749 0.007562584 -0.854874671 -0.470763236 0.217977241
1341848024.022671 0.964051485 -1.902104616 4.184082508 0.002002139 -0.852742851 -0.471581966 0.224579915
1341848024.054725 0.968666077 -1.896674395 4.173140526 -0.000591682 -0.852035999 -0.470943451 0.228575140
1341848024.122843 0.974562407 -1.892780542 4.158690453 -0.006528945 -0.850031197 -0.469874233 0.237955004
1341848024.158762 0.979360580 -1.887333632 4.146398544 -0.008888283 -0.848342121 -0.470484674 0.242653862
1341848024.190945 0.979852438 -1.887359619 4.138473988 -0.010227901 -0.848234594 -0.469542772 0.244792029
1341848024.222838 0.981894016 -1.885351896 4.133383274 -0.010732372 -0.846101344 -0.470759869 0.249765068
1341848024.258826 0.985785723 -1.877027512 4.122269630 -0.011626430 -0.843693733 -0.471766442 0.255894870
1341848024.290769 0.988319874 -1.874197483 4.117536545 -0.013363858 -0.843080580 -0.471002012 0.259217501
1341848024.322705 0.989595175 -1.873523235 4.110984802 -0.012728573 -0.840316772 -0.474265486 0.262255758
1341848024.358743 0.992581367 -1.866245985 4.100012779 -0.010369856 -0.838064909 -0.475616664 0.267074049
1341848024.390878 0.993997574 -1.862868309 4.092849255 -0.009153763 -0.837057292 -0.475375950 0.270682335
1341848024.426783 0.997471333 -1.859678984 4.089470387 -0.009636790 -0.835871935 -0.475062221 0.274847537
1341848024.458795 1.000232935 -1.853850842 4.080006599 -0.009419134 -0.833800733 -0.476528794 0.278582126
1341848024.491019 1.003192663 -1.850397348 4.075614929 -0.008932897 -0.832264125 -0.476847440 0.282618642
1341848024.526783 1.008654118 -1.843139172 4.070016861 -0.007339848 -0.830054760 -0.477824360 0.287470222
1341848024.558627 1.013311386 -1.836076975 4.062454224 -0.006849393 -0.828488886 -0.478534162 0.290799618
1341848024.594736 1.017436266 -1.833211660 4.058895111 -0.006794900 -0.827261865 -0.478722155 0.293967485
1341848024.626657 1.022049427 -1.828535795 4.053187370 -0.005412307 -0.824550748 -0.480678082 0.298388153
1341848024.658717 1.027029991 -1.821016312 4.045456886 -0.004906062 -0.822659314 -0.480970293 0.303109199
1341848024.694820 1.032310009 -1.817671657 4.042213917 -0.006471023 -0.821478307 -0.480405807 0.307151228
1341848024.727054 1.038897514 -1.812210441 4.036725044 -0.006595096 -0.818532050 -0.482821286 0.311199903
1341848024.758938 1.044567823 -1.805377126 4.027547359 -0.006474309 -0.816714168 -0.483021647 0.315636158
1341848024.794701 1.050905704 -1.803789973 4.025506973 -0.005772192 -0.816127896 -0.481649488 0.319242567
1341848024.826727 1.058197021 -1.799072146 4.020166874 -0.006141064 -0.814330041 -0.481710970 0.323702723
1341848024.862797 1.066282988 -1.790236354 4.011430740 -0.007894032 -0.813564479 -0.479825258 0.328357011
1341848024.894777 1.074717760 -1.792085648 4.009510040 -0.011771809 -0.813211083 -0.478260100 0.331385821
1341848024.926754 1.083808184 -1.782489538 4.002479553 -0.012694228 -0.812075555 -0.476645082 0.336424768
1341848024.962678 1.093527555 -1.778422117 3.999358177 -0.014938310 -0.812253833 -0.473959625 0.339680493
1341848024.994729 1.102513790 -1.779014587 3.999230862 -0.017755480 -0.811192453 -0.473817378 0.342269838
1341848025.026872 1.111281872 -1.770714760 3.991575718 -0.019513423 -0.808507979 -0.474965543 0.346903384
1341848025.062647 1.120581627 -1.767124295 3.986152172 -0.018694419 -0.807641745 -0.474113613 0.350116640
1341848025.131056 1.138688803 -1.759142756 3.978705883 -0.016484153 -0.803943992 -0.474810898 0.357710838
1341848025.163080 1.147077084 -1.755348921 3.974672556 -0.018944828 -0.803570151 -0.472876698 0.360976309
1341848025.194910 1.156018972 -1.751125336 3.972599983 -0.020408006 -0.802317619 -0.472447455 0.364230037
1341848025.230646 1.163190365 -1.747694612 3.966502666 -0.021649806 -0.800073743 -0.472886264 0.368499637
1341848025.262679 1.172128201 -1.744732380 3.961654425 -0.023210183 -0.799663663 -0.471079916 0.371595353
1341848025.294743 1.179276943 -1.741560578 3.957984924 -0.023986869 -0.798822105 -0.470875233 0.373609930
1341848025.330653 1.185607672 -1.739502072 3.952558994 -0.022573702 -0.797219098 -0.471862257 0.375869960
1341848025.363022 1.193473101 -1.736396790 3.947569370 -0.021841660 -0.796758294 -0.470733941 0.378297269
1341848025.398825 1.201113939 -1.732410192 3.944152355 -0.023043495 -0.796021640 -0.469984263 0.380701125
1341848025.430687 1.205071688 -1.731295943 3.938114166 -0.022946524 -0.794031024 -0.472069949 0.382280231
1341848025.462832 1.210648537 -1.728588581 3.932227135 -0.020450216 -0.792873740 -0.471698463 0.385270804
1341848025.498683 1.217406273 -1.729309201 3.930086613 -0.019523168 -0.792138875 -0.471187025 0.387450159
1341848025.530800 1.222924709 -1.725559831 3.925504208 -0.019611364 -0.790798068 -0.471430659 0.389880747
1341848025.566751 1.226800680 -1.722038031 3.919514179 -0.019596918 -0.789383709 -0.471646458 0.392477989
1341848025.598738 1.231967211 -1.719576359 3.915722132 -0.018717349 -0.788346708 -0.471405715 0.394887149
1341848025.630731 1.237127066 -1.714340568 3.911262989 -0.018813750 -0.787199497 -0.471110135 0.397515118
1341848025.666677 1.242098570 -1.710338950 3.907141685 -0.019235907 -0.785972357 -0.470899850 0.400163531
1341848025.698755 1.247477055 -1.709463000 3.904738426 -0.018664498 -0.784272015 -0.471371412 0.402961552
1341848025.730719 1.250517845 -1.704690933 3.899365425 -0.017064262 -0.782403171 -0.472523212 0.405309677
1341848025.766716 1.254803896 -1.702296734 3.894484043 -0.016403235 -0.781756818 -0.471521974 0.407742888
1341848025.798909 1.259465218 -1.698199153 3.891436577 -0.017135471 -0.781218529 -0.469725519 0.410806388
1341848025.834828 1.262337208 -1.692746520 3.884972572 -0.018914616 -0.779823124 -0.469611436 0.413501263
1341848025.866679 1.267012596 -1.691185713 3.880537987 -0.020840198 -0.779516876 -0.467886180 0.415934801
1341848025.898725 1.271471977 -1.685858250 3.876283646 -0.022358283 -0.778656483 -0.466695905 0.418794870
1341848025.934824 1.274721861 -1.682172179 3.870642662 -0.023714315 -0.777104855 -0.466641277 0.421653450
1341848025.967138 1.279505730 -1.678582907 3.866903543 -0.024636775 -0.776500821 -0.465066254 0.424444377
1341848025.998679 1.285218954 -1.675130248 3.863537788 -0.025969014 -0.774851441 -0.465174168 0.427251577
1341848026.034640 1.288036585 -1.670656443 3.855792522 -0.027891191 -0.772761285 -0.465488851 0.430560470
1341848026.066857 1.293137312 -1.666469932 3.851907492 -0.028385688 -0.772586167 -0.463066965 0.433444291
1341848026.102823 1.299346447 -1.663027525 3.848195076 -0.030077668 -0.770732820 -0.462392032 0.437332779
1341848026.134670 1.302860737 -1.656219482 3.839901209 -0.033403315 -0.768595397 -0.461997300 0.441252530
1341848026.166699 1.308258533 -1.651797295 3.836301088 -0.036575589 -0.768318415 -0.459640652 0.443936497
1341848026.202754 1.313860416 -1.648712754 3.831758976 -0.037861887 -0.765750408 -0.460621297 0.447236836
1341848026.234940 1.318085194 -1.643730640 3.826146603 -0.040351707 -0.763505578 -0.460374773 0.451094270
1341848026.267001 1.325145721 -1.639084101 3.824077129 -0.044428334 -0.762592018 -0.458293706 0.454363853
1341848026.302861 1.327815056 -1.637260795 3.818852186 -0.047760196 -0.759602070 -0.460833400 0.456460655
1341848026.334824 1.331925392 -1.633244276 3.813178539 -0.048090555 -0.757781863 -0.460481912 0.459793836
1341848026.371024 1.336396694 -1.628837585 3.809284925 -0.048222132 -0.757080317 -0.458775282 0.462633014
1341848026.402725 1.340473652 -1.624875546 3.805193901 -0.050092205 -0.755977392 -0.457863361 0.465134591
1341848026.434734 1.343900681 -1.620006442 3.799857140 -0.052006681 -0.755225241 -0.455667645 0.468291819
1341848026.470839 1.348053932 -1.618317842 3.796145916 -0.052718386 -0.754961312 -0.453799874 0.470446527
1341848026.502672 1.352568150 -1.615540504 3.791183710 -0.052838344 -0.753686666 -0.452626288 0.473596901
1341848026.534739 1.357934475 -1.612326622 3.786123276 -0.052343365 -0.752862990 -0.450865716 0.476631641
1341848026.570847 1.363030910 -1.609939814 3.779517174 -0.050800014 -0.752467752 -0.449942410 0.478292227
1341848026.602721 1.368811607 -1.608393192 3.775614738 -0.048542254 -0.752081156 -0.449766070 0.479299694
1341848026.641972 1.373047352 -1.602280140 3.770487309 -0.048477001 -0.751082301 -0.448681653 0.481881827
1341848026.702795 1.383677959 -1.596106529 3.760060072 -0.047028214 -0.750945449 -0.447048992 0.483752519
1341848026.738795 1.390430450 -1.593698263 3.755376577 -0.046122544 -0.750548065 -0.446770221 0.484713018
1341848026.770813 1.397202492 -1.591162801 3.750926018 -0.046647999 -0.749924839 -0.447205365 0.485225856
1341848026.806747 1.403968811 -1.585534573 3.746365070 -0.046830472 -0.749280989 -0.447765946 0.485685647
1341848026.838668 1.409821987 -1.581278205 3.741517544 -0.046289891 -0.748910546 -0.449066728 0.485107511
1341848026.878025 1.418395519 -1.578938484 3.736976624 -0.045255966 -0.748051405 -0.450071633 0.485599279
1341848026.938881 1.437286854 -1.571672797 3.725495577 -0.043580692 -0.746978939 -0.452097863 0.485521108
1341848026.970651 1.448162556 -1.566540480 3.720544338 -0.042838696 -0.746926486 -0.452366471 0.485417694
1341848027.006815 1.456202984 -1.562582254 3.717581749 -0.042477064 -0.746629238 -0.453204930 0.485124469
1341848027.038669 1.466940403 -1.559187770 3.712228775 -0.043107517 -0.746349037 -0.451902509 0.486712515
1341848027.074785 1.479755878 -1.559096694 3.709945440 -0.043365348 -0.746155262 -0.452230930 0.486681670
1341848027.106663 1.488841534 -1.558200002 3.704136372 -0.045440122 -0.744252920 -0.453039497 0.488649309
1341848027.138671 1.498028278 -1.552450895 3.699866056 -0.044796288 -0.744786978 -0.449760228 0.490918875
1341848027.174831 1.510469437 -1.551978588 3.698189259 -0.043211825 -0.745380044 -0.448272347 0.491521418
1341848027.207212 1.520576954 -1.548892736 3.695793629 -0.043287117 -0.744991720 -0.446745723 0.493489534
1341848027.238696 1.530603647 -1.547420740 3.691501617 -0.044243094 -0.744252861 -0.444917381 0.496164024
1341848027.274701 1.543921232 -1.546932459 3.687873840 -0.044161964 -0.744132876 -0.443933100 0.497231722
1341848027.306705 1.554495811 -1.545481801 3.684468746 -0.043647181 -0.743716836 -0.442952871 0.498771489
1341848027.342775 1.564389229 -1.541831017 3.680524349 -0.044360060 -0.743831396 -0.440703720 0.500527143
1341848027.374943 1.575551033 -1.541804075 3.677182436 -0.044953525 -0.745126367 -0.438167840 0.500774384
1341848027.406837 1.587228775 -1.539588928 3.673899174 -0.043964986 -0.746463656 -0.436266959 0.500530005
1341848027.442959 1.594898462 -1.539007545 3.666026592 -0.044195279 -0.747152686 -0.435315728 0.500309885
1341848027.474800 1.607563019 -1.538096309 3.665234327 -0.042670690 -0.750220895 -0.432145745 0.498595893
1341848027.506714 1.618576527 -1.535970688 3.660572052 -0.041803893 -0.752160847 -0.430422962 0.497234970
1341848027.543310 1.626433611 -1.532955647 3.656849384 -0.041751325 -0.754574180 -0.428487062 0.495250881
1341848027.574717 1.636173964 -1.531929255 3.652468204 -0.039815798 -0.756547749 -0.427710414 0.493066013
1341848027.610716 1.645468473 -1.530359149 3.649918079 -0.038867775 -0.758087337 -0.426805168 0.491559088
1341848027.642684 1.653620243 -1.527414680 3.644631863 -0.037687417 -0.759039342 -0.426797092 0.490186960
1341848027.674731 1.661982059 -1.526412249 3.641931534 -0.037860390 -0.760216832 -0.426731616 0.488402575
1341848027.711026 1.666249752 -1.522189736 3.636496067 -0.037909079 -0.759826779 -0.427426368 0.488398254
1341848027.742789 1.672326088 -1.520777345 3.631577015 -0.038310073 -0.760482490 -0.427691251 0.487112939
1341848027.778768 1.678821564 -1.519949913 3.626265526 -0.037314627 -0.761661351 -0.428040802 0.485036939
1341848027.810746 1.686859608 -1.515161991 3.621744633 -0.035340346 -0.762516320 -0.427959323 0.483911902
1341848027.842836 1.693255901 -1.509813786 3.616559744 -0.034738425 -0.762692332 -0.428986460 0.482767433
1341848027.878669 1.698048592 -1.507696867 3.610173464 -0.034186132 -0.763168752 -0.430957168 0.480292380
1341848027.911127 1.703689337 -1.503894091 3.606860876 -0.032527894 -0.764570653 -0.431147486 0.478001624
1341848027.942732 1.708952188 -1.500518799 3.597337484 -0.030922798 -0.763627350 -0.433982849 0.477049261
1341848027.978757 1.712016821 -1.499214888 3.586572647 -0.030002646 -0.763555467 -0.435783297 0.475579470
1341848028.011034 1.716692924 -1.497201681 3.585052967 -0.028088043 -0.765961289 -0.434912086 0.472616076
1341848028.046706 1.721618652 -1.493476510 3.577577114 -0.026645612 -0.765950799 -0.435420841 0.472248018
1341848028.078967 1.724843025 -1.489804387 3.566788673 -0.026543571 -0.766748548 -0.434778333 0.471550614
1341848028.110971 1.729417324 -1.485713840 3.563994646 -0.027256787 -0.769249380 -0.432355911 0.469660372
1341848028.150637 1.730683327 -1.486194730 3.558512211 -0.028918738 -0.769667327 -0.432109505 0.469102681
1341848028.186050 1.734650850 -1.480917931 3.545465231 -0.028768206 -0.769994140 -0.429581702 0.470893860
1341848028.254235 1.740566254 -1.473248005 3.536422729 -0.029319193 -0.771400809 -0.426781744 0.471103668
1341848028.314908 1.746848345 -1.468845606 3.523844481 -0.028593272 -0.772287011 -0.424017191 0.472191393
1341848028.378956 1.752700090 -1.461519599 3.504284382 -0.029795611 -0.770660818 -0.422370404 0.476232409
1341848028.414628 1.755569220 -1.459387302 3.496283054 -0.030064935 -0.770780683 -0.421209544 0.477049142
1341848028.447632 1.759351254 -1.456063151 3.488173485 -0.029921973 -0.770147920 -0.419981390 0.479158223
1341848028.482785 1.763940811 -1.451584697 3.481227875 -0.030402921 -0.770804107 -0.417262793 0.480446100
1341848028.514701 1.769070148 -1.445363402 3.475484610 -0.032977905 -0.771050513 -0.415283501 0.481594414
1341848028.546612 1.771949530 -1.443481207 3.463955164 -0.034907375 -0.770021141 -0.416573942 0.481990725
1341848028.582747 1.777332783 -1.438991547 3.456180096 -0.033493303 -0.770348549 -0.415932417 0.482121974
1341848028.614649 1.785731792 -1.432895422 3.450490475 -0.034268171 -0.770607114 -0.414834261 0.482600331
1341848028.653766 1.789454460 -1.430444121 3.437215328 -0.035327263 -0.769412756 -0.416870654 0.482674807
1341848028.721828 1.798937559 -1.423346877 3.422413826 -0.035972405 -0.770031869 -0.416293412 0.482137680
1341848028.782861 1.808131218 -1.415282488 3.402040482 -0.037073743 -0.769517541 -0.415810466 0.483290702
1341848028.814757 1.812261581 -1.411410809 3.392706871 -0.036567297 -0.769355118 -0.416061878 0.483371675
1341848028.850773 1.817773342 -1.405974388 3.385060787 -0.036226306 -0.770004094 -0.414924055 0.483342022
1341848028.882714 1.823230982 -1.402967691 3.379663467 -0.037281588 -0.770606160 -0.414746881 0.482453465
1341848028.914838 1.828229904 -1.399841189 3.372184277 -0.039066304 -0.769949079 -0.416077226 0.482215792
1341848028.950881 1.832049608 -1.395960212 3.364975452 -0.040703148 -0.769523025 -0.416822106 0.482117116
1341848028.982690 1.834650755 -1.392346501 3.356458187 -0.041090719 -0.769072652 -0.418100685 0.481695652
1341848029.018728 1.837571383 -1.390833020 3.349743843 -0.039507091 -0.769005358 -0.419377893 0.480824500
1341848029.082877 1.845437288 -1.384010553 3.336133003 -0.036718249 -0.768274963 -0.419295758 0.482282609
1341848029.118800 1.849857330 -1.378802299 3.328991413 -0.036915604 -0.767571330 -0.419360489 0.483330458
1341848029.150715 1.852492809 -1.376967072 3.322633743 -0.037138224 -0.766368449 -0.421252221 0.483577073
1341848029.182676 1.855720758 -1.372508287 3.317015171 -0.036054306 -0.764945745 -0.422657549 0.484684110
1341848029.218708 1.859379530 -1.368771553 3.308916092 -0.035459772 -0.763427556 -0.424123734 0.485839665
1341848029.250626 1.863352299 -1.366532207 3.302922487 -0.034148589 -0.762496412 -0.425722718 0.485997230
1341848029.286969 1.868591547 -1.361851692 3.299279690 -0.031456765 -0.761825740 -0.425793886 0.487166941
1341848029.320225 1.873619556 -1.357662797 3.296548843 -0.030565878 -0.760654449 -0.425565392 0.489249080
1341848029.350954 1.879007816 -1.352676630 3.287647247 -0.031717882 -0.759735942 -0.424304157 0.491692334
1341848029.386923 1.884656906 -1.352694273 3.284430504 -0.031390999 -0.759713054 -0.424179137 0.491856486
1341848029.418757 1.889991999 -1.350245357 3.276933432 -0.031005790 -0.757521749 -0.424913228 0.494619280
1341848029.450819 1.896303415 -1.344596386 3.271678448 -0.030919312 -0.757042110 -0.422533482 0.497389972
1341848029.486788 1.903477907 -1.343530893 3.265683651 -0.030519059 -0.756076097 -0.422282249 0.499094576
1341848029.518925 1.909890652 -1.340369225 3.262800455 -0.029225303 -0.755389869 -0.420859545 0.501407325
1341848029.554721 1.917692661 -1.334340692 3.255747080 -0.029349521 -0.754376948 -0.417934507 0.505356073
1341848029.586990 1.926748753 -1.330948353 3.250217915 -0.029968085 -0.754260719 -0.415632546 0.507387698
1341848029.618715 1.935016394 -1.329356909 3.245806694 -0.031398721 -0.752879918 -0.414377719 0.510369599
1341848029.655302 1.940908432 -1.328411818 3.240115881 -0.032850690 -0.751038373 -0.413477927 0.513710320
1341848029.686830 1.950015068 -1.325178385 3.235617638 -0.032576066 -0.750707090 -0.411103487 0.516112089
1341848029.718752 1.957940102 -1.323158026 3.229610443 -0.032917149 -0.747909844 -0.411616087 0.519730389
1341848029.754791 1.965491772 -1.318097115 3.224207401 -0.033992145 -0.746118188 -0.409946710 0.523541808
1341848029.786949 1.973955154 -1.317954183 3.220004559 -0.034283221 -0.745462239 -0.408764690 0.525378048
1341848029.822778 1.984147549 -1.314344168 3.213750839 -0.034384493 -0.742912412 -0.408861846 0.528895974
1341848029.854811 1.990878820 -1.310820818 3.210132360 -0.034657516 -0.741207659 -0.408299774 0.531696796
1341848029.887992 1.999975920 -1.308080077 3.204434872 -0.036063507 -0.739576638 -0.406607419 0.535160005
1341848029.922779 2.007172108 -1.306247830 3.200675964 -0.037217803 -0.737867594 -0.406759769 0.537320077
1341848029.954640 2.013798714 -1.301559448 3.197131634 -0.038154114 -0.735876977 -0.405997038 0.540551305
1341848029.990762 2.021487951 -1.298444033 3.192549467 -0.038256217 -0.734285533 -0.405078262 0.543390155
1341848030.022873 2.029395819 -1.294674993 3.189793348 -0.038824737 -0.732763886 -0.404696941 0.545683265
1341848030.054776 2.035552740 -1.292314887 3.184981346 -0.039271310 -0.730893373 -0.405156046 0.547815084
1341848030.090782 2.042855740 -1.287072420 3.181526184 -0.038626377 -0.729683816 -0.403876036 0.550412416
1341848030.122796 2.049049377 -1.284841299 3.177776814 -0.038112484 -0.728120327 -0.403958589 0.552454233
1341848030.154918 2.055177689 -1.282318830 3.173937798 -0.038522523 -0.726242244 -0.403842032 0.554977357
1341848030.190683 2.059735060 -1.279664636 3.168919563 -0.038612608 -0.724383235 -0.403863341 0.557380021
1341848030.222713 2.063351393 -1.275185108 3.164795160 -0.038200170 -0.722041011 -0.403609842 0.560621738
1341848030.258930 2.067871094 -1.273787856 3.162030458 -0.037341662 -0.719818354 -0.403804868 0.563390553
1341848030.290864 2.072899103 -1.269155025 3.157873869 -0.037845094 -0.717468500 -0.403318048 0.566693366
1341848030.322775 2.076059818 -1.267495155 3.153998137 -0.037813164 -0.715463221 -0.404234260 0.568574846
1341848030.358886 2.081492186 -1.261709571 3.146288157 -0.037344981 -0.711461425 -0.405013084 0.573055446
1341848030.390832 2.084402323 -1.259104133 3.140503407 -0.038117237 -0.708908677 -0.404575288 0.576467216
1341848030.422795 2.090006590 -1.256621838 3.138436317 -0.037638180 -0.706989467 -0.404753178 0.578726292
1341848030.458888 2.092156172 -1.251343250 3.132597685 -0.038207501 -0.704970539 -0.403898686 0.581741095
1341848030.490846 2.096939564 -1.247876763 3.127423525 -0.037536401 -0.703167796 -0.404604495 0.583473504
1341848030.526716 2.099306822 -1.240917444 3.123010397 -0.037662677 -0.701329648 -0.404042125 0.586061716
1341848030.565795 2.101847649 -1.234607220 3.114802122 -0.037449632 -0.699011028 -0.402749777 0.589723408
1341848030.626961 2.109048605 -1.226278782 3.103692293 -0.038770873 -0.695026398 -0.400323629 0.595966637
1341848030.658903 2.111595631 -1.223442197 3.096083403 -0.041187327 -0.693458796 -0.397888273 0.599252462
1341848030.690656 2.115917206 -1.219478250 3.089588642 -0.042235211 -0.692858696 -0.395191401 0.601653397
1341848030.726765 2.119957447 -1.215301275 3.083196163 -0.042343300 -0.691270947 -0.393745244 0.604413927
1341848030.758759 2.121614456 -1.211968303 3.076693535 -0.043101918 -0.689588726 -0.391188562 0.607931972
1341848030.794692 2.126477718 -1.208794355 3.069192886 -0.042436294 -0.687727809 -0.388818234 0.611596346
1341848030.827483 2.129737616 -1.201659322 3.062657118 -0.042085271 -0.686646581 -0.385216653 0.615104377
1341848030.859838 2.136384487 -1.198313236 3.055326939 -0.043293536 -0.685304224 -0.381443262 0.618857801
1341848030.894711 2.140025854 -1.195154905 3.047916651 -0.047818486 -0.683318317 -0.378155351 0.622726381
1341848030.926741 2.143068075 -1.192353487 3.038129807 -0.051830959 -0.681920588 -0.374607742 0.626072586
1341848030.958727 2.146753550 -1.191070914 3.030508280 -0.051740807 -0.681534171 -0.371395856 0.628410041
1341848030.994735 2.151713133 -1.188722849 3.021207571 -0.051464174 -0.679147899 -0.368273914 0.632837951
1341848031.026698 2.160666466 -1.182619810 3.013372660 -0.053101588 -0.678970277 -0.363321096 0.635749459
1341848031.062783 2.164519548 -1.180124402 3.005001783 -0.055652015 -0.679253519 -0.360009909 0.637111068
1341848031.094761 2.170531034 -1.177936554 2.996404886 -0.058376472 -0.677927554 -0.357227355 0.639839888
1341848031.126776 2.174607277 -1.174596667 2.988260269 -0.060239542 -0.677825809 -0.355122685 0.640945554
1341848031.162860 2.179788828 -1.170801282 2.978775740 -0.061840784 -0.678462684 -0.352682114 0.641466677
1341848031.194685 2.184565544 -1.167205095 2.970097542 -0.062921792 -0.677685499 -0.351814628 0.642658293
1341848031.230953 2.189793587 -1.163598061 2.962311506 -0.063993357 -0.676924467 -0.351424396 0.643567443
1341848031.262715 2.194614410 -1.160931349 2.955768108 -0.065191448 -0.677056789 -0.350636423 0.643737853
1341848031.294747 2.198487043 -1.154811263 2.948717356 -0.067881949 -0.676082492 -0.350039274 0.644807756
1341848031.330754 2.201459169 -1.153799295 2.939907789 -0.069757231 -0.674796760 -0.350723058 0.645582497
1341848031.363008 2.204882860 -1.152123451 2.934236526 -0.068806894 -0.674657404 -0.349880993 0.646286666
1341848031.394753 2.209089041 -1.151315928 2.929813147 -0.067159049 -0.673995674 -0.350036383 0.647065759
1341848031.430611 2.210114002 -1.149114370 2.920609474 -0.067056544 -0.671956182 -0.349266171 0.649608731
1341848031.472150 2.212376356 -1.148998857 2.914957523 -0.066045493 -0.671233356 -0.348618597 0.650806367
1341848031.502110 2.217656612 -1.144568801 2.910214663 -0.063068330 -0.669441104 -0.349502653 0.652471423
1341848031.562876 2.226739407 -1.142321467 2.902050972 -0.061101340 -0.666418552 -0.347379208 0.656871855
1341848031.598730 2.230215073 -1.141305566 2.897770405 -0.061733119 -0.663500071 -0.346958876 0.659982085
1341848031.630816 2.232836008 -1.138415217 2.892356634 -0.061249562 -0.661833763 -0.345811397 0.662298381
1341848031.662784 2.235891342 -1.139546156 2.887399673 -0.060786400 -0.660105944 -0.345457643 0.664247096
1341848031.698757 2.242490053 -1.136307001 2.882868767 -0.059739757 -0.657957315 -0.344010234 0.667218447
1341848031.730668 2.242365122 -1.133957386 2.876040936 -0.058341969 -0.656224489 -0.342413813 0.669864535
1341848031.766658 2.249064684 -1.132537961 2.870573521 -0.055616159 -0.655114233 -0.340356231 0.672227502
1341848031.798743 2.255242109 -1.130111575 2.868105173 -0.055448167 -0.652990758 -0.338569880 0.675203025
1341848031.830821 2.258367062 -1.126913428 2.863938570 -0.056547467 -0.650898933 -0.335100830 0.678852379
1341848031.866735 2.265196085 -1.127268314 2.860801220 -0.056325499 -0.648929536 -0.332623124 0.681967556
1341848031.898722 2.269062519 -1.128358006 2.853507042 -0.055250011 -0.645831168 -0.332159549 0.685215056
1341848031.930844 2.276302099 -1.125758529 2.849639177 -0.055354778 -0.644659877 -0.327968210 0.688321412
1341848031.966694 2.281290770 -1.123685479 2.845073700 -0.055887271 -0.643038452 -0.326956570 0.690273523
1341848031.998742 2.287209511 -1.121878028 2.838378429 -0.054719526 -0.640144825 -0.325739950 0.693623722
1341848032.034711 2.293635368 -1.118672132 2.832754135 -0.052636772 -0.638640285 -0.323852956 0.696051240
1341848032.066718 2.301385880 -1.117215395 2.830052853 -0.052935939 -0.637586832 -0.322721124 0.697518468
1341848032.098732 2.305743217 -1.113715291 2.820683002 -0.053696729 -0.635854542 -0.321639985 0.699538052
1341848032.134739 2.311581373 -1.111728430 2.814267635 -0.052964490 -0.635336816 -0.321604699 0.700080216
1341848032.166964 2.319178581 -1.107567191 2.810060024 -0.052501079 -0.633925378 -0.321116477 0.701617062
1341848032.203043 2.324450970 -1.104409456 2.805590630 -0.053006709 -0.633780062 -0.320104390 0.702172577
1341848032.234663 2.330432177 -1.100731134 2.799404860 -0.052816093 -0.633178353 -0.319602638 0.702957988
1341848032.266730 2.335719585 -1.097838163 2.794930935 -0.053103950 -0.631249130 -0.320466340 0.704276800
1341848032.302842 2.340242147 -1.091907263 2.786842585 -0.051879376 -0.630116165 -0.319533974 0.705804646
1341848032.334617 2.348504543 -1.088470340 2.782654762 -0.050713275 -0.629529595 -0.318597406 0.706835449
1341848032.366699 2.351583481 -1.084873915 2.777827740 -0.050830066 -0.627151191 -0.319179237 0.708676457
1341848032.402980 2.355583429 -1.084173322 2.773525715 -0.050019190 -0.626381040 -0.317229867 0.710288763
1341848032.434730 2.362041473 -1.081170082 2.767875433 -0.049157336 -0.625233650 -0.315501362 0.712127388
1341848032.470791 2.366979837 -1.079499483 2.764935732 -0.048846178 -0.625085950 -0.314575613 0.712687731
1341848032.502972 2.370975733 -1.077418089 2.758382797 -0.048810039 -0.624604762 -0.313373536 0.713641107
1341848032.534733 2.376346827 -1.075755954 2.753125191 -0.048478130 -0.623987734 -0.312079400 0.714769661
1341848032.570910 2.381421804 -1.073457479 2.748683929 -0.048194386 -0.623584211 -0.311066359 0.715582132
1341848032.603044 2.386319637 -1.070414543 2.740780592 -0.047101617 -0.624576032 -0.308856457 0.715747118
1341848032.634746 2.390078545 -1.066189528 2.734683990 -0.044633515 -0.625467241 -0.306807339 0.716008365
1341848032.670780 2.394031048 -1.066463828 2.729036808 -0.042565368 -0.625518441 -0.306259990 0.716323793
1341848032.702791 2.398962736 -1.063643217 2.718118668 -0.040645573 -0.625396013 -0.305097550 0.717037916
1341848032.738725 2.405061483 -1.062153697 2.714573145 -0.041039817 -0.626585424 -0.303104877 0.716822088
1341848032.770741 2.410161972 -1.057646751 2.706830978 -0.041170243 -0.625957251 -0.303294659 0.717283070
1341848032.802941 2.411274433 -1.056558728 2.699475765 -0.041278612 -0.626146555 -0.303095043 0.717195928
1341848032.838781 2.417837381 -1.052338958 2.691609383 -0.039931946 -0.627629399 -0.302273959 0.716322124
1341848032.870732 2.419131756 -1.047447205 2.681631804 -0.041032892 -0.626582086 -0.302199900 0.717207491
1341848032.902707 2.421261311 -1.045923471 2.674939156 -0.041980769 -0.626503944 -0.301431507 0.717544079
1341848032.938845 2.423865795 -1.040638685 2.666901112 -0.041600686 -0.625547826 -0.301033497 0.718566835
1341848032.970816 2.426480055 -1.033885837 2.662441730 -0.040404167 -0.624628127 -0.301873654 0.719082475
1341848033.006687 2.427029371 -1.029859424 2.655565739 -0.040143941 -0.623508811 -0.300943702 0.720456898
1341848033.039238 2.426110268 -1.026553631 2.649275780 -0.040198602 -0.622977078 -0.299565613 0.721487403
1341848033.070841 2.425968647 -1.022699356 2.642752171 -0.038687475 -0.621829867 -0.299014241 0.722787261
1341848033.106948 2.426921606 -1.020121694 2.636867285 -0.037223414 -0.620286942 -0.297249436 0.724914789
1341848033.139110 2.427012920 -1.014983535 2.628430605 -0.036769446 -0.619184673 -0.293993890 0.727204263
1341848033.170741 2.428246021 -1.014101148 2.619364262 -0.040088758 -0.617324650 -0.292248011 0.729310811
1341848033.206854 2.427714109 -1.010973215 2.613468170 -0.042362425 -0.615492284 -0.291101426 0.731187165
1341848033.238728 2.427873611 -1.007943630 2.607067585 -0.042649928 -0.613517642 -0.289460868 0.733477771
1341848033.274940 2.432795525 -1.003965020 2.600647211 -0.041666418 -0.611869752 -0.289122105 0.735042751
1341848033.306665 2.429830313 -1.001555562 2.594375849 -0.043184482 -0.609244645 -0.289163083 0.737116575
1341848033.338836 2.430917740 -0.997757077 2.587875843 -0.044207234 -0.607367575 -0.287119329 0.739400387
1341848033.374810 2.434081554 -0.992200851 2.580547571 -0.043957360 -0.605193377 -0.287475944 0.741057515
1341848033.406805 2.431801319 -0.989454985 2.573254108 -0.044132650 -0.603389204 -0.287757546 0.742407858
1341848033.443097 2.432454348 -0.986814618 2.565517426 -0.044136882 -0.602620542 -0.286288619 0.743598878
1341848033.474671 2.434484482 -0.983645737 2.560558319 -0.044519763 -0.601467550 -0.285937190 0.744644105
1341848033.506807 2.433708191 -0.981716096 2.552417755 -0.045262847 -0.599817157 -0.285653323 0.746038139
1341848033.542876 2.431588411 -0.977950335 2.545141935 -0.045459699 -0.599264681 -0.284137428 0.747048318
1341848033.574826 2.432636499 -0.975731552 2.541351080 -0.046321150 -0.598256588 -0.282881290 0.748279095
1341848033.606870 2.433059216 -0.971291363 2.534917355 -0.047570378 -0.596029043 -0.280989200 0.750687420
1341848033.642934 2.432616472 -0.970026493 2.527437210 -0.048843101 -0.595418096 -0.279478639 0.751653850
1341848033.674924 2.434657574 -0.966873050 2.523348331 -0.048778415 -0.594730318 -0.278687865 0.752495646
1341848033.710808 2.435968637 -0.964728832 2.516577482 -0.049793232 -0.593115866 -0.277520716 0.754132926
1341848033.742797 2.432353497 -0.965198100 2.508584023 -0.051408283 -0.592748344 -0.275611103 0.755013347
1341848033.774817 2.436100006 -0.962234974 2.503954887 -0.049514502 -0.592979491 -0.274977088 0.755189598
1341848033.811114 2.438008547 -0.961655319 2.498324394 -0.049960624 -0.590666354 -0.274659336 0.757086217
1341848033.842774 2.438097239 -0.959239364 2.492398262 -0.051003113 -0.589434743 -0.272379816 0.758798182
1341848033.874878 2.439674854 -0.957316875 2.487947941 -0.051633120 -0.588768959 -0.271538794 0.759573519
1341848033.911229 2.441574097 -0.954182088 2.483609676 -0.051077422 -0.586040020 -0.270480752 0.762094736
1341848033.942752 2.445373297 -0.951146364 2.479849100 -0.047816042 -0.582732677 -0.268330395 0.765594542
1341848033.978916 2.444600344 -0.951741099 2.477153778 -0.045031492 -0.580280721 -0.266167969 0.768375695
1341848034.010755 2.446397066 -0.949750960 2.472593307 -0.041560974 -0.576649785 -0.263446927 0.772232771
1341848034.042713 2.451230526 -0.950940132 2.470103741 -0.040029790 -0.572313428 -0.260194659 0.776629746
1341848034.078802 2.449589968 -0.951472163 2.460906029 -0.041192450 -0.568463564 -0.257075101 0.780426025
1341848034.110771 2.452761889 -0.948960602 2.457116127 -0.040115189 -0.566976190 -0.252987772 0.782895982
1341848034.142710 2.459990025 -0.950320780 2.455535889 -0.037929546 -0.562075853 -0.248049676 0.788101196
1341848034.178809 2.459556341 -0.947580814 2.451804638 -0.035631191 -0.558401108 -0.245619521 0.791574240
1341848034.210696 2.462754488 -0.948621094 2.446663380 -0.035627544 -0.556464612 -0.243069783 0.793722272
1341848034.246723 2.467682362 -0.946236551 2.441708326 -0.037387937 -0.552868664 -0.239122346 0.797344983
1341848034.278739 2.468815327 -0.945828021 2.436462402 -0.037449088 -0.549856186 -0.236678913 0.800149322
1341848034.318061 2.474717855 -0.944625616 2.431268930 -0.035680577 -0.548160315 -0.233811185 0.802234173
1341848034.353785 2.480656862 -0.943277001 2.426364899 -0.036548086 -0.545721114 -0.230636388 0.804772913
1341848034.386162 2.483743191 -0.939741731 2.420487642 -0.037715960 -0.544390380 -0.227038532 0.806641281
1341848034.421769 2.489974022 -0.937848389 2.415478468 -0.037753060 -0.543435752 -0.225500867 0.807713926
1341848034.453838 2.492012978 -0.935618401 2.406962156 -0.038362030 -0.540863514 -0.224999338 0.809549510
1341848034.485678 2.496674061 -0.932985306 2.401583672 -0.038230620 -0.540375590 -0.223682180 0.810246289
1341848034.521747 2.501807213 -0.928325534 2.392876625 -0.036427777 -0.540096283 -0.224035725 0.810417831
1341848034.553684 2.505404949 -0.922602475 2.385024548 -0.036020812 -0.538742959 -0.223946184 0.811361015
1341848034.585774 2.511208057 -0.916087687 2.376081944 -0.036552690 -0.538498580 -0.223867536 0.811521173
1341848034.653784 2.520262480 -0.904719472 2.362913847 -0.038877089 -0.537310541 -0.226176485 0.811560392
1341848034.715163 2.528872013 -0.897599697 2.348804951 -0.041042186 -0.535410464 -0.226378724 0.812652409
1341848034.746742 2.532901287 -0.890177548 2.339573383 -0.041873828 -0.535052836 -0.227035031 0.812662423
1341848034.782798 2.537035942 -0.885455012 2.335211992 -0.043700963 -0.534245074 -0.227088466 0.813082635
1341848034.814737 2.540868521 -0.879724503 2.327756405 -0.043644503 -0.533376813 -0.226575077 0.813798606
1341848034.846851 2.544331074 -0.873913944 2.320557356 -0.043218128 -0.533259332 -0.228387728 0.813391566
1341848034.882707 2.547303915 -0.868950129 2.316122532 -0.044048693 -0.531925082 -0.228296965 0.814245641
1341848034.914816 2.549847364 -0.865516543 2.311091900 -0.044674203 -0.530481577 -0.228590667 0.815070450
1341848034.951491 2.553294897 -0.859973192 2.309252739 -0.044330057 -0.529294670 -0.229087785 0.815721095
1341848034.983028 2.553016186 -0.857735872 2.304002762 -0.044844467 -0.526996136 -0.229499519 0.817064345
1341848035.014942 2.552595854 -0.849994659 2.298462868 -0.045384396 -0.524904549 -0.229059666 0.818503022
1341848035.050945 2.552515745 -0.845471978 2.295174599 -0.046609037 -0.523875356 -0.228605583 0.819220304
1341848035.084295 2.551941633 -0.842598259 2.289926767 -0.045945369 -0.522758186 -0.229039699 0.819849849
1341848035.118886 2.554872751 -0.841032743 2.284138918 -0.046531606 -0.520973325 -0.230049640 0.820669711
1341848035.218946 2.557468653 -0.827170432 2.270163536 -0.047739647 -0.518381715 -0.230252057 0.822183311
1341848035.284261 2.553925753 -0.820644140 2.256945133 -0.048174303 -0.517459035 -0.229081914 0.823065579
1341848035.319914 2.556221247 -0.815679193 2.252984047 -0.047783684 -0.517192245 -0.226738751 0.823904455
1341848035.350991 2.553918839 -0.814622998 2.245109797 -0.048668090 -0.516722739 -0.225034773 0.824614108
1341848035.422709 2.553451300 -0.806717992 2.229799986 -0.048729341 -0.515832186 -0.220251933 0.826457322
1341848035.486822 2.551563501 -0.801460624 2.213128567 -0.049138393 -0.515229046 -0.215924829 0.827949882
1341848035.518623 2.552987576 -0.799263477 2.206912279 -0.051077612 -0.515143514 -0.213961005 0.828395367
1341848035.550852 2.548204899 -0.795658469 2.199472427 -0.053142972 -0.514044881 -0.210491970 0.829835415
1341848035.586716 2.546329021 -0.792728305 2.193599701 -0.052563928 -0.513995171 -0.207144529 0.830744922
1341848035.618790 2.547131538 -0.789373636 2.186035872 -0.051834382 -0.512211382 -0.205550700 0.832286954
1341848035.654654 2.544887066 -0.786434948 2.180143833 -0.054044820 -0.510201752 -0.202495232 0.834127724
1341848035.686693 2.543689251 -0.782657981 2.171764851 -0.056078564 -0.508205175 -0.199659511 0.835894048
1341848035.718791 2.544075727 -0.780141473 2.165662766 -0.058935307 -0.504520774 -0.198270574 0.838256717
1341848035.755991 2.539994955 -0.772285581 2.158254147 -0.059695560 -0.501838148 -0.195272729 0.840513825
1341848035.786729 2.539921999 -0.768652439 2.151622295 -0.059027396 -0.500124097 -0.194530174 0.841753960
1341848035.818784 2.538305283 -0.767434716 2.146556854 -0.060366545 -0.496655405 -0.193947896 0.843844473
1341848035.854701 2.534143925 -0.764468729 2.137657166 -0.061231084 -0.494181246 -0.190807223 0.845948219
1341848035.886689 2.533195972 -0.762452006 2.130366325 -0.062251717 -0.493638694 -0.188237727 0.846765697
1341848035.922832 2.530721664 -0.758835495 2.124704599 -0.063528217 -0.492862761 -0.185455754 0.847736239
1341848035.954633 2.529382944 -0.757397175 2.117238522 -0.064329341 -0.492912263 -0.182214752 0.848349690
1341848035.986741 2.530563593 -0.755506873 2.107580185 -0.065985888 -0.493261993 -0.179602623 0.848576069
1341848036.022779 2.530582666 -0.750732899 2.100995064 -0.069248609 -0.492968559 -0.177151844 0.849001765
1341848036.054911 2.524998665 -0.746998727 2.097242594 -0.071025319 -0.492372513 -0.175738707 0.849494338
1341848036.087013 2.526062965 -0.744091034 2.090780735 -0.070649870 -0.491549760 -0.175325423 0.850087345
1341848036.122737 2.525595188 -0.739994943 2.080608606 -0.070784874 -0.488784403 -0.176858753 0.851352096
1341848036.154810 2.518262863 -0.737916887 2.073391676 -0.072516039 -0.486265481 -0.176782414 0.852663636
1341848036.190835 2.515822649 -0.734921873 2.067348480 -0.072104342 -0.485107630 -0.176091865 0.853500605
1341848036.223282 2.513882637 -0.732939899 2.061168671 -0.071981832 -0.483588368 -0.176593930 0.854269028
1341848036.254692 2.510561943 -0.728999794 2.055004597 -0.069896184 -0.482228994 -0.177895695 0.854940295
1341848036.290758 2.510434866 -0.726013720 2.049280167 -0.067554072 -0.479761481 -0.178881198 0.856310070
1341848036.354859 2.504867077 -0.721407771 2.034423828 -0.068150774 -0.475668579 -0.178942144 0.858530581
1341848036.390843 2.503905296 -0.717342794 2.028944969 -0.067732342 -0.475322485 -0.177914411 0.858968735
1341848036.458823 2.498440266 -0.709206879 2.013360500 -0.066414095 -0.470569044 -0.177199528 0.861831963
1341848036.491205 2.498991489 -0.706116498 2.006701469 -0.064948969 -0.471150517 -0.177273348 0.861610770
1341848036.522726 2.495508194 -0.700746059 1.998893738 -0.063716508 -0.470056206 -0.176765323 0.862404466
1341848036.558942 2.493697166 -0.697646081 1.990841389 -0.062376454 -0.468973339 -0.175608873 0.863327801
1341848036.590723 2.490824699 -0.693120420 1.982906580 -0.060697261 -0.467261821 -0.174270868 0.864645600
1341848036.626802 2.485366821 -0.693800569 1.973314762 -0.062286172 -0.464673311 -0.171038851 0.866570771
1341848036.658670 2.483239651 -0.690877259 1.962708592 -0.061123531 -0.463537008 -0.167965233 0.867862344
1341848036.691175 2.482072592 -0.686004996 1.952271223 -0.058098290 -0.462399036 -0.165624395 0.869126201
1341848036.726753 2.481991053 -0.682291210 1.942420006 -0.056697581 -0.461024463 -0.162501112 0.870537341
1341848036.758851 2.479641914 -0.678336859 1.932213306 -0.056544758 -0.459657401 -0.159204036 0.871878386
1341848036.790720 2.477458239 -0.675858736 1.922497988 -0.054565251 -0.458343446 -0.156430990 0.873197198
1341848036.826992 2.481482029 -0.668476403 1.910893917 -0.052244049 -0.456110507 -0.154727280 0.874810457
1341848036.858633 2.477806330 -0.666716039 1.899150252 -0.053515725 -0.453071684 -0.152295306 0.876737297
1341848036.926846 2.472068787 -0.659438372 1.877083540 -0.053892627 -0.448893219 -0.146754742 0.879803121
1341848036.958725 2.472097397 -0.655853868 1.866021991 -0.051129725 -0.447320372 -0.145345479 0.881002247
1341848036.994836 2.471397400 -0.650154471 1.855120897 -0.049897335 -0.445178747 -0.142975524 0.882544160
1341848037.026790 2.468122244 -0.648054838 1.843327165 -0.048497777 -0.444139481 -0.142324939 0.883250713
1341848037.061042 2.465766430 -0.644009709 1.833325982 -0.044618748 -0.443695664 -0.142002001 0.883730054
1341848037.094661 2.465633869 -0.638051629 1.819829822 -0.041379996 -0.442528784 -0.139360517 0.884892464
1341848037.126709 2.464038372 -0.631606400 1.809309006 -0.039765567 -0.442738235 -0.137255624 0.885190666
1341848037.162789 2.462667704 -0.631336093 1.799725294 -0.037265584 -0.443521649 -0.134750247 0.885292232
1341848037.194724 2.457637548 -0.627584636 1.785873652 -0.027888577 -0.447316259 -0.133845195 0.883864224
1341848037.227032 2.460587978 -0.623932123 1.776174545 -0.025541704 -0.449149281 -0.130708456 0.883474886
1341848037.263738 2.457259893 -0.626278341 1.762036800 -0.024015633 -0.451534808 -0.128097594 0.882683754
1341848037.295192 2.459068060 -0.622076511 1.751770020 -0.017620288 -0.455635101 -0.128954232 0.880600393
1341848037.326868 2.460553169 -0.609643936 1.739792109 -0.015777063 -0.454856873 -0.128172427 0.881151617
1341848037.362746 2.452496052 -0.609487593 1.730732560 -0.015925225 -0.454506695 -0.127890661 0.881370544
1341848037.395057 2.451513767 -0.604592443 1.721474290 -0.011650688 -0.455575824 -0.129167601 0.880698979
1341848037.430946 2.450835705 -0.600992680 1.712802887 -0.009351538 -0.455330610 -0.130371660 0.880675793
1341848037.462765 2.446210861 -0.596994698 1.699353695 -0.008410132 -0.454498351 -0.130529851 0.881091714
1341848037.530725 2.440703392 -0.587082624 1.683394194 -0.005934816 -0.454856426 -0.132100478 0.880692899
1341848037.562958 2.435483456 -0.582386434 1.672206163 -0.005518875 -0.453019202 -0.133644089 0.881409407
1341848037.595756 2.430182934 -0.578166246 1.663115501 -0.004327984 -0.452603817 -0.134307757 0.881528497
1341848037.630756 2.428043604 -0.574127436 1.656154990 -0.004431557 -0.451025277 -0.135381997 0.882172525
1341848037.662669 2.423830509 -0.572546303 1.648652077 -0.004514640 -0.448233366 -0.136866823 0.883365214
1341848037.698670 2.417319059 -0.568774998 1.644696236 -0.002986569 -0.446754724 -0.137652591 0.883998394
1341848037.730964 2.412127495 -0.564191222 1.636399031 -0.002486753 -0.444013685 -0.136917323 0.885493875
1341848037.769764 2.406515598 -0.559548676 1.629194260 -0.003200199 -0.441417783 -0.135805339 0.886959493
1341848037.837792 2.394472837 -0.552956164 1.615418315 -0.001977666 -0.437831730 -0.132758662 0.889198899
1341848037.898921 2.382509470 -0.541071653 1.602865696 -0.009049208 -0.431837410 -0.128722265 0.892673075
1341848037.930939 2.377965450 -0.537819445 1.596595287 -0.011484730 -0.427571774 -0.128081232 0.894788146
1341848037.966864 2.372251749 -0.531457365 1.588936448 -0.014110417 -0.423655629 -0.127831519 0.896647096
1341848037.998629 2.362923861 -0.526785553 1.584206581 -0.016866203 -0.421236604 -0.126962453 0.897861838
1341848038.030908 2.358634949 -0.524093390 1.574502230 -0.018355759 -0.417794138 -0.127275079 0.899395466
1341848038.066849 2.352682114 -0.518221259 1.565980196 -0.020906134 -0.412805945 -0.127497777 0.901608884
1341848038.098674 2.345901728 -0.512400150 1.563449860 -0.024191968 -0.409639150 -0.125773132 0.903211892
1341848038.134662 2.337275505 -0.509601951 1.559152961 -0.025729846 -0.407191336 -0.125989258 0.904245555
1341848038.166674 2.335158825 -0.503983140 1.553789139 -0.025893373 -0.404264957 -0.126929730 0.905421615
1341848038.198711 2.327487946 -0.501577258 1.546965241 -0.027955845 -0.400538564 -0.125925601 0.907154918
1341848038.234726 2.317475080 -0.498598754 1.540609002 -0.028944317 -0.398743421 -0.124267943 0.908142805
1341848038.274093 2.313620567 -0.495965898 1.533967733 -0.027896116 -0.396697581 -0.124967165 0.908975303
1341848038.306525 2.308446407 -0.491927058 1.524706960 -0.028145438 -0.393858999 -0.125253513 0.910161853
1341848038.341933 2.302914143 -0.487444222 1.522530437 -0.028046221 -0.392815441 -0.124010153 0.910785913
1341848038.374117 2.297772884 -0.484489471 1.515930772 -0.025822103 -0.390067667 -0.125528425 0.911824048
1341848038.409802 2.292317390 -0.483543813 1.509795070 -0.025244489 -0.388276637 -0.126670480 0.912446499
1341848038.441825 2.287906885 -0.481501073 1.500495553 -0.025154445 -0.387519747 -0.124453343 0.913075626
1341848038.473889 2.283455849 -0.479039103 1.494236708 -0.025626170 -0.386017799 -0.123810008 0.913785934
1341848038.510185 2.275076389 -0.477916449 1.487816334 -0.024777999 -0.383680463 -0.124662057 0.914677382
1341848038.566862 2.264495850 -0.472798675 1.470759749 -0.018127561 -0.381141692 -0.122435644 0.916194260
1341848038.602989 2.258963585 -0.469792962 1.462388158 -0.017041164 -0.380282104 -0.122434780 0.916572392
1341848038.634739 2.253540277 -0.465283722 1.452024102 -0.015373982 -0.380572766 -0.121929556 0.916548550
1341848038.670685 2.253238916 -0.460677981 1.444103718 -0.014851632 -0.380361587 -0.122327991 0.916591763
1341848038.702868 2.246780396 -0.460174471 1.435541153 -0.015470874 -0.379677564 -0.122923516 0.916785419
1341848038.734794 2.241901159 -0.453520983 1.427862644 -0.011803542 -0.379332602 -0.123058006 0.916964710
1341848038.770741 2.242407084 -0.449406326 1.416486144 -0.011049081 -0.377809405 -0.122815609 0.917635202
1341848038.802800 2.239130020 -0.445635647 1.405214667 -0.012761896 -0.377608269 -0.121494405 0.917871594
1341848038.838770 2.230750799 -0.439732850 1.397177458 -0.012083118 -0.376795977 -0.119678587 0.918452978
1341848038.871141 2.232557535 -0.433399737 1.387329459 -0.009893985 -0.374138683 -0.118906163 0.919664979
1341848038.902781 2.229230165 -0.429172307 1.373818755 -0.011960804 -0.370864630 -0.117115572 0.921195090
1341848038.938767 2.225865602 -0.424054801 1.368294716 -0.013239233 -0.370874673 -0.113047928 0.921681523
1341848038.970765 2.230822802 -0.412985981 1.360949516 -0.012558930 -0.368651718 -0.111273855 0.922798097
1341848039.002634 2.226542473 -0.408244103 1.350113511 -0.014155247 -0.363622606 -0.111619882 0.924726605
1341848039.038895 2.221146584 -0.408885151 1.341698647 -0.014753877 -0.360945016 -0.109258242 0.926047385
1341848039.070805 2.221975088 -0.401086926 1.330613613 -0.014131323 -0.358652622 -0.106960997 0.927215159
1341848039.106775 2.217996120 -0.398183942 1.322566509 -0.015556762 -0.356980026 -0.105776004 0.927973449
1341848039.138656 2.216542721 -0.393873930 1.315693378 -0.014799234 -0.356009036 -0.103473857 0.928618193
1341848039.170737 2.218365908 -0.387152940 1.304462194 -0.015335857 -0.353532612 -0.102013610 0.929716527
1341848039.206814 2.214229107 -0.388342649 1.297374845 -0.017122522 -0.351954579 -0.101248510 0.930367470
1341848039.238881 2.211569309 -0.382876098 1.289973736 -0.014884707 -0.351082116 -0.099367268 0.930938303
1341848039.270959 2.214859009 -0.376039177 1.279703140 -0.014286158 -0.349310338 -0.099090204 0.931643367
1341848039.306747 2.211822510 -0.373828769 1.270949960 -0.015954209 -0.347891599 -0.097966582 0.932265818
1341848039.338889 2.210376024 -0.371575415 1.267870903 -0.016177705 -0.347923577 -0.095803402 0.932474792
1341848039.374766 2.209909439 -0.363447160 1.256106615 -0.014923853 -0.345995128 -0.096653506 0.933125257
1341848039.406886 2.208285332 -0.359114349 1.250425577 -0.015208470 -0.343904823 -0.096756116 0.933882475
1341848039.438853 2.203961611 -0.355361968 1.241380811 -0.015537208 -0.341783017 -0.096893221 0.934641480
1341848039.474867 2.201600313 -0.350101799 1.235790730 -0.016032249 -0.340087056 -0.097629048 0.935175061
1341848039.507121 2.196574688 -0.347281307 1.231124043 -0.015989769 -0.337571800 -0.098439239 0.936001837
1341848039.538659 2.192681551 -0.346659809 1.224848032 -0.015391368 -0.335467041 -0.098757833 0.936734676
1341848039.574890 2.187645912 -0.340909064 1.215832233 -0.014917874 -0.334408343 -0.098188601 0.937180698
1341848039.606721 2.184974670 -0.339475602 1.213268399 -0.014716471 -0.334495515 -0.098831147 0.937085211
1341848039.642714 2.180719614 -0.334887564 1.208329320 -0.012822220 -0.331695676 -0.099956453 0.937988460
1341848039.674760 2.176501274 -0.332073480 1.197594047 -0.011609096 -0.329974979 -0.099844076 0.938622892
1341848039.707168 2.172533512 -0.330364525 1.192537308 -0.011797238 -0.330464542 -0.099976592 0.938434243
1341848039.742862 2.167334080 -0.323666543 1.188862205 -0.010784053 -0.328441828 -0.101180829 0.939027250
1341848039.775334 2.157634497 -0.318995267 1.183885336 -0.009135853 -0.325209826 -0.101867288 0.940094769
1341848039.806875 2.153701067 -0.316035599 1.178889990 -0.007165502 -0.324372053 -0.101835400 0.940404773
1341848039.843282 2.149292231 -0.308882684 1.172928333 -0.006153359 -0.322287232 -0.101472743 0.941167533
1341848039.881803 2.139461994 -0.310332149 1.170270085 -0.006491498 -0.320083767 -0.101385064 0.941926420
1341848039.943367 2.129278898 -0.304130346 1.154852271 -0.006540172 -0.316592336 -0.097089328 0.943557262
1341848039.974815 2.119187355 -0.298870385 1.149741769 -0.008099708 -0.315146774 -0.094765633 0.944265008
1341848040.010707 2.111612797 -0.299850762 1.144591451 -0.008343708 -0.314498961 -0.092347071 0.944718421
1341848040.042768 2.107331753 -0.289470285 1.137470841 -0.008049268 -0.312425673 -0.090743408 0.945563912
1341848040.078716 2.097317934 -0.286100030 1.133382440 -0.011451957 -0.309837490 -0.088226795 0.946618021
1341848040.110819 2.089059830 -0.280684024 1.125087380 -0.013543949 -0.306231827 -0.086624302 0.947910786
1341848040.142744 2.082024813 -0.276580572 1.118782282 -0.014903018 -0.301960438 -0.085922129 0.949323535
1341848040.178810 2.076609135 -0.272639364 1.111762285 -0.016740672 -0.299352080 -0.085761786 0.950133145
1341848040.211029 2.068108320 -0.273136556 1.107998729 -0.021659039 -0.296922356 -0.083545245 0.950993299
1341848040.242681 2.061381102 -0.266957939 1.102530360 -0.023681128 -0.293397427 -0.082687475 0.952113450
1341848040.278950 2.050362110 -0.267262280 1.097768188 -0.024632402 -0.289368302 -0.082232080 0.953360975
1341848040.310719 2.043258190 -0.266439736 1.092447042 -0.024010299 -0.287331760 -0.079080679 0.954259038
1341848040.346920 2.040043354 -0.262186974 1.085658908 -0.026778528 -0.285700858 -0.075203881 0.954988182
1341848040.378809 2.031991720 -0.262487918 1.082358360 -0.028989561 -0.283581406 -0.073678374 0.955673993
1341848040.410884 2.025582075 -0.265107989 1.078116417 -0.027568975 -0.281784147 -0.070789903 0.956465662
1341848040.446720 2.020211220 -0.263631999 1.068967342 -0.027336966 -0.280227095 -0.066681251 0.957224667
1341848040.478680 2.012252331 -0.262994915 1.063571095 -0.027742041 -0.278961658 -0.063641749 0.957789421
1341848040.517796 2.006592989 -0.260857821 1.057192683 -0.025546921 -0.277821362 -0.062213637 0.958275676
1341848040.578879 1.997290254 -0.259860784 1.042137146 -0.024546625 -0.275793254 -0.060875937 0.958973289
1341848040.614917 1.990314126 -0.261505097 1.040436864 -0.025633050 -0.274765730 -0.059384398 0.959333241
1341848040.646758 1.988694072 -0.259793311 1.033538580 -0.023363244 -0.272622705 -0.060016669 0.959963083
1341848040.679034 1.975895643 -0.258487165 1.028690577 -0.022065774 -0.266613364 -0.059104107 0.961736500
1341848040.714653 1.968921065 -0.252311826 1.027335048 -0.016563054 -0.259973884 -0.058306351 0.963711381
1341848040.746821 1.963090658 -0.253802121 1.021650195 -0.013080616 -0.251949281 -0.055881117 0.966037154
1341848040.778774 1.959965229 -0.257492214 1.019505978 -0.010584337 -0.247476295 -0.055353593 0.967253566
1341848040.814675 1.954261541 -0.253021091 1.015266776 -0.009236587 -0.240004525 -0.053797595 0.969236016
1341848040.846908 1.943269491 -0.255241126 1.009236693 -0.009025430 -0.234288409 -0.052441183 0.970709801
1341848040.882827 1.940567136 -0.250477761 1.010039806 -0.005731881 -0.230362505 -0.051256739 0.971737146
1341848040.914699 1.933307767 -0.250654817 1.001224875 -0.006676035 -0.224065229 -0.048185021 0.973359406
1341848040.946862 1.921056628 -0.246857032 0.996205449 -0.006107143 -0.219035670 -0.044720769 0.974672377
1341848040.984484 1.916504741 -0.241723776 0.990778804 -0.005590372 -0.213573292 -0.041207969 0.976041555
1341848041.022638 1.910393000 -0.239668772 0.985704958 -0.008396002 -0.209557295 -0.036949508 0.977061987
1341848041.058859 1.902372718 -0.238786906 0.989938080 -0.009824014 -0.208378732 -0.031878363 0.977479279
1341848041.094347 1.901698351 -0.231245100 0.982290685 -0.010593598 -0.203255579 -0.027664259 0.978677511
1341848041.122188 1.894899130 -0.230949491 0.977652311 -0.016401839 -0.197773293 -0.023554221 0.979827523
1341848041.189954 1.883334398 -0.225061759 0.973343849 -0.022163747 -0.191354066 -0.013377071 0.981179655
1341848041.250726 1.870023608 -0.214380726 0.966412246 -0.024581579 -0.185633510 -0.009090583 0.982269466
1341848041.283054 1.862482071 -0.214285985 0.963066876 -0.029930454 -0.182337791 -0.006979224 0.982755542
1341848041.319290 1.853670359 -0.213620424 0.967162073 -0.031360678 -0.180753127 -0.005630062 0.983012319
1341848041.355465 1.849588513 -0.212501287 0.960598648 -0.030374095 -0.177487001 -0.005333067 0.983639836
1341848041.384901 1.842590928 -0.206960380 0.959224045 -0.030493489 -0.173949197 -0.006530191 0.984260798
1341848041.418768 1.833716869 -0.206227913 0.961691320 -0.030955348 -0.169485107 -0.003703374 0.985039592
1341848041.450845 1.830640197 -0.203779191 0.954089165 -0.032313686 -0.166078120 -0.001110325 0.985582411
1341848041.482801 1.822756052 -0.203492537 0.956612527 -0.036214218 -0.163256764 -0.001849597 0.985917032
1341848041.518788 1.813612580 -0.198650688 0.962106168 -0.036505628 -0.158632442 -0.000671819 0.986662388
1341848041.550730 1.801893711 -0.193581849 0.958634973 -0.035530191 -0.151859298 -0.000149322 0.987763345
1341848041.586805 1.790782332 -0.193511263 0.961286008 -0.036482997 -0.147477716 -0.000981523 0.988391817
1341848041.618743 1.784073710 -0.196781680 0.962665439 -0.037317537 -0.144575953 -0.000111486 0.988789797
1341848041.650957 1.775829911 -0.195246339 0.960018516 -0.037445962 -0.141648576 0.001086768 0.989207983
1341848041.686781 1.763232827 -0.197202817 0.963757992 -0.037374012 -0.139449969 0.002055744 0.989521444
1341848041.718789 1.750407457 -0.190035090 0.959720969 -0.034774512 -0.135520399 0.005270275 0.990150094
1341848041.750776 1.738462925 -0.188902423 0.960945845 -0.034891766 -0.133434668 0.008940932 0.990402937
1341848041.786711 1.728989601 -0.189049274 0.961135507 -0.033818856 -0.132441238 0.012014004 0.990540981
1341848041.818704 1.716169357 -0.191466019 0.960080743 -0.033656769 -0.131622210 0.015682500 0.990604341
1341848041.854747 1.706861377 -0.191362172 0.961522996 -0.033441752 -0.132035956 0.018520005 0.990507543
1341848041.886710 1.695980191 -0.193177074 0.961076260 -0.034303322 -0.130030051 0.021143772 0.990690887
1341848041.918718 1.677667737 -0.192459181 0.962596476 -0.031440444 -0.127048761 0.024830958 0.991087079
1341848041.994975 1.660110116 -0.193419859 0.957189620 -0.031987011 -0.123650186 0.031370156 0.991313994
1341848042.018871 1.649196863 -0.200681940 0.966395855 -0.033527132 -0.122452892 0.035390891 0.991276324
1341848042.054627 1.643203616 -0.203410283 0.959597230 -0.031176658 -0.120355055 0.036267236 0.991578221
1341848042.089498 1.633240342 -0.203127846 0.958928108 -0.032996893 -0.117662840 0.037857685 0.991783023
1341848042.122881 1.623271704 -0.207478717 0.966091037 -0.034784988 -0.116595700 0.042569410 0.991656899
1341848042.154788 1.614918709 -0.208965823 0.964986980 -0.033051010 -0.114159085 0.043050162 0.991978884
1341848042.186714 1.603955746 -0.212658331 0.964895785 -0.034009691 -0.109977618 0.041533139 0.992483437
1341848042.222883 1.588360667 -0.212810233 0.966574490 -0.034829479 -0.105555907 0.045472067 0.992762387
1341848042.254762 1.580096483 -0.212930992 0.965083838 -0.034484830 -0.102706671 0.045473281 0.993073225
1341848042.290694 1.569307208 -0.215094730 0.966740906 -0.035366844 -0.097169615 0.041925937 0.993755281
1341848042.322759 1.559278846 -0.215648666 0.971382856 -0.035914868 -0.093453445 0.043912075 0.994006157
1341848042.354987 1.550036073 -0.211748227 0.971100748 -0.036695369 -0.091373585 0.048404466 0.993962467
1341848042.390711 1.539958477 -0.217378765 0.972047567 -0.040884107 -0.088252440 0.049092855 0.994047284
1341848042.429737 1.529867530 -0.215271235 0.976766586 -0.040863350 -0.084027834 0.051587101 0.994287848
1341848042.490921 1.511818647 -0.207661137 0.974067390 -0.042394556 -0.075909145 0.057481911 0.994553328
1341848042.522713 1.500034094 -0.212086052 0.980911314 -0.045338251 -0.071273513 0.059784614 0.994630814
1341848042.558691 1.488532662 -0.210586816 0.980448186 -0.043646570 -0.065314688 0.062266514 0.994963288
1341848042.590841 1.482456684 -0.204984114 0.978731453 -0.044289853 -0.061650369 0.065501370 0.994960964
1341848042.622730 1.465476036 -0.208884150 0.985280633 -0.045738719 -0.055953458 0.069922835 0.994931161
1341848042.658741 1.459082127 -0.209075674 0.982396185 -0.043146718 -0.052481152 0.073460519 0.994981289
1341848042.697779 1.450401306 -0.204497799 0.983044803 -0.042076390 -0.047573999 0.075608879 0.995112836
1341848042.729778 1.440127850 -0.207748920 0.985000074 -0.043144811 -0.043044429 0.081533760 0.994805515
1341848042.761637 1.430451155 -0.200420320 0.983802676 -0.041785598 -0.039139468 0.087132588 0.994550169
1341848042.797954 1.423742294 -0.199771479 0.980109751 -0.043263163 -0.033697657 0.088989422 0.994521856
1341848042.829708 1.415856242 -0.202542320 0.980672777 -0.045452204 -0.027373439 0.090585910 0.994474292
1341848042.861726 1.408397794 -0.195461825 0.982138574 -0.044943612 -0.022409471 0.095335342 0.994177639
1341848042.897767 1.401752353 -0.197486147 0.980805874 -0.047490928 -0.017969605 0.098063014 0.993884027
1341848042.929860 1.393686295 -0.200595126 0.984971344 -0.048394322 -0.014352946 0.098358989 0.993870020
1341848042.965708 1.385938406 -0.194398612 0.982375205 -0.045063119 -0.009775274 0.101265624 0.993790269
1341848042.997994 1.380342841 -0.193073362 0.981553197 -0.045425825 -0.007319047 0.105540588 0.993349969
1341848043.030335 1.367510796 -0.193008512 0.979913235 -0.046172444 -0.002773711 0.108755030 0.992991865
1341848043.065737 1.368389964 -0.194631234 0.980778039 -0.048010696 -0.001539402 0.110520229 0.992712438
1341848043.097862 1.350429296 -0.191926390 0.979807198 -0.047952011 0.005288696 0.110954717 0.992653906
1341848043.133955 1.341051459 -0.192293316 0.981764913 -0.048238367 0.008795041 0.112562492 0.992434144
1341848043.165792 1.333481550 -0.189288989 0.980999410 -0.048790082 0.011969067 0.114723273 0.992126465
1341848043.201879 1.324436665 -0.198193327 0.985019863 -0.051786151 0.014504271 0.113115303 0.992125392
1341848043.233861 1.317312002 -0.201610714 0.988392413 -0.049842268 0.017311588 0.112696230 0.992227674
1341848043.265717 1.307040930 -0.198535934 0.985653043 -0.048254937 0.021416530 0.115648873 0.991886139
1341848043.301798 1.300182581 -0.201268017 0.989186645 -0.049266111 0.023374256 0.116893321 0.991646409
1341848043.334034 1.287214160 -0.200247958 0.994535029 -0.046944052 0.027562492 0.118289746 0.991485894
1341848043.369819 1.276814818 -0.198334605 0.992995501 -0.045061417 0.031050315 0.118850872 0.991402984
1341848043.401743 1.264402866 -0.202725261 0.996770263 -0.045661654 0.032887075 0.119575366 0.991229117
1341848043.433949 1.259488106 -0.202770963 0.999857545 -0.044564631 0.032874521 0.120921127 0.991116226
1341848043.469625 1.252468109 -0.205979958 1.003373384 -0.045478906 0.035336252 0.121703200 0.990894258
1341848043.501696 1.240087509 -0.206609815 1.008749962 -0.045363531 0.038414348 0.126426131 0.990193367
1341848043.537825 1.230762601 -0.212797165 1.012937427 -0.044594690 0.038337216 0.128024578 0.990025938
1341848043.569664 1.221430182 -0.210498691 1.015662551 -0.043602940 0.040631756 0.130687326 0.989630640
1341848043.601838 1.208855152 -0.214556992 1.020058870 -0.045344234 0.042560861 0.133487925 0.989097297
1341848043.637798 1.195729017 -0.215059370 1.023909926 -0.045835398 0.044685781 0.134711757 0.988815010
1341848043.670144 1.187962651 -0.219500199 1.030241728 -0.047827139 0.046177659 0.136007071 0.988474727
1341848043.701979 1.179380178 -0.223190293 1.036368370 -0.048531365 0.047759980 0.136564523 0.988288403
1341848043.737757 1.170531988 -0.223996237 1.040180922 -0.048621368 0.048783287 0.138218254 0.988004029
1341848043.769828 1.161681175 -0.224242210 1.048390031 -0.050681878 0.050660033 0.141260281 0.987375557
1341848043.805817 1.150132418 -0.234115690 1.056338668 -0.054188818 0.053720269 0.143752456 0.986667633
1341848043.837855 1.144298673 -0.240406379 1.063517451 -0.053044975 0.055047568 0.143363789 0.986713171
1341848043.869697 1.136973858 -0.238166288 1.064589500 -0.050290830 0.057347402 0.143618584 0.986689329
1341848043.905731 1.118592262 -0.244147643 1.072159410 -0.052785538 0.061250605 0.145746559 0.986012161
1341848043.938034 1.112554550 -0.247251242 1.079175830 -0.052046854 0.060825627 0.145783991 0.986072183
1341848043.969826 1.108684778 -0.247920051 1.080404758 -0.051854372 0.062281769 0.144261464 0.986215353
1341848044.005919 1.098188996 -0.251622587 1.089292169 -0.054049831 0.064920813 0.143930316 0.985975683
1341848044.037703 1.089884996 -0.262768626 1.095620990 -0.054998584 0.065615825 0.144544259 0.985787332
1341848044.073762 1.082482100 -0.260440826 1.093677044 -0.052416205 0.066759758 0.144085050 0.985918462
1341848044.105804 1.073024631 -0.262462020 1.099389315 -0.055347137 0.067383863 0.144949540 0.985589087
1341848044.137722 1.069417715 -0.265054643 1.109412909 -0.054718979 0.065301619 0.146958068 0.985466838
1341848044.173825 1.061069131 -0.265389800 1.110846162 -0.054097638 0.067444012 0.146762222 0.985386074
1341848044.205750 1.051839113 -0.269639045 1.118055820 -0.055679340 0.071147121 0.146549910 0.985069096
1341848044.237767 1.046153069 -0.272549629 1.121682525 -0.055756677 0.072075270 0.148334548 0.984730065
1341848044.273822 1.034947276 -0.271978796 1.126330614 -0.055053473 0.075197220 0.149250343 0.984397709
1341848044.305742 1.029888391 -0.274740338 1.131670475 -0.056938723 0.076953687 0.150652260 0.983941078
1341848044.337838 1.024898767 -0.275789142 1.137275338 -0.056499954 0.078556351 0.150735870 0.983826935
1341848044.373688 1.017197967 -0.276470453 1.140982389 -0.056121465 0.081095405 0.152642205 0.983348489
1341848044.405874 1.012800694 -0.275131881 1.145950437 -0.056726724 0.083293915 0.155009434 0.982759595
1341848044.441696 1.011240244 -0.282356441 1.150438070 -0.059524167 0.085961565 0.158723414 0.981771052
1341848044.473716 1.007194638 -0.282375157 1.154554605 -0.059368759 0.089164250 0.162450314 0.980884850
1341848044.505687 1.002254725 -0.285639465 1.157248855 -0.060927249 0.094156198 0.165849581 0.979753315
1341848044.541856 0.998890817 -0.286704391 1.165964723 -0.061365478 0.098813087 0.169541553 0.978634775
1341848044.573760 0.993511081 -0.288089812 1.173744082 -0.061184801 0.103360452 0.173003852 0.977569818
1341848044.605829 0.989790976 -0.289286166 1.178765178 -0.060773436 0.107535519 0.176494539 0.976520538
1341848044.641741 0.983465672 -0.293072283 1.184216499 -0.062604472 0.112607241 0.182523489 0.974723279
1341848044.705966 0.972554386 -0.299214721 1.193856239 -0.062460132 0.119961150 0.190333098 0.972358704
1341848044.771011 0.954995036 -0.299988270 1.203304410 -0.058515780 0.129208028 0.197428435 0.970001638
1341848044.802833 0.948023736 -0.298581600 1.202211857 -0.056337588 0.131944105 0.197770596 0.969692588
1341848044.834852 0.941092074 -0.303013921 1.209208131 -0.058192402 0.135528848 0.200060159 0.968618393
1341848044.870686 0.929632425 -0.306175828 1.217494011 -0.055509020 0.139461070 0.205002099 0.967183292
1341848044.902692 0.922743380 -0.303879470 1.219685078 -0.052178577 0.139692202 0.208182678 0.966655791
1341848044.970797 0.906033039 -0.310624659 1.224427462 -0.052318003 0.142720297 0.214582950 0.964804649
1341848045.002641 0.897577107 -0.308613777 1.223871231 -0.051159050 0.142095715 0.216230422 0.964591086
1341848045.038733 0.894101381 -0.308664918 1.227098227 -0.054209322 0.141036823 0.217411339 0.964314401
1341848045.070849 0.891095638 -0.312373549 1.237056017 -0.056857150 0.140830502 0.217989072 0.964061677
1341848045.102831 0.886285067 -0.313810050 1.239290237 -0.057538785 0.142732069 0.217487127 0.963854909
1341848045.138762 0.879081190 -0.311289310 1.245715141 -0.058768090 0.144926757 0.218220428 0.963287354
1341848045.170759 0.869631231 -0.321368635 1.255286336 -0.061761703 0.147544071 0.219307378 0.962455511
1341848045.202698 0.868057966 -0.314040124 1.260761499 -0.057628043 0.146452144 0.218433291 0.963077188
1341848045.238872 0.861289978 -0.320470870 1.267356396 -0.060107097 0.149389505 0.216688648 0.962868631
1341848045.270833 0.852780879 -0.325722456 1.273861170 -0.059775729 0.151420429 0.217609793 0.962364197
1341848045.306816 0.847774327 -0.321566641 1.278363228 -0.057788853 0.150658309 0.217904076 0.962538540
1341848045.338698 0.844423652 -0.327492923 1.286894560 -0.060908414 0.151408002 0.216075540 0.962640762
1341848045.370799 0.836062551 -0.332384109 1.296618104 -0.060842820 0.154113919 0.215606675 0.962320626
1341848045.406703 0.826898456 -0.332894921 1.298686743 -0.059726819 0.154491976 0.215429842 0.962369442
1341848045.438695 0.819539011 -0.334645301 1.307849169 -0.061880231 0.153157040 0.215448439 0.962442636
1341848045.474692 0.818314493 -0.340300918 1.319655538 -0.063981235 0.150223672 0.215125263 0.962839782
1341848045.538886 0.807962775 -0.352185190 1.336022496 -0.065350093 0.151716918 0.211537912 0.963308394
1341848045.606920 0.794558108 -0.355555058 1.349352837 -0.063100412 0.149246156 0.211831197 0.963779807
1341848045.645890 0.787066698 -0.359397292 1.357190132 -0.064323001 0.149160728 0.210986435 0.963897526
1341848045.706968 0.776583076 -0.363586724 1.377300262 -0.063653521 0.146028221 0.208163410 0.965034783
1341848045.743092 0.771701276 -0.364387035 1.382845759 -0.063252315 0.144514993 0.206259623 0.965697527
1341848045.774776 0.767875254 -0.368525267 1.392739892 -0.066058584 0.142963529 0.205328777 0.965938866
1341848045.807609 0.758577049 -0.377158761 1.404942155 -0.067040302 0.142861977 0.203310877 0.966313004
1341848045.842865 0.753424048 -0.374707818 1.409881234 -0.063741073 0.140390411 0.201311782 0.967316508
1341848045.874777 0.745424986 -0.372372806 1.417503238 -0.064184606 0.140455842 0.198897660 0.967776954
1341848045.906765 0.742441237 -0.384080619 1.429875731 -0.070035093 0.138500139 0.199471265 0.967535079
1341848045.942758 0.737489939 -0.382350683 1.437428117 -0.064758770 0.132378057 0.197392002 0.969184637
1341848045.974768 0.729271472 -0.378761321 1.443328857 -0.062234923 0.130850703 0.193522751 0.970337033
1341848046.010763 0.723095357 -0.389049709 1.450709939 -0.066900909 0.129617006 0.191562906 0.970580995
1341848046.042828 0.715649009 -0.388256550 1.458749056 -0.063956894 0.125530779 0.189083338 0.971801937
1341848046.074722 0.715405583 -0.381040841 1.461928844 -0.060693026 0.117347114 0.185869828 0.973652184
1341848046.110817 0.707857966 -0.384046465 1.468747616 -0.064540505 0.117164120 0.182148293 0.974129975
1341848046.142773 0.704790354 -0.392567843 1.476225615 -0.067654841 0.114662066 0.180093259 0.974598348
1341848046.181848 0.693715811 -0.387489080 1.479805946 -0.063083149 0.114094101 0.174671829 0.975957394
1341848046.219718 0.685763478 -0.382990181 1.482758641 -0.064015500 0.112971097 0.171396703 0.976607800
1341848046.249730 0.682835400 -0.394418865 1.487344384 -0.070871368 0.108519860 0.169113845 0.977037013
1341848046.283599 0.674389660 -0.386241406 1.491212487 -0.066756733 0.105826698 0.166083485 0.978141367
1341848046.317731 0.666733205 -0.386901885 1.495039463 -0.068525575 0.105016313 0.161476642 0.978877544
1341848046.349732 0.657197893 -0.389424294 1.498584151 -0.070271321 0.104920089 0.160576850 0.978912055
1341848046.382309 0.651829839 -0.386232495 1.501145124 -0.068749771 0.100857049 0.158193544 0.979834795
1341848046.417763 0.645717382 -0.380826592 1.501105428 -0.068563424 0.099657543 0.154829681 0.980507612
1341848046.449782 0.635880947 -0.384309977 1.507061839 -0.072827071 0.100793295 0.153981462 0.980217636
1341848046.485848 0.630698681 -0.382224798 1.507896543 -0.072327748 0.097169437 0.151661456 0.980982006
1341848046.517760 0.620362461 -0.375902444 1.510053992 -0.071674369 0.097068280 0.148793280 0.981479049
1341848046.549658 0.613957286 -0.382615954 1.511904240 -0.076324217 0.096075378 0.146969467 0.981500983
1341848046.586076 0.605369031 -0.383899093 1.509742618 -0.075150490 0.093099050 0.144818708 0.982197821
1341848046.617769 0.596571922 -0.375204414 1.508155107 -0.071185976 0.091554679 0.141596422 0.983107746
1341848046.653748 0.584358573 -0.384629071 1.505710006 -0.076044306 0.092572287 0.142243519 0.982555091
1341848046.714925 0.575760186 -0.373507082 1.503002644 -0.069265656 0.082141779 0.140935168 0.984170854
1341848046.746888 0.565061629 -0.375729233 1.500380993 -0.070259430 0.082435690 0.140538812 0.984132528
1341848046.778736 0.556738198 -0.375574619 1.498118281 -0.068843409 0.080946311 0.139439374 0.984512627
1341848046.814747 0.544155836 -0.364746004 1.494246840 -0.063614167 0.080967955 0.136818647 0.985229969
1341848046.846853 0.537429094 -0.364926726 1.491915226 -0.065647468 0.081032269 0.136564344 0.985126615
1341848046.878793 0.530052781 -0.362292528 1.488907933 -0.064669296 0.080461994 0.136860102 0.985197008
1341848046.915079 0.524948657 -0.361719549 1.483736753 -0.065638512 0.078801893 0.135891244 0.985401154
1341848046.946882 0.515204191 -0.359773159 1.481480479 -0.065552063 0.079553388 0.136527836 0.985258520
1341848046.982780 0.506774008 -0.355219662 1.477597594 -0.064017668 0.078766875 0.136411384 0.985438764
1341848047.015086 0.495404780 -0.349028647 1.474561691 -0.063391492 0.079706475 0.135355279 0.985549331
1341848047.047884 0.487254530 -0.351022869 1.472593784 -0.066143975 0.079710364 0.135498002 0.985348463
1341848047.089866 0.478865862 -0.345169008 1.467455626 -0.064315811 0.078399971 0.134121001 0.985762954
1341848047.147565 0.462738574 -0.339118510 1.463134885 -0.067092784 0.076910898 0.134038717 0.985706329
1341848047.214887 0.442927122 -0.333071053 1.454784036 -0.065878741 0.075662881 0.129754469 0.986457825
1341848047.250668 0.431722760 -0.334939867 1.451526046 -0.068636894 0.074640118 0.129425153 0.986390889
1341848047.282779 0.425952971 -0.336127877 1.446940899 -0.070347317 0.070559584 0.128795221 0.986653149
1341848047.314815 0.415050358 -0.333377063 1.444483161 -0.069338866 0.070363134 0.126786411 0.986998677
1341848047.350637 0.403232992 -0.332164854 1.440758228 -0.068775117 0.069704570 0.125926524 0.987194896
1341848047.383038 0.391257703 -0.329720199 1.438684940 -0.067120209 0.066466078 0.125483856 0.987588465
1341848047.414781 0.384535968 -0.332487583 1.432160020 -0.068168029 0.062719151 0.123017438 0.988071978
1341848047.450847 0.375048786 -0.329150468 1.429207683 -0.065041490 0.060833711 0.121705532 0.988562942
1341848047.482648 0.363955170 -0.325279623 1.424760580 -0.062547363 0.059081588 0.120948009 0.988923013
1341848047.518733 0.357488930 -0.325669676 1.420420408 -0.063986659 0.055199113 0.120627441 0.989094496
1341848047.550836 0.347069740 -0.329276741 1.418753743 -0.065089315 0.054246329 0.119271897 0.989239633
1341848047.582955 0.343057543 -0.325111061 1.414992571 -0.062324554 0.050535399 0.117021039 0.989882827
1341848047.618981 0.335010171 -0.325098753 1.412736773 -0.062805086 0.050787590 0.115718730 0.989992619
1341848047.650752 0.317370534 -0.333322883 1.410931587 -0.064468756 0.053488955 0.114848390 0.989844799
1341848047.689728 0.313798815 -0.324290335 1.407896042 -0.058903128 0.047508478 0.114366397 0.990552247
1341848047.750845 0.299359053 -0.328422129 1.403782487 -0.062376041 0.046889439 0.112917595 0.990535319
1341848047.786695 0.288206637 -0.329398423 1.402179956 -0.062606595 0.047339879 0.112998337 0.990490139
1341848047.818804 0.287586480 -0.327680707 1.399264097 -0.061999064 0.042910371 0.111526936 0.990896881
1341848047.850811 0.273352683 -0.325663924 1.401213884 -0.061999824 0.047209308 0.110028386 0.990868866
1341848047.886853 0.262938827 -0.331814200 1.400860906 -0.063943744 0.048986100 0.109197557 0.990750968
1341848047.918858 0.255522788 -0.330443799 1.398469925 -0.061703727 0.047947027 0.109440573 0.990917027
1341848047.954723 0.248635411 -0.329022616 1.397242069 -0.061348621 0.047332522 0.109128363 0.991003096
1341848047.986771 0.242971390 -0.332177699 1.397711277 -0.062676348 0.048269480 0.109215915 0.990865111
1341848048.018897 0.229082122 -0.336579442 1.395634770 -0.061589733 0.050160527 0.108611390 0.990905762
1341848048.054937 0.223286062 -0.329326749 1.394522548 -0.058054104 0.048047625 0.108636491 0.991221130
1341848048.086776 0.217016622 -0.331608444 1.392969966 -0.059881955 0.049452633 0.108700395 0.991036296
1341848048.118790 0.203665316 -0.333752096 1.393533349 -0.059688978 0.052195001 0.108891070 0.990886331
1341848048.154692 0.201754197 -0.332354814 1.392257452 -0.058110852 0.049938351 0.110443607 0.990924597
1341848048.186720 0.192508459 -0.330205500 1.392096281 -0.057262972 0.053637203 0.110236488 0.990803719
1341848048.222966 0.178859562 -0.336929023 1.393856287 -0.058465634 0.057480846 0.110829927 0.990451634
1341848048.254953 0.175038084 -0.334973842 1.391770959 -0.053514365 0.056701295 0.113506243 0.990473449
1341848048.286640 0.169620410 -0.333649516 1.387618542 -0.052322075 0.058562897 0.112357147 0.990559816
1341848048.322843 0.158853292 -0.338617861 1.387848377 -0.054482967 0.062036198 0.113418117 0.990110815
1341848048.354699 0.152614951 -0.338121325 1.386460781 -0.052072331 0.062931344 0.115068823 0.989993572
1341848048.386709 0.144647181 -0.339065194 1.384653091 -0.051248621 0.065256767 0.112100236 0.990226567
1341848048.422649 0.132226825 -0.345286250 1.384680748 -0.051823281 0.069530733 0.110352747 0.990102112
1341848048.454923 0.127662688 -0.343342274 1.379750252 -0.047484469 0.069526583 0.111469835 0.990194857
1341848048.490668 0.118259929 -0.342124611 1.377054214 -0.046760485 0.070900314 0.111664288 0.990109980
1341848048.522793 0.107750475 -0.349781215 1.378970027 -0.048300829 0.073529482 0.111869127 0.989821136
1341848048.554990 0.103375077 -0.351071268 1.375773191 -0.044605933 0.073495366 0.112398162 0.989937067
1341848048.590630 0.092042282 -0.350359321 1.372941136 -0.041035011 0.075198844 0.111940444 0.990015507
1341848048.622652 0.088429831 -0.353257298 1.371388793 -0.040043239 0.074106909 0.113023311 0.990015388
1341848048.658741 0.081446864 -0.355670035 1.369493127 -0.036647264 0.075609021 0.114375651 0.989877999
1341848048.690791 0.078105688 -0.353622735 1.364595771 -0.032317121 0.073915400 0.114356972 0.990158916
1341848048.722708 0.071207173 -0.355857134 1.363735318 -0.031106405 0.074407808 0.116125293 0.989955008
1341848048.758833 0.064896390 -0.357380271 1.362500548 -0.028322773 0.075508393 0.116775386 0.989878714
1341848048.791156 0.059415065 -0.356522322 1.360196829 -0.025298910 0.075778954 0.116520584 0.989969969
1341848048.822736 0.051845271 -0.362292856 1.359138012 -0.024378717 0.076783903 0.116816528 0.989880741
1341848048.858661 0.046935126 -0.360208541 1.355748177 -0.020125082 0.075490415 0.115203843 0.990264773
1341848048.891041 0.037707195 -0.363249600 1.355691433 -0.018314105 0.077010527 0.112869971 0.990451634
1341848048.926768 0.029934244 -0.369558781 1.352534413 -0.016956216 0.076627925 0.110283695 0.990796745
1341848048.958953 0.021987595 -0.364412963 1.348622561 -0.010998169 0.074962862 0.108896583 0.991161525
1341848048.990810 0.011169547 -0.370397389 1.347954154 -0.009502050 0.075763039 0.107537180 0.991264582
1341848049.026707 0.005098225 -0.375186443 1.346141338 -0.006304811 0.074857742 0.103490539 0.991789460
1341848049.058792 -0.001004747 -0.369964927 1.339965105 0.000929336 0.074551396 0.100468002 0.992142916
1341848049.090709 -0.012390337 -0.368046761 1.337191701 0.004065613 0.075080007 0.100928679 0.992048383
1341848049.126753 -0.016945381 -0.369663566 1.334786773 0.005399237 0.071762092 0.101077519 0.992272377
1341848049.158854 -0.019522358 -0.371493250 1.331136107 0.006653567 0.070349187 0.098584421 0.992616653
1341848049.194708 -0.030381437 -0.373386443 1.327505112 0.008506112 0.072220057 0.096568525 0.992666364
1341848049.226742 -0.039441306 -0.365455955 1.322804093 0.012796969 0.071075596 0.096524581 0.992707193
1341848049.258792 -0.043633554 -0.364890486 1.320760846 0.012651083 0.068428159 0.095932737 0.992952466
1341848049.294747 -0.050318461 -0.369424999 1.318659186 0.012084640 0.069562182 0.093807921 0.993083715
1341848049.326837 -0.059783351 -0.366908699 1.313443542 0.014057787 0.071129560 0.093317918 0.992992818
1341848049.358802 -0.071789086 -0.364059746 1.308832526 0.014713720 0.071833238 0.094452679 0.992825329
1341848049.394779 -0.078765854 -0.369711339 1.309035540 0.013018824 0.071918674 0.096055806 0.992689073
1341848049.426763 -0.083149619 -0.368189037 1.303286076 0.015845263 0.071981966 0.096254729 0.992624044
1341848049.462746 -0.092288747 -0.361122012 1.297192216 0.018427774 0.073873073 0.098120213 0.992257833
1341848049.494728 -0.100487933 -0.370657325 1.294561148 0.015905075 0.074515551 0.102044202 0.991857588
1341848049.526803 -0.104948819 -0.363135695 1.288278818 0.020000497 0.073550709 0.102360718 0.991822839
1341848049.562799 -0.114083931 -0.363872081 1.280462265 0.018582335 0.075706847 0.103449933 0.991575181
1341848049.594759 -0.130537644 -0.362115949 1.279908419 0.019525051 0.077688061 0.105800442 0.991155744
1341848049.626829 -0.135279745 -0.361360043 1.273005605 0.019761747 0.074838802 0.107112572 0.991229355
1341848049.662690 -0.143266618 -0.355327904 1.268257856 0.020926807 0.075563915 0.105683491 0.991303802
1341848049.695064 -0.162770182 -0.351977527 1.266723752 0.021009279 0.078686737 0.105567165 0.991071463
1341848049.730793 -0.175945193 -0.350282520 1.264008641 0.020555580 0.076388225 0.106735200 0.991135657
1341848049.762702 -0.179881021 -0.347635716 1.254859805 0.019542905 0.070994556 0.104531310 0.991791904
1341848049.794722 -0.193167478 -0.345489740 1.251083374 0.018827707 0.072423279 0.102219969 0.991943300
1341848049.830816 -0.206430584 -0.340044498 1.248081684 0.020593444 0.070526846 0.102478981 0.992018163
1341848049.869834 -0.215046212 -0.333248794 1.242520690 0.020068802 0.066675879 0.101585552 0.992386997
1341848049.930835 -0.235449404 -0.343098640 1.237746239 0.015411267 0.065758929 0.097021356 0.992987990
1341848049.963022 -0.245212644 -0.331581533 1.231925011 0.019460630 0.062525399 0.095829934 0.993241429
1341848049.998757 -0.254599214 -0.327158272 1.228491306 0.019068951 0.059953261 0.095896587 0.993401170
1341848050.030786 -0.267827123 -0.336235225 1.228106737 0.014710662 0.059210703 0.094050705 0.993696213
1341848050.062661 -0.268891245 -0.332891911 1.223131657 0.016381294 0.053825364 0.091624156 0.994202971
1341848050.098678 -0.280094713 -0.326052934 1.219772696 0.017854096 0.053408228 0.090844579 0.994271636
1341848050.130710 -0.291033924 -0.325922936 1.221501231 0.017036069 0.051057383 0.089710958 0.994512379
1341848050.166738 -0.288063407 -0.320533752 1.214581490 0.017723667 0.044333607 0.084945686 0.995240986
1341848050.198726 -0.304599613 -0.322564840 1.215855837 0.015254796 0.046820369 0.082809187 0.995348096
1341848050.230806 -0.313680172 -0.318351477 1.217354298 0.016483048 0.043178074 0.080931753 0.995647550
1341848050.266732 -0.320676267 -0.316188067 1.214578152 0.016397322 0.040069636 0.078031726 0.996010363
1341848050.298842 -0.331121266 -0.312297463 1.214423656 0.016435506 0.039674178 0.074354194 0.996306837
1341848050.330688 -0.342037588 -0.315831572 1.214096546 0.015247889 0.037331618 0.070953421 0.996664226
1341848050.366746 -0.346222609 -0.308434039 1.211479783 0.017505405 0.032533720 0.070115231 0.996854603
1341848050.398693 -0.353205293 -0.308694422 1.209141970 0.015516968 0.029364375 0.066290401 0.997247577
1341848050.434780 -0.365635753 -0.314270854 1.210451007 0.012912158 0.028466107 0.063779555 0.997474372
1341848050.466655 -0.370311588 -0.311840206 1.208398342 0.014035506 0.024074493 0.061488364 0.997718692
1341848050.498791 -0.378378242 -0.321755797 1.208178163 0.010081494 0.021979870 0.056033675 0.998136044
1341848050.534849 -0.385047823 -0.319466829 1.207141995 0.012002388 0.019723130 0.053135607 0.998320460
1341848050.566840 -0.393917799 -0.314242154 1.207788944 0.014666131 0.017019512 0.051652316 0.998412430
1341848050.598790 -0.398967385 -0.313450754 1.204979897 0.013793196 0.010698719 0.049995273 0.998596907
1341848050.634752 -0.407095671 -0.324843913 1.203973532 0.009544720 0.008256716 0.045605015 0.998879910
1341848050.666816 -0.416194737 -0.318954527 1.202959061 0.013875920 0.006111232 0.042906985 0.998964071
1341848050.702846 -0.424475193 -0.317351699 1.201830029 0.014915465 0.002345334 0.041010290 0.999044657
1341848050.734789 -0.438188523 -0.314748555 1.201201558 0.016157297 0.001053602 0.041785564 0.998995423
1341848050.766882 -0.444256365 -0.313617706 1.200505972 0.016083322 -0.004217455 0.040552285 0.999039114
1341848050.802875 -0.452688098 -0.318264902 1.200254202 0.015018603 -0.007988438 0.038323313 0.999120593
1341848050.834769 -0.456914008 -0.316502661 1.196429491 0.016626289 -0.012868981 0.035812113 0.999137461
1341848050.870719 -0.467211545 -0.310513467 1.197289348 0.018213907 -0.015290891 0.034030825 0.999137819
1341848050.902725 -0.476863176 -0.320633233 1.198278904 0.014422386 -0.019256065 0.029914668 0.999262929
1341848050.934794 -0.483290046 -0.322802961 1.193361640 0.015054450 -0.022103664 0.026084615 0.999302030
1341848050.970852 -0.492763460 -0.321643233 1.195918441 0.015993174 -0.024285253 0.023311255 0.999305308
1341848051.002763 -0.498975724 -0.320685685 1.196715474 0.017512986 -0.028570261 0.021936070 0.999197602
1341848051.035007 -0.503834844 -0.320408136 1.192494631 0.018499631 -0.032726936 0.020229843 0.999088407
1341848051.070784 -0.513092399 -0.321971774 1.193106771 0.018497135 -0.034885816 0.018055033 0.999057055
1341848051.102734 -0.519167483 -0.319297254 1.191729426 0.021296410 -0.037936285 0.016486339 0.998917222
1341848051.138713 -0.524238050 -0.318227708 1.187301159 0.022622470 -0.040862385 0.014385539 0.998805106
1341848051.170672 -0.533758521 -0.318445623 1.186283231 0.022576278 -0.041606002 0.015076393 0.998765230
1341848051.238747 -0.542601824 -0.327509135 1.184640050 0.021740893 -0.049412668 0.014222835 0.998440564
1341848051.270842 -0.548760951 -0.329789877 1.183117390 0.023789017 -0.050950978 0.010851849 0.998358846
1341848051.302718 -0.551094055 -0.328108758 1.181202054 0.028284648 -0.053187571 0.008603753 0.998146832
1341848051.338668 -0.555441201 -0.328919530 1.182620645 0.031916350 -0.055963613 0.008221867 0.997888744
1341848051.370895 -0.560138166 -0.325849831 1.176963687 0.036091842 -0.060068555 0.005074195 0.997528672
1341848051.406688 -0.562982678 -0.323911309 1.174972892 0.038454670 -0.061531398 0.003306210 0.997358680
1341848051.440006 -0.562699497 -0.322951645 1.175565839 0.040714953 -0.065947294 0.001513101 0.996990979
1341848051.470890 -0.566537440 -0.324158549 1.172593951 0.041756187 -0.068617284 -0.001225665 0.996768117
1341848051.506718 -0.569413304 -0.319275796 1.171198845 0.043892667 -0.072208144 -0.005398187 0.996408761
1341848051.538932 -0.573402584 -0.327843726 1.171716928 0.042052913 -0.076395318 -0.010465818 0.996135414
1341848051.570738 -0.572410464 -0.323765904 1.169619918 0.048307169 -0.081210390 -0.019004587 0.995344281
1341848051.606760 -0.577114880 -0.319876373 1.170198083 0.051273596 -0.084588610 -0.023666106 0.994814456
1341848051.638863 -0.579986334 -0.324648738 1.170306921 0.052671231 -0.091726817 -0.032329362 0.993864536
1341848051.674718 -0.582232535 -0.315102458 1.164768457 0.060632382 -0.095274329 -0.037003353 0.992913544
1341848051.706714 -0.589172006 -0.314568311 1.160504580 0.059518076 -0.098721854 -0.038982447 0.992568374
1341848051.738793 -0.587243736 -0.323843002 1.159617543 0.056537770 -0.107872300 -0.044151332 0.991573393
1341848051.774823 -0.586244166 -0.311818272 1.153038025 0.062049106 -0.112668917 -0.048899028 0.990487039
1341848051.806694 -0.583719015 -0.310864508 1.156908274 0.062830508 -0.117931381 -0.056810733 0.989402473
1341848051.838757 -0.585279286 -0.310436040 1.157569766 0.067257389 -0.120184340 -0.066986613 0.988202929
1341848051.874951 -0.581432402 -0.306040794 1.145897627 0.070318289 -0.121919781 -0.072036110 0.987421811
1341848051.906707 -0.582992733 -0.299530834 1.146384001 0.068681948 -0.123944394 -0.078343675 0.986804426
1341848051.942680 -0.578374684 -0.302261233 1.146648288 0.066470720 -0.129720867 -0.082945026 0.985836923
1341848051.974762 -0.574803650 -0.296998054 1.135476708 0.065251529 -0.129236072 -0.087414071 0.985595822
1341848052.006755 -0.574438214 -0.291107655 1.136710167 0.062939018 -0.127309948 -0.091923401 0.985586643
1341848052.042751 -0.572050631 -0.292783856 1.143057346 0.063006543 -0.127799630 -0.093803361 0.985341787
1341848052.074871 -0.565057993 -0.288948357 1.130959392 0.063351877 -0.125761941 -0.097245798 0.985248089
1341848052.143014 -0.560443282 -0.283696383 1.132223487 0.063409038 -0.120072410 -0.103019230 0.985367477
1341848052.178064 -0.553209007 -0.287384689 1.120428801 0.060071658 -0.118894242 -0.108426824 0.985139191
1341848052.211397 -0.548898816 -0.281151980 1.121059299 0.059037745 -0.115987465 -0.110536397 0.985313773
1341848052.242872 -0.542529881 -0.278493732 1.118210196 0.060662556 -0.115132123 -0.113737382 0.984950960
1341848052.311125 -0.531807363 -0.267343581 1.108877659 0.057923414 -0.110107340 -0.119019836 0.985066295
1341848052.342876 -0.528601885 -0.274400771 1.104171395 0.055099417 -0.108309001 -0.123159170 0.984918773
1341848052.379476 -0.516811848 -0.264620900 1.097175598 0.058136191 -0.106327720 -0.125532359 0.984660506
1341848052.412309 -0.513753057 -0.259478301 1.093352556 0.056352623 -0.103387877 -0.122666270 0.985438168
1341848052.444722 -0.511490345 -0.264674753 1.096195579 0.055565625 -0.103389353 -0.126994997 0.984934270
1341848052.481496 -0.500886381 -0.262979984 1.086794138 0.056832746 -0.101316735 -0.128486633 0.984883904
1341848052.543277 -0.492983460 -0.254273921 1.077521205 0.061074093 -0.097542994 -0.130790189 0.984707773
1341848052.579155 -0.485720068 -0.252191454 1.064980626 0.058856338 -0.095373958 -0.133081973 0.984748185
1341848052.617750 -0.478205442 -0.246696860 1.071347356 0.059841271 -0.093065366 -0.138827950 0.984116256
1341848052.678720 -0.464227706 -0.239432037 1.057598948 0.063742056 -0.090465501 -0.149241865 0.982588351
1341848052.710822 -0.459118068 -0.231767938 1.054091215 0.064496346 -0.087786175 -0.149477586 0.982746303
1341848052.746833 -0.449229032 -0.235445604 1.048535705 0.061041418 -0.089869790 -0.146583959 0.983214438
1341848052.778710 -0.438539058 -0.228079528 1.037748933 0.059923664 -0.090482242 -0.145139515 0.983441293
1341848052.810890 -0.432715386 -0.227893144 1.038774133 0.056042567 -0.087065995 -0.145566553 0.983915269
1341848052.846856 -0.424663007 -0.232113928 1.033477545 0.057493474 -0.084596619 -0.149053633 0.983524740
1341848052.878813 -0.413751274 -0.225007936 1.023026466 0.061304219 -0.080396391 -0.148794413 0.983686209
1341848052.914694 -0.411657393 -0.221662253 1.014811635 0.058917787 -0.074182168 -0.148960337 0.984294951
1341848052.946675 -0.404942781 -0.220432311 1.015464425 0.059354115 -0.071863398 -0.148651734 0.984487414
1341848052.978684 -0.389898807 -0.220071957 1.004936576 0.058801260 -0.071248114 -0.146284580 0.984919786
1341848053.014784 -0.380039215 -0.219116583 1.000393629 0.057198975 -0.065343045 -0.145907924 0.985479355
1341848053.046693 -0.378149152 -0.218505263 1.000632763 0.058294270 -0.060994130 -0.141924411 0.986275375
1341848053.082651 -0.367606521 -0.209967464 0.990810573 0.060401171 -0.058335457 -0.140543684 0.986507058
1341848053.114846 -0.357932329 -0.215705678 0.983563125 0.056298617 -0.052474488 -0.139805391 0.987183571
1341848053.146985 -0.354495734 -0.217622519 0.978238344 0.055619072 -0.045871142 -0.136519313 0.988010585
1341848053.183210 -0.351787537 -0.205432758 0.974063754 0.057886541 -0.040788911 -0.131819814 0.988741159
1341848053.214816 -0.341856301 -0.203837976 0.972740471 0.057217315 -0.037419312 -0.129857063 0.989172995
1341848053.247961 -0.331438690 -0.210439086 0.969531834 0.057319786 -0.034273576 -0.128940225 0.989400983
1341848053.289822 -0.328796476 -0.205261186 0.960901141 0.059825242 -0.029458512 -0.125777707 0.989814758
1341848053.321709 -0.320983291 -0.203374147 0.955421507 0.060034685 -0.026228210 -0.122216538 0.990338922
1341848053.353831 -0.317054689 -0.199907213 0.952110052 0.060901541 -0.021215325 -0.117519505 0.990974307
1341848053.386096 -0.315487176 -0.201218694 0.948090971 0.060420889 -0.016375765 -0.114401773 0.991460264
1341848053.421775 -0.299225807 -0.200288594 0.938843071 0.060538184 -0.015016017 -0.110838644 0.991879284
1341848053.453749 -0.297512203 -0.194752321 0.935008287 0.059659824 -0.008502183 -0.104448311 0.992702901
1341848053.485736 -0.287423611 -0.188214317 0.937584877 0.059538070 -0.007534694 -0.099614173 0.993214786
1341848053.521747 -0.289837331 -0.194773272 0.925301909 0.054815069 -0.002450183 -0.096957378 0.993774951
1341848053.553915 -0.279778332 -0.194872737 0.916176617 0.052222103 0.001769474 -0.093245789 0.994271040
1341848053.589737 -0.274321735 -0.181851074 0.921040773 0.053218167 0.007530856 -0.087966770 0.994672298
1341848053.621911 -0.273000151 -0.179374442 0.917387426 0.050035913 0.011863856 -0.081400700 0.995354056
1341848053.653792 -0.258377373 -0.180021182 0.908851445 0.043952089 0.015264721 -0.073992491 0.996172905
1341848053.689724 -0.262422681 -0.183636680 0.909094512 0.039286952 0.024385257 -0.069877990 0.996483326
1341848053.721697 -0.257201016 -0.180717856 0.905266821 0.038515467 0.029243950 -0.063429900 0.996813953
1341848053.758007 -0.251292139 -0.172812581 0.900728226 0.037635356 0.035683312 -0.057275843 0.997010410
1341848053.789882 -0.248605654 -0.174877763 0.900270104 0.034809384 0.042993572 -0.051767655 0.997125924
1341848053.821625 -0.248877525 -0.177007079 0.895315051 0.034115616 0.050414808 -0.046350781 0.997068822
1341848053.857784 -0.240080923 -0.174475655 0.889228284 0.033895008 0.055006228 -0.039440826 0.997130811
1341848053.889790 -0.238446280 -0.170662910 0.889277458 0.034065038 0.059840709 -0.031328108 0.997134507
1341848053.951067 -0.243810445 -0.183418110 0.876794040 0.033938870 0.069888368 -0.019739496 0.996781886
1341848053.986823 -0.248325199 -0.184393257 0.873907626 0.034384295 0.074901402 -0.013937315 0.996500552
1341848054.051032 -0.242908239 -0.165945888 0.859572947 0.040928002 0.072558545 0.005048041 0.996511281
1341848054.086777 -0.246923313 -0.166511267 0.854362667 0.038418699 0.074830398 0.012220033 0.996381044
1341848054.118853 -0.254790455 -0.169794947 0.849958718 0.036664963 0.076056816 0.019283790 0.996242583
1341848054.155032 -0.256132364 -0.166176006 0.841383874 0.036250643 0.075081870 0.026197996 0.996173859
1341848054.186687 -0.256586611 -0.171239942 0.836274028 0.032146215 0.074957706 0.028930938 0.996248484
1341848054.219030 -0.264732718 -0.182009593 0.831683695 0.029606329 0.077430882 0.029188612 0.996130526
1341848054.254827 -0.266719788 -0.181907952 0.823231697 0.032737985 0.078768700 0.028331280 0.995952427
1341848054.286801 -0.264768779 -0.167395756 0.812128127 0.037002254 0.079242550 0.028739829 0.995753706
1341848054.322895 -0.274886161 -0.166348666 0.807873845 0.031909443 0.083035380 0.030158158 0.995578945
1341848054.354790 -0.282894969 -0.168888822 0.805109024 0.029261006 0.084535390 0.032515269 0.995459914
1341848054.387103 -0.278741866 -0.168282926 0.792303026 0.027115619 0.083468333 0.031536289 0.995642185
1341848054.422878 -0.284783334 -0.166503295 0.786295533 0.024041997 0.086548202 0.033187781 0.995404482
1341848054.454739 -0.294989496 -0.165442958 0.785387993 0.023541601 0.087890096 0.035613958 0.995214999
1341848054.486883 -0.294216216 -0.166016504 0.775742769 0.023039265 0.084392183 0.037373312 0.995464981
1341848054.522689 -0.291311860 -0.171114653 0.768298984 0.020231925 0.084216781 0.038437843 0.995500267
1341848054.554861 -0.296543449 -0.174556553 0.764695346 0.021041365 0.087576240 0.040200196 0.995123982
1341848054.590790 -0.298417926 -0.167592734 0.755097628 0.024710076 0.088602223 0.042628061 0.994847775
1341848054.622694 -0.300121546 -0.165030852 0.749150395 0.024264233 0.088928342 0.043705121 0.994782865
1341848054.656449 -0.297170758 -0.168920323 0.741921008 0.022709005 0.088810459 0.044931363 0.994775474
1341848054.691021 -0.295621485 -0.167593628 0.734175980 0.022975484 0.092302717 0.047479559 0.994332969
1341848054.722739 -0.294517666 -0.170585886 0.728296638 0.023228582 0.095064171 0.046665933 0.994105399
1341848054.754741 -0.298878282 -0.170118377 0.723485112 0.025531814 0.098782711 0.047531817 0.993645310
1341848054.790887 -0.296008706 -0.169297606 0.715666831 0.028225936 0.100021482 0.051063471 0.993273199
1341848054.822877 -0.296254218 -0.159918040 0.705691695 0.031341277 0.102712668 0.055577081 0.992662668
1341848054.858903 -0.301566422 -0.161139682 0.704180419 0.031520791 0.106460169 0.061003607 0.991943181
1341848054.890895 -0.298123181 -0.166399822 0.695579112 0.032496870 0.106694743 0.065023541 0.991631091
1341848054.922754 -0.292900234 -0.157422736 0.687287331 0.036663264 0.108572640 0.069552720 0.990974367
1341848054.958727 -0.302275300 -0.154494822 0.681718588 0.037636273 0.113550335 0.073903605 0.990064681
1341848054.991052 -0.305651814 -0.159786269 0.675465465 0.038236257 0.114434682 0.075731635 0.989801705
1341848055.023048 -0.297469139 -0.158529118 0.661193013 0.040747724 0.114451841 0.076478265 0.989642143
1341848055.058739 -0.306690365 -0.153706521 0.655795693 0.043246750 0.120366096 0.079000428 0.988635778
1341848055.090735 -0.313020647 -0.150845081 0.649412334 0.046317201 0.121859580 0.082336649 0.988041341
1341848055.126977 -0.312843144 -0.142675564 0.636695087 0.049371451 0.121008068 0.085706629 0.987711489
1341848055.159212 -0.314344108 -0.148050636 0.624819636 0.047023602 0.123782039 0.086867966 0.987380743
1341848055.190986 -0.321984798 -0.149633929 0.617970169 0.048661169 0.127977222 0.089266136 0.986552358
1341848055.226768 -0.332707763 -0.140333056 0.607132018 0.053324051 0.129689753 0.091675028 0.985866547
1341848055.258881 -0.334645212 -0.129092082 0.595771492 0.054542806 0.128758356 0.092645034 0.985831320
1341848055.294725 -0.341251761 -0.132480174 0.585197151 0.052671853 0.129744321 0.094889857 0.985590160
1341848055.326795 -0.349260569 -0.126168326 0.574584663 0.054853782 0.130241171 0.097180530 0.985182345
1341848055.358938 -0.350500464 -0.118085653 0.563150406 0.056060366 0.129757687 0.095870562 0.985306561
1341848055.394711 -0.355236411 -0.108628206 0.548292220 0.056328882 0.131708950 0.095054813 0.985111356
1341848055.426823 -0.366869062 -0.107933350 0.544085085 0.055623226 0.136002898 0.094706565 0.984601438
1341848055.458813 -0.374408305 -0.101227097 0.532062709 0.056927864 0.137525871 0.095430620 0.984245360
1341848055.494734 -0.379020214 -0.096221127 0.521477163 0.055834573 0.139430806 0.096019149 0.983982682
1341848055.526713 -0.385614038 -0.092526540 0.513343334 0.055413350 0.141991541 0.097011067 0.983542979
1341848055.562613 -0.390836328 -0.094841763 0.502588034 0.055237345 0.144347981 0.097112291 0.983199775
1341848055.594685 -0.395139575 -0.085221268 0.495065778 0.056283925 0.147208050 0.097266681 0.982700944
1341848055.626675 -0.405768365 -0.076136760 0.490177304 0.056680564 0.150805548 0.098966770 0.981962621
1341848055.662951 -0.414307833 -0.072360910 0.486138880 0.057086479 0.152203768 0.101052821 0.981510818
1341848055.694797 -0.414236367 -0.069734059 0.466707498 0.055833299 0.153667316 0.100267924 0.981435359
1341848055.726774 -0.418620288 -0.058817219 0.459435821 0.053857993 0.160205945 0.103304364 0.980184495
1341848055.762799 -0.432861626 -0.061830297 0.467452765 0.052815855 0.165112868 0.106950581 0.979035199
1341848055.794951 -0.434059769 -0.060304608 0.455068707 0.054279126 0.164963737 0.109994546 0.978642941
1341848055.830810 -0.431016952 -0.057638615 0.448748022 0.054068815 0.167160511 0.112531632 0.977993131
1341848055.862804 -0.441708237 -0.063696019 0.445964813 0.054406624 0.172301665 0.115885749 0.976689637
1341848055.894792 -0.448835105 -0.062516995 0.441655606 0.056948259 0.174752161 0.118431240 0.975803554
1341848055.930676 -0.454805672 -0.056267459 0.437730998 0.058950197 0.176975369 0.119780079 0.975119174
1341848055.962765 -0.464573830 -0.056171864 0.436949909 0.059695762 0.179128900 0.121437833 0.974475384
1341848055.994709 -0.474553287 -0.048071846 0.431124687 0.061203912 0.179733604 0.124852717 0.973838627
1341848056.030693 -0.481438279 -0.050117441 0.430514723 0.058404133 0.180809781 0.126253366 0.973630786
1341848056.062776 -0.494575083 -0.055729721 0.430899888 0.057160925 0.182457611 0.127576545 0.973224580
1341848056.098792 -0.503313184 -0.053468727 0.426630586 0.057555251 0.182917833 0.128636330 0.972975433
1341848056.130649 -0.515763104 -0.056291088 0.426536381 0.057050765 0.185150117 0.129379004 0.972484410
1341848056.162731 -0.531077921 -0.055799771 0.430212468 0.058660407 0.186343357 0.130279794 0.972040296
1341848056.198744 -0.543898344 -0.051492509 0.430742681 0.060516752 0.184768468 0.131187335 0.972105086
1341848056.230727 -0.556017756 -0.050489698 0.428626329 0.059920609 0.183322757 0.132594168 0.972224832
1341848056.263915 -0.570467770 -0.052201428 0.435430974 0.059584588 0.182071581 0.131848454 0.972581983
1341848056.298771 -0.583716691 -0.048991036 0.433864087 0.060814016 0.180418596 0.132110968 0.972778261
1341848056.330676 -0.597874403 -0.047193602 0.436379015 0.060380742 0.180742279 0.132865623 0.972642422
1341848056.366737 -0.616363049 -0.048984520 0.441286892 0.060066883 0.180435821 0.135431051 0.972364843
1341848056.398744 -0.633275270 -0.046293024 0.442025065 0.060927771 0.177171215 0.136940107 0.972700119
1341848056.430750 -0.647796750 -0.037242640 0.442346513 0.058374807 0.173293054 0.141634405 0.972883165
1341848056.466830 -0.663799465 -0.041418150 0.449253529 0.051733650 0.171344906 0.149037555 0.972498059
1341848056.498895 -0.681323886 -0.048010506 0.450032979 0.047457688 0.168665826 0.149978980 0.973039567
1341848056.534778 -0.694469392 -0.047006410 0.447174966 0.044829514 0.167031020 0.149425074 0.973531306
1341848056.566729 -0.707026660 -0.046268862 0.451966941 0.042626876 0.166876405 0.149628818 0.973625422
1341848056.598948 -0.726284802 -0.042299639 0.460307777 0.043572247 0.166223839 0.153437242 0.973102331
1341848056.634801 -0.741001785 -0.043780517 0.456144869 0.040611267 0.160503045 0.154572472 0.974010706
1341848056.666759 -0.750499249 -0.050172921 0.458511174 0.036671355 0.156814590 0.156624585 0.974439919
1341848056.698889 -0.768647313 -0.054934513 0.459878385 0.035724539 0.156002417 0.156833291 0.974571884
1341848056.734784 -0.780598521 -0.054948900 0.460028440 0.034517221 0.153704882 0.154176787 0.975403965
1341848056.766724 -0.794524729 -0.057771776 0.463992357 0.033878550 0.151849076 0.153264895 0.975860655
1341848056.802861 -0.799643338 -0.060225576 0.458817303 0.030597709 0.148580432 0.150837958 0.976849854
1341848056.834980 -0.811713040 -0.059630580 0.467911154 0.029591244 0.147421569 0.149935916 0.977195263
1341848056.866661 -0.822572351 -0.069735229 0.465819150 0.027917134 0.145855680 0.148988828 0.977624238
1341848056.902748 -0.828724265 -0.068834662 0.460268259 0.028125441 0.145726666 0.147882417 0.977805495
1341848056.934715 -0.841747940 -0.071334556 0.464387387 0.025784619 0.149089396 0.146121383 0.977627814
1341848056.966788 -0.852186501 -0.074105881 0.467871994 0.025860971 0.150271416 0.146391824 0.977404356
1341848057.002703 -0.860325158 -0.073245302 0.467435390 0.025156816 0.150911763 0.146035567 0.977377355
1341848057.034763 -0.867665827 -0.073389657 0.468668014 0.022109952 0.153631479 0.145678058 0.977080643
1341848057.070964 -0.879619122 -0.077691458 0.474212945 0.020737214 0.155717894 0.145446822 0.976814806
1341848057.102757 -0.890978336 -0.075676292 0.472981155 0.020924889 0.156112060 0.143523633 0.977032363
1341848057.134714 -0.901116490 -0.072793581 0.473124921 0.018414324 0.157859564 0.144003078 0.976731479
1341848057.170739 -0.914397538 -0.074089743 0.479025692 0.016468853 0.159015447 0.143723682 0.976619959
1341848057.202641 -0.921375036 -0.075322136 0.477154970 0.015553811 0.158840135 0.140293822 0.977162063
1341848057.234679 -0.935320795 -0.072024353 0.478430957 0.013651385 0.162092328 0.139525414 0.976766348
1341848057.270814 -0.948798776 -0.067434132 0.482337803 0.011292922 0.163464054 0.140708059 0.976398051
1341848057.302860 -0.959702432 -0.069546171 0.486945421 0.008751272 0.163053870 0.140680641 0.976496756
1341848057.338756 -0.971238256 -0.069293164 0.482506365 0.005830010 0.164758578 0.139895841 0.976345181
1341848057.370841 -0.986971140 -0.068169914 0.489435583 0.002534006 0.168351278 0.140604496 0.975644350
1341848057.402722 -1.001496911 -0.066306606 0.493490160 0.001845586 0.169527099 0.141529858 0.975308418
1341848057.438870 -1.011319876 -0.065802038 0.493089378 0.000467714 0.171423361 0.142037421 0.974904776
1341848057.470699 -1.027190208 -0.065913349 0.493667781 -0.002196163 0.176328868 0.144892603 0.973606467
1341848057.506720 -1.044197321 -0.064699151 0.498776168 -0.001527175 0.178423122 0.148808658 0.972635090
1341848057.538788 -1.057329774 -0.062727451 0.495790452 -0.002412178 0.178302616 0.150323659 0.972422421
1341848057.571069 -1.072288036 -0.061205290 0.497851521 -0.005700249 0.181104749 0.153248146 0.971433818
1341848057.606668 -1.084386587 -0.065615423 0.498461962 -0.009760153 0.184296876 0.156897098 0.970217884
1341848057.638819 -1.093163848 -0.069860257 0.495888650 -0.012359752 0.186870724 0.160069734 0.969177127
1341848057.670943 -1.112918615 -0.067653656 0.499036461 -0.013772304 0.193138525 0.162495226 0.967524230
1341848057.706823 -1.123979449 -0.071814105 0.502824545 -0.014923266 0.197423041 0.167577639 0.965773880
1341848057.738890 -1.137502670 -0.069181919 0.499795914 -0.014045781 0.199012592 0.169001952 0.965212464
1341848057.774986 -1.151782036 -0.069817327 0.499618083 -0.015502928 0.201581299 0.170688018 0.964360118
1341848057.806842 -1.166683674 -0.069271475 0.504863083 -0.014939217 0.205099031 0.176659673 0.962550104
1341848057.838760 -1.183465958 -0.069706902 0.510000288 -0.012357633 0.206290543 0.181457803 0.961438835
1341848057.874817 -1.192625165 -0.070590526 0.501944840 -0.011646691 0.205923662 0.183765516 0.961088002
1341848057.906831 -1.211134195 -0.063131616 0.509363472 -0.009213567 0.208274379 0.184238926 0.960516989
1341848057.938847 -1.227284908 -0.056117490 0.509398639 -0.007688662 0.207574904 0.186842203 0.960178912
1341848057.975316 -1.237186670 -0.060843684 0.509884238 -0.010185164 0.205845535 0.188904285 0.960124493
1341848058.006833 -1.255033016 -0.067134775 0.515140533 -0.010736637 0.206099972 0.189049244 0.960035384
1341848058.042753 -1.267286777 -0.070974872 0.518061936 -0.007862273 0.203442499 0.188494295 0.960738957
1341848058.075970 -1.279536247 -0.069184482 0.515114367 -0.005430434 0.200736016 0.187961072 0.961429298
1341848058.106790 -1.295168877 -0.080085404 0.525936961 -0.007126618 0.199989870 0.187217191 0.961718798
1341848058.142699 -1.313063979 -0.085540913 0.529861033 -0.004330622 0.197810173 0.185234800 0.962569773
1341848058.174743 -1.322122931 -0.086725637 0.530879021 -0.002764094 0.193994805 0.182277888 0.963915586
1341848058.207081 -1.333965778 -0.091610216 0.534178674 -0.003386672 0.192530632 0.180577472 0.964526951
1341848058.242740 -1.349516153 -0.093456104 0.539847791 -0.001782384 0.190333381 0.177728057 0.965496182
1341848058.274694 -1.355281949 -0.099335425 0.550531924 -0.000727719 0.189085618 0.176013634 0.966056585
1341848058.310701 -1.369583368 -0.105432928 0.552118480 0.001961604 0.191338882 0.174470678 0.965891123
1341848058.343169 -1.382449389 -0.102867268 0.554198980 0.005401149 0.190628961 0.169781014 0.966853559
1341848058.374887 -1.395845175 -0.100194797 0.556143820 0.007461399 0.190503880 0.171393946 0.966579914
1341848058.410669 -1.405112267 -0.103364162 0.557436347 0.006149194 0.189686924 0.173734844 0.966331899
1341848058.442794 -1.413848996 -0.108413368 0.563671410 0.005332820 0.189309701 0.175808966 0.966035545
1341848058.474732 -1.422164440 -0.113157921 0.572366893 0.006858080 0.190419659 0.178551018 0.965304554
1341848058.542970 -1.442204595 -0.115718506 0.581872940 0.011789715 0.195335165 0.183818638 0.963283896
1341848058.578948 -1.441300035 -0.116832331 0.585780084 0.012973387 0.193469062 0.188431114 0.962753952
1341848058.610842 -1.444573164 -0.129138231 0.584127486 0.010395974 0.195752248 0.191261753 0.961764991
1341848058.643060 -1.458161831 -0.127555132 0.596338212 0.011419353 0.200101167 0.191327587 0.960844874
1341848058.678730 -1.465064526 -0.134671435 0.607399344 0.012700072 0.201142475 0.191715419 0.960534036
1341848058.710728 -1.470154405 -0.138146013 0.606943429 0.015914183 0.205915824 0.190288275 0.959758282
1341848058.746819 -1.480928898 -0.132722437 0.612003505 0.016552502 0.211224854 0.187881693 0.959067583
1341848058.778710 -1.488838434 -0.130761802 0.622133017 0.016580716 0.210169703 0.190071642 0.958867371
1341848058.810874 -1.490907907 -0.138546258 0.623451889 0.014670891 0.207866549 0.194245577 0.958563983
1341848058.846829 -1.496153831 -0.140309736 0.627476096 0.013360303 0.210182190 0.195637435 0.957794845
1341848058.879577 -1.500417829 -0.143846035 0.633092284 0.013241721 0.213519931 0.197615013 0.956651568
1341848058.946807 -1.506266594 -0.152049750 0.639779031 0.012862441 0.215960175 0.202080593 0.955174983
1341848058.978865 -1.509493351 -0.155595273 0.641797245 0.013811853 0.218562663 0.203592122 0.954248309
1341848059.014660 -1.514939666 -0.157143652 0.645995498 0.017153885 0.220772579 0.204273582 0.953539491
1341848059.046707 -1.515236020 -0.157313690 0.644809604 0.018281076 0.222252935 0.204644993 0.953094959
1341848059.078771 -1.516669393 -0.162742674 0.648770034 0.017350923 0.225920752 0.204657719 0.952246845
1341848059.114675 -1.516151071 -0.163094729 0.650842249 0.017920472 0.229717866 0.203674600 0.951538384
1341848059.146706 -1.518980742 -0.158489287 0.652033031 0.018532924 0.232266739 0.203475490 0.950950325
1341848059.178722 -1.522591233 -0.159955889 0.656541705 0.018466085 0.235136613 0.203668863 0.950204611
1341848059.214738 -1.523456335 -0.160618350 0.656991124 0.018656418 0.238966018 0.202302009 0.949537277
1341848059.246762 -1.527214527 -0.162799582 0.658638597 0.019942896 0.244960487 0.201772571 0.948095202
1341848059.282693 -1.524020553 -0.160596251 0.660498261 0.022584526 0.247051686 0.203481480 0.947127581
1341848059.314667 -1.523774028 -0.158575267 0.659271598 0.025761375 0.250009000 0.205416456 0.945851982
1341848059.346758 -1.525122881 -0.157620966 0.657414973 0.026245801 0.252350211 0.207129925 0.944842756
1341848059.382694 -1.525397182 -0.159314156 0.659626305 0.027043147 0.253882080 0.209114656 0.943972290
1341848059.414736 -1.522175670 -0.156756163 0.657384217 0.030033903 0.256011069 0.209965900 0.943117559
1341848059.446788 -1.522297740 -0.158370376 0.654055178 0.029382845 0.259978682 0.208995864 0.942267716
1341848059.482693 -1.525622725 -0.157951295 0.657510698 0.029656289 0.264233232 0.209684476 0.940921783
1341848059.514652 -1.524583101 -0.156819269 0.656498969 0.031089179 0.265110999 0.211944297 0.940121949
1341848059.550754 -1.523249984 -0.155319363 0.654187620 0.031283554 0.266352296 0.211813405 0.939794064
1341848059.582695 -1.523866415 -0.157912508 0.655733526 0.031850476 0.270224482 0.212591693 0.938492954
1341848059.614734 -1.529894233 -0.157800838 0.657484651 0.035115834 0.271587849 0.213842794 0.937698364
1341848059.650722 -1.530803323 -0.157350495 0.654680848 0.037430108 0.270437270 0.215093449 0.937655330
1341848059.682731 -1.532376528 -0.158461362 0.653003156 0.036303796 0.271656662 0.212722167 0.937888026
1341848059.718703 -1.534398317 -0.158504322 0.656519175 0.036381010 0.274955332 0.212750509 0.936916888
1341848059.750904 -1.534262180 -0.156579912 0.657922626 0.039848868 0.274254739 0.212922618 0.936942101
1341848059.782774 -1.535624504 -0.156004816 0.651585698 0.039720826 0.274061799 0.210921571 0.937456429
1341848059.818759 -1.538855553 -0.157914072 0.654262066 0.037188824 0.277509302 0.210513949 0.936637402
1341848059.850685 -1.543462038 -0.160457656 0.660791278 0.039889164 0.280318588 0.210460916 0.935701072
1341848059.882730 -1.547098637 -0.153308511 0.660094202 0.044529974 0.280071437 0.208534658 0.935997009
1341848059.918755 -1.547618389 -0.152875096 0.657767355 0.045591436 0.279074669 0.207234308 0.936532319
1341848059.950805 -1.551819324 -0.155897573 0.660391331 0.046562541 0.279829741 0.207817331 0.936129928
1341848059.986776 -1.552519083 -0.158522934 0.657306075 0.048820134 0.279000819 0.208055764 0.936209381
1341848060.018660 -1.550917864 -0.160558611 0.654085457 0.049950384 0.279105216 0.204578862 0.936884642
1341848060.050701 -1.553595781 -0.163174883 0.654505253 0.052887429 0.282631546 0.202536464 0.936109662
1341848060.086783 -1.560059190 -0.157298297 0.652313948 0.058331627 0.282489389 0.200934753 0.936174333
1341848060.118813 -1.557447433 -0.159892589 0.647094965 0.059906546 0.279532075 0.197388887 0.937715650
1341848060.150800 -1.557743669 -0.156288624 0.644645333 0.059516013 0.282149643 0.194766164 0.937504947
1341848060.186872 -1.559894800 -0.155092612 0.649848938 0.060665406 0.284002125 0.194490895 0.936928928
1341848060.218851 -1.555608392 -0.157332733 0.646047652 0.063212551 0.282528013 0.190956369 0.937932730
1341848060.254799 -1.556575656 -0.152379736 0.638908267 0.062088281 0.285183936 0.187935844 0.937814116
1341848060.287466 -1.555890679 -0.148843408 0.644901752 0.061521254 0.287424922 0.188292325 0.937095582
1341848060.318914 -1.554384470 -0.148969546 0.646852374 0.064036742 0.286847562 0.187176302 0.937327504
1341848060.354641 -1.552303433 -0.147189394 0.641770124 0.062310535 0.287459522 0.183285907 0.938024938
1341848060.387254 -1.550158501 -0.147035420 0.643516719 0.060561482 0.290495336 0.181792781 0.937494636
1341848060.418639 -1.549353719 -0.139706045 0.645410955 0.064231470 0.289657056 0.180575877 0.937744915
1341848060.454775 -1.542408109 -0.139777705 0.639074028 0.064074636 0.288194031 0.177091956 0.938870132
1341848060.486697 -1.542277455 -0.141109630 0.638222218 0.062140975 0.291846991 0.173450157 0.938551486
1341848060.522925 -1.540409327 -0.140532985 0.642605066 0.064682387 0.292803288 0.171481222 0.938443780
1341848060.554710 -1.540466070 -0.136773482 0.641059637 0.068733573 0.293439627 0.168762416 0.938449919
1341848060.586692 -1.535441995 -0.135162070 0.635046840 0.066326879 0.295950741 0.165137738 0.938479364
1341848060.622697 -1.534156919 -0.133374676 0.640749037 0.067857891 0.297711372 0.166170582 0.937630296
1341848060.656087 -1.530648589 -0.130758107 0.636843324 0.071134940 0.296019554 0.165235147 0.938088298
1341848060.687258 -1.526289463 -0.128650039 0.630890310 0.069924533 0.296356738 0.164223850 0.938250363
1341848060.723165 -1.525749683 -0.129865497 0.639465094 0.070712999 0.298196644 0.165437847 0.937394679
1341848060.757863 -1.524686217 -0.124525376 0.636209726 0.074665591 0.295131385 0.165865660 0.937982500
1341848060.790920 -1.522129536 -0.125425577 0.635846198 0.074775673 0.292747349 0.165046662 0.938864887
1341848060.823967 -1.518855572 -0.131968483 0.636954784 0.074473485 0.290914625 0.164724022 0.939514995
1341848060.862432 -1.516889572 -0.130297229 0.636529803 0.077484161 0.288015693 0.164102972 0.940273106
1341848060.923126 -1.510679722 -0.131394938 0.637883008 0.079534151 0.283838153 0.164449677 0.941311121
1341848060.960845 -1.504415274 -0.131324366 0.636348188 0.081671551 0.281188399 0.164082557 0.941987216
1341848060.996857 -1.498655081 -0.131344840 0.635171831 0.082679160 0.279114664 0.164957136 0.942363143
1341848061.030587 -1.494041443 -0.132316425 0.635271430 0.084037453 0.277116001 0.165150836 0.942798913
1341848061.062246 -1.485368013 -0.136980668 0.632317960 0.083228968 0.275473416 0.164030820 0.943547189
1341848061.100583 -1.478525877 -0.142847970 0.634963214 0.083477736 0.276101440 0.163360134 0.943457961
1341848061.129837 -1.470916748 -0.147243753 0.636869609 0.086598322 0.276265621 0.162551671 0.943268299
1341848061.197947 -1.460011482 -0.149238661 0.633464575 0.092385806 0.276805967 0.161913067 0.942670465
1341848061.259408 -1.447548270 -0.154511765 0.629540980 0.098179720 0.276236594 0.160579219 0.942480028
1341848061.290885 -1.442987561 -0.158649072 0.630964696 0.100225031 0.276268274 0.161358625 0.942122161
1341848061.326612 -1.435636997 -0.160980716 0.626639783 0.103168905 0.276190281 0.161904678 0.941733539
1341848061.358867 -1.430184245 -0.164617956 0.624512970 0.103490867 0.277141571 0.161310509 0.941520691
1341848061.390845 -1.424366951 -0.163575009 0.623774469 0.106005110 0.277108163 0.163167447 0.940930605
1341848061.426913 -1.419260263 -0.162718043 0.618992150 0.107450008 0.276401877 0.164372206 0.940764785
1341848061.458837 -1.413962841 -0.166444078 0.618962586 0.106149100 0.277445227 0.165118694 0.940474570
1341848061.494657 -1.411331892 -0.168985531 0.620410800 0.107619040 0.278875679 0.164402008 0.940009832
1341848061.526736 -1.409110665 -0.166605473 0.620787084 0.109409861 0.279211998 0.164314970 0.939718485
1341848061.558821 -1.400891185 -0.157704890 0.612917960 0.109530576 0.277641177 0.165009066 0.940048158
1341848061.594750 -1.394249439 -0.161724597 0.613153160 0.108288720 0.278455526 0.165694833 0.939830542
1341848061.626731 -1.393074870 -0.159546986 0.614373028 0.110778019 0.279060006 0.165188596 0.939450085
1341848061.658831 -1.388797045 -0.158930331 0.608317971 0.109111667 0.280010551 0.164281294 0.939521372
1341848061.694894 -1.387484193 -0.160570130 0.615024149 0.108647376 0.282647371 0.165864840 0.938506842
1341848061.726726 -1.383986592 -0.158193529 0.612532377 0.110689960 0.281657219 0.166229174 0.938501418
1341848061.762815 -1.380791426 -0.156538710 0.610464633 0.109276056 0.282647431 0.164641976 0.938649178
1341848061.794816 -1.378961682 -0.163631171 0.615397096 0.107254915 0.285050690 0.164585277 0.938165367
1341848061.826740 -1.376815915 -0.163060501 0.615208328 0.108196147 0.284710884 0.164957359 0.938095152
1341848061.862883 -1.375823855 -0.161058336 0.613533854 0.106975004 0.284521639 0.164334923 0.938401818
1341848061.894834 -1.373212099 -0.163938373 0.617801070 0.105036534 0.285221785 0.163846165 0.938493669
1341848061.930667 -1.371864676 -0.161846220 0.620802999 0.105985947 0.285233825 0.162874743 0.938552320
1341848061.962828 -1.371239781 -0.161238611 0.619561791 0.104895107 0.284673005 0.162287101 0.938946843
1341848061.997188 -1.370030999 -0.160555854 0.622558355 0.103648044 0.283629864 0.162565902 0.939352751
1341848062.030704 -1.365505576 -0.162498131 0.623197734 0.102197811 0.281896949 0.160719678 0.940350473
1341848062.063265 -1.364532351 -0.160928935 0.626167059 0.101264693 0.281947017 0.158681482 0.940782487
1341848062.094872 -1.361026168 -0.161826402 0.629923403 0.099893212 0.279925376 0.157825872 0.941676319
1341848062.130773 -1.357900739 -0.163437560 0.634932160 0.098608911 0.278152674 0.157548055 0.942383230
1341848062.163385 -1.353735685 -0.168517858 0.636753917 0.096702851 0.276813120 0.154212296 0.943526149
1341848062.198718 -1.350890279 -0.167377621 0.636791706 0.096690349 0.275478393 0.150000200 0.944596529
1341848062.230750 -1.350533962 -0.163088903 0.641337335 0.097146504 0.274244100 0.148917913 0.945079982
1341848062.262814 -1.349400640 -0.161364526 0.645111680 0.095521167 0.271074355 0.148983493 0.946149230
1341848062.299276 -1.346551657 -0.164403886 0.643804491 0.093246698 0.268250078 0.148094997 0.947319865
1341848062.330839 -1.340118408 -0.167615920 0.644056380 0.091544740 0.266744971 0.146367416 0.948179007
1341848062.362763 -1.340454221 -0.167555034 0.649658799 0.092186674 0.266160220 0.145248502 0.948453128
1341848062.398825 -1.337190866 -0.165795669 0.648967028 0.093263455 0.262790620 0.145147622 0.949302495
1341848062.430832 -1.334664106 -0.164295539 0.647894919 0.093214169 0.260882497 0.147389904 0.949488163
1341848062.466855 -1.332903862 -0.163358092 0.649827957 0.093356021 0.258145332 0.148922026 0.949983180
1341848062.498723 -1.329317093 -0.168351606 0.650532365 0.092937477 0.255502731 0.151321709 0.950359285
1341848062.530743 -1.325762749 -0.165572315 0.645688236 0.093276605 0.253508002 0.151346654 0.950856149
1341848062.566929 -1.322754741 -0.164568007 0.647135437 0.091896102 0.253456205 0.151372030 0.951000333
1341848062.598817 -1.322079301 -0.163062692 0.650260329 0.093567982 0.251331747 0.154517218 0.950895369
1341848062.630793 -1.315403342 -0.159308046 0.643668890 0.093917057 0.246737063 0.156763643 0.951696157
1341848062.666740 -1.308583498 -0.163278013 0.641488433 0.091549955 0.245629296 0.156930104 0.952185869
1341848062.698720 -1.302886128 -0.165136501 0.643469155 0.093149662 0.245367944 0.156787261 0.952121615
1341848062.734924 -1.299608231 -0.158024624 0.640170097 0.095797740 0.243539169 0.156536415 0.952369571
1341848062.766819 -1.292479515 -0.154554546 0.640006006 0.094331190 0.242409587 0.157781392 0.952598691
1341848062.798717 -1.288125396 -0.162895247 0.641692936 0.093391687 0.241529122 0.157697171 0.952928841
1341848062.834828 -1.283101082 -0.155522615 0.637150645 0.095277652 0.238096610 0.156444699 0.953812003
1341848062.866781 -1.275626183 -0.153745592 0.633695841 0.093086600 0.236684635 0.155133829 0.954593539
1341848062.899075 -1.270702600 -0.157141775 0.636896968 0.091697931 0.235621363 0.153733552 0.955217361
1341848062.934962 -1.266341567 -0.157960355 0.630916417 0.091986641 0.232729569 0.148459136 0.956731558
1341848062.966930 -1.257457376 -0.152475446 0.626767814 0.090318821 0.231920078 0.143895939 0.957783639
1341848063.002905 -1.251780510 -0.151394159 0.632370889 0.089398339 0.231391624 0.144237995 0.957946479
1341848063.034972 -1.244159818 -0.152733892 0.628593028 0.089940600 0.226589739 0.143215001 0.959196150
1341848063.066737 -1.234524131 -0.151851043 0.624868274 0.089382842 0.224006221 0.142069593 0.960025132
1341848063.102822 -1.227639675 -0.156537443 0.623466134 0.089408949 0.223083645 0.140676156 0.960442603
1341848063.135045 -1.221885443 -0.150398716 0.622508168 0.091438688 0.220468268 0.140210003 0.960923493
1341848063.170739 -1.213636637 -0.151062787 0.619220853 0.090154774 0.216975734 0.140170217 0.961845160
1341848063.202662 -1.202794075 -0.152808338 0.616990149 0.089548148 0.214600310 0.139723226 0.962499499
1341848063.234990 -1.195771575 -0.153234750 0.613211155 0.089971393 0.213581502 0.136190459 0.963192761
1341848063.270800 -1.187768340 -0.149518281 0.610013306 0.089696504 0.213504344 0.132875606 0.963698387
1341848063.302788 -1.182511449 -0.146632180 0.610011339 0.089336582 0.213450581 0.131308466 0.963958502
1341848063.334854 -1.176260233 -0.144470394 0.610882699 0.089018412 0.210918203 0.128937304 0.964864969
1341848063.370653 -1.166099668 -0.141361266 0.604545236 0.086744025 0.209799141 0.126589507 0.965626717
1341848063.402698 -1.161731362 -0.143313065 0.605606616 0.084092475 0.211526200 0.123748012 0.965852797
1341848063.439276 -1.153795004 -0.144750252 0.609621048 0.082229279 0.211302340 0.121293463 0.966373444
1341848063.470742 -1.146456480 -0.137643978 0.601633608 0.081422433 0.210388497 0.119614720 0.966850281
1341848063.502776 -1.137653112 -0.138341814 0.609044552 0.076424472 0.212440237 0.118708521 0.966921270
1341848063.541802 -1.129056692 -0.145249948 0.612567246 0.075897515 0.211335748 0.120358847 0.967000782
1341848063.577805 -1.122819781 -0.135134980 0.609325945 0.077852644 0.210324436 0.121287510 0.966949821
1341848063.609732 -1.116186857 -0.133407503 0.612363756 0.074436657 0.210367501 0.123551548 0.966922820
1341848063.643039 -1.110272288 -0.138523728 0.619379520 0.073832586 0.208947405 0.125195831 0.967065513
1341848063.677955 -1.104359627 -0.128983587 0.614992380 0.073740251 0.206742615 0.125361040 0.967524946
1341848063.709890 -1.096898794 -0.130360454 0.622784734 0.068402842 0.205152437 0.126185313 0.968148172
1341848063.745768 -1.092070580 -0.131766051 0.629000127 0.067334093 0.202723637 0.126841739 0.968648791
1341848063.777773 -1.082809567 -0.130739361 0.626279414 0.066180587 0.200437143 0.123381421 0.969650567
1341848063.809840 -1.077867270 -0.130530640 0.633341134 0.064331211 0.201124206 0.122354634 0.969762802
1341848063.845733 -1.069908857 -0.135932505 0.638337016 0.064597361 0.198478043 0.122320168 0.970294595
1341848063.877902 -1.060498834 -0.135145992 0.637574852 0.064347506 0.196581736 0.120870665 0.970878661
1341848063.913769 -1.050472736 -0.146451563 0.641080379 0.061175115 0.198159099 0.118110739 0.971102715
1341848063.945802 -1.040814400 -0.147401601 0.652886033 0.065271012 0.199092597 0.115523487 0.970956385
1341848063.977856 -1.032267213 -0.146666378 0.655209601 0.068578169 0.195808604 0.116656400 0.971260726
1341848064.013951 -1.022231579 -0.151061282 0.656809330 0.067704558 0.193512917 0.117496014 0.971680760
1341848064.045815 -1.013945341 -0.162816316 0.665307522 0.066996209 0.192200437 0.115932390 0.972178042
1341848064.081699 -1.000576973 -0.159581795 0.666913271 0.070965864 0.189345479 0.112752959 0.972830415
1341848064.113685 -0.986727774 -0.157069847 0.668847382 0.069866382 0.189484566 0.112442613 0.972918808
1341848064.145823 -0.982312500 -0.166000709 0.682314754 0.068780430 0.190291867 0.114994705 0.972540259
1341848064.181846 -0.969268262 -0.170251459 0.684116304 0.070311069 0.186413318 0.116773911 0.972969830
1341848064.213863 -0.953816473 -0.169814810 0.679408014 0.069214128 0.184717491 0.115965702 0.973468423
1341848064.249771 -0.937890351 -0.181743801 0.692762971 0.066943131 0.187589735 0.115879543 0.973088205
1341848064.282977 -0.926740408 -0.181040794 0.698382080 0.070635624 0.186835244 0.116351485 0.972916007
1341848064.313795 -0.912121952 -0.175154090 0.693235755 0.072350800 0.185281888 0.116455682 0.973074555
1341848064.349790 -0.898280621 -0.181163117 0.702269077 0.070682853 0.186936289 0.116270281 0.972902894
1341848064.382619 -0.883230388 -0.183058187 0.705201030 0.072168283 0.187465504 0.115848087 0.972742379
1341848064.418063 -0.869761288 -0.179666519 0.708868563 0.072074562 0.188026562 0.115441896 0.972689331
1341848064.449767 -0.858208895 -0.184704036 0.714676499 0.069308430 0.188569367 0.113437332 0.973021090
1341848064.481773 -0.843231082 -0.194153950 0.717104912 0.068388000 0.189337537 0.108762607 0.973470688
1341848064.518010 -0.828998148 -0.194115043 0.716132402 0.070020609 0.190136060 0.105970301 0.973506927
1341848064.549704 -0.818136275 -0.195908681 0.721676946 0.070545658 0.190874398 0.106341913 0.973283947
1341848064.581714 -0.808586955 -0.201866925 0.725963831 0.072082408 0.190579668 0.108311504 0.973011911
1341848064.617693 -0.796899438 -0.201628760 0.722491741 0.074463792 0.189071923 0.108216457 0.973137319
1341848064.649724 -0.787094057 -0.200460359 0.723267496 0.075776108 0.188675016 0.109842025 0.972930849
1341848064.685821 -0.779992342 -0.201132134 0.727157354 0.076318227 0.186546549 0.112847157 0.972954988
1341848064.749892 -0.760741949 -0.199707016 0.724252701 0.074468113 0.186057702 0.109811120 0.973539174
1341848064.810737 -0.746929765 -0.198624209 0.727316082 0.076019332 0.182907790 0.109346621 0.974068403
1341848064.842702 -0.736982346 -0.197160631 0.726317704 0.074821457 0.180695638 0.109263740 0.974583149
1341848064.878850 -0.731220365 -0.200024471 0.729784846 0.074769564 0.179923519 0.110297836 0.974613547
1341848064.910832 -0.722214341 -0.193644539 0.723532379 0.076640911 0.176373586 0.113146722 0.974790454
1341848064.946850 -0.713685811 -0.192137524 0.722065330 0.074980289 0.174382657 0.116195567 0.974919140
1341848064.978809 -0.706227303 -0.198309332 0.725003839 0.073606633 0.173421010 0.117027193 0.975095809
1341848065.010770 -0.696744084 -0.194543928 0.721244991 0.076511800 0.171922550 0.118465900 0.974963844
1341848065.046751 -0.689001262 -0.189416423 0.717359543 0.075878762 0.171251610 0.119401835 0.975017250
1341848065.078713 -0.684019983 -0.192783341 0.724699199 0.075512148 0.170142725 0.121466130 0.974984765
1341848065.110686 -0.673046410 -0.188895240 0.718786597 0.076389454 0.166509166 0.123274282 0.975316763
1341848065.146689 -0.664324343 -0.187782839 0.719109893 0.074675262 0.166423425 0.123328365 0.975457311
1341848065.178847 -0.655946791 -0.198624104 0.723193347 0.074526072 0.165856332 0.121623479 0.975779355
1341848065.214760 -0.649208128 -0.186712757 0.716785967 0.079894334 0.164880782 0.120863691 0.975614309
1341848065.246768 -0.641079009 -0.181495085 0.714801967 0.077968292 0.163282275 0.118739806 0.976299524
1341848065.278735 -0.631107926 -0.190157861 0.716583967 0.076197766 0.162677974 0.118132375 0.976613879
1341848065.314761 -0.624121904 -0.184706464 0.713743031 0.078966849 0.161354333 0.116263643 0.976837695
1341848065.346776 -0.613577425 -0.183971971 0.713310719 0.078234732 0.159887105 0.113684095 0.977441251
1341848065.382824 -0.603261530 -0.184166640 0.710491776 0.079243861 0.158933148 0.113578744 0.977527797
1341848065.414914 -0.596211255 -0.183489099 0.709706187 0.079507254 0.158157587 0.112070367 0.977806270
1341848065.446728 -0.585647583 -0.185860530 0.705359399 0.079538316 0.156610563 0.108299859 0.978477359
1341848065.482830 -0.576298118 -0.184510157 0.701157928 0.081450872 0.156854704 0.106800862 0.978445709
1341848065.514745 -0.567257106 -0.182816535 0.700354397 0.082453951 0.156233698 0.106869034 0.978453577
1341848065.546916 -0.559890687 -0.183766976 0.700455725 0.082646236 0.154914081 0.105870120 0.978755772
1341848065.582742 -0.549637794 -0.185369790 0.696517348 0.083511434 0.154527664 0.104011476 0.978942633
1341848065.614763 -0.544920802 -0.183132201 0.696146250 0.084453285 0.154333934 0.102947496 0.979004860
1341848065.682873 -0.531807184 -0.185532346 0.695688069 0.084820122 0.149890214 0.100713842 0.979895592
1341848065.714808 -0.522505224 -0.177663922 0.691623449 0.085958630 0.147548959 0.098604508 0.980366111
1341848065.750674 -0.522087395 -0.176995590 0.695922673 0.084401779 0.146338284 0.097140722 0.980828881
1341848065.782722 -0.518195570 -0.177685395 0.694581687 0.083618917 0.141918987 0.093747377 0.981874943
1341848065.814742 -0.508167982 -0.172053874 0.689123631 0.083112217 0.138773233 0.090536602 0.982668638
1341848065.850746 -0.508295715 -0.174102113 0.694194257 0.080545686 0.138409287 0.085148953 0.983415008
1341848065.918698 -0.506899476 -0.161406517 0.694417894 0.079730228 0.126098156 0.084494635 0.985191882
1341848065.950762 -0.498030633 -0.163611531 0.691873908 0.074313164 0.119471125 0.081220500 0.986715555
1341848065.982774 -0.495645404 -0.164267510 0.693240285 0.072906852 0.115448825 0.078200713 0.987542868
1341848066.018773 -0.489211708 -0.156261027 0.690886855 0.073324345 0.110284902 0.074634843 0.988377750
1341848066.050717 -0.485650718 -0.154697329 0.691914380 0.069716401 0.107649982 0.071098290 0.989189684
1341848066.082818 -0.481953144 -0.154766172 0.691472709 0.068526968 0.104500584 0.071124285 0.989608586
1341848066.118721 -0.476744443 -0.150187001 0.691195548 0.069261141 0.099657185 0.070729665 0.990085185
1341848066.150964 -0.465862602 -0.151816502 0.687854111 0.066486701 0.094579920 0.068783008 0.990910292
1341848066.186782 -0.462155372 -0.155360475 0.692546546 0.063575633 0.094283618 0.069792166 0.991058946
1341848066.218688 -0.461475402 -0.154418856 0.694700599 0.063924365 0.091426969 0.068682432 0.991381645
1341848066.250777 -0.448347807 -0.152858198 0.692262769 0.063938059 0.086995058 0.067476973 0.991862297
1341848066.286736 -0.442413270 -0.155772179 0.693723619 0.062329847 0.086572647 0.065853260 0.992110729
1341848066.318695 -0.438049912 -0.163002223 0.696962178 0.062077641 0.086141750 0.064536221 0.992250502
1341848066.354797 -0.426881522 -0.157236099 0.697518229 0.065359436 0.083882034 0.064198613 0.992255330
1341848066.386761 -0.416524947 -0.163080305 0.698544562 0.064826019 0.082875833 0.063095458 0.992445588
1341848066.418820 -0.412612885 -0.167579025 0.701355934 0.066297002 0.082319923 0.063050464 0.992397547
1341848066.454695 -0.405235052 -0.167252049 0.705386698 0.068865590 0.079573467 0.061875574 0.992520571
1341848066.486874 -0.394658744 -0.167017862 0.706841171 0.068737164 0.077149153 0.059642665 0.992857456
1341848066.522806 -0.391082555 -0.171279818 0.710998118 0.067984611 0.076362245 0.058183372 0.993056715
1341848066.555107 -0.383129150 -0.172772616 0.715337157 0.069488451 0.073308505 0.054602448 0.993386090
1341848066.623500 -0.363767505 -0.174632967 0.722278416 0.071108729 0.072254963 0.046184227 0.993775606
1341848066.655239 -0.355449975 -0.176602840 0.724615872 0.072726302 0.070630625 0.042753443 0.993928850
1341848066.697724 -0.344106078 -0.178084776 0.724720836 0.072862238 0.069603972 0.040240854 0.994096160
1341848066.732527 -0.338941425 -0.187815085 0.730873942 0.072287492 0.070113450 0.036667708 0.994240463
1341848066.764415 -0.327864468 -0.188422948 0.733992875 0.075564303 0.069271013 0.033846714 0.994155943
1341848066.795253 -0.318516135 -0.185023040 0.734619498 0.078389324 0.069605418 0.029916504 0.994039893
1341848066.833355 -0.314444214 -0.188094959 0.739990711 0.078728080 0.069468074 0.026162770 0.994128585
1341848066.862103 -0.303334326 -0.186773643 0.738581419 0.080026351 0.067407496 0.024301561 0.994213998
1341848066.905023 -0.296465278 -0.182972968 0.741062105 0.079625376 0.067187771 0.023169288 0.994288146
1341848066.930221 -0.291159093 -0.190389499 0.744513035 0.077757984 0.065757178 0.021294123 0.994573474
1341848066.997936 -0.272182494 -0.183629572 0.745424032 0.077806294 0.065215863 0.017109193 0.994686127
1341848067.054702 -0.258099020 -0.188717857 0.748152018 0.076666258 0.062675886 0.013696311 0.994990766
1341848067.090940 -0.253881186 -0.192000374 0.750137150 0.075230375 0.064254612 0.011343976 0.995029211
1341848067.122963 -0.253341407 -0.200172886 0.753207624 0.076020747 0.064261876 0.010342083 0.994979560
1341848067.158821 -0.243134305 -0.193488598 0.749586344 0.080636308 0.062257305 0.010173272 0.994745374
1341848067.191143 -0.240216136 -0.188390762 0.751193464 0.082001589 0.062312666 0.010995735 0.994621515
1341848067.222948 -0.235125810 -0.193881094 0.750706553 0.081694737 0.061095532 0.012374061 0.994706094
1341848067.258733 -0.227675185 -0.189595580 0.749531448 0.083552681 0.060592450 0.013903156 0.994562328
1341848067.322816 -0.222466022 -0.191262767 0.749853909 0.083045535 0.061049029 0.018632384 0.994499564
1341848067.358674 -0.215008885 -0.188883960 0.746035993 0.083728455 0.059597794 0.021314899 0.994476438
1341848067.390706 -0.208073318 -0.191369236 0.744480312 0.081872381 0.061045405 0.023583559 0.994491935
1341848067.426869 -0.206827909 -0.192234442 0.745316327 0.082123578 0.062624410 0.026588643 0.994297206
1341848067.458745 -0.200859979 -0.184935108 0.741214395 0.083545320 0.062482126 0.029565707 0.994103670
1341848067.491527 -0.194464013 -0.182896167 0.739766836 0.081463471 0.063782841 0.032261476 0.994110048
1341848067.526659 -0.196095064 -0.188414514 0.740158737 0.079134539 0.066527814 0.033779662 0.994067788
1341848067.558770 -0.188603148 -0.183440208 0.735846758 0.079993434 0.066488720 0.033618484 0.994007111
1341848067.594659 -0.184168220 -0.184841692 0.735575974 0.077946551 0.069905654 0.032167133 0.993983328
1341848067.626656 -0.186191693 -0.191169664 0.735111773 0.078063615 0.072927140 0.031156220 0.993789256
1341848067.658983 -0.180187494 -0.186323926 0.731274605 0.081792541 0.073118009 0.031100605 0.993476987
1341848067.694893 -0.178107873 -0.184699595 0.729375243 0.082825169 0.075284719 0.032160729 0.993195772
1341848067.726732 -0.178246275 -0.191672906 0.728523731 0.083831705 0.076416507 0.034036689 0.992962420
1341848067.758667 -0.171392053 -0.185880512 0.722851634 0.087486990 0.076094545 0.035758082 0.992611289
1341848067.794813 -0.168020204 -0.183183342 0.722345889 0.088266835 0.078286752 0.037515391 0.992306828
1341848067.826795 -0.167399719 -0.187171757 0.720948040 0.089139186 0.079293162 0.040120609 0.992046952
1341848067.862808 -0.161275104 -0.182951450 0.715910554 0.091123715 0.079609066 0.041586656 0.991780937
